sleeper_id,gsis_id,position,origin_week,model_score,tier_index,role_tier,prior_active_games,frozen_feature_missing_count_before_imputation,frozen_feature_count,evidence_source,confidence_status
11739,00-0039813,DB,4,0.85716262896252415,6,Elite,4,6,20,B41F_FROZEN_MODEL_CURRENT_2026_COMPLETED_WEEKS,NOT_CALIBRATED_B42_DOES_NOT_INVENT_CONFIDENCE_THRESHOLDS
4081,00-0033890,DB,4,0.84433820149970806,6,Elite,4,6,20,B41F_FROZEN_MODEL_CURRENT_2026_COMPLETED_WEEKS,NOT_CALIBRATED_B42_DOES_NOT_INVENT_CONFIDENCE_THRESHOLDS
7666,00-0036998,DB,4,0.84046793592469504,6,Elite,4,6,20,B41F_FROZEN_MODEL_CURRENT_2026_COMPLETED_WEEKS,NOT_CALIBRATED_B42_DOES_NOT_INVENT_CONFIDENCE_THRESHOLDS
8330,00-0037841,DB,4,0.83806166967514384,6,Elite,4,6,20,B41F_FROZEN_MODEL_CURRENT_2026_COMPLETED_WEEKS,NOT_CALIBRATED_B42_DOES_NOT_INVENT_CONFIDENCE_THRESHOLDS
11685,00-0039343,DB,4,0.83694330108444437,6,Elite,4,6,20,B41F_FROZEN_MODEL_CURRENT_2026_COMPLETED_WEEKS,NOT_CALIBRATED_B42_DOES_NOT_INVENT_CONFIDENCE_THRESHOLDS
6333,00-0035133,DB,4,0.82689042562714787,6,Elite,4,6,20,B41F_FROZEN_MODEL_CURRENT_2026_COMPLETED_WEEKS,NOT_CALIBRATED_B42_DOES_NOT_INVENT_CONFIDENCE_THRESHOLDS
8395,00-0038123,DB,4,0.82674820498149615,6,Elite,4,6,20,B41F_FROZEN_MODEL_CURRENT_2026_COMPLETED_WEEKS,NOT_CALIBRATED_B42_DOES_NOT_INVENT_CONFIDENCE_THRESHOLDS
7016,00-0036293,DB,4,0.82205452794418077,6,Elite,4,6,20,B41F_FROZEN_MODEL_CURRENT_2026_COMPLETED_WEEKS,NOT_CALIBRATED_B42_DOES_NOT_INVENT_CONFIDENCE_THRESHOLDS
8286,00-0037743,DB,4,0.81958366881988187,6,Elite,4,6,20,B41F_FROZEN_MODEL_CURRENT_2026_COMPLETED_WEEKS,NOT_CALIBRATED_B42_DOES_NOT_INVENT_CONFIDENCE_THRESHOLDS
6901,00-0036348,DB,4,0.81917480062143622,6,Elite,4,6,20,B41F_FROZEN_MODEL_CURRENT_2026_COMPLETED_WEEKS,NOT_CALIBRATED_B42_DOES_NOT_INVENT_CONFIDENCE_THRESHOLDS
5876,00-0034974,DB,4,0.81683045084257189,6,Elite,3,6,20,B41F_FROZEN_MODEL_CURRENT_2026_COMPLETED_WEEKS,NOT_CALIBRATED_B42_DOES_NOT_INVENT_CONFIDENCE_THRESHOLDS
7811,00-0036564,DB,4,0.81592688059134322,6,Elite,4,6,20,B41F_FROZEN_MODEL_CURRENT_2026_COMPLETED_WEEKS,NOT_CALIBRATED_B42_DOES_NOT_INVENT_CONFIDENCE_THRESHOLDS
8339,00-0038038,DB,4,0.81490643110042837,6,Elite,4,6,20,B41F_FROZEN_MODEL_CURRENT_2026_COMPLETED_WEEKS,NOT_CALIBRATED_B42_DOES_NOT_INVENT_CONFIDENCE_THRESHOLDS
6911,00-0036221,DB,4,0.81082464185521663,6,Elite,4,6,20,B41F_FROZEN_MODEL_CURRENT_2026_COMPLETED_WEEKS,NOT_CALIBRATED_B42_DOES_NOT_INVENT_CONFIDENCE_THRESHOLDS
8364,00-0037191,DB,4,0.80863161278316809,6,Elite,4,6,20,B41F_FROZEN_MODEL_CURRENT_2026_COMPLETED_WEEKS,NOT_CALIBRATED_B42_DOES_NOT_INVENT_CONFIDENCE_THRESHOLDS
10878,00-0039000,DB,4,0.80551732937317744,6,Elite,2,6,20,B41F_FROZEN_MODEL_CURRENT_2026_COMPLETED_WEEKS,NOT_CALIBRATED_B42_DOES_NOT_INVENT_CONFIDENCE_THRESHOLDS
8333,00-0038121,DB,4,0.797933850421499,6,Elite,4,6,20,B41F_FROZEN_MODEL_CURRENT_2026_COMPLETED_WEEKS,NOT_CALIBRATED_B42_DOES_NOT_INVENT_CONFIDENCE_THRESHOLDS
7630,00-0036996,DB,4,0.79338031041991619,6,Elite,4,6,20,B41F_FROZEN_MODEL_CURRENT_2026_COMPLETED_WEEKS,NOT_CALIBRATED_B42_DOES_NOT_INVENT_CONFIDENCE_THRESHOLDS
6896,00-0036375,DB,4,0.79212249044495697,6,Elite,4,6,20,B41F_FROZEN_MODEL_CURRENT_2026_COMPLETED_WEEKS,NOT_CALIBRATED_B42_DOES_NOT_INVENT_CONFIDENCE_THRESHOLDS
6788,00-0036388,DB,4,0.79040994227834516,6,Elite,4,6,20,B41F_FROZEN_MODEL_CURRENT_2026_COMPLETED_WEEKS,NOT_CALIBRATED_B42_DOES_NOT_INVENT_CONFIDENCE_THRESHOLDS
10927,00-0038560,DB,4,0.78949414461790801,6,Elite,4,6,20,B41F_FROZEN_MODEL_CURRENT_2026_COMPLETED_WEEKS,NOT_CALIBRATED_B42_DOES_NOT_INVENT_CONFIDENCE_THRESHOLDS
12588,00-0040141,DB,4,0.78898775653787623,6,Elite,4,6,20,B41F_FROZEN_MODEL_CURRENT_2026_COMPLETED_WEEKS,NOT_CALIBRATED_B42_DOES_NOT_INVENT_CONFIDENCE_THRESHOLDS
10891,00-0039169,DB,4,0.78814501540206661,6,Elite,4,6,20,B41F_FROZEN_MODEL_CURRENT_2026_COMPLETED_WEEKS,NOT_CALIBRATED_B42_DOES_NOT_INVENT_CONFIDENCE_THRESHOLDS
8384,00-0037268,DB,4,0.78668657500248007,6,Elite,4,6,20,B41F_FROZEN_MODEL_CURRENT_2026_COMPLETED_WEEKS,NOT_CALIBRATED_B42_DOES_NOT_INVENT_CONFIDENCE_THRESHOLDS
4964,00-0034856,DB,4,0.78578093019334372,6,Elite,4,6,20,B41F_FROZEN_MODEL_CURRENT_2026_COMPLETED_WEEKS,NOT_CALIBRATED_B42_DOES_NOT_INVENT_CONFIDENCE_THRESHOLDS
11352,00-0038715,DB,4,0.78409717636535048,6,Elite,4,6,20,B41F_FROZEN_MODEL_CURRENT_2026_COMPLETED_WEEKS,NOT_CALIBRATED_B42_DOES_NOT_INVENT_CONFIDENCE_THRESHOLDS
8392,00-0037616,DB,4,0.78369033773997121,6,Elite,2,6,20,B41F_FROZEN_MODEL_CURRENT_2026_COMPLETED_WEEKS,NOT_CALIBRATED_B42_DOES_NOT_INVENT_CONFIDENCE_THRESHOLDS
5908,00-0035632,DB,4,0.78243552530157723,6,Elite,4,6,20,B41F_FROZEN_MODEL_CURRENT_2026_COMPLETED_WEEKS,NOT_CALIBRATED_B42_DOES_NOT_INVENT_CONFIDENCE_THRESHOLDS
7044,00-0036253,DB,4,0.78158158737709638,6,Elite,4,6,20,B41F_FROZEN_MODEL_CURRENT_2026_COMPLETED_WEEKS,NOT_CALIBRATED_B42_DOES_NOT_INVENT_CONFIDENCE_THRESHOLDS
12601,00-0040133,DB,4,0.77751429482762202,6,Elite,4,6,20,B41F_FROZEN_MODEL_CURRENT_2026_COMPLETED_WEEKS,NOT_CALIBRATED_B42_DOES_NOT_INVENT_CONFIDENCE_THRESHOLDS
5372,00-0034384,DB,4,0.7761812635928439,6,Elite,4,6,20,B41F_FROZEN_MODEL_CURRENT_2026_COMPLETED_WEEKS,NOT_CALIBRATED_B42_DOES_NOT_INVENT_CONFIDENCE_THRESHOLDS
11678,00-0039841,DB,4,0.77260774307721192,6,Elite,4,6,20,B41F_FROZEN_MODEL_CURRENT_2026_COMPLETED_WEEKS,NOT_CALIBRATED_B42_DOES_NOT_INVENT_CONFIDENCE_THRESHOLDS
4224,00-0033294,DB,4,0.77164863831115282,6,Elite,4,6,20,B41F_FROZEN_MODEL_CURRENT_2026_COMPLETED_WEEKS,NOT_CALIBRATED_B42_DOES_NOT_INVENT_CONFIDENCE_THRESHOLDS
8323,00-0038135,DB,4,0.76386082148518919,6,Elite,4,6,20,B41F_FROZEN_MODEL_CURRENT_2026_COMPLETED_WEEKS,NOT_CALIBRATED_B42_DOES_NOT_INVENT_CONFIDENCE_THRESHOLDS
7628,00-0036901,DB,4,0.76323773013563645,6,Elite,4,6,20,B41F_FROZEN_MODEL_CURRENT_2026_COMPLETED_WEEKS,NOT_CALIBRATED_B42_DOES_NOT_INVENT_CONFIDENCE_THRESHOLDS
12591,00-0040148,DB,4,0.75999015316699114,6,Elite,4,6,20,B41F_FROZEN_MODEL_CURRENT_2026_COMPLETED_WEEKS,NOT_CALIBRATED_B42_DOES_NOT_INVENT_CONFIDENCE_THRESHOLDS
6799,00-0036282,DB,4,0.75638538509129383,6,Elite,4,6,20,B41F_FROZEN_MODEL_CURRENT_2026_COMPLETED_WEEKS,NOT_CALIBRATED_B42_DOES_NOT_INVENT_CONFIDENCE_THRESHOLDS
12654,00-0040716,DB,4,0.7542640152491048,6,Elite,3,6,20,B41F_FROZEN_MODEL_CURRENT_2026_COMPLETED_WEEKS,NOT_CALIBRATED_B42_DOES_NOT_INVENT_CONFIDENCE_THRESHOLDS
11725,00-0039353,DB,4,0.75390517270181523,6,Elite,4,6,20,B41F_FROZEN_MODEL_CURRENT_2026_COMPLETED_WEEKS,NOT_CALIBRATED_B42_DOES_NOT_INVENT_CONFIDENCE_THRESHOLDS
4971,00-0034790,DB,4,0.75037169471966514,6,Elite,3,6,20,B41F_FROZEN_MODEL_CURRENT_2026_COMPLETED_WEEKS,NOT_CALIBRATED_B42_DOES_NOT_INVENT_CONFIDENCE_THRESHOLDS
5893,00-0035253,DB,4,0.74962764045189167,6,Elite,4,6,20,B41F_FROZEN_MODEL_CURRENT_2026_COMPLETED_WEEKS,NOT_CALIBRATED_B42_DOES_NOT_INVENT_CONFIDENCE_THRESHOLDS
11675,00-0039860,DB,4,0.74796312481936211,6,Elite,4,6,20,B41F_FROZEN_MODEL_CURRENT_2026_COMPLETED_WEEKS,NOT_CALIBRATED_B42_DOES_NOT_INVENT_CONFIDENCE_THRESHOLDS
8406,00-0037130,DB,4,0.74775245925389655,6,Elite,4,6,20,B41F_FROZEN_MODEL_CURRENT_2026_COMPLETED_WEEKS,NOT_CALIBRATED_B42_DOES_NOT_INVENT_CONFIDENCE_THRESHOLDS
12604,00-0040749,DB,4,0.74671188729672666,6,Elite,4,6,20,B41F_FROZEN_MODEL_CURRENT_2026_COMPLETED_WEEKS,NOT_CALIBRATED_B42_DOES_NOT_INVENT_CONFIDENCE_THRESHOLDS
8314,00-0037246,DB,4,0.74351452649695171,6,Elite,4,6,20,B41F_FROZEN_MODEL_CURRENT_2026_COMPLETED_WEEKS,NOT_CALIBRATED_B42_DOES_NOT_INVENT_CONFIDENCE_THRESHOLDS
11705,00-0039846,DB,4,0.74185960522730721,6,Elite,4,6,20,B41F_FROZEN_MODEL_CURRENT_2026_COMPLETED_WEEKS,NOT_CALIBRATED_B42_DOES_NOT_INVENT_CONFIDENCE_THRESHOLDS
7715,00-0036629,DB,4,0.74035117703262654,6,Elite,4,6,20,B41F_FROZEN_MODEL_CURRENT_2026_COMPLETED_WEEKS,NOT_CALIBRATED_B42_DOES_NOT_INVENT_CONFIDENCE_THRESHOLDS
11427,00-0038820,DB,4,0.73983544052366101,6,Elite,3,6,20,B41F_FROZEN_MODEL_CURRENT_2026_COMPLETED_WEEKS,NOT_CALIBRATED_B42_DOES_NOT_INVENT_CONFIDENCE_THRESHOLDS
13508,00-0040889,DB,4,0.73578926287004065,6,Elite,4,6,20,B41F_FROZEN_MODEL_CURRENT_2026_COMPLETED_WEEKS,NOT_CALIBRATED_B42_DOES_NOT_INVENT_CONFIDENCE_THRESHOLDS
4963,00-0034789,DB,4,0.73271911493583641,6,Elite,2,6,20,B41F_FROZEN_MODEL_CURRENT_2026_COMPLETED_WEEKS,NOT_CALIBRATED_B42_DOES_NOT_INVENT_CONFIDENCE_THRESHOLDS
8359,00-0037253,DB,4,0.73232377935073079,6,Elite,4,6,20,B41F_FROZEN_MODEL_CURRENT_2026_COMPLETED_WEEKS,NOT_CALIBRATED_B42_DOES_NOT_INVENT_CONFIDENCE_THRESHOLDS
5054,00-0034778,DB,4,0.73084076644419005,6,Elite,3,6,20,B41F_FROZEN_MODEL_CURRENT_2026_COMPLETED_WEEKS,NOT_CALIBRATED_B42_DOES_NOT_INVENT_CONFIDENCE_THRESHOLDS
11682,00-0039872,DB,4,0.72756753734537971,6,Elite,4,6,20,B41F_FROZEN_MODEL_CURRENT_2026_COMPLETED_WEEKS,NOT_CALIBRATED_B42_DOES_NOT_INVENT_CONFIDENCE_THRESHOLDS
6791,00-0036281,DB,4,0.72721468241659704,6,Elite,4,6,20,B41F_FROZEN_MODEL_CURRENT_2026_COMPLETED_WEEKS,NOT_CALIBRATED_B42_DOES_NOT_INVENT_CONFIDENCE_THRESHOLDS
12605,00-0040143,DB,4,0.72627902199598715,5,Every-Down,3,6,20,B41F_FROZEN_MODEL_CURRENT_2026_COMPLETED_WEEKS,NOT_CALIBRATED_B42_DOES_NOT_INVENT_CONFIDENCE_THRESHOLDS
10894,00-0038549,DB,4,0.72596520778097895,5,Every-Down,4,6,20,B41F_FROZEN_MODEL_CURRENT_2026_COMPLETED_WEEKS,NOT_CALIBRATED_B42_DOES_NOT_INVENT_CONFIDENCE_THRESHOLDS
11697,00-0039345,DB,4,0.72040086517500457,5,Every-Down,4,6,20,B41F_FROZEN_MODEL_CURRENT_2026_COMPLETED_WEEKS,NOT_CALIBRATED_B42_DOES_NOT_INVENT_CONFIDENCE_THRESHOLDS
12567,00-0040688,DB,4,0.71984561062517449,5,Every-Down,4,6,20,B41F_FROZEN_MODEL_CURRENT_2026_COMPLETED_WEEKS,NOT_CALIBRATED_B42_DOES_NOT_INVENT_CONFIDENCE_THRESHOLDS
8290,00-0037190,DB,4,0.71824508488216054,5,Every-Down,4,6,20,B41F_FROZEN_MODEL_CURRENT_2026_COMPLETED_WEEKS,NOT_CALIBRATED_B42_DOES_NOT_INVENT_CONFIDENCE_THRESHOLDS
8374,00-0037079,DB,4,0.71817376281736378,5,Every-Down,4,6,20,B41F_FROZEN_MODEL_CURRENT_2026_COMPLETED_WEEKS,NOT_CALIBRATED_B42_DOES_NOT_INVENT_CONFIDENCE_THRESHOLDS
7667,00-0036974,DB,4,0.71794509815195706,5,Every-Down,3,6,20,B41F_FROZEN_MODEL_CURRENT_2026_COMPLETED_WEEKS,NOT_CALIBRATED_B42_DOES_NOT_INVENT_CONFIDENCE_THRESHOLDS
5036,00-0034361,DB,4,0.71425292566153165,5,Every-Down,4,6,20,B41F_FROZEN_MODEL_CURRENT_2026_COMPLETED_WEEKS,NOT_CALIBRATED_B42_DOES_NOT_INVENT_CONFIDENCE_THRESHOLDS
8275,00-0037137,DB,4,0.70965846041883396,5,Every-Down,4,6,20,B41F_FROZEN_MODEL_CURRENT_2026_COMPLETED_WEEKS,NOT_CALIBRATED_B42_DOES_NOT_INVENT_CONFIDENCE_THRESHOLDS
7133,00-0036222,DB,4,0.70709125374577375,5,Every-Down,4,6,20,B41F_FROZEN_MODEL_CURRENT_2026_COMPLETED_WEEKS,NOT_CALIBRATED_B42_DOES_NOT_INVENT_CONFIDENCE_THRESHOLDS
12530,00-0040718,DB,4,0.70362484521977231,5,Every-Down,4,6,20,B41F_FROZEN_MODEL_CURRENT_2026_COMPLETED_WEEKS,NOT_CALIBRATED_B42_DOES_NOT_INVENT_CONFIDENCE_THRESHOLDS
8308,00-0037237,DB,4,0.70056771638284865,5,Every-Down,4,6,20,B41F_FROZEN_MODEL_CURRENT_2026_COMPLETED_WEEKS,NOT_CALIBRATED_B42_DOES_NOT_INVENT_CONFIDENCE_THRESHOLDS
5493,00-0034573,DB,4,0.69904974909586803,5,Every-Down,4,6,20,B41F_FROZEN_MODEL_CURRENT_2026_COMPLETED_WEEKS,NOT_CALIBRATED_B42_DOES_NOT_INVENT_CONFIDENCE_THRESHOLDS
12622,00-0040670,DB,4,0.69754048342260933,5,Every-Down,4,6,20,B41F_FROZEN_MODEL_CURRENT_2026_COMPLETED_WEEKS,NOT_CALIBRATED_B42_DOES_NOT_INVENT_CONFIDENCE_THRESHOLDS
11749,00-0039369,DB,4,0.69744693360989196,5,Every-Down,4,6,20,B41F_FROZEN_MODEL_CURRENT_2026_COMPLETED_WEEKS,NOT_CALIBRATED_B42_DOES_NOT_INVENT_CONFIDENCE_THRESHOLDS
10936,00-0038554,DB,4,0.6918785249326419,5,Every-Down,4,6,20,B41F_FROZEN_MODEL_CURRENT_2026_COMPLETED_WEEKS,NOT_CALIBRATED_B42_DOES_NOT_INVENT_CONFIDENCE_THRESHOLDS
11674,00-0039861,DB,4,0.69074152503509578,5,Every-Down,3,6,20,B41F_FROZEN_MODEL_CURRENT_2026_COMPLETED_WEEKS,NOT_CALIBRATED_B42_DOES_NOT_INVENT_CONFIDENCE_THRESHOLDS
13485,00-0041063,DB,4,0.68887948557677536,5,Every-Down,4,6,20,B41F_FROZEN_MODEL_CURRENT_2026_COMPLETED_WEEKS,NOT_CALIBRATED_B42_DOES_NOT_INVENT_CONFIDENCE_THRESHOLDS
6888,00-0036411,DB,4,0.68862993643776249,5,Every-Down,4,6,20,B41F_FROZEN_MODEL_CURRENT_2026_COMPLETED_WEEKS,NOT_CALIBRATED_B42_DOES_NOT_INVENT_CONFIDENCE_THRESHOLDS
11710,00-0039838,DB,4,0.68821795768260241,5,Every-Down,4,6,20,B41F_FROZEN_MODEL_CURRENT_2026_COMPLETED_WEEKS,NOT_CALIBRATED_B42_DOES_NOT_INVENT_CONFIDENCE_THRESHOLDS
8476,00-0037275,DB,4,0.68596551600707412,5,Every-Down,4,6,20,B41F_FROZEN_MODEL_CURRENT_2026_COMPLETED_WEEKS,NOT_CALIBRATED_B42_DOES_NOT_INVENT_CONFIDENCE_THRESHOLDS
7685,00-0036987,DB,4,0.68495451570001753,5,Every-Down,4,6,20,B41F_FROZEN_MODEL_CURRENT_2026_COMPLETED_WEEKS,NOT_CALIBRATED_B42_DOES_NOT_INVENT_CONFIDENCE_THRESHOLDS
7117,00-0036374,DB,4,0.68369797308188296,5,Every-Down,4,6,20,B41F_FROZEN_MODEL_CURRENT_2026_COMPLETED_WEEKS,NOT_CALIBRATED_B42_DOES_NOT_INVENT_CONFIDENCE_THRESHOLDS
12625,00-0040139,DB,4,0.68097606337716499,5,Every-Down,4,6,20,B41F_FROZEN_MODEL_CURRENT_2026_COMPLETED_WEEKS,NOT_CALIBRATED_B42_DOES_NOT_INVENT_CONFIDENCE_THRESHOLDS
3160,00-0033055,DB,4,0.67979122369680112,5,Every-Down,4,6,20,B41F_FROZEN_MODEL_CURRENT_2026_COMPLETED_WEEKS,NOT_CALIBRATED_B42_DOES_NOT_INVENT_CONFIDENCE_THRESHOLDS
8517,00-0037323,DB,4,0.67575410651921097,5,Every-Down,4,6,20,B41F_FROZEN_MODEL_CURRENT_2026_COMPLETED_WEEKS,NOT_CALIBRATED_B42_DOES_NOT_INVENT_CONFIDENCE_THRESHOLDS
10881,00-0039147,DB,4,0.67371095472751386,5,Every-Down,3,6,20,B41F_FROZEN_MODEL_CURRENT_2026_COMPLETED_WEEKS,NOT_CALIBRATED_B42_DOES_NOT_INVENT_CONFIDENCE_THRESHOLDS
3233,00-0033132,DB,4,0.67293011092188526,5,Every-Down,4,6,20,B41F_FROZEN_MODEL_CURRENT_2026_COMPLETED_WEEKS,NOT_CALIBRATED_B42_DOES_NOT_INVENT_CONFIDENCE_THRESHOLDS
5864,00-0035236,DB,4,0.67179027482471743,5,Every-Down,4,6,20,B41F_FROZEN_MODEL_CURRENT_2026_COMPLETED_WEEKS,NOT_CALIBRATED_B42_DOES_NOT_INVENT_CONFIDENCE_THRESHOLDS
7136,00-0036349,DB,4,0.67142923563354429,5,Every-Down,4,6,20,B41F_FROZEN_MODEL_CURRENT_2026_COMPLETED_WEEKS,NOT_CALIBRATED_B42_DOES_NOT_INVENT_CONFIDENCE_THRESHOLDS
8487,00-0037288,DB,4,0.67031392668281053,5,Every-Down,3,6,20,B41F_FROZEN_MODEL_CURRENT_2026_COMPLETED_WEEKS,NOT_CALIBRATED_B42_DOES_NOT_INVENT_CONFIDENCE_THRESHOLDS
10974,00-0038596,DB,4,0.66957677064066545,5,Every-Down,4,6,20,B41F_FROZEN_MODEL_CURRENT_2026_COMPLETED_WEEKS,NOT_CALIBRATED_B42_DOES_NOT_INVENT_CONFIDENCE_THRESHOLDS
6839,00-0036292,DB,4,0.66526801104882505,5,Every-Down,4,6,20,B41F_FROZEN_MODEL_CURRENT_2026_COMPLETED_WEEKS,NOT_CALIBRATED_B42_DOES_NOT_INVENT_CONFIDENCE_THRESHOLDS
13489,00-0041060,DB,4,0.66444847501170357,5,Every-Down,4,6,20,B41F_FROZEN_MODEL_CURRENT_2026_COMPLETED_WEEKS,NOT_CALIBRATED_B42_DOES_NOT_INVENT_CONFIDENCE_THRESHOLDS
10930,00-0038552,DB,4,0.66268476012324673,5,Every-Down,4,6,20,B41F_FROZEN_MODEL_CURRENT_2026_COMPLETED_WEEKS,NOT_CALIBRATED_B42_DOES_NOT_INVENT_CONFIDENCE_THRESHOLDS
8310,00-0037758,DB,4,0.66248529571799708,5,Every-Down,3,6,20,B41F_FROZEN_MODEL_CURRENT_2026_COMPLETED_WEEKS,NOT_CALIBRATED_B42_DOES_NOT_INVENT_CONFIDENCE_THRESHOLDS
5341,00-0034376,DB,4,0.65865584497088692,5,Every-Down,4,6,20,B41F_FROZEN_MODEL_CURRENT_2026_COMPLETED_WEEKS,NOT_CALIBRATED_B42_DOES_NOT_INVENT_CONFIDENCE_THRESHOLDS
11686,00-0039867,DB,4,0.65563636862162622,5,Every-Down,4,6,20,B41F_FROZEN_MODEL_CURRENT_2026_COMPLETED_WEEKS,NOT_CALIBRATED_B42_DOES_NOT_INVENT_CONFIDENCE_THRESHOLDS
10949,00-0038982,DB,4,0.65485979417909779,5,Every-Down,1,6,20,B41F_FROZEN_MODEL_CURRENT_2026_COMPLETED_WEEKS,NOT_CALIBRATED_B42_DOES_NOT_INVENT_CONFIDENCE_THRESHOLDS
7659,00-0036962,DB,4,0.65298673041148747,5,Every-Down,4,6,20,B41F_FROZEN_MODEL_CURRENT_2026_COMPLETED_WEEKS,NOT_CALIBRATED_B42_DOES_NOT_INVENT_CONFIDENCE_THRESHOLDS
11656,00-0039232,DB,4,0.65263459476647434,5,Every-Down,4,6,20,B41F_FROZEN_MODEL_CURRENT_2026_COMPLETED_WEEKS,NOT_CALIBRATED_B42_DOES_NOT_INVENT_CONFIDENCE_THRESHOLDS
11726,00-0039834,DB,4,0.64807310645541805,5,Every-Down,2,6,20,B41F_FROZEN_MODEL_CURRENT_2026_COMPLETED_WEEKS,NOT_CALIBRATED_B42_DOES_NOT_INVENT_CONFIDENCE_THRESHOLDS
12668,00-0040185,DB,4,0.64732137197982476,5,Every-Down,4,6,20,B41F_FROZEN_MODEL_CURRENT_2026_COMPLETED_WEEKS,NOT_CALIBRATED_B42_DOES_NOT_INVENT_CONFIDENCE_THRESHOLDS
4982,00-0034843,DB,4,0.64647497931318865,4,Starter,4,6,20,B41F_FROZEN_MODEL_CURRENT_2026_COMPLETED_WEEKS,NOT_CALIBRATED_B42_DOES_NOT_INVENT_CONFIDENCE_THRESHOLDS
10897,00-0039071,DB,4,0.64282714779462979,4,Starter,4,6,20,B41F_FROZEN_MODEL_CURRENT_2026_COMPLETED_WEEKS,NOT_CALIBRATED_B42_DOES_NOT_INVENT_CONFIDENCE_THRESHOLDS
12597,00-0040733,DB,4,0.642630000815817,4,Starter,3,6,20,B41F_FROZEN_MODEL_CURRENT_2026_COMPLETED_WEEKS,NOT_CALIBRATED_B42_DOES_NOT_INVENT_CONFIDENCE_THRESHOLDS
12565,00-0040751,DB,4,0.64108859125857187,4,Starter,2,6,20,B41F_FROZEN_MODEL_CURRENT_2026_COMPLETED_WEEKS,NOT_CALIBRATED_B42_DOES_NOT_INVENT_CONFIDENCE_THRESHOLDS
4129,00-0033928,DB,4,0.64040051759535344,4,Starter,4,6,20,B41F_FROZEN_MODEL_CURRENT_2026_COMPLETED_WEEKS,NOT_CALIBRATED_B42_DOES_NOT_INVENT_CONFIDENCE_THRESHOLDS
5792,00-0034465,DB,4,0.63973928505403277,4,Starter,4,6,20,B41F_FROZEN_MODEL_CURRENT_2026_COMPLETED_WEEKS,NOT_CALIBRATED_B42_DOES_NOT_INVENT_CONFIDENCE_THRESHOLDS
12712,00-0040201,DB,4,0.63743894857333749,4,Starter,4,6,20,B41F_FROZEN_MODEL_CURRENT_2026_COMPLETED_WEEKS,NOT_CALIBRATED_B42_DOES_NOT_INVENT_CONFIDENCE_THRESHOLDS
7819,00-0036563,DB,4,0.63707500490805702,4,Starter,4,6,20,B41F_FROZEN_MODEL_CURRENT_2026_COMPLETED_WEEKS,NOT_CALIBRATED_B42_DOES_NOT_INVENT_CONFIDENCE_THRESHOLDS
11662,00-0039888,DB,4,0.63242364378164539,4,Starter,4,6,20,B41F_FROZEN_MODEL_CURRENT_2026_COMPLETED_WEEKS,NOT_CALIBRATED_B42_DOES_NOT_INVENT_CONFIDENCE_THRESHOLDS
12657,00-0040195,DB,4,0.62904888059439268,4,Starter,4,6,20,B41F_FROZEN_MODEL_CURRENT_2026_COMPLETED_WEEKS,NOT_CALIBRATED_B42_DOES_NOT_INVENT_CONFIDENCE_THRESHOLDS
8303,00-0038125,DB,4,0.6287704249442988,4,Starter,4,6,20,B41F_FROZEN_MODEL_CURRENT_2026_COMPLETED_WEEKS,NOT_CALIBRATED_B42_DOES_NOT_INVENT_CONFIDENCE_THRESHOLDS
12638,00-0040166,DB,4,0.62647387911245522,4,Starter,4,6,20,B41F_FROZEN_MODEL_CURRENT_2026_COMPLETED_WEEKS,NOT_CALIBRATED_B42_DOES_NOT_INVENT_CONFIDENCE_THRESHOLDS
8389,00-0038101,DB,4,0.62372688585967151,4,Starter,4,6,20,B41F_FROZEN_MODEL_CURRENT_2026_COMPLETED_WEEKS,NOT_CALIBRATED_B42_DOES_NOT_INVENT_CONFIDENCE_THRESHOLDS
4136,00-0033551,DB,4,0.61420599732352388,4,Starter,4,6,20,B41F_FROZEN_MODEL_CURRENT_2026_COMPLETED_WEEKS,NOT_CALIBRATED_B42_DOES_NOT_INVENT_CONFIDENCE_THRESHOLDS
12132,00-0039772,DB,4,0.61209207319045367,4,Starter,4,6,20,B41F_FROZEN_MODEL_CURRENT_2026_COMPLETED_WEEKS,NOT_CALIBRATED_B42_DOES_NOT_INVENT_CONFIDENCE_THRESHOLDS
7655,00-0036617,DB,4,0.61037110501903558,4,Starter,4,6,20,B41F_FROZEN_MODEL_CURRENT_2026_COMPLETED_WEEKS,NOT_CALIBRATED_B42_DOES_NOT_INVENT_CONFIDENCE_THRESHOLDS
12673,00-0040182,DB,4,0.60808666289271196,4,Starter,4,6,20,B41F_FROZEN_MODEL_CURRENT_2026_COMPLETED_WEEKS,NOT_CALIBRATED_B42_DOES_NOT_INVENT_CONFIDENCE_THRESHOLDS
7069,00-0036380,DB,4,0.60808626026912216,4,Starter,4,6,20,B41F_FROZEN_MODEL_CURRENT_2026_COMPLETED_WEEKS,NOT_CALIBRATED_B42_DOES_NOT_INVENT_CONFIDENCE_THRESHOLDS
5017,00-0034675,DB,4,0.60619483384480255,4,Starter,4,6,20,B41F_FROZEN_MODEL_CURRENT_2026_COMPLETED_WEEKS,NOT_CALIBRATED_B42_DOES_NOT_INVENT_CONFIDENCE_THRESHOLDS
13454,00-0041391,DB,4,0.60269770986369109,4,Starter,4,6,20,B41F_FROZEN_MODEL_CURRENT_2026_COMPLETED_WEEKS,NOT_CALIBRATED_B42_DOES_NOT_INVENT_CONFIDENCE_THRESHOLDS
11779,00-0039366,DB,4,0.59291483722393723,4,Starter,4,6,20,B41F_FROZEN_MODEL_CURRENT_2026_COMPLETED_WEEKS,NOT_CALIBRATED_B42_DOES_NOT_INVENT_CONFIDENCE_THRESHOLDS
11728,00-0039825,DB,4,0.58756692987927794,4,Starter,4,6,20,B41F_FROZEN_MODEL_CURRENT_2026_COMPLETED_WEEKS,NOT_CALIBRATED_B42_DOES_NOT_INVENT_CONFIDENCE_THRESHOLDS
6416,00-0035378,DB,4,0.58477204304733676,4,Starter,4,6,20,B41F_FROZEN_MODEL_CURRENT_2026_COMPLETED_WEEKS,NOT_CALIBRATED_B42_DOES_NOT_INVENT_CONFIDENCE_THRESHOLDS
4074,00-0033877,DB,4,0.58401925793653886,4,Starter,2,6,20,B41F_FROZEN_MODEL_CURRENT_2026_COMPLETED_WEEKS,NOT_CALIBRATED_B42_DOES_NOT_INVENT_CONFIDENCE_THRESHOLDS
7641,00-0036874,DB,4,0.58367446941961543,4,Starter,4,6,20,B41F_FROZEN_MODEL_CURRENT_2026_COMPLETED_WEEKS,NOT_CALIBRATED_B42_DOES_NOT_INVENT_CONFIDENCE_THRESHOLDS
6301,00-0035669,DB,4,0.58311034326294897,4,Starter,3,6,20,B41F_FROZEN_MODEL_CURRENT_2026_COMPLETED_WEEKS,NOT_CALIBRATED_B42_DOES_NOT_INVENT_CONFIDENCE_THRESHOLDS
12619,00-0040643,DB,4,0.58172243556324077,4,Starter,4,6,20,B41F_FROZEN_MODEL_CURRENT_2026_COMPLETED_WEEKS,NOT_CALIBRATED_B42_DOES_NOT_INVENT_CONFIDENCE_THRESHOLDS
12596,00-0040709,DB,4,0.57838793057563509,4,Starter,4,6,20,B41F_FROZEN_MODEL_CURRENT_2026_COMPLETED_WEEKS,NOT_CALIBRATED_B42_DOES_NOT_INVENT_CONFIDENCE_THRESHOLDS
4238,00-0033579,DB,4,0.57756471687415201,4,Starter,3,6,20,B41F_FROZEN_MODEL_CURRENT_2026_COMPLETED_WEEKS,NOT_CALIBRATED_B42_DOES_NOT_INVENT_CONFIDENCE_THRESHOLDS
1686,00-0030294,DB,4,0.57640765702880004,4,Starter,4,6,20,B41F_FROZEN_MODEL_CURRENT_2026_COMPLETED_WEEKS,NOT_CALIBRATED_B42_DOES_NOT_INVENT_CONFIDENCE_THRESHOLDS
8373,00-0037195,DB,4,0.57561957114902129,4,Starter,3,6,20,B41F_FROZEN_MODEL_CURRENT_2026_COMPLETED_WEEKS,NOT_CALIBRATED_B42_DOES_NOT_INVENT_CONFIDENCE_THRESHOLDS
11836,00-0039417,DB,4,0.5751807411968638,4,Starter,4,6,20,B41F_FROZEN_MODEL_CURRENT_2026_COMPLETED_WEEKS,NOT_CALIBRATED_B42_DOES_NOT_INVENT_CONFIDENCE_THRESHOLDS
6314,00-0035357,DB,4,0.57384528083438413,4,Starter,3,6,20,B41F_FROZEN_MODEL_CURRENT_2026_COMPLETED_WEEKS,NOT_CALIBRATED_B42_DOES_NOT_INVENT_CONFIDENCE_THRESHOLDS
8294,00-0037193,DB,4,0.57204499358593408,4,Starter,3,6,20,B41F_FROZEN_MODEL_CURRENT_2026_COMPLETED_WEEKS,NOT_CALIBRATED_B42_DOES_NOT_INVENT_CONFIDENCE_THRESHOLDS
7642,00-0036944,DB,4,0.56808341528280559,4,Starter,3,6,20,B41F_FROZEN_MODEL_CURRENT_2026_COMPLETED_WEEKS,NOT_CALIBRATED_B42_DOES_NOT_INVENT_CONFIDENCE_THRESHOLDS
5361,00-0034377,DB,4,0.56725417029953928,4,Starter,2,6,20,B41F_FROZEN_MODEL_CURRENT_2026_COMPLETED_WEEKS,NOT_CALIBRATED_B42_DOES_NOT_INVENT_CONFIDENCE_THRESHOLDS
11700,00-0039821,DB,4,0.56670527326981956,4,Starter,4,6,20,B41F_FROZEN_MODEL_CURRENT_2026_COMPLETED_WEEKS,NOT_CALIBRATED_B42_DOES_NOT_INVENT_CONFIDENCE_THRESHOLDS
11693,00-0039807,DB,4,0.56524107805129431,4,Starter,4,6,20,B41F_FROZEN_MODEL_CURRENT_2026_COMPLETED_WEEKS,NOT_CALIBRATED_B42_DOES_NOT_INVENT_CONFIDENCE_THRESHOLDS
6711,00-0035705,DB,4,0.56358422240486028,4,Starter,3,6,20,B41F_FROZEN_MODEL_CURRENT_2026_COMPLETED_WEEKS,NOT_CALIBRATED_B42_DOES_NOT_INVENT_CONFIDENCE_THRESHOLDS
7698,00-0036941,DB,4,0.56337958043734115,4,Starter,4,6,20,B41F_FROZEN_MODEL_CURRENT_2026_COMPLETED_WEEKS,NOT_CALIBRATED_B42_DOES_NOT_INVENT_CONFIDENCE_THRESHOLDS
7058,00-0036302,DB,4,0.56238741423759331,4,Starter,4,6,20,B41F_FROZEN_MODEL_CURRENT_2026_COMPLETED_WEEKS,NOT_CALIBRATED_B42_DOES_NOT_INVENT_CONFIDENCE_THRESHOLDS
12675,00-0040178,DB,4,0.56197628503074071,4,Starter,4,6,20,B41F_FROZEN_MODEL_CURRENT_2026_COMPLETED_WEEKS,NOT_CALIBRATED_B42_DOES_NOT_INVENT_CONFIDENCE_THRESHOLDS
4071,00-0033281,DB,4,0.55468973994284243,4,Starter,4,6,20,B41F_FROZEN_MODEL_CURRENT_2026_COMPLETED_WEEKS,NOT_CALIBRATED_B42_DOES_NOT_INVENT_CONFIDENCE_THRESHOLDS
12631,00-0040152,DB,4,0.55368055841445762,4,Starter,4,6,20,B41F_FROZEN_MODEL_CURRENT_2026_COMPLETED_WEEKS,NOT_CALIBRATED_B42_DOES_NOT_INVENT_CONFIDENCE_THRESHOLDS
10903,00-0039149,DB,4,0.55284560004285033,4,Starter,4,6,20,B41F_FROZEN_MODEL_CURRENT_2026_COMPLETED_WEEKS,NOT_CALIBRATED_B42_DOES_NOT_INVENT_CONFIDENCE_THRESHOLDS
7682,00-0036992,DB,4,0.55280986290295642,4,Starter,2,6,20,B41F_FROZEN_MODEL_CURRENT_2026_COMPLETED_WEEKS,NOT_CALIBRATED_B42_DOES_NOT_INVENT_CONFIDENCE_THRESHOLDS
10906,00-0039156,DB,4,0.5387814800064149,4,Starter,4,6,20,B41F_FROZEN_MODEL_CURRENT_2026_COMPLETED_WEEKS,NOT_CALIBRATED_B42_DOES_NOT_INVENT_CONFIDENCE_THRESHOLDS
5946,00-0035699,DB,4,0.53337693442518619,3,Rotational,4,6,20,B41F_FROZEN_MODEL_CURRENT_2026_COMPLETED_WEEKS,NOT_CALIBRATED_B42_DOES_NOT_INVENT_CONFIDENCE_THRESHOLDS
12647,00-0040156,DB,4,0.53159134200600133,3,Rotational,2,6,20,B41F_FROZEN_MODEL_CURRENT_2026_COMPLETED_WEEKS,NOT_CALIBRATED_B42_DOES_NOT_INVENT_CONFIDENCE_THRESHOLDS
8381,00-0037839,DB,4,0.52862842640638463,3,Rotational,2,6,20,B41F_FROZEN_MODEL_CURRENT_2026_COMPLETED_WEEKS,NOT_CALIBRATED_B42_DOES_NOT_INVENT_CONFIDENCE_THRESHOLDS
12137,00-0039770,DB,4,0.52485457464659568,3,Rotational,4,6,20,B41F_FROZEN_MODEL_CURRENT_2026_COMPLETED_WEEKS,NOT_CALIBRATED_B42_DOES_NOT_INVENT_CONFIDENCE_THRESHOLDS
11872,00-0039660,DB,4,0.52463819256015698,3,Rotational,2,6,20,B41F_FROZEN_MODEL_CURRENT_2026_COMPLETED_WEEKS,NOT_CALIBRATED_B42_DOES_NOT_INVENT_CONFIDENCE_THRESHOLDS
11689,00-0039862,DB,4,0.52276250193444562,3,Rotational,2,6,20,B41F_FROZEN_MODEL_CURRENT_2026_COMPLETED_WEEKS,NOT_CALIBRATED_B42_DOES_NOT_INVENT_CONFIDENCE_THRESHOLDS
7835,00-0036501,DB,4,0.51810864631135445,3,Rotational,4,6,20,B41F_FROZEN_MODEL_CURRENT_2026_COMPLETED_WEEKS,NOT_CALIBRATED_B42_DOES_NOT_INVENT_CONFIDENCE_THRESHOLDS
6284,00-0034993,DB,4,0.51494482830287924,3,Rotational,3,6,20,B41F_FROZEN_MODEL_CURRENT_2026_COMPLETED_WEEKS,NOT_CALIBRATED_B42_DOES_NOT_INVENT_CONFIDENCE_THRESHOLDS
8305,00-0037313,DB,4,0.51131171150268551,3,Rotational,3,6,20,B41F_FROZEN_MODEL_CURRENT_2026_COMPLETED_WEEKS,NOT_CALIBRATED_B42_DOES_NOT_INVENT_CONFIDENCE_THRESHOLDS
3268,00-0033038,DB,4,0.50896832151830829,3,Rotational,4,6,20,B41F_FROZEN_MODEL_CURRENT_2026_COMPLETED_WEEKS,NOT_CALIBRATED_B42_DOES_NOT_INVENT_CONFIDENCE_THRESHOLDS
5222,00-0034446,DB,4,0.50637447231276211,3,Rotational,3,6,20,B41F_FROZEN_MODEL_CURRENT_2026_COMPLETED_WEEKS,NOT_CALIBRATED_B42_DOES_NOT_INVENT_CONFIDENCE_THRESHOLDS
12611,00-0040159,DB,4,0.50582143869941987,3,Rotational,4,6,20,B41F_FROZEN_MODEL_CURRENT_2026_COMPLETED_WEEKS,NOT_CALIBRATED_B42_DOES_NOT_INVENT_CONFIDENCE_THRESHOLDS
8104,00-0037034,DB,4,0.50084990107431371,3,Rotational,4,6,20,B41F_FROZEN_MODEL_CURRENT_2026_COMPLETED_WEEKS,NOT_CALIBRATED_B42_DOES_NOT_INVENT_CONFIDENCE_THRESHOLDS
11753,00-0039795,DB,4,0.49571934998230938,3,Rotational,4,6,20,B41F_FROZEN_MODEL_CURRENT_2026_COMPLETED_WEEKS,NOT_CALIBRATED_B42_DOES_NOT_INVENT_CONFIDENCE_THRESHOLDS
6829,00-0036416,DB,4,0.49494530277116411,3,Rotational,3,6,20,B41F_FROZEN_MODEL_CURRENT_2026_COMPLETED_WEEKS,NOT_CALIBRATED_B42_DOES_NOT_INVENT_CONFIDENCE_THRESHOLDS
12576,00-0040747,DB,4,0.48550806200083541,3,Rotational,3,6,20,B41F_FROZEN_MODEL_CURRENT_2026_COMPLETED_WEEKS,NOT_CALIBRATED_B42_DOES_NOT_INVENT_CONFIDENCE_THRESHOLDS
13470,00-0041393,DB,4,0.47868620682962015,3,Rotational,4,6,20,B41F_FROZEN_MODEL_CURRENT_2026_COMPLETED_WEEKS,NOT_CALIBRATED_B42_DOES_NOT_INVENT_CONFIDENCE_THRESHOLDS
4107,00-0033548,DB,4,0.47579632465868366,3,Rotational,4,6,20,B41F_FROZEN_MODEL_CURRENT_2026_COMPLETED_WEEKS,NOT_CALIBRATED_B42_DOES_NOT_INVENT_CONFIDENCE_THRESHOLDS
1213,00-0029606,DB,4,0.47301181028514405,3,Rotational,4,6,20,B41F_FROZEN_MODEL_CURRENT_2026_COMPLETED_WEEKS,NOT_CALIBRATED_B42_DOES_NOT_INVENT_CONFIDENCE_THRESHOLDS
8496,00-0037301,DB,4,0.46802891748888936,3,Rotational,4,6,20,B41F_FROZEN_MODEL_CURRENT_2026_COMPLETED_WEEKS,NOT_CALIBRATED_B42_DOES_NOT_INVENT_CONFIDENCE_THRESHOLDS
10932,00-0039007,DB,4,0.46679346899556673,3,Rotational,2,6,20,B41F_FROZEN_MODEL_CURRENT_2026_COMPLETED_WEEKS,NOT_CALIBRATED_B42_DOES_NOT_INVENT_CONFIDENCE_THRESHOLDS
12037,00-0039465,DB,4,0.46672365829560797,3,Rotational,2,6,20,B41F_FROZEN_MODEL_CURRENT_2026_COMPLETED_WEEKS,NOT_CALIBRATED_B42_DOES_NOT_INVENT_CONFIDENCE_THRESHOLDS
7419,00-0035795,DB,4,0.46274298893811083,2,Understudy,4,6,20,B41F_FROZEN_MODEL_CURRENT_2026_COMPLETED_WEEKS,NOT_CALIBRATED_B42_DOES_NOT_INVENT_CONFIDENCE_THRESHOLDS
6872,00-0036231,DB,4,0.45520431552447504,2,Understudy,3,6,20,B41F_FROZEN_MODEL_CURRENT_2026_COMPLETED_WEEKS,NOT_CALIBRATED_B42_DOES_NOT_INVENT_CONFIDENCE_THRESHOLDS
13514,00-0040885,DB,4,0.45241150735822971,2,Understudy,3,6,20,B41F_FROZEN_MODEL_CURRENT_2026_COMPLETED_WEEKS,NOT_CALIBRATED_B42_DOES_NOT_INVENT_CONFIDENCE_THRESHOLDS
12702,00-0040213,DB,4,0.44604847391196084,2,Understudy,4,6,20,B41F_FROZEN_MODEL_CURRENT_2026_COMPLETED_WEEKS,NOT_CALIBRATED_B42_DOES_NOT_INVENT_CONFIDENCE_THRESHOLDS
12557,00-0040720,DB,4,0.44332470325989104,2,Understudy,4,6,20,B41F_FROZEN_MODEL_CURRENT_2026_COMPLETED_WEEKS,NOT_CALIBRATED_B42_DOES_NOT_INVENT_CONFIDENCE_THRESHOLDS
4180,00-0033941,DB,4,0.44197355033447333,2,Understudy,4,6,20,B41F_FROZEN_MODEL_CURRENT_2026_COMPLETED_WEEKS,NOT_CALIBRATED_B42_DOES_NOT_INVENT_CONFIDENCE_THRESHOLDS
8000,00-0036677,DB,4,0.44059790378344615,2,Understudy,4,6,20,B41F_FROZEN_MODEL_CURRENT_2026_COMPLETED_WEEKS,NOT_CALIBRATED_B42_DOES_NOT_INVENT_CONFIDENCE_THRESHOLDS
5051,00-0034356,DB,4,0.44012367070904512,2,Understudy,4,6,20,B41F_FROZEN_MODEL_CURRENT_2026_COMPLETED_WEEKS,NOT_CALIBRATED_B42_DOES_NOT_INVENT_CONFIDENCE_THRESHOLDS
8752,00-0037384,DB,4,0.4396279361518371,2,Understudy,4,6,20,B41F_FROZEN_MODEL_CURRENT_2026_COMPLETED_WEEKS,NOT_CALIBRATED_B42_DOES_NOT_INVENT_CONFIDENCE_THRESHOLDS
6025,00-0035277,DB,4,0.43727846869152154,2,Understudy,3,6,20,B41F_FROZEN_MODEL_CURRENT_2026_COMPLETED_WEEKS,NOT_CALIBRATED_B42_DOES_NOT_INVENT_CONFIDENCE_THRESHOLDS
12694,00-0040221,DB,4,0.4368855484662808,2,Understudy,3,6,20,B41F_FROZEN_MODEL_CURRENT_2026_COMPLETED_WEEKS,NOT_CALIBRATED_B42_DOES_NOT_INVENT_CONFIDENCE_THRESHOLDS
6836,00-0036285,DB,4,0.43573070945203873,2,Understudy,2,6,20,B41F_FROZEN_MODEL_CURRENT_2026_COMPLETED_WEEKS,NOT_CALIBRATED_B42_DOES_NOT_INVENT_CONFIDENCE_THRESHOLDS
8399,00-0037561,DB,4,0.43034989018080366,2,Understudy,4,6,20,B41F_FROZEN_MODEL_CURRENT_2026_COMPLETED_WEEKS,NOT_CALIBRATED_B42_DOES_NOT_INVENT_CONFIDENCE_THRESHOLDS
10919,00-0039002,DB,4,0.42940516876709323,2,Understudy,4,6,20,B41F_FROZEN_MODEL_CURRENT_2026_COMPLETED_WEEKS,NOT_CALIBRATED_B42_DOES_NOT_INVENT_CONFIDENCE_THRESHOLDS
8510,00-0037844,DB,4,0.42781938311009721,2,Understudy,1,6,20,B41F_FROZEN_MODEL_CURRENT_2026_COMPLETED_WEEKS,NOT_CALIBRATED_B42_DOES_NOT_INVENT_CONFIDENCE_THRESHOLDS
11032,00-0038642,DB,4,0.42609885230519284,2,Understudy,4,6,20,B41F_FROZEN_MODEL_CURRENT_2026_COMPLETED_WEEKS,NOT_CALIBRATED_B42_DOES_NOT_INVENT_CONFIDENCE_THRESHOLDS
11766,00-0039372,DB,4,0.42357426232078171,2,Understudy,4,6,20,B41F_FROZEN_MODEL_CURRENT_2026_COMPLETED_WEEKS,NOT_CALIBRATED_B42_DOES_NOT_INVENT_CONFIDENCE_THRESHOLDS
12559,00-0040008,DB,4,0.41989878502085687,2,Understudy,4,6,20,B41F_FROZEN_MODEL_CURRENT_2026_COMPLETED_WEEKS,NOT_CALIBRATED_B42_DOES_NOT_INVENT_CONFIDENCE_THRESHOLDS
10918,00-0038565,DB,4,0.41506836218969018,2,Understudy,4,6,20,B41F_FROZEN_MODEL_CURRENT_2026_COMPLETED_WEEKS,NOT_CALIBRATED_B42_DOES_NOT_INVENT_CONFIDENCE_THRESHOLDS
7816,00-0036502,DB,4,0.41430286289382984,2,Understudy,2,6,20,B41F_FROZEN_MODEL_CURRENT_2026_COMPLETED_WEEKS,NOT_CALIBRATED_B42_DOES_NOT_INVENT_CONFIDENCE_THRESHOLDS
11676,00-0039898,DB,4,0.41238639407663952,2,Understudy,4,6,20,B41F_FROZEN_MODEL_CURRENT_2026_COMPLETED_WEEKS,NOT_CALIBRATED_B42_DOES_NOT_INVENT_CONFIDENCE_THRESHOLDS
6928,00-0036307,DB,4,0.40686813070905914,2,Understudy,1,6,20,B41F_FROZEN_MODEL_CURRENT_2026_COMPLETED_WEEKS,NOT_CALIBRATED_B42_DOES_NOT_INVENT_CONFIDENCE_THRESHOLDS
3415,00-0032580,DB,4,0.40670029707487831,2,Understudy,4,6,20,B41F_FROZEN_MODEL_CURRENT_2026_COMPLETED_WEEKS,NOT_CALIBRATED_B42_DOES_NOT_INVENT_CONFIDENCE_THRESHOLDS
12058,00-0039632,DB,4,0.40070162939438236,2,Understudy,4,6,20,B41F_FROZEN_MODEL_CURRENT_2026_COMPLETED_WEEKS,NOT_CALIBRATED_B42_DOES_NOT_INVENT_CONFIDENCE_THRESHOLDS
8261,00-0038039,DB,4,0.39846694095200641,2,Understudy,4,6,20,B41F_FROZEN_MODEL_CURRENT_2026_COMPLETED_WEEKS,NOT_CALIBRATED_B42_DOES_NOT_INVENT_CONFIDENCE_THRESHOLDS
13469,00-0041464,DB,4,0.39774253164338924,2,Understudy,4,6,20,B41F_FROZEN_MODEL_CURRENT_2026_COMPLETED_WEEKS,NOT_CALIBRATED_B42_DOES_NOT_INVENT_CONFIDENCE_THRESHOLDS
6128,00-0035637,DB,4,0.39448436800390652,2,Understudy,4,6,20,B41F_FROZEN_MODEL_CURRENT_2026_COMPLETED_WEEKS,NOT_CALIBRATED_B42_DOES_NOT_INVENT_CONFIDENCE_THRESHOLDS
11731,00-0039360,DB,4,0.39437860345186077,2,Understudy,4,6,20,B41F_FROZEN_MODEL_CURRENT_2026_COMPLETED_WEEKS,NOT_CALIBRATED_B42_DOES_NOT_INVENT_CONFIDENCE_THRESHOLDS
10882,00-0039151,DB,4,0.38679992998515267,2,Understudy,4,6,20,B41F_FROZEN_MODEL_CURRENT_2026_COMPLETED_WEEKS,NOT_CALIBRATED_B42_DOES_NOT_INVENT_CONFIDENCE_THRESHOLDS
11765,00-0039371,DB,4,0.37805441069921941,2,Understudy,4,6,20,B41F_FROZEN_MODEL_CURRENT_2026_COMPLETED_WEEKS,NOT_CALIBRATED_B42_DOES_NOT_INVENT_CONFIDENCE_THRESHOLDS
7787,00-0036888,DB,4,0.37586510633216724,2,Understudy,4,6,20,B41F_FROZEN_MODEL_CURRENT_2026_COMPLETED_WEEKS,NOT_CALIBRATED_B42_DOES_NOT_INVENT_CONFIDENCE_THRESHOLDS
7669,00-0036937,DB,4,0.37553297314794759,2,Understudy,1,6,20,B41F_FROZEN_MODEL_CURRENT_2026_COMPLETED_WEEKS,NOT_CALIBRATED_B42_DOES_NOT_INVENT_CONFIDENCE_THRESHOLDS
12183,00-0039324,DB,4,0.37408420066218862,2,Understudy,4,6,20,B41F_FROZEN_MODEL_CURRENT_2026_COMPLETED_WEEKS,NOT_CALIBRATED_B42_DOES_NOT_INVENT_CONFIDENCE_THRESHOLDS
12661,00-0040192,DB,4,0.37248955004346312,2,Understudy,2,6,20,B41F_FROZEN_MODEL_CURRENT_2026_COMPLETED_WEEKS,NOT_CALIBRATED_B42_DOES_NOT_INVENT_CONFIDENCE_THRESHOLDS
12142,00-0039776,DB,4,0.3631936962628699,2,Understudy,4,6,20,B41F_FROZEN_MODEL_CURRENT_2026_COMPLETED_WEEKS,NOT_CALIBRATED_B42_DOES_NOT_INVENT_CONFIDENCE_THRESHOLDS
12723,00-0040235,DB,4,0.36152506654272265,2,Understudy,4,6,20,B41F_FROZEN_MODEL_CURRENT_2026_COMPLETED_WEEKS,NOT_CALIBRATED_B42_DOES_NOT_INVENT_CONFIDENCE_THRESHOLDS
12584,00-0040641,DB,4,0.36096496229983455,2,Understudy,3,6,20,B41F_FROZEN_MODEL_CURRENT_2026_COMPLETED_WEEKS,NOT_CALIBRATED_B42_DOES_NOT_INVENT_CONFIDENCE_THRESHOLDS
11006,00-0038624,DB,4,0.35733137939761467,2,Understudy,4,6,20,B41F_FROZEN_MODEL_CURRENT_2026_COMPLETED_WEEKS,NOT_CALIBRATED_B42_DOES_NOT_INVENT_CONFIDENCE_THRESHOLDS
11769,00-0039387,DB,4,0.35569450289555299,2,Understudy,1,6,20,B41F_FROZEN_MODEL_CURRENT_2026_COMPLETED_WEEKS,NOT_CALIBRATED_B42_DOES_NOT_INVENT_CONFIDENCE_THRESHOLDS
8394,00-0038100,DB,4,0.35228168846136704,2,Understudy,4,6,20,B41F_FROZEN_MODEL_CURRENT_2026_COMPLETED_WEEKS,NOT_CALIBRATED_B42_DOES_NOT_INVENT_CONFIDENCE_THRESHOLDS
8838,00-0037512,DB,4,0.35159871116989427,2,Understudy,4,6,20,B41F_FROZEN_MODEL_CURRENT_2026_COMPLETED_WEEKS,NOT_CALIBRATED_B42_DOES_NOT_INVENT_CONFIDENCE_THRESHOLDS
4126,00-0033918,DB,4,0.35127454080102627,2,Understudy,4,6,20,B41F_FROZEN_MODEL_CURRENT_2026_COMPLETED_WEEKS,NOT_CALIBRATED_B42_DOES_NOT_INVENT_CONFIDENCE_THRESHOLDS
6419,00-0035227,DB,4,0.35075240042950684,2,Understudy,2,6,20,B41F_FROZEN_MODEL_CURRENT_2026_COMPLETED_WEEKS,NOT_CALIBRATED_B42_DOES_NOT_INVENT_CONFIDENCE_THRESHOLDS
11050,00-0038628,DB,4,0.34881404235281771,2,Understudy,4,6,20,B41F_FROZEN_MODEL_CURRENT_2026_COMPLETED_WEEKS,NOT_CALIBRATED_B42_DOES_NOT_INVENT_CONFIDENCE_THRESHOLDS
8341,00-0037753,DB,4,0.34798269864255094,2,Understudy,3,6,20,B41F_FROZEN_MODEL_CURRENT_2026_COMPLETED_WEEKS,NOT_CALIBRATED_B42_DOES_NOT_INVENT_CONFIDENCE_THRESHOLDS
13633,00-0041381,DB,4,0.34710540228574099,2,Understudy,4,6,20,B41F_FROZEN_MODEL_CURRENT_2026_COMPLETED_WEEKS,NOT_CALIBRATED_B42_DOES_NOT_INVENT_CONFIDENCE_THRESHOLDS
10913,00-0039167,DB,4,0.34604476676499862,2,Understudy,1,6,20,B41F_FROZEN_MODEL_CURRENT_2026_COMPLETED_WEEKS,NOT_CALIBRATED_B42_DOES_NOT_INVENT_CONFIDENCE_THRESHOLDS
11014,00-0038984,DB,4,0.33792531113683116,1,Depth,4,6,20,B41F_FROZEN_MODEL_CURRENT_2026_COMPLETED_WEEKS,NOT_CALIBRATED_B42_DOES_NOT_INVENT_CONFIDENCE_THRESHOLDS
12736,00-0040230,DB,4,0.33776138810587053,1,Depth,1,6,20,B41F_FROZEN_MODEL_CURRENT_2026_COMPLETED_WEEKS,NOT_CALIBRATED_B42_DOES_NOT_INVENT_CONFIDENCE_THRESHOLDS
12855,00-0040045,DB,4,0.33580057157161747,1,Depth,4,6,20,B41F_FROZEN_MODEL_CURRENT_2026_COMPLETED_WEEKS,NOT_CALIBRATED_B42_DOES_NOT_INVENT_CONFIDENCE_THRESHOLDS
7970,00-0036587,DB,4,0.33535151967000054,1,Depth,3,6,20,B41F_FROZEN_MODEL_CURRENT_2026_COMPLETED_WEEKS,NOT_CALIBRATED_B42_DOES_NOT_INVENT_CONFIDENCE_THRESHOLDS
11771,00-0039380,DB,4,0.33220769880840995,1,Depth,3,6,20,B41F_FROZEN_MODEL_CURRENT_2026_COMPLETED_WEEKS,NOT_CALIBRATED_B42_DOES_NOT_INVENT_CONFIDENCE_THRESHOLDS
12730,00-0040020,DB,4,0.32911344659480413,1,Depth,4,6,20,B41F_FROZEN_MODEL_CURRENT_2026_COMPLETED_WEEKS,NOT_CALIBRATED_B42_DOES_NOT_INVENT_CONFIDENCE_THRESHOLDS
8860,00-0037155,DB,4,0.32655669874244425,1,Depth,4,6,20,B41F_FROZEN_MODEL_CURRENT_2026_COMPLETED_WEEKS,NOT_CALIBRATED_B42_DOES_NOT_INVENT_CONFIDENCE_THRESHOLDS
12710,00-0040204,DB,4,0.32632691402502884,1,Depth,4,6,20,B41F_FROZEN_MODEL_CURRENT_2026_COMPLETED_WEEKS,NOT_CALIBRATED_B42_DOES_NOT_INVENT_CONFIDENCE_THRESHOLDS
11042,00-0038408,DB,4,0.31949008532518675,1,Depth,3,6,20,B41F_FROZEN_MODEL_CURRENT_2026_COMPLETED_WEEKS,NOT_CALIBRATED_B42_DOES_NOT_INVENT_CONFIDENCE_THRESHOLDS
3388,00-0032803,DB,4,0.31592220183842457,1,Depth,1,6,20,B41F_FROZEN_MODEL_CURRENT_2026_COMPLETED_WEEKS,NOT_CALIBRATED_B42_DOES_NOT_INVENT_CONFIDENCE_THRESHOLDS
12632,00-0040145,DB,4,0.31479841426818506,1,Depth,4,6,20,B41F_FROZEN_MODEL_CURRENT_2026_COMPLETED_WEEKS,NOT_CALIBRATED_B42_DOES_NOT_INVENT_CONFIDENCE_THRESHOLDS
11121,00-0038866,DB,4,0.30997608090051654,1,Depth,3,6,20,B41F_FROZEN_MODEL_CURRENT_2026_COMPLETED_WEEKS,NOT_CALIBRATED_B42_DOES_NOT_INVENT_CONFIDENCE_THRESHOLDS
8509,00-0037096,DB,4,0.30690173655441139,1,Depth,4,6,20,B41F_FROZEN_MODEL_CURRENT_2026_COMPLETED_WEEKS,NOT_CALIBRATED_B42_DOES_NOT_INVENT_CONFIDENCE_THRESHOLDS
6817,00-0036287,DB,4,0.30553384853791415,1,Depth,2,6,20,B41F_FROZEN_MODEL_CURRENT_2026_COMPLETED_WEEKS,NOT_CALIBRATED_B42_DOES_NOT_INVENT_CONFIDENCE_THRESHOLDS
12115,00-0039692,DB,4,0.30065585333244121,1,Depth,2,6,20,B41F_FROZEN_MODEL_CURRENT_2026_COMPLETED_WEEKS,NOT_CALIBRATED_B42_DOES_NOT_INVENT_CONFIDENCE_THRESHOLDS
8390,00-0037250,DB,4,0.29040701508138311,1,Depth,3,6,20,B41F_FROZEN_MODEL_CURRENT_2026_COMPLETED_WEEKS,NOT_CALIBRATED_B42_DOES_NOT_INVENT_CONFIDENCE_THRESHOLDS
13828,00-0041316,DB,4,0.28654789058396168,1,Depth,3,6,20,B41F_FROZEN_MODEL_CURRENT_2026_COMPLETED_WEEKS,NOT_CALIBRATED_B42_DOES_NOT_INVENT_CONFIDENCE_THRESHOLDS
5098,00-0034391,DB,4,0.2847591303742143,1,Depth,4,6,20,B41F_FROZEN_MODEL_CURRENT_2026_COMPLETED_WEEKS,NOT_CALIBRATED_B42_DOES_NOT_INVENT_CONFIDENCE_THRESHOLDS
12678,00-0040071,DB,4,0.28104926954879211,1,Depth,3,6,20,B41F_FROZEN_MODEL_CURRENT_2026_COMPLETED_WEEKS,NOT_CALIBRATED_B42_DOES_NOT_INVENT_CONFIDENCE_THRESHOLDS
7796,00-0036504,DB,4,0.27823745287152207,1,Depth,4,6,20,B41F_FROZEN_MODEL_CURRENT_2026_COMPLETED_WEEKS,NOT_CALIBRATED_B42_DOES_NOT_INVENT_CONFIDENCE_THRESHOLDS
10985,00-0038588,DB,4,0.27276173773373846,1,Depth,4,6,20,B41F_FROZEN_MODEL_CURRENT_2026_COMPLETED_WEEKS,NOT_CALIBRATED_B42_DOES_NOT_INVENT_CONFIDENCE_THRESHOLDS
8004,00-0036683,DB,4,0.27113430254585913,1,Depth,4,6,20,B41F_FROZEN_MODEL_CURRENT_2026_COMPLETED_WEEKS,NOT_CALIBRATED_B42_DOES_NOT_INVENT_CONFIDENCE_THRESHOLDS
6809,00-0036361,DB,4,0.26980404799415642,1,Depth,1,6,20,B41F_FROZEN_MODEL_CURRENT_2026_COMPLETED_WEEKS,NOT_CALIBRATED_B42_DOES_NOT_INVENT_CONFIDENCE_THRESHOLDS
11018,00-0038616,DB,4,0.26390504526362457,1,Depth,3,6,20,B41F_FROZEN_MODEL_CURRENT_2026_COMPLETED_WEEKS,NOT_CALIBRATED_B42_DOES_NOT_INVENT_CONFIDENCE_THRESHOLDS
8519,00-0037320,DB,4,0.261788940132332,1,Depth,2,6,20,B41F_FROZEN_MODEL_CURRENT_2026_COMPLETED_WEEKS,NOT_CALIBRATED_B42_DOES_NOT_INVENT_CONFIDENCE_THRESHOLDS
12942,00-0040507,DB,4,0.25553729728366242,1,Depth,1,6,20,B41F_FROZEN_MODEL_CURRENT_2026_COMPLETED_WEEKS,NOT_CALIBRATED_B42_DOES_NOT_INVENT_CONFIDENCE_THRESHOLDS
8532,00-0037493,DB,4,0.25394892173623829,1,Depth,2,6,20,B41F_FROZEN_MODEL_CURRENT_2026_COMPLETED_WEEKS,NOT_CALIBRATED_B42_DOES_NOT_INVENT_CONFIDENCE_THRESHOLDS
13172,00-0040636,DB,4,0.25187227712803695,1,Depth,4,6,20,B41F_FROZEN_MODEL_CURRENT_2026_COMPLETED_WEEKS,NOT_CALIBRATED_B42_DOES_NOT_INVENT_CONFIDENCE_THRESHOLDS
12089,00-0039532,DB,4,0.24950745407520983,1,Depth,4,6,20,B41F_FROZEN_MODEL_CURRENT_2026_COMPLETED_WEEKS,NOT_CALIBRATED_B42_DOES_NOT_INVENT_CONFIDENCE_THRESHOLDS
7200,00-0036124,DB,4,0.24774270387568842,1,Depth,4,6,20,B41F_FROZEN_MODEL_CURRENT_2026_COMPLETED_WEEKS,NOT_CALIBRATED_B42_DOES_NOT_INVENT_CONFIDENCE_THRESHOLDS
11029,00-0038986,DB,4,0.2457522466692349,0,Speculative,3,6,20,B41F_FROZEN_MODEL_CURRENT_2026_COMPLETED_WEEKS,NOT_CALIBRATED_B42_DOES_NOT_INVENT_CONFIDENCE_THRESHOLDS
12626,00-0040149,DB,4,0.24440172950734804,0,Speculative,4,6,20,B41F_FROZEN_MODEL_CURRENT_2026_COMPLETED_WEEKS,NOT_CALIBRATED_B42_DOES_NOT_INVENT_CONFIDENCE_THRESHOLDS
7680,00-0036993,DB,4,0.24194015990445991,0,Speculative,4,6,20,B41F_FROZEN_MODEL_CURRENT_2026_COMPLETED_WEEKS,NOT_CALIBRATED_B42_DOES_NOT_INVENT_CONFIDENCE_THRESHOLDS
11019,00-0038620,DB,4,0.24142678279652757,0,Speculative,4,6,20,B41F_FROZEN_MODEL_CURRENT_2026_COMPLETED_WEEKS,NOT_CALIBRATED_B42_DOES_NOT_INVENT_CONFIDENCE_THRESHOLDS
11744,00-0039864,DB,4,0.23801554287929524,0,Speculative,1,6,20,B41F_FROZEN_MODEL_CURRENT_2026_COMPLETED_WEEKS,NOT_CALIBRATED_B42_DOES_NOT_INVENT_CONFIDENCE_THRESHOLDS
6947,00-0036395,DB,4,0.23801554287929524,0,Speculative,1,6,20,B41F_FROZEN_MODEL_CURRENT_2026_COMPLETED_WEEKS,NOT_CALIBRATED_B42_DOES_NOT_INVENT_CONFIDENCE_THRESHOLDS
13513,00-0041083,DB,4,0.22922445478093045,0,Speculative,3,6,20,B41F_FROZEN_MODEL_CURRENT_2026_COMPLETED_WEEKS,NOT_CALIBRATED_B42_DOES_NOT_INVENT_CONFIDENCE_THRESHOLDS
6781,00-0036356,DB,4,0.22785349022138249,0,Speculative,4,6,20,B41F_FROZEN_MODEL_CURRENT_2026_COMPLETED_WEEKS,NOT_CALIBRATED_B42_DOES_NOT_INVENT_CONFIDENCE_THRESHOLDS
3272,00-0032399,DB,4,0.22552557777856719,0,Speculative,4,6,20,B41F_FROZEN_MODEL_CURRENT_2026_COMPLETED_WEEKS,NOT_CALIBRATED_B42_DOES_NOT_INVENT_CONFIDENCE_THRESHOLDS
5520,00-0034485,DB,4,0.22552557777856719,0,Speculative,4,6,20,B41F_FROZEN_MODEL_CURRENT_2026_COMPLETED_WEEKS,NOT_CALIBRATED_B42_DOES_NOT_INVENT_CONFIDENCE_THRESHOLDS
4427,00-0033393,DB,4,0.22245579673660604,0,Speculative,1,6,20,B41F_FROZEN_MODEL_CURRENT_2026_COMPLETED_WEEKS,NOT_CALIBRATED_B42_DOES_NOT_INVENT_CONFIDENCE_THRESHOLDS
13500,00-0041497,DB,4,0.2175047161775798,0,Speculative,3,6,20,B41F_FROZEN_MODEL_CURRENT_2026_COMPLETED_WEEKS,NOT_CALIBRATED_B42_DOES_NOT_INVENT_CONFIDENCE_THRESHOLDS
11755,00-0039789,DB,4,0.21560675243310343,0,Speculative,4,6,20,B41F_FROZEN_MODEL_CURRENT_2026_COMPLETED_WEEKS,NOT_CALIBRATED_B42_DOES_NOT_INVENT_CONFIDENCE_THRESHOLDS
11830,00-0039239,DB,4,0.21073454274533046,0,Speculative,4,6,20,B41F_FROZEN_MODEL_CURRENT_2026_COMPLETED_WEEKS,NOT_CALIBRATED_B42_DOES_NOT_INVENT_CONFIDENCE_THRESHOLDS
5691,00-0034639,DB,4,0.21071936201687486,0,Speculative,4,6,20,B41F_FROZEN_MODEL_CURRENT_2026_COMPLETED_WEEKS,NOT_CALIBRATED_B42_DOES_NOT_INVENT_CONFIDENCE_THRESHOLDS
12639,00-0040165,DB,4,0.20852991577413979,0,Speculative,4,6,20,B41F_FROZEN_MODEL_CURRENT_2026_COMPLETED_WEEKS,NOT_CALIBRATED_B42_DOES_NOT_INVENT_CONFIDENCE_THRESHOLDS
10939,00-0038578,DB,4,0.20000923204851614,0,Speculative,4,6,20,B41F_FROZEN_MODEL_CURRENT_2026_COMPLETED_WEEKS,NOT_CALIBRATED_B42_DOES_NOT_INVENT_CONFIDENCE_THRESHOLDS
7671,00-0036625,DB,4,0.19812096617581176,0,Speculative,3,6,20,B41F_FROZEN_MODEL_CURRENT_2026_COMPLETED_WEEKS,NOT_CALIBRATED_B42_DOES_NOT_INVENT_CONFIDENCE_THRESHOLDS
11011,00-0038605,DB,4,0.19755832025157782,0,Speculative,4,6,20,B41F_FROZEN_MODEL_CURRENT_2026_COMPLETED_WEEKS,NOT_CALIBRATED_B42_DOES_NOT_INVENT_CONFIDENCE_THRESHOLDS
10954,00-0038568,DB,4,0.18017317191544638,0,Speculative,3,6,20,B41F_FROZEN_MODEL_CURRENT_2026_COMPLETED_WEEKS,NOT_CALIBRATED_B42_DOES_NOT_INVENT_CONFIDENCE_THRESHOLDS
10962,00-0039140,DB,4,0.18017317191544638,0,Speculative,4,6,20,B41F_FROZEN_MODEL_CURRENT_2026_COMPLETED_WEEKS,NOT_CALIBRATED_B42_DOES_NOT_INVENT_CONFIDENCE_THRESHOLDS
10978,00-0038594,DB,4,0.18017317191544638,0,Speculative,1,6,20,B41F_FROZEN_MODEL_CURRENT_2026_COMPLETED_WEEKS,NOT_CALIBRATED_B42_DOES_NOT_INVENT_CONFIDENCE_THRESHOLDS
10986,00-0038587,DB,4,0.18017317191544638,0,Speculative,1,6,20,B41F_FROZEN_MODEL_CURRENT_2026_COMPLETED_WEEKS,NOT_CALIBRATED_B42_DOES_NOT_INVENT_CONFIDENCE_THRESHOLDS
11022,00-0038414,DB,4,0.18017317191544638,0,Speculative,4,6,20,B41F_FROZEN_MODEL_CURRENT_2026_COMPLETED_WEEKS,NOT_CALIBRATED_B42_DOES_NOT_INVENT_CONFIDENCE_THRESHOLDS
11052,00-0038407,DB,4,0.18017317191544638,0,Speculative,1,6,20,B41F_FROZEN_MODEL_CURRENT_2026_COMPLETED_WEEKS,NOT_CALIBRATED_B42_DOES_NOT_INVENT_CONFIDENCE_THRESHOLDS
11325,00-0038521,DB,4,0.18017317191544638,0,Speculative,3,6,20,B41F_FROZEN_MODEL_CURRENT_2026_COMPLETED_WEEKS,NOT_CALIBRATED_B42_DOES_NOT_INVENT_CONFIDENCE_THRESHOLDS
11343,00-0038663,DB,4,0.18017317191544638,0,Speculative,1,6,20,B41F_FROZEN_MODEL_CURRENT_2026_COMPLETED_WEEKS,NOT_CALIBRATED_B42_DOES_NOT_INVENT_CONFIDENCE_THRESHOLDS
11730,00-0039234,DB,4,0.18017317191544638,0,Speculative,1,6,20,B41F_FROZEN_MODEL_CURRENT_2026_COMPLETED_WEEKS,NOT_CALIBRATED_B42_DOES_NOT_INVENT_CONFIDENCE_THRESHOLDS
11738,00-0039357,DB,4,0.18017317191544638,0,Speculative,2,6,20,B41F_FROZEN_MODEL_CURRENT_2026_COMPLETED_WEEKS,NOT_CALIBRATED_B42_DOES_NOT_INVENT_CONFIDENCE_THRESHOLDS
11763,00-0039818,DB,4,0.18017317191544638,0,Speculative,4,6,20,B41F_FROZEN_MODEL_CURRENT_2026_COMPLETED_WEEKS,NOT_CALIBRATED_B42_DOES_NOT_INVENT_CONFIDENCE_THRESHOLDS
11764,00-0039375,DB,4,0.18017317191544638,0,Speculative,1,6,20,B41F_FROZEN_MODEL_CURRENT_2026_COMPLETED_WEEKS,NOT_CALIBRATED_B42_DOES_NOT_INVENT_CONFIDENCE_THRESHOLDS
11775,00-0039383,DB,4,0.18017317191544638,0,Speculative,3,6,20,B41F_FROZEN_MODEL_CURRENT_2026_COMPLETED_WEEKS,NOT_CALIBRATED_B42_DOES_NOT_INVENT_CONFIDENCE_THRESHOLDS
11787,00-0039831,DB,4,0.18017317191544638,0,Speculative,4,6,20,B41F_FROZEN_MODEL_CURRENT_2026_COMPLETED_WEEKS,NOT_CALIBRATED_B42_DOES_NOT_INVENT_CONFIDENCE_THRESHOLDS
11809,00-0039390,DB,4,0.18017317191544638,0,Speculative,1,6,20,B41F_FROZEN_MODEL_CURRENT_2026_COMPLETED_WEEKS,NOT_CALIBRATED_B42_DOES_NOT_INVENT_CONFIDENCE_THRESHOLDS
11934,00-0039681,DB,4,0.18017317191544638,0,Speculative,4,6,20,B41F_FROZEN_MODEL_CURRENT_2026_COMPLETED_WEEKS,NOT_CALIBRATED_B42_DOES_NOT_INVENT_CONFIDENCE_THRESHOLDS
12196,00-0039725,DB,4,0.18017317191544638,0,Speculative,4,6,20,B41F_FROZEN_MODEL_CURRENT_2026_COMPLETED_WEEKS,NOT_CALIBRATED_B42_DOES_NOT_INVENT_CONFIDENCE_THRESHOLDS
12838,00-0040471,DB,4,0.18017317191544638,0,Speculative,2,6,20,B41F_FROZEN_MODEL_CURRENT_2026_COMPLETED_WEEKS,NOT_CALIBRATED_B42_DOES_NOT_INVENT_CONFIDENCE_THRESHOLDS
13569,00-0041115,DB,4,0.18017317191544638,0,Speculative,2,6,20,B41F_FROZEN_MODEL_CURRENT_2026_COMPLETED_WEEKS,NOT_CALIBRATED_B42_DOES_NOT_INVENT_CONFIDENCE_THRESHOLDS
13635,00-0041382,DB,4,0.18017317191544638,0,Speculative,2,6,20,B41F_FROZEN_MODEL_CURRENT_2026_COMPLETED_WEEKS,NOT_CALIBRATED_B42_DOES_NOT_INVENT_CONFIDENCE_THRESHOLDS
5048,00-0034780,DB,4,0.18017317191544638,0,Speculative,2,6,20,B41F_FROZEN_MODEL_CURRENT_2026_COMPLETED_WEEKS,NOT_CALIBRATED_B42_DOES_NOT_INVENT_CONFIDENCE_THRESHOLDS
5328,00-0034278,DB,4,0.18017317191544638,0,Speculative,4,6,20,B41F_FROZEN_MODEL_CURRENT_2026_COMPLETED_WEEKS,NOT_CALIBRATED_B42_DOES_NOT_INVENT_CONFIDENCE_THRESHOLDS
5445,00-0034091,DB,4,0.18017317191544638,0,Speculative,3,6,20,B41F_FROZEN_MODEL_CURRENT_2026_COMPLETED_WEEKS,NOT_CALIBRATED_B42_DOES_NOT_INVENT_CONFIDENCE_THRESHOLDS
5534,00-0034248,DB,4,0.18017317191544638,0,Speculative,4,6,20,B41F_FROZEN_MODEL_CURRENT_2026_COMPLETED_WEEKS,NOT_CALIBRATED_B42_DOES_NOT_INVENT_CONFIDENCE_THRESHOLDS
6476,00-0034966,DB,4,0.18017317191544638,0,Speculative,1,6,20,B41F_FROZEN_MODEL_CURRENT_2026_COMPLETED_WEEKS,NOT_CALIBRATED_B42_DOES_NOT_INVENT_CONFIDENCE_THRESHOLDS
6855,00-0036329,DB,4,0.18017317191544638,0,Speculative,4,6,20,B41F_FROZEN_MODEL_CURRENT_2026_COMPLETED_WEEKS,NOT_CALIBRATED_B42_DOES_NOT_INVENT_CONFIDENCE_THRESHOLDS
7036,00-0036421,DB,4,0.18017317191544638,0,Speculative,4,6,20,B41F_FROZEN_MODEL_CURRENT_2026_COMPLETED_WEEKS,NOT_CALIBRATED_B42_DOES_NOT_INVENT_CONFIDENCE_THRESHOLDS
7053,00-0036306,DB,4,0.18017317191544638,0,Speculative,2,6,20,B41F_FROZEN_MODEL_CURRENT_2026_COMPLETED_WEEKS,NOT_CALIBRATED_B42_DOES_NOT_INVENT_CONFIDENCE_THRESHOLDS
7224,00-0036037,DB,4,0.18017317191544638,0,Speculative,4,6,20,B41F_FROZEN_MODEL_CURRENT_2026_COMPLETED_WEEKS,NOT_CALIBRATED_B42_DOES_NOT_INVENT_CONFIDENCE_THRESHOLDS
7687,00-0036986,DB,4,0.18017317191544638,0,Speculative,2,6,20,B41F_FROZEN_MODEL_CURRENT_2026_COMPLETED_WEEKS,NOT_CALIBRATED_B42_DOES_NOT_INVENT_CONFIDENCE_THRESHOLDS
7712,00-0036904,DB,4,0.18017317191544638,0,Speculative,1,6,20,B41F_FROZEN_MODEL_CURRENT_2026_COMPLETED_WEEKS,NOT_CALIBRATED_B42_DOES_NOT_INVENT_CONFIDENCE_THRESHOLDS
7974,00-0036589,DB,4,0.18017317191544638,0,Speculative,1,6,20,B41F_FROZEN_MODEL_CURRENT_2026_COMPLETED_WEEKS,NOT_CALIBRATED_B42_DOES_NOT_INVENT_CONFIDENCE_THRESHOLDS
8377,00-0037752,DB,4,0.18017317191544638,0,Speculative,4,6,20,B41F_FROZEN_MODEL_CURRENT_2026_COMPLETED_WEEKS,NOT_CALIBRATED_B42_DOES_NOT_INVENT_CONFIDENCE_THRESHOLDS
8397,00-0037578,DB,4,0.18017317191544638,0,Speculative,1,6,20,B41F_FROZEN_MODEL_CURRENT_2026_COMPLETED_WEEKS,NOT_CALIBRATED_B42_DOES_NOT_INVENT_CONFIDENCE_THRESHOLDS
8542,00-0037461,DB,4,0.18017317191544638,0,Speculative,2,6,20,B41F_FROZEN_MODEL_CURRENT_2026_COMPLETED_WEEKS,NOT_CALIBRATED_B42_DOES_NOT_INVENT_CONFIDENCE_THRESHOLDS
8714,00-0037129,DB,4,0.18017317191544638,0,Speculative,4,6,20,B41F_FROZEN_MODEL_CURRENT_2026_COMPLETED_WEEKS,NOT_CALIBRATED_B42_DOES_NOT_INVENT_CONFIDENCE_THRESHOLDS
10892,00-0039108,DL,4,0.86958286228255588,6,Elite,4,7,23,B41F_FROZEN_MODEL_CURRENT_2026_COMPLETED_WEEKS,NOT_CALIBRATED_B42_DOES_NOT_INVENT_CONFIDENCE_THRESHOLDS
8385,00-0037192,DL,4,0.86884169655887444,6,Elite,4,7,23,B41F_FROZEN_MODEL_CURRENT_2026_COMPLETED_WEEKS,NOT_CALIBRATED_B42_DOES_NOT_INVENT_CONFIDENCE_THRESHOLDS
8289,00-0037236,DL,4,0.86644895859697157,6,Elite,4,7,23,B41F_FROZEN_MODEL_CURRENT_2026_COMPLETED_WEEKS,NOT_CALIBRATED_B42_DOES_NOT_INVENT_CONFIDENCE_THRESHOLDS
6125,00-0035643,DL,4,0.86273327496099794,6,Elite,4,7,23,B41F_FROZEN_MODEL_CURRENT_2026_COMPLETED_WEEKS,NOT_CALIBRATED_B42_DOES_NOT_INVENT_CONFIDENCE_THRESHOLDS
3172,00-0032378,DL,4,0.85738980574706114,6,Elite,4,7,23,B41F_FROZEN_MODEL_CURRENT_2026_COMPLETED_WEEKS,NOT_CALIBRATED_B42_DOES_NOT_INVENT_CONFIDENCE_THRESHOLDS
5991,00-0034973,DL,4,0.84990777053665156,6,Elite,4,7,23,B41F_FROZEN_MODEL_CURRENT_2026_COMPLETED_WEEKS,NOT_CALIBRATED_B42_DOES_NOT_INVENT_CONFIDENCE_THRESHOLDS
7679,00-0036624,DL,4,0.83883847468490458,6,Elite,4,7,23,B41F_FROZEN_MODEL_CURRENT_2026_COMPLETED_WEEKS,NOT_CALIBRATED_B42_DOES_NOT_INVENT_CONFIDENCE_THRESHOLDS
5840,00-0035642,DL,4,0.83024146759824746,6,Elite,4,7,23,B41F_FROZEN_MODEL_CURRENT_2026_COMPLETED_WEEKS,NOT_CALIBRATED_B42_DOES_NOT_INVENT_CONFIDENCE_THRESHOLDS
5871,00-0035248,DL,4,0.82090583377489712,6,Elite,4,7,23,B41F_FROZEN_MODEL_CURRENT_2026_COMPLETED_WEEKS,NOT_CALIBRATED_B42_DOES_NOT_INVENT_CONFIDENCE_THRESHOLDS
5847,00-0035683,DL,4,0.81664716968135542,6,Elite,4,7,23,B41F_FROZEN_MODEL_CURRENT_2026_COMPLETED_WEEKS,NOT_CALIBRATED_B42_DOES_NOT_INVENT_CONFIDENCE_THRESHOLDS
12652,00-0040710,DL,4,0.80486853033547734,6,Elite,4,7,23,B41F_FROZEN_MODEL_CURRENT_2026_COMPLETED_WEEKS,NOT_CALIBRATED_B42_DOES_NOT_INVENT_CONFIDENCE_THRESHOLDS
5297,00-0034285,DL,4,0.80343062180388325,6,Elite,4,7,23,B41F_FROZEN_MODEL_CURRENT_2026_COMPLETED_WEEKS,NOT_CALIBRATED_B42_DOES_NOT_INVENT_CONFIDENCE_THRESHOLDS
2393,00-0031565,DL,4,0.8024883038561027,6,Elite,4,7,23,B41F_FROZEN_MODEL_CURRENT_2026_COMPLETED_WEEKS,NOT_CALIBRATED_B42_DOES_NOT_INVENT_CONFIDENCE_THRESHOLDS
8265,00-0037235,DL,4,0.8009564701452544,6,Elite,4,7,23,B41F_FROZEN_MODEL_CURRENT_2026_COMPLETED_WEEKS,NOT_CALIBRATED_B42_DOES_NOT_INVENT_CONFIDENCE_THRESHOLDS
6782,00-0036321,DL,4,0.79571084729925445,6,Elite,4,7,23,B41F_FROZEN_MODEL_CURRENT_2026_COMPLETED_WEEKS,NOT_CALIBRATED_B42_DOES_NOT_INVENT_CONFIDENCE_THRESHOLDS
11669,00-0039340,DL,4,0.79547579750033948,6,Elite,4,7,23,B41F_FROZEN_MODEL_CURRENT_2026_COMPLETED_WEEKS,NOT_CALIBRATED_B42_DOES_NOT_INVENT_CONFIDENCE_THRESHOLDS
3188,00-0032759,DL,4,0.78935507920157277,6,Elite,4,7,23,B41F_FROZEN_MODEL_CURRENT_2026_COMPLETED_WEEKS,NOT_CALIBRATED_B42_DOES_NOT_INVENT_CONFIDENCE_THRESHOLDS
6118,00-0035718,DL,4,0.78856886718445296,6,Elite,4,7,23,B41F_FROZEN_MODEL_CURRENT_2026_COMPLETED_WEEKS,NOT_CALIBRATED_B42_DOES_NOT_INVENT_CONFIDENCE_THRESHOLDS
843,00-0027969,DL,4,0.78749532458272931,6,Elite,4,7,23,B41F_FROZEN_MODEL_CURRENT_2026_COMPLETED_WEEKS,NOT_CALIBRATED_B42_DOES_NOT_INVENT_CONFIDENCE_THRESHOLDS
4032,00-0033523,DL,4,0.78645957690823387,6,Elite,4,7,23,B41F_FROZEN_MODEL_CURRENT_2026_COMPLETED_WEEKS,NOT_CALIBRATED_B42_DOES_NOT_INVENT_CONFIDENCE_THRESHOLDS
2311,00-0031933,DL,4,0.78112355731814553,6,Elite,4,7,23,B41F_FROZEN_MODEL_CURRENT_2026_COMPLETED_WEEKS,NOT_CALIBRATED_B42_DOES_NOT_INVENT_CONFIDENCE_THRESHOLDS
8343,00-0038133,DL,4,0.77754496738168244,6,Elite,4,7,23,B41F_FROZEN_MODEL_CURRENT_2026_COMPLETED_WEEKS,NOT_CALIBRATED_B42_DOES_NOT_INVENT_CONFIDENCE_THRESHOLDS
6818,00-0036130,DL,4,0.76500881398533271,5,Every-Down,2,7,23,B41F_FROZEN_MODEL_CURRENT_2026_COMPLETED_WEEKS,NOT_CALIBRATED_B42_DOES_NOT_INVENT_CONFIDENCE_THRESHOLDS
10888,00-0038386,DL,4,0.76473012783768501,5,Every-Down,4,7,23,B41F_FROZEN_MODEL_CURRENT_2026_COMPLETED_WEEKS,NOT_CALIBRATED_B42_DOES_NOT_INVENT_CONFIDENCE_THRESHOLDS
3558,00-0032762,DL,4,0.75867743178308999,5,Every-Down,4,7,23,B41F_FROZEN_MODEL_CURRENT_2026_COMPLETED_WEEKS,NOT_CALIBRATED_B42_DOES_NOT_INVENT_CONFIDENCE_THRESHOLDS
8383,00-0037815,DL,4,0.75776316494430362,5,Every-Down,4,7,23,B41F_FROZEN_MODEL_CURRENT_2026_COMPLETED_WEEKS,NOT_CALIBRATED_B42_DOES_NOT_INVENT_CONFIDENCE_THRESHOLDS
4976,00-0034333,DL,4,0.74754499946155339,5,Every-Down,4,7,23,B41F_FROZEN_MODEL_CURRENT_2026_COMPLETED_WEEKS,NOT_CALIBRATED_B42_DOES_NOT_INVENT_CONFIDENCE_THRESHOLDS
3236,00-0033131,DL,4,0.74592361969719001,5,Every-Down,4,7,23,B41F_FROZEN_MODEL_CURRENT_2026_COMPLETED_WEEKS,NOT_CALIBRATED_B42_DOES_NOT_INVENT_CONFIDENCE_THRESHOLDS
7695,00-0036942,DL,4,0.73695721222123012,5,Every-Down,4,7,23,B41F_FROZEN_MODEL_CURRENT_2026_COMPLETED_WEEKS,NOT_CALIBRATED_B42_DOES_NOT_INVENT_CONFIDENCE_THRESHOLDS
6124,00-0035647,DL,4,0.73063573269036186,5,Every-Down,4,7,23,B41F_FROZEN_MODEL_CURRENT_2026_COMPLETED_WEEKS,NOT_CALIBRATED_B42_DOES_NOT_INVENT_CONFIDENCE_THRESHOLDS
6792,00-0036260,DL,4,0.72969756993748536,5,Every-Down,4,7,23,B41F_FROZEN_MODEL_CURRENT_2026_COMPLETED_WEEKS,NOT_CALIBRATED_B42_DOES_NOT_INVENT_CONFIDENCE_THRESHOLDS
4969,00-0034773,DL,4,0.72785436329317887,5,Every-Down,4,7,23,B41F_FROZEN_MODEL_CURRENT_2026_COMPLETED_WEEKS,NOT_CALIBRATED_B42_DOES_NOT_INVENT_CONFIDENCE_THRESHOLDS
7018,00-0035763,DL,4,0.72513922103015849,5,Every-Down,4,7,23,B41F_FROZEN_MODEL_CURRENT_2026_COMPLETED_WEEKS,NOT_CALIBRATED_B42_DOES_NOT_INVENT_CONFIDENCE_THRESHOLDS
11030,00-0038412,DL,4,0.72497692601023433,5,Every-Down,4,7,23,B41F_FROZEN_MODEL_CURRENT_2026_COMPLETED_WEEKS,NOT_CALIBRATED_B42_DOES_NOT_INVENT_CONFIDENCE_THRESHOLDS
5816,00-0035717,DL,4,0.71346039726394261,5,Every-Down,2,7,23,B41F_FROZEN_MODEL_CURRENT_2026_COMPLETED_WEEKS,NOT_CALIBRATED_B42_DOES_NOT_INVENT_CONFIDENCE_THRESHOLDS
10916,00-0039138,DL,4,0.71239601171456779,5,Every-Down,4,7,23,B41F_FROZEN_MODEL_CURRENT_2026_COMPLETED_WEEKS,NOT_CALIBRATED_B42_DOES_NOT_INVENT_CONFIDENCE_THRESHOLDS
7649,00-0036480,DL,4,0.71226199993242456,5,Every-Down,4,7,23,B41F_FROZEN_MODEL_CURRENT_2026_COMPLETED_WEEKS,NOT_CALIBRATED_B42_DOES_NOT_INVENT_CONFIDENCE_THRESHOLDS
10904,00-0039148,DL,4,0.71116605715997594,5,Every-Down,4,7,23,B41F_FROZEN_MODEL_CURRENT_2026_COMPLETED_WEEKS,NOT_CALIBRATED_B42_DOES_NOT_INVENT_CONFIDENCE_THRESHOLDS
11668,00-0039309,DL,4,0.70838240116196349,5,Every-Down,4,7,23,B41F_FROZEN_MODEL_CURRENT_2026_COMPLETED_WEEKS,NOT_CALIBRATED_B42_DOES_NOT_INVENT_CONFIDENCE_THRESHOLDS
10875,00-0038546,DL,4,0.70475059746772439,5,Every-Down,4,7,23,B41F_FROZEN_MODEL_CURRENT_2026_COMPLETED_WEEKS,NOT_CALIBRATED_B42_DOES_NOT_INVENT_CONFIDENCE_THRESHOLDS
12635,00-0040169,DL,4,0.70422836566237301,5,Every-Down,4,7,23,B41F_FROZEN_MODEL_CURRENT_2026_COMPLETED_WEEKS,NOT_CALIBRATED_B42_DOES_NOT_INVENT_CONFIDENCE_THRESHOLDS
11328,00-0038778,DL,4,0.70115313214663655,5,Every-Down,4,7,23,B41F_FROZEN_MODEL_CURRENT_2026_COMPLETED_WEEKS,NOT_CALIBRATED_B42_DOES_NOT_INVENT_CONFIDENCE_THRESHOLDS
6784,00-0036220,DL,4,0.70046761595889917,5,Every-Down,4,7,23,B41F_FROZEN_MODEL_CURRENT_2026_COMPLETED_WEEKS,NOT_CALIBRATED_B42_DOES_NOT_INVENT_CONFIDENCE_THRESHOLDS
5912,00-0035402,DL,4,0.69906109388636761,5,Every-Down,3,7,23,B41F_FROZEN_MODEL_CURRENT_2026_COMPLETED_WEEKS,NOT_CALIBRATED_B42_DOES_NOT_INVENT_CONFIDENCE_THRESHOLDS
10943,00-0038574,DL,4,0.69441410131240966,4,Starter,4,7,23,B41F_FROZEN_MODEL_CURRENT_2026_COMPLETED_WEEKS,NOT_CALIBRATED_B42_DOES_NOT_INVENT_CONFIDENCE_THRESHOLDS
11760,00-0039840,DL,4,0.69187336894670193,4,Starter,4,7,23,B41F_FROZEN_MODEL_CURRENT_2026_COMPLETED_WEEKS,NOT_CALIBRATED_B42_DOES_NOT_INVENT_CONFIDENCE_THRESHOLDS
3186,00-0033120,DL,4,0.69031149986068951,4,Starter,4,7,23,B41F_FROZEN_MODEL_CURRENT_2026_COMPLETED_WEEKS,NOT_CALIBRATED_B42_DOES_NOT_INVENT_CONFIDENCE_THRESHOLDS
11015,00-0038623,DL,4,0.68924110401385141,4,Starter,4,7,23,B41F_FROZEN_MODEL_CURRENT_2026_COMPLETED_WEEKS,NOT_CALIBRATED_B42_DOES_NOT_INVENT_CONFIDENCE_THRESHOLDS
11743,00-0039835,DL,4,0.6873398717548479,4,Starter,4,7,23,B41F_FROZEN_MODEL_CURRENT_2026_COMPLETED_WEEKS,NOT_CALIBRATED_B42_DOES_NOT_INVENT_CONFIDENCE_THRESHOLDS
5043,00-0034760,DL,4,0.6862103847119253,4,Starter,4,7,23,B41F_FROZEN_MODEL_CURRENT_2026_COMPLETED_WEEKS,NOT_CALIBRATED_B42_DOES_NOT_INVENT_CONFIDENCE_THRESHOLDS
11665,00-0039852,DL,4,0.6857127918505731,4,Starter,4,7,23,B41F_FROZEN_MODEL_CURRENT_2026_COMPLETED_WEEKS,NOT_CALIBRATED_B42_DOES_NOT_INVENT_CONFIDENCE_THRESHOLDS
12552,00-0040706,DL,4,0.68265154500532965,4,Starter,4,7,23,B41F_FROZEN_MODEL_CURRENT_2026_COMPLETED_WEEKS,NOT_CALIBRATED_B42_DOES_NOT_INVENT_CONFIDENCE_THRESHOLDS
6868,00-0036335,DL,4,0.67770772998409334,4,Starter,4,7,23,B41F_FROZEN_MODEL_CURRENT_2026_COMPLETED_WEEKS,NOT_CALIBRATED_B42_DOES_NOT_INVENT_CONFIDENCE_THRESHOLDS
7633,00-0036479,DL,4,0.67647718749866115,4,Starter,4,7,23,B41F_FROZEN_MODEL_CURRENT_2026_COMPLETED_WEEKS,NOT_CALIBRATED_B42_DOES_NOT_INVENT_CONFIDENCE_THRESHOLDS
7443,00-0036181,DL,4,0.67300185575301896,4,Starter,4,7,23,B41F_FROZEN_MODEL_CURRENT_2026_COMPLETED_WEEKS,NOT_CALIBRATED_B42_DOES_NOT_INVENT_CONFIDENCE_THRESHOLDS
5049,00-0034782,DL,4,0.6668134249585711,4,Starter,4,7,23,B41F_FROZEN_MODEL_CURRENT_2026_COMPLETED_WEEKS,NOT_CALIBRATED_B42_DOES_NOT_INVENT_CONFIDENCE_THRESHOLDS
2322,00-0032164,DL,4,0.66624722633874545,4,Starter,4,7,23,B41F_FROZEN_MODEL_CURRENT_2026_COMPLETED_WEEKS,NOT_CALIBRATED_B42_DOES_NOT_INVENT_CONFIDENCE_THRESHOLDS
5378,00-0034163,DL,4,0.66284806244732575,4,Starter,4,7,23,B41F_FROZEN_MODEL_CURRENT_2026_COMPLETED_WEEKS,NOT_CALIBRATED_B42_DOES_NOT_INVENT_CONFIDENCE_THRESHOLDS
7696,00-0036916,DL,4,0.65461311573507797,4,Starter,4,7,23,B41F_FROZEN_MODEL_CURRENT_2026_COMPLETED_WEEKS,NOT_CALIBRATED_B42_DOES_NOT_INVENT_CONFIDENCE_THRESHOLDS
11740,00-0039859,DL,4,0.65317664638704409,4,Starter,4,7,23,B41F_FROZEN_MODEL_CURRENT_2026_COMPLETED_WEEKS,NOT_CALIBRATED_B42_DOES_NOT_INVENT_CONFIDENCE_THRESHOLDS
4170,00-0033945,DL,4,0.65303574101023931,4,Starter,3,7,23,B41F_FROZEN_MODEL_CURRENT_2026_COMPLETED_WEEKS,NOT_CALIBRATED_B42_DOES_NOT_INVENT_CONFIDENCE_THRESHOLDS
4168,00-0033952,DL,4,0.65162649445317444,4,Starter,4,7,23,B41F_FROZEN_MODEL_CURRENT_2026_COMPLETED_WEEKS,NOT_CALIBRATED_B42_DOES_NOT_INVENT_CONFIDENCE_THRESHOLDS
5067,00-0034825,DL,4,0.64635940348738541,4,Starter,4,7,23,B41F_FROZEN_MODEL_CURRENT_2026_COMPLETED_WEEKS,NOT_CALIBRATED_B42_DOES_NOT_INVENT_CONFIDENCE_THRESHOLDS
7711,00-0036883,DL,4,0.64190463381107932,4,Starter,4,7,23,B41F_FROZEN_MODEL_CURRENT_2026_COMPLETED_WEEKS,NOT_CALIBRATED_B42_DOES_NOT_INVENT_CONFIDENCE_THRESHOLDS
5841,00-0035230,DL,4,0.63978642902823035,4,Starter,3,7,23,B41F_FROZEN_MODEL_CURRENT_2026_COMPLETED_WEEKS,NOT_CALIBRATED_B42_DOES_NOT_INVENT_CONFIDENCE_THRESHOLDS
5466,00-0034805,DL,4,0.63895562680560136,4,Starter,4,7,23,B41F_FROZEN_MODEL_CURRENT_2026_COMPLETED_WEEKS,NOT_CALIBRATED_B42_DOES_NOT_INVENT_CONFIDENCE_THRESHOLDS
8398,00-0037663,DL,4,0.6343364865132165,4,Starter,4,7,23,B41F_FROZEN_MODEL_CURRENT_2026_COMPLETED_WEEKS,NOT_CALIBRATED_B42_DOES_NOT_INVENT_CONFIDENCE_THRESHOLDS
7664,00-0036981,DL,4,0.63432531461303332,4,Starter,3,7,23,B41F_FROZEN_MODEL_CURRENT_2026_COMPLETED_WEEKS,NOT_CALIBRATED_B42_DOES_NOT_INVENT_CONFIDENCE_THRESHOLDS
2592,00-0031583,DL,4,0.63426351228118438,4,Starter,4,7,23,B41F_FROZEN_MODEL_CURRENT_2026_COMPLETED_WEEKS,NOT_CALIBRATED_B42_DOES_NOT_INVENT_CONFIDENCE_THRESHOLDS
12720,00-0040248,DL,4,0.6332204073488289,4,Starter,4,7,23,B41F_FROZEN_MODEL_CURRENT_2026_COMPLETED_WEEKS,NOT_CALIBRATED_B42_DOES_NOT_INVENT_CONFIDENCE_THRESHOLDS
11677,00-0039734,DL,4,0.63066969630415803,4,Starter,4,7,23,B41F_FROZEN_MODEL_CURRENT_2026_COMPLETED_WEEKS,NOT_CALIBRATED_B42_DOES_NOT_INVENT_CONFIDENCE_THRESHOLDS
10899,00-0039070,DL,4,0.6244251157969164,4,Starter,4,7,23,B41F_FROZEN_MODEL_CURRENT_2026_COMPLETED_WEEKS,NOT_CALIBRATED_B42_DOES_NOT_INVENT_CONFIDENCE_THRESHOLDS
12573,00-0040685,DL,4,0.62039710829838812,4,Starter,4,7,23,B41F_FROZEN_MODEL_CURRENT_2026_COMPLETED_WEEKS,NOT_CALIBRATED_B42_DOES_NOT_INVENT_CONFIDENCE_THRESHOLDS
3218,00-0032889,DL,4,0.61904038567959085,4,Starter,4,7,23,B41F_FROZEN_MODEL_CURRENT_2026_COMPLETED_WEEKS,NOT_CALIBRATED_B42_DOES_NOT_INVENT_CONFIDENCE_THRESHOLDS
11846,00-0039431,DL,4,0.61782014795870022,4,Starter,4,7,23,B41F_FROZEN_MODEL_CURRENT_2026_COMPLETED_WEEKS,NOT_CALIBRATED_B42_DOES_NOT_INVENT_CONFIDENCE_THRESHOLDS
12554,00-0040672,DL,4,0.61563467559259322,4,Starter,4,7,23,B41F_FROZEN_MODEL_CURRENT_2026_COMPLETED_WEEKS,NOT_CALIBRATED_B42_DOES_NOT_INVENT_CONFIDENCE_THRESHOLDS
12620,00-0040144,DL,4,0.61385706669949114,4,Starter,4,7,23,B41F_FROZEN_MODEL_CURRENT_2026_COMPLETED_WEEKS,NOT_CALIBRATED_B42_DOES_NOT_INVENT_CONFIDENCE_THRESHOLDS
7676,00-0036989,DL,4,0.59685968075041684,4,Starter,4,7,23,B41F_FROZEN_MODEL_CURRENT_2026_COMPLETED_WEEKS,NOT_CALIBRATED_B42_DOES_NOT_INVENT_CONFIDENCE_THRESHOLDS
6972,00-0036262,DL,4,0.59539342280161389,4,Starter,4,7,23,B41F_FROZEN_MODEL_CURRENT_2026_COMPLETED_WEEKS,NOT_CALIBRATED_B42_DOES_NOT_INVENT_CONFIDENCE_THRESHOLDS
10872,00-0039006,DL,4,0.59496537257371285,4,Starter,4,7,23,B41F_FROZEN_MODEL_CURRENT_2026_COMPLETED_WEEKS,NOT_CALIBRATED_B42_DOES_NOT_INVENT_CONFIDENCE_THRESHOLDS
2227,00-0031388,DL,4,0.59369932023109384,4,Starter,2,7,23,B41F_FROZEN_MODEL_CURRENT_2026_COMPLETED_WEEKS,NOT_CALIBRATED_B42_DOES_NOT_INVENT_CONFIDENCE_THRESHOLDS
12679,00-0040175,DL,4,0.59247001155768853,4,Starter,4,7,23,B41F_FROZEN_MODEL_CURRENT_2026_COMPLETED_WEEKS,NOT_CALIBRATED_B42_DOES_NOT_INVENT_CONFIDENCE_THRESHOLDS
10901,00-0039110,DL,4,0.59227904043612789,4,Starter,4,7,23,B41F_FROZEN_MODEL_CURRENT_2026_COMPLETED_WEEKS,NOT_CALIBRATED_B42_DOES_NOT_INVENT_CONFIDENCE_THRESHOLDS
3220,00-0032387,DL,4,0.58651469701061332,4,Starter,4,7,23,B41F_FROZEN_MODEL_CURRENT_2026_COMPLETED_WEEKS,NOT_CALIBRATED_B42_DOES_NOT_INVENT_CONFIDENCE_THRESHOLDS
12618,00-0040642,DL,4,0.58457328626702643,4,Starter,4,7,23,B41F_FROZEN_MODEL_CURRENT_2026_COMPLETED_WEEKS,NOT_CALIBRATED_B42_DOES_NOT_INVENT_CONFIDENCE_THRESHOLDS
1947,00-0031364,DL,4,0.5800484405089622,4,Starter,2,7,23,B41F_FROZEN_MODEL_CURRENT_2026_COMPLETED_WEEKS,NOT_CALIBRATED_B42_DOES_NOT_INVENT_CONFIDENCE_THRESHOLDS
13104,00-0040255,DL,4,0.57748149325258336,4,Starter,4,7,23,B41F_FROZEN_MODEL_CURRENT_2026_COMPLETED_WEEKS,NOT_CALIBRATED_B42_DOES_NOT_INVENT_CONFIDENCE_THRESHOLDS
11819,00-0039421,DL,4,0.57670215260287705,4,Starter,4,7,23,B41F_FROZEN_MODEL_CURRENT_2026_COMPLETED_WEEKS,NOT_CALIBRATED_B42_DOES_NOT_INVENT_CONFIDENCE_THRESHOLDS
7678,00-0036902,DL,4,0.57662173722738508,4,Starter,2,7,23,B41F_FROZEN_MODEL_CURRENT_2026_COMPLETED_WEEKS,NOT_CALIBRATED_B42_DOES_NOT_INVENT_CONFIDENCE_THRESHOLDS
3322,00-0032424,DL,4,0.57270080742775575,4,Starter,4,7,23,B41F_FROZEN_MODEL_CURRENT_2026_COMPLETED_WEEKS,NOT_CALIBRATED_B42_DOES_NOT_INVENT_CONFIDENCE_THRESHOLDS
10883,00-0039142,DL,4,0.56345732352992395,4,Starter,4,7,23,B41F_FROZEN_MODEL_CURRENT_2026_COMPLETED_WEEKS,NOT_CALIBRATED_B42_DOES_NOT_INVENT_CONFIDENCE_THRESHOLDS
8400,00-0037756,DL,4,0.56344056596397485,4,Starter,4,7,23,B41F_FROZEN_MODEL_CURRENT_2026_COMPLETED_WEEKS,NOT_CALIBRATED_B42_DOES_NOT_INVENT_CONFIDENCE_THRESHOLDS
8347,00-0038106,DL,4,0.5631975032060863,4,Starter,4,7,23,B41F_FROZEN_MODEL_CURRENT_2026_COMPLETED_WEEKS,NOT_CALIBRATED_B42_DOES_NOT_INVENT_CONFIDENCE_THRESHOLDS
125,00-0026190,DL,4,0.55616826250918361,4,Starter,4,7,23,B41F_FROZEN_MODEL_CURRENT_2026_COMPLETED_WEEKS,NOT_CALIBRATED_B42_DOES_NOT_INVENT_CONFIDENCE_THRESHOLDS
10879,00-0039063,DL,4,0.55577719934007597,4,Starter,4,7,23,B41F_FROZEN_MODEL_CURRENT_2026_COMPLETED_WEEKS,NOT_CALIBRATED_B42_DOES_NOT_INVENT_CONFIDENCE_THRESHOLDS
7799,00-0036568,DL,4,0.55261800347663159,4,Starter,4,7,23,B41F_FROZEN_MODEL_CURRENT_2026_COMPLETED_WEEKS,NOT_CALIBRATED_B42_DOES_NOT_INVENT_CONFIDENCE_THRESHOLDS
12644,00-0040010,DL,4,0.54387598200242249,4,Starter,4,7,23,B41F_FROZEN_MODEL_CURRENT_2026_COMPLETED_WEEKS,NOT_CALIBRATED_B42_DOES_NOT_INVENT_CONFIDENCE_THRESHOLDS
4092,00-0033546,DL,4,0.54209660115047165,4,Starter,2,7,23,B41F_FROZEN_MODEL_CURRENT_2026_COMPLETED_WEEKS,NOT_CALIBRATED_B42_DOES_NOT_INVENT_CONFIDENCE_THRESHOLDS
8331,00-0037270,DL,4,0.5390970388994456,4,Starter,4,7,23,B41F_FROZEN_MODEL_CURRENT_2026_COMPLETED_WEEKS,NOT_CALIBRATED_B42_DOES_NOT_INVENT_CONFIDENCE_THRESHOLDS
5330,00-0034373,DL,4,0.53844833359901156,4,Starter,3,7,23,B41F_FROZEN_MODEL_CURRENT_2026_COMPLETED_WEEKS,NOT_CALIBRATED_B42_DOES_NOT_INVENT_CONFIDENCE_THRESHOLDS
11193,00-0038463,DL,4,0.53167413132768693,3,Rotational,4,7,23,B41F_FROZEN_MODEL_CURRENT_2026_COMPLETED_WEEKS,NOT_CALIBRATED_B42_DOES_NOT_INVENT_CONFIDENCE_THRESHOLDS
10957,00-0039031,DL,4,0.52867025199811113,3,Rotational,4,7,23,B41F_FROZEN_MODEL_CURRENT_2026_COMPLETED_WEEKS,NOT_CALIBRATED_B42_DOES_NOT_INVENT_CONFIDENCE_THRESHOLDS
5090,00-0034275,DL,4,0.52734727033975837,3,Rotational,4,7,23,B41F_FROZEN_MODEL_CURRENT_2026_COMPLETED_WEEKS,NOT_CALIBRATED_B42_DOES_NOT_INVENT_CONFIDENCE_THRESHOLDS
11338,00-0038653,DL,4,0.52693507723601563,3,Rotational,4,7,23,B41F_FROZEN_MODEL_CURRENT_2026_COMPLETED_WEEKS,NOT_CALIBRATED_B42_DOES_NOT_INVENT_CONFIDENCE_THRESHOLDS
11009,00-0038398,DL,4,0.51731935232709569,3,Rotational,4,7,23,B41F_FROZEN_MODEL_CURRENT_2026_COMPLETED_WEEKS,NOT_CALIBRATED_B42_DOES_NOT_INVENT_CONFIDENCE_THRESHOLDS
4278,00-0033297,DL,4,0.51653575858045198,3,Rotational,4,7,23,B41F_FROZEN_MODEL_CURRENT_2026_COMPLETED_WEEKS,NOT_CALIBRATED_B42_DOES_NOT_INVENT_CONFIDENCE_THRESHOLDS
3256,00-0033109,DL,4,0.51633322001913839,3,Rotational,3,7,23,B41F_FROZEN_MODEL_CURRENT_2026_COMPLETED_WEEKS,NOT_CALIBRATED_B42_DOES_NOT_INVENT_CONFIDENCE_THRESHOLDS
12682,00-0040174,DL,4,0.51632124956221215,3,Rotational,1,7,23,B41F_FROZEN_MODEL_CURRENT_2026_COMPLETED_WEEKS,NOT_CALIBRATED_B42_DOES_NOT_INVENT_CONFIDENCE_THRESHOLDS
13547,00-0041447,DL,4,0.51630776104183806,3,Rotational,4,7,23,B41F_FROZEN_MODEL_CURRENT_2026_COMPLETED_WEEKS,NOT_CALIBRATED_B42_DOES_NOT_INVENT_CONFIDENCE_THRESHOLDS
8368,00-0037665,DL,4,0.51499658793261482,3,Rotational,4,7,23,B41F_FROZEN_MODEL_CURRENT_2026_COMPLETED_WEEKS,NOT_CALIBRATED_B42_DOES_NOT_INVENT_CONFIDENCE_THRESHOLDS
11706,00-0039873,DL,4,0.51134569099283056,3,Rotational,4,7,23,B41F_FROZEN_MODEL_CURRENT_2026_COMPLETED_WEEKS,NOT_CALIBRATED_B42_DOES_NOT_INVENT_CONFIDENCE_THRESHOLDS
8360,00-0038127,DL,4,0.51068181016590675,3,Rotational,4,7,23,B41F_FROZEN_MODEL_CURRENT_2026_COMPLETED_WEEKS,NOT_CALIBRATED_B42_DOES_NOT_INVENT_CONFIDENCE_THRESHOLDS
11698,00-0039889,DL,4,0.50378010863317724,3,Rotational,4,7,23,B41F_FROZEN_MODEL_CURRENT_2026_COMPLETED_WEEKS,NOT_CALIBRATED_B42_DOES_NOT_INVENT_CONFIDENCE_THRESHOLDS
11796,00-0039401,DL,4,0.50311926287349362,3,Rotational,3,7,23,B41F_FROZEN_MODEL_CURRENT_2026_COMPLETED_WEEKS,NOT_CALIBRATED_B42_DOES_NOT_INVENT_CONFIDENCE_THRESHOLDS
6129,00-0035674,DL,4,0.50145190809381879,3,Rotational,4,7,23,B41F_FROZEN_MODEL_CURRENT_2026_COMPLETED_WEEKS,NOT_CALIBRATED_B42_DOES_NOT_INVENT_CONFIDENCE_THRESHOLDS
7693,00-0036982,DL,4,0.5004378286156741,3,Rotational,4,7,23,B41F_FROZEN_MODEL_CURRENT_2026_COMPLETED_WEEKS,NOT_CALIBRATED_B42_DOES_NOT_INVENT_CONFIDENCE_THRESHOLDS
12594,00-0040744,DL,4,0.49497138707673011,3,Rotational,4,7,23,B41F_FROZEN_MODEL_CURRENT_2026_COMPLETED_WEEKS,NOT_CALIBRATED_B42_DOES_NOT_INVENT_CONFIDENCE_THRESHOLDS
12649,00-0040711,DL,4,0.49436944371253733,3,Rotational,2,7,23,B41F_FROZEN_MODEL_CURRENT_2026_COMPLETED_WEEKS,NOT_CALIBRATED_B42_DOES_NOT_INVENT_CONFIDENCE_THRESHOLDS
2033,00-0031270,DL,4,0.4938722810155633,3,Rotational,4,7,23,B41F_FROZEN_MODEL_CURRENT_2026_COMPLETED_WEEKS,NOT_CALIBRATED_B42_DOES_NOT_INVENT_CONFIDENCE_THRESHOLDS
13706,00-0041148,DL,4,0.48891330569514235,3,Rotational,4,7,23,B41F_FROZEN_MODEL_CURRENT_2026_COMPLETED_WEEKS,NOT_CALIBRATED_B42_DOES_NOT_INVENT_CONFIDENCE_THRESHOLDS
8269,00-0037073,DL,4,0.48654305616697574,3,Rotational,4,7,23,B41F_FROZEN_MODEL_CURRENT_2026_COMPLETED_WEEKS,NOT_CALIBRATED_B42_DOES_NOT_INVENT_CONFIDENCE_THRESHOLDS
8270,00-0037075,DL,4,0.48622847936873748,3,Rotational,4,7,23,B41F_FROZEN_MODEL_CURRENT_2026_COMPLETED_WEEKS,NOT_CALIBRATED_B42_DOES_NOT_INVENT_CONFIDENCE_THRESHOLDS
11692,00-0039895,DL,4,0.4842060273122476,3,Rotational,4,7,23,B41F_FROZEN_MODEL_CURRENT_2026_COMPLETED_WEEKS,NOT_CALIBRATED_B42_DOES_NOT_INVENT_CONFIDENCE_THRESHOLDS
4415,00-0033381,DL,4,0.48296281997661394,3,Rotational,4,7,23,B41F_FROZEN_MODEL_CURRENT_2026_COMPLETED_WEEKS,NOT_CALIBRATED_B42_DOES_NOT_INVENT_CONFIDENCE_THRESHOLDS
12683,00-0040173,DL,4,0.48246393009771105,3,Rotational,4,7,23,B41F_FROZEN_MODEL_CURRENT_2026_COMPLETED_WEEKS,NOT_CALIBRATED_B42_DOES_NOT_INVENT_CONFIDENCE_THRESHOLDS
5371,00-0034320,DL,4,0.47795581024932027,3,Rotational,4,7,23,B41F_FROZEN_MODEL_CURRENT_2026_COMPLETED_WEEKS,NOT_CALIBRATED_B42_DOES_NOT_INVENT_CONFIDENCE_THRESHOLDS
10889,00-0038541,DL,4,0.47576662510625822,3,Rotational,3,7,23,B41F_FROZEN_MODEL_CURRENT_2026_COMPLETED_WEEKS,NOT_CALIBRATED_B42_DOES_NOT_INVENT_CONFIDENCE_THRESHOLDS
5226,00-0034234,DL,4,0.47556359717514257,3,Rotational,4,7,23,B41F_FROZEN_MODEL_CURRENT_2026_COMPLETED_WEEKS,NOT_CALIBRATED_B42_DOES_NOT_INVENT_CONFIDENCE_THRESHOLDS
13501,00-0041557,DL,4,0.47088980433434963,3,Rotational,4,7,23,B41F_FROZEN_MODEL_CURRENT_2026_COMPLETED_WEEKS,NOT_CALIBRATED_B42_DOES_NOT_INVENT_CONFIDENCE_THRESHOLDS
11691,00-0039886,DL,4,0.46931258550582883,3,Rotational,4,7,23,B41F_FROZEN_MODEL_CURRENT_2026_COMPLETED_WEEKS,NOT_CALIBRATED_B42_DOES_NOT_INVENT_CONFIDENCE_THRESHOLDS
11658,00-0039854,DL,4,0.46763247115737994,3,Rotational,4,7,23,B41F_FROZEN_MODEL_CURRENT_2026_COMPLETED_WEEKS,NOT_CALIBRATED_B42_DOES_NOT_INVENT_CONFIDENCE_THRESHOLDS
10934,00-0038980,DL,4,0.46758856053227149,3,Rotational,3,7,23,B41F_FROZEN_MODEL_CURRENT_2026_COMPLETED_WEEKS,NOT_CALIBRATED_B42_DOES_NOT_INVENT_CONFIDENCE_THRESHOLDS
12561,00-0040678,DL,4,0.46506405346855872,3,Rotational,4,7,23,B41F_FROZEN_MODEL_CURRENT_2026_COMPLETED_WEEKS,NOT_CALIBRATED_B42_DOES_NOT_INVENT_CONFIDENCE_THRESHOLDS
5366,00-0034397,DL,4,0.46455870699134144,3,Rotational,4,7,23,B41F_FROZEN_MODEL_CURRENT_2026_COMPLETED_WEEKS,NOT_CALIBRATED_B42_DOES_NOT_INVENT_CONFIDENCE_THRESHOLDS
11695,00-0039733,DL,4,0.46142451697858428,3,Rotational,4,7,23,B41F_FROZEN_MODEL_CURRENT_2026_COMPLETED_WEEKS,NOT_CALIBRATED_B42_DOES_NOT_INVENT_CONFIDENCE_THRESHOLDS
4065,00-0033876,DL,4,0.46121752840455976,3,Rotational,4,7,23,B41F_FROZEN_MODEL_CURRENT_2026_COMPLETED_WEEKS,NOT_CALIBRATED_B42_DOES_NOT_INVENT_CONFIDENCE_THRESHOLDS
5075,00-0034807,DL,4,0.45871979479320729,3,Rotational,4,7,23,B41F_FROZEN_MODEL_CURRENT_2026_COMPLETED_WEEKS,NOT_CALIBRATED_B42_DOES_NOT_INVENT_CONFIDENCE_THRESHOLDS
11688,00-0039908,DL,4,0.43870844476818838,3,Rotational,4,7,23,B41F_FROZEN_MODEL_CURRENT_2026_COMPLETED_WEEKS,NOT_CALIBRATED_B42_DOES_NOT_INVENT_CONFIDENCE_THRESHOLDS
2427,00-0031576,DL,4,0.43761093678001611,3,Rotational,4,7,23,B41F_FROZEN_MODEL_CURRENT_2026_COMPLETED_WEEKS,NOT_CALIBRATED_B42_DOES_NOT_INVENT_CONFIDENCE_THRESHOLDS
12623,00-0040640,DL,4,0.43294882670673068,3,Rotational,4,7,23,B41F_FROZEN_MODEL_CURRENT_2026_COMPLETED_WEEKS,NOT_CALIBRATED_B42_DOES_NOT_INVENT_CONFIDENCE_THRESHOLDS
6858,00-0036337,DL,4,0.43263806744949423,3,Rotational,3,7,23,B41F_FROZEN_MODEL_CURRENT_2026_COMPLETED_WEEKS,NOT_CALIBRATED_B42_DOES_NOT_INVENT_CONFIDENCE_THRESHOLDS
3281,00-0033051,DL,4,0.42787126485915372,3,Rotational,2,7,23,B41F_FROZEN_MODEL_CURRENT_2026_COMPLETED_WEEKS,NOT_CALIBRATED_B42_DOES_NOT_INVENT_CONFIDENCE_THRESHOLDS
10941,00-0038940,DL,4,0.42439881807826041,3,Rotational,4,7,23,B41F_FROZEN_MODEL_CURRENT_2026_COMPLETED_WEEKS,NOT_CALIBRATED_B42_DOES_NOT_INVENT_CONFIDENCE_THRESHOLDS
4207,00-0033860,DL,4,0.42364385095388296,3,Rotational,4,7,23,B41F_FROZEN_MODEL_CURRENT_2026_COMPLETED_WEEKS,NOT_CALIBRATED_B42_DOES_NOT_INVENT_CONFIDENCE_THRESHOLDS
2340,00-0032265,DL,4,0.42304057326372979,3,Rotational,3,7,23,B41F_FROZEN_MODEL_CURRENT_2026_COMPLETED_WEEKS,NOT_CALIBRATED_B42_DOES_NOT_INVENT_CONFIDENCE_THRESHOLDS
8380,00-0037262,DL,4,0.41437033026099934,2,Understudy,4,7,23,B41F_FROZEN_MODEL_CURRENT_2026_COMPLETED_WEEKS,NOT_CALIBRATED_B42_DOES_NOT_INVENT_CONFIDENCE_THRESHOLDS
11785,00-0039752,DL,4,0.41026534874884379,2,Understudy,4,7,23,B41F_FROZEN_MODEL_CURRENT_2026_COMPLETED_WEEKS,NOT_CALIBRATED_B42_DOES_NOT_INVENT_CONFIDENCE_THRESHOLDS
8001,00-0036682,DL,4,0.40755206208414874,2,Understudy,4,7,23,B41F_FROZEN_MODEL_CURRENT_2026_COMPLETED_WEEKS,NOT_CALIBRATED_B42_DOES_NOT_INVENT_CONFIDENCE_THRESHOLDS
12581,00-0040694,DL,4,0.40422304222467959,2,Understudy,3,7,23,B41F_FROZEN_MODEL_CURRENT_2026_COMPLETED_WEEKS,NOT_CALIBRATED_B42_DOES_NOT_INVENT_CONFIDENCE_THRESHOLDS
11799,00-0039749,DL,4,0.40285519194949587,2,Understudy,4,7,23,B41F_FROZEN_MODEL_CURRENT_2026_COMPLETED_WEEKS,NOT_CALIBRATED_B42_DOES_NOT_INVENT_CONFIDENCE_THRESHOLDS
12580,00-0040132,DL,4,0.40179262498630253,2,Understudy,4,7,23,B41F_FROZEN_MODEL_CURRENT_2026_COMPLETED_WEEKS,NOT_CALIBRATED_B42_DOES_NOT_INVENT_CONFIDENCE_THRESHOLDS
3241,00-0033093,DL,4,0.4007461861640082,2,Understudy,3,7,23,B41F_FROZEN_MODEL_CURRENT_2026_COMPLETED_WEEKS,NOT_CALIBRATED_B42_DOES_NOT_INVENT_CONFIDENCE_THRESHOLDS
6005,00-0035026,DL,4,0.39941131226588311,2,Understudy,1,7,23,B41F_FROZEN_MODEL_CURRENT_2026_COMPLETED_WEEKS,NOT_CALIBRATED_B42_DOES_NOT_INVENT_CONFIDENCE_THRESHOLDS
5934,00-0035279,DL,4,0.38949669564062989,2,Understudy,4,7,23,B41F_FROZEN_MODEL_CURRENT_2026_COMPLETED_WEEKS,NOT_CALIBRATED_B42_DOES_NOT_INVENT_CONFIDENCE_THRESHOLDS
12665,00-0040188,DL,4,0.38827899352581918,2,Understudy,4,7,23,B41F_FROZEN_MODEL_CURRENT_2026_COMPLETED_WEEKS,NOT_CALIBRATED_B42_DOES_NOT_INVENT_CONFIDENCE_THRESHOLDS
13468,00-0040869,DL,4,0.38442598261062771,2,Understudy,4,7,23,B41F_FROZEN_MODEL_CURRENT_2026_COMPLETED_WEEKS,NOT_CALIBRATED_B42_DOES_NOT_INVENT_CONFIDENCE_THRESHOLDS
10952,00-0038387,DL,4,0.37828088743674254,2,Understudy,4,7,23,B41F_FROZEN_MODEL_CURRENT_2026_COMPLETED_WEEKS,NOT_CALIBRATED_B42_DOES_NOT_INVENT_CONFIDENCE_THRESHOLDS
13527,00-0041072,DL,4,0.37644244892689982,2,Understudy,4,7,23,B41F_FROZEN_MODEL_CURRENT_2026_COMPLETED_WEEKS,NOT_CALIBRATED_B42_DOES_NOT_INVENT_CONFIDENCE_THRESHOLDS
7756,00-0036909,DL,4,0.3747459135380557,2,Understudy,4,7,23,B41F_FROZEN_MODEL_CURRENT_2026_COMPLETED_WEEKS,NOT_CALIBRATED_B42_DOES_NOT_INVENT_CONFIDENCE_THRESHOLDS
12587,00-0040171,DL,4,0.37114018607855115,2,Understudy,4,7,23,B41F_FROZEN_MODEL_CURRENT_2026_COMPLETED_WEEKS,NOT_CALIBRATED_B42_DOES_NOT_INVENT_CONFIDENCE_THRESHOLDS
7722,00-0036903,DL,4,0.37011635514274216,2,Understudy,3,7,23,B41F_FROZEN_MODEL_CURRENT_2026_COMPLETED_WEEKS,NOT_CALIBRATED_B42_DOES_NOT_INVENT_CONFIDENCE_THRESHOLDS
8344,00-0037094,DL,4,0.36551557252961747,2,Understudy,4,7,23,B41F_FROZEN_MODEL_CURRENT_2026_COMPLETED_WEEKS,NOT_CALIBRATED_B42_DOES_NOT_INVENT_CONFIDENCE_THRESHOLDS
11827,00-0039423,DL,4,0.36412947854806954,2,Understudy,3,7,23,B41F_FROZEN_MODEL_CURRENT_2026_COMPLETED_WEEKS,NOT_CALIBRATED_B42_DOES_NOT_INVENT_CONFIDENCE_THRESHOLDS
13504,00-0041549,DL,4,0.36273347807078438,2,Understudy,4,7,23,B41F_FROZEN_MODEL_CURRENT_2026_COMPLETED_WEEKS,NOT_CALIBRATED_B42_DOES_NOT_INVENT_CONFIDENCE_THRESHOLDS
5981,00-0035667,DL,4,0.36187131759537577,2,Understudy,4,7,23,B41F_FROZEN_MODEL_CURRENT_2026_COMPLETED_WEEKS,NOT_CALIBRATED_B42_DOES_NOT_INVENT_CONFIDENCE_THRESHOLDS
6864,00-0036341,DL,4,0.3588444190889078,2,Understudy,4,7,23,B41F_FROZEN_MODEL_CURRENT_2026_COMPLETED_WEEKS,NOT_CALIBRATED_B42_DOES_NOT_INVENT_CONFIDENCE_THRESHOLDS
5861,00-0035636,DL,4,0.35629718749196421,2,Understudy,4,7,23,B41F_FROZEN_MODEL_CURRENT_2026_COMPLETED_WEEKS,NOT_CALIBRATED_B42_DOES_NOT_INVENT_CONFIDENCE_THRESHOLDS
7231,00-0036204,DL,4,0.3554637669379071,2,Understudy,4,7,23,B41F_FROZEN_MODEL_CURRENT_2026_COMPLETED_WEEKS,NOT_CALIBRATED_B42_DOES_NOT_INVENT_CONFIDENCE_THRESHOLDS
5073,00-0034810,DL,4,0.35455811021454697,2,Understudy,4,7,23,B41F_FROZEN_MODEL_CURRENT_2026_COMPLETED_WEEKS,NOT_CALIBRATED_B42_DOES_NOT_INVENT_CONFIDENCE_THRESHOLDS
4371,00-0033347,DL,4,0.3542333331710491,2,Understudy,1,7,23,B41F_FROZEN_MODEL_CURRENT_2026_COMPLETED_WEEKS,NOT_CALIBRATED_B42_DOES_NOT_INVENT_CONFIDENCE_THRESHOLDS
5020,00-0034800,DL,4,0.3542333331710491,2,Understudy,1,7,23,B41F_FROZEN_MODEL_CURRENT_2026_COMPLETED_WEEKS,NOT_CALIBRATED_B42_DOES_NOT_INVENT_CONFIDENCE_THRESHOLDS
7818,00-0036642,DL,4,0.34793713849243657,2,Understudy,4,7,23,B41F_FROZEN_MODEL_CURRENT_2026_COMPLETED_WEEKS,NOT_CALIBRATED_B42_DOES_NOT_INVENT_CONFIDENCE_THRESHOLDS
6841,00-0036266,DL,4,0.34417252209619958,2,Understudy,4,7,23,B41F_FROZEN_MODEL_CURRENT_2026_COMPLETED_WEEKS,NOT_CALIBRATED_B42_DOES_NOT_INVENT_CONFIDENCE_THRESHOLDS
4965,00-0034344,DL,4,0.34168488860163382,2,Understudy,1,7,23,B41F_FROZEN_MODEL_CURRENT_2026_COMPLETED_WEEKS,NOT_CALIBRATED_B42_DOES_NOT_INVENT_CONFIDENCE_THRESHOLDS
6627,00-0035409,DL,4,0.33805351974707815,2,Understudy,4,7,23,B41F_FROZEN_MODEL_CURRENT_2026_COMPLETED_WEEKS,NOT_CALIBRATED_B42_DOES_NOT_INVENT_CONFIDENCE_THRESHOLDS
7122,00-0036081,DL,4,0.33636925763915443,2,Understudy,4,7,23,B41F_FROZEN_MODEL_CURRENT_2026_COMPLETED_WEEKS,NOT_CALIBRATED_B42_DOES_NOT_INVENT_CONFIDENCE_THRESHOLDS
6825,00-0036366,DL,4,0.33303469960361531,2,Understudy,4,7,23,B41F_FROZEN_MODEL_CURRENT_2026_COMPLETED_WEEKS,NOT_CALIBRATED_B42_DOES_NOT_INVENT_CONFIDENCE_THRESHOLDS
13445,00-0041033,DL,4,0.32951457493820546,2,Understudy,4,7,23,B41F_FROZEN_MODEL_CURRENT_2026_COMPLETED_WEEKS,NOT_CALIBRATED_B42_DOES_NOT_INVENT_CONFIDENCE_THRESHOLDS
12560,00-0040756,DL,4,0.32646115461707426,1,Depth,2,7,23,B41F_FROZEN_MODEL_CURRENT_2026_COMPLETED_WEEKS,NOT_CALIBRATED_B42_DOES_NOT_INVENT_CONFIDENCE_THRESHOLDS
5615,00-0034657,DL,4,0.32174071530687687,1,Depth,4,7,23,B41F_FROZEN_MODEL_CURRENT_2026_COMPLETED_WEEKS,NOT_CALIBRATED_B42_DOES_NOT_INVENT_CONFIDENCE_THRESHOLDS
2993,00-0031957,DL,4,0.32136564220013997,1,Depth,3,7,23,B41F_FROZEN_MODEL_CURRENT_2026_COMPLETED_WEEKS,NOT_CALIBRATED_B42_DOES_NOT_INVENT_CONFIDENCE_THRESHOLDS
13480,00-0040880,DL,4,0.31090307485096724,1,Depth,4,7,23,B41F_FROZEN_MODEL_CURRENT_2026_COMPLETED_WEEKS,NOT_CALIBRATED_B42_DOES_NOT_INVENT_CONFIDENCE_THRESHOLDS
13464,00-0041046,DL,4,0.30922079179751916,1,Depth,4,7,23,B41F_FROZEN_MODEL_CURRENT_2026_COMPLETED_WEEKS,NOT_CALIBRATED_B42_DOES_NOT_INVENT_CONFIDENCE_THRESHOLDS
12671,00-0040183,DL,4,0.30628464376444603,1,Depth,4,7,23,B41F_FROZEN_MODEL_CURRENT_2026_COMPLETED_WEEKS,NOT_CALIBRATED_B42_DOES_NOT_INVENT_CONFIDENCE_THRESHOLDS
12680,00-0040647,DL,4,0.29970781572458116,1,Depth,4,7,23,B41F_FROZEN_MODEL_CURRENT_2026_COMPLETED_WEEKS,NOT_CALIBRATED_B42_DOES_NOT_INVENT_CONFIDENCE_THRESHOLDS
11795,00-0039402,DL,4,0.29728294885423023,1,Depth,3,7,23,B41F_FROZEN_MODEL_CURRENT_2026_COMPLETED_WEEKS,NOT_CALIBRATED_B42_DOES_NOT_INVENT_CONFIDENCE_THRESHOLDS
13650,00-0041218,DL,4,0.29542386749454685,1,Depth,3,7,23,B41F_FROZEN_MODEL_CURRENT_2026_COMPLETED_WEEKS,NOT_CALIBRATED_B42_DOES_NOT_INVENT_CONFIDENCE_THRESHOLDS
10966,00-0038603,DL,4,0.29036039278576942,1,Depth,2,7,23,B41F_FROZEN_MODEL_CURRENT_2026_COMPLETED_WEEKS,NOT_CALIBRATED_B42_DOES_NOT_INVENT_CONFIDENCE_THRESHOLDS
1932,00-0031054,DL,4,0.28923432166360286,1,Depth,3,7,23,B41F_FROZEN_MODEL_CURRENT_2026_COMPLETED_WEEKS,NOT_CALIBRATED_B42_DOES_NOT_INVENT_CONFIDENCE_THRESHOLDS
13458,00-0041441,DL,4,0.28490639899467579,1,Depth,4,7,23,B41F_FROZEN_MODEL_CURRENT_2026_COMPLETED_WEEKS,NOT_CALIBRATED_B42_DOES_NOT_INVENT_CONFIDENCE_THRESHOLDS
12927,00-0040041,DL,4,0.28466822024419375,1,Depth,4,7,23,B41F_FROZEN_MODEL_CURRENT_2026_COMPLETED_WEEKS,NOT_CALIBRATED_B42_DOES_NOT_INVENT_CONFIDENCE_THRESHOLDS
4058,00-0033870,DL,4,0.27446068936982759,1,Depth,4,7,23,B41F_FROZEN_MODEL_CURRENT_2026_COMPLETED_WEEKS,NOT_CALIBRATED_B42_DOES_NOT_INVENT_CONFIDENCE_THRESHOLDS
3207,00-0033066,DL,4,0.27379998074203427,1,Depth,1,7,23,B41F_FROZEN_MODEL_CURRENT_2026_COMPLETED_WEEKS,NOT_CALIBRATED_B42_DOES_NOT_INVENT_CONFIDENCE_THRESHOLDS
12696,00-0040076,DL,4,0.2713962562654369,1,Depth,2,7,23,B41F_FROZEN_MODEL_CURRENT_2026_COMPLETED_WEEKS,NOT_CALIBRATED_B42_DOES_NOT_INVENT_CONFIDENCE_THRESHOLDS
12583,00-0040752,DL,4,0.27043383452584535,1,Depth,4,7,23,B41F_FROZEN_MODEL_CURRENT_2026_COMPLETED_WEEKS,NOT_CALIBRATED_B42_DOES_NOT_INVENT_CONFIDENCE_THRESHOLDS
13860,00-0041305,DL,4,0.25618871662533521,1,Depth,4,7,23,B41F_FROZEN_MODEL_CURRENT_2026_COMPLETED_WEEKS,NOT_CALIBRATED_B42_DOES_NOT_INVENT_CONFIDENCE_THRESHOLDS
1553,00-0030070,DL,4,0.25273735269489672,1,Depth,4,7,23,B41F_FROZEN_MODEL_CURRENT_2026_COMPLETED_WEEKS,NOT_CALIBRATED_B42_DOES_NOT_INVENT_CONFIDENCE_THRESHOLDS
5842,00-0035692,DL,4,0.24998263564225509,1,Depth,3,7,23,B41F_FROZEN_MODEL_CURRENT_2026_COMPLETED_WEEKS,NOT_CALIBRATED_B42_DOES_NOT_INVENT_CONFIDENCE_THRESHOLDS
10925,00-0038978,DL,4,0.24844318665977569,1,Depth,4,7,23,B41F_FROZEN_MODEL_CURRENT_2026_COMPLETED_WEEKS,NOT_CALIBRATED_B42_DOES_NOT_INVENT_CONFIDENCE_THRESHOLDS
7853,00-0036695,DL,4,0.24818326487500597,1,Depth,2,7,23,B41F_FROZEN_MODEL_CURRENT_2026_COMPLETED_WEEKS,NOT_CALIBRATED_B42_DOES_NOT_INVENT_CONFIDENCE_THRESHOLDS
12031,00-0039289,DL,4,0.24512673275035785,1,Depth,2,7,23,B41F_FROZEN_MODEL_CURRENT_2026_COMPLETED_WEEKS,NOT_CALIBRATED_B42_DOES_NOT_INVENT_CONFIDENCE_THRESHOLDS
8316,00-0038107,DL,4,0.2439616121841377,1,Depth,2,7,23,B41F_FROZEN_MODEL_CURRENT_2026_COMPLETED_WEEKS,NOT_CALIBRATED_B42_DOES_NOT_INVENT_CONFIDENCE_THRESHOLDS
12030,00-0039284,DL,4,0.24302237525090317,1,Depth,4,7,23,B41F_FROZEN_MODEL_CURRENT_2026_COMPLETED_WEEKS,NOT_CALIBRATED_B42_DOES_NOT_INVENT_CONFIDENCE_THRESHOLDS
8914,00-0037711,DL,4,0.2422575087833812,1,Depth,1,7,23,B41F_FROZEN_MODEL_CURRENT_2026_COMPLETED_WEEKS,NOT_CALIBRATED_B42_DOES_NOT_INVENT_CONFIDENCE_THRESHOLDS
8370,00-0037294,DL,4,0.24117582899874146,1,Depth,2,7,23,B41F_FROZEN_MODEL_CURRENT_2026_COMPLETED_WEEKS,NOT_CALIBRATED_B42_DOES_NOT_INVENT_CONFIDENCE_THRESHOLDS
6887,00-0036237,DL,4,0.23533504518636117,1,Depth,1,7,23,B41F_FROZEN_MODEL_CURRENT_2026_COMPLETED_WEEKS,NOT_CALIBRATED_B42_DOES_NOT_INVENT_CONFIDENCE_THRESHOLDS
8306,00-0037283,DL,4,0.23030147918597729,0,Speculative,1,7,23,B41F_FROZEN_MODEL_CURRENT_2026_COMPLETED_WEEKS,NOT_CALIBRATED_B42_DOES_NOT_INVENT_CONFIDENCE_THRESHOLDS
12689,00-0040199,DL,4,0.22971383416464813,0,Speculative,1,7,23,B41F_FROZEN_MODEL_CURRENT_2026_COMPLETED_WEEKS,NOT_CALIBRATED_B42_DOES_NOT_INVENT_CONFIDENCE_THRESHOLDS
12676,00-0040585,DL,4,0.22243944507240906,0,Speculative,4,7,23,B41F_FROZEN_MODEL_CURRENT_2026_COMPLETED_WEEKS,NOT_CALIBRATED_B42_DOES_NOT_INVENT_CONFIDENCE_THRESHOLDS
12691,00-0040207,DL,4,0.22008404051863725,0,Speculative,4,7,23,B41F_FROZEN_MODEL_CURRENT_2026_COMPLETED_WEEKS,NOT_CALIBRATED_B42_DOES_NOT_INVENT_CONFIDENCE_THRESHOLDS
8391,00-0037082,DL,4,0.21877175614865729,0,Speculative,4,7,23,B41F_FROZEN_MODEL_CURRENT_2026_COMPLETED_WEEKS,NOT_CALIBRATED_B42_DOES_NOT_INVENT_CONFIDENCE_THRESHOLDS
7770,00-0036922,DL,4,0.21777010355178819,0,Speculative,4,7,23,B41F_FROZEN_MODEL_CURRENT_2026_COMPLETED_WEEKS,NOT_CALIBRATED_B42_DOES_NOT_INVENT_CONFIDENCE_THRESHOLDS
8736,00-0037051,DL,4,0.21635255334804787,0,Speculative,1,7,23,B41F_FROZEN_MODEL_CURRENT_2026_COMPLETED_WEEKS,NOT_CALIBRATED_B42_DOES_NOT_INVENT_CONFIDENCE_THRESHOLDS
7661,00-0036954,DL,4,0.2151097320612782,0,Speculative,3,7,23,B41F_FROZEN_MODEL_CURRENT_2026_COMPLETED_WEEKS,NOT_CALIBRATED_B42_DOES_NOT_INVENT_CONFIDENCE_THRESHOLDS
12628,00-0040153,DL,4,0.20596179579037355,0,Speculative,3,7,23,B41F_FROZEN_MODEL_CURRENT_2026_COMPLETED_WEEKS,NOT_CALIBRATED_B42_DOES_NOT_INVENT_CONFIDENCE_THRESHOLDS
11319,00-0038514,DL,4,0.19708290110590418,0,Speculative,4,7,23,B41F_FROZEN_MODEL_CURRENT_2026_COMPLETED_WEEKS,NOT_CALIBRATED_B42_DOES_NOT_INVENT_CONFIDENCE_THRESHOLDS
10942,00-0038575,DL,4,0.19343943920665971,0,Speculative,1,7,23,B41F_FROZEN_MODEL_CURRENT_2026_COMPLETED_WEEKS,NOT_CALIBRATED_B42_DOES_NOT_INVENT_CONFIDENCE_THRESHOLDS
7880,00-0036788,DL,4,0.19191935408049213,0,Speculative,2,7,23,B41F_FROZEN_MODEL_CURRENT_2026_COMPLETED_WEEKS,NOT_CALIBRATED_B42_DOES_NOT_INVENT_CONFIDENCE_THRESHOLDS
13476,00-0041045,DL,4,0.19019509821364503,0,Speculative,3,7,23,B41F_FROZEN_MODEL_CURRENT_2026_COMPLETED_WEEKS,NOT_CALIBRATED_B42_DOES_NOT_INVENT_CONFIDENCE_THRESHOLDS
10982,00-0038591,DL,4,0.18960410203757269,0,Speculative,2,7,23,B41F_FROZEN_MODEL_CURRENT_2026_COMPLETED_WEEKS,NOT_CALIBRATED_B42_DOES_NOT_INVENT_CONFIDENCE_THRESHOLDS
14035,00-0041459,DL,4,0.18269286850852531,0,Speculative,4,7,23,B41F_FROZEN_MODEL_CURRENT_2026_COMPLETED_WEEKS,NOT_CALIBRATED_B42_DOES_NOT_INVENT_CONFIDENCE_THRESHOLDS
10877,00-0038545,DL,4,0.18188824749000135,0,Speculative,1,7,23,B41F_FROZEN_MODEL_CURRENT_2026_COMPLETED_WEEKS,NOT_CALIBRATED_B42_DOES_NOT_INVENT_CONFIDENCE_THRESHOLDS
12651,00-0040662,DL,4,0.18137531895146808,0,Speculative,4,7,23,B41F_FROZEN_MODEL_CURRENT_2026_COMPLETED_WEEKS,NOT_CALIBRATED_B42_DOES_NOT_INVENT_CONFIDENCE_THRESHOLDS
5351,00-0034371,DL,4,0.17578594242640988,0,Speculative,1,7,23,B41F_FROZEN_MODEL_CURRENT_2026_COMPLETED_WEEKS,NOT_CALIBRATED_B42_DOES_NOT_INVENT_CONFIDENCE_THRESHOLDS
8850,00-0037356,DL,4,0.17578594242640988,0,Speculative,1,7,23,B41F_FROZEN_MODEL_CURRENT_2026_COMPLETED_WEEKS,NOT_CALIBRATED_B42_DOES_NOT_INVENT_CONFIDENCE_THRESHOLDS
11828,00-0039433,DL,4,0.17364723791715692,0,Speculative,2,7,23,B41F_FROZEN_MODEL_CURRENT_2026_COMPLETED_WEEKS,NOT_CALIBRATED_B42_DOES_NOT_INVENT_CONFIDENCE_THRESHOLDS
8520,00-0037843,DL,4,0.16058798282814288,0,Speculative,4,7,23,B41F_FROZEN_MODEL_CURRENT_2026_COMPLETED_WEEKS,NOT_CALIBRATED_B42_DOES_NOT_INVENT_CONFIDENCE_THRESHOLDS
13566,00-0041531,DL,4,0.15918664361323026,0,Speculative,1,7,23,B41F_FROZEN_MODEL_CURRENT_2026_COMPLETED_WEEKS,NOT_CALIBRATED_B42_DOES_NOT_INVENT_CONFIDENCE_THRESHOLDS
11396,00-0038694,DL,4,0.15704916548681508,0,Speculative,2,7,23,B41F_FROZEN_MODEL_CURRENT_2026_COMPLETED_WEEKS,NOT_CALIBRATED_B42_DOES_NOT_INVENT_CONFIDENCE_THRESHOLDS
12910,00-0040329,DL,4,0.15224152227167281,0,Speculative,1,7,23,B41F_FROZEN_MODEL_CURRENT_2026_COMPLETED_WEEKS,NOT_CALIBRATED_B42_DOES_NOT_INVENT_CONFIDENCE_THRESHOLDS
11533,00-0037692,K,4,0.59135906613938705,6,Elite,4,4,14,B41F_FROZEN_MODEL_CURRENT_2026_COMPLETED_WEEKS,NOT_CALIBRATED_B42_DOES_NOT_INVENT_CONFIDENCE_THRESHOLDS
11539,00-0039172,K,4,0.5737140821757678,6,Elite,4,4,14,B41F_FROZEN_MODEL_CURRENT_2026_COMPLETED_WEEKS,NOT_CALIBRATED_B42_DOES_NOT_INVENT_CONFIDENCE_THRESHOLDS
12711,00-0040074,K,4,0.56715759915083452,6,Elite,4,4,14,B41F_FROZEN_MODEL_CURRENT_2026_COMPLETED_WEEKS,NOT_CALIBRATED_B42_DOES_NOT_INVENT_CONFIDENCE_THRESHOLDS
12185,00-0039576,K,4,0.56137548644287127,6,Elite,4,4,14,B41F_FROZEN_MODEL_CURRENT_2026_COMPLETED_WEEKS,NOT_CALIBRATED_B42_DOES_NOT_INVENT_CONFIDENCE_THRESHOLDS
12961,00-0040279,K,4,0.55307633122087729,6,Elite,4,4,14,B41F_FROZEN_MODEL_CURRENT_2026_COMPLETED_WEEKS,NOT_CALIBRATED_B42_DOES_NOT_INVENT_CONFIDENCE_THRESHOLDS
11786,00-0039409,K,4,0.5482211838205856,5,Every-Down,4,4,14,B41F_FROZEN_MODEL_CURRENT_2026_COMPLETED_WEEKS,NOT_CALIBRATED_B42_DOES_NOT_INVENT_CONFIDENCE_THRESHOLDS
4227,00-0033303,K,4,0.54551835255332881,5,Every-Down,4,4,14,B41F_FROZEN_MODEL_CURRENT_2026_COMPLETED_WEEKS,NOT_CALIBRATED_B42_DOES_NOT_INVENT_CONFIDENCE_THRESHOLDS
6083,00-0035269,K,4,0.54506632299310698,5,Every-Down,4,4,14,B41F_FROZEN_MODEL_CURRENT_2026_COMPLETED_WEEKS,NOT_CALIBRATED_B42_DOES_NOT_INVENT_CONFIDENCE_THRESHOLDS
7839,00-0036854,K,4,0.54312403931865771,5,Every-Down,4,4,14,B41F_FROZEN_MODEL_CURRENT_2026_COMPLETED_WEEKS,NOT_CALIBRATED_B42_DOES_NOT_INVENT_CONFIDENCE_THRESHOLDS
7042,00-0036162,K,4,0.53866927114133334,4,Starter,4,4,14,B41F_FROZEN_MODEL_CURRENT_2026_COMPLETED_WEEKS,NOT_CALIBRATED_B42_DOES_NOT_INVENT_CONFIDENCE_THRESHOLDS
5189,00-0034173,K,4,0.53587655128738021,4,Starter,4,4,14,B41F_FROZEN_MODEL_CURRENT_2026_COMPLETED_WEEKS,NOT_CALIBRATED_B42_DOES_NOT_INVENT_CONFIDENCE_THRESHOLDS
650,00-0025565,K,4,0.5254927303500494,4,Starter,4,4,14,B41F_FROZEN_MODEL_CURRENT_2026_COMPLETED_WEEKS,NOT_CALIBRATED_B42_DOES_NOT_INVENT_CONFIDENCE_THRESHOLDS
10955,00-0038567,K,4,0.51724597628007762,4,Starter,4,4,14,B41F_FROZEN_MODEL_CURRENT_2026_COMPLETED_WEEKS,NOT_CALIBRATED_B42_DOES_NOT_INVENT_CONFIDENCE_THRESHOLDS
2747,00-0031492,K,4,0.51467950595445855,4,Starter,4,4,14,B41F_FROZEN_MODEL_CURRENT_2026_COMPLETED_WEEKS,NOT_CALIBRATED_B42_DOES_NOT_INVENT_CONFIDENCE_THRESHOLDS
2020,00-0031203,K,4,0.51091888225690152,4,Starter,4,4,14,B41F_FROZEN_MODEL_CURRENT_2026_COMPLETED_WEEKS,NOT_CALIBRATED_B42_DOES_NOT_INVENT_CONFIDENCE_THRESHOLDS
11792,00-0039404,K,4,0.51036768213242201,4,Starter,4,4,14,B41F_FROZEN_MODEL_CURRENT_2026_COMPLETED_WEEKS,NOT_CALIBRATED_B42_DOES_NOT_INVENT_CONFIDENCE_THRESHOLDS
11261,00-0038428,K,4,0.49800198834861364,4,Starter,4,4,14,B41F_FROZEN_MODEL_CURRENT_2026_COMPLETED_WEEKS,NOT_CALIBRATED_B42_DOES_NOT_INVENT_CONFIDENCE_THRESHOLDS
12015,00-0039498,K,4,0.49719743732708122,4,Starter,4,4,14,B41F_FROZEN_MODEL_CURRENT_2026_COMPLETED_WEEKS,NOT_CALIBRATED_B42_DOES_NOT_INVENT_CONFIDENCE_THRESHOLDS
3451,00-0032726,K,4,0.49273444000879046,3,Rotational,4,4,14,B41F_FROZEN_MODEL_CURRENT_2026_COMPLETED_WEEKS,NOT_CALIBRATED_B42_DOES_NOT_INVENT_CONFIDENCE_THRESHOLDS
6650,00-0035358,K,4,0.48599545989465265,3,Rotational,4,4,14,B41F_FROZEN_MODEL_CURRENT_2026_COMPLETED_WEEKS,NOT_CALIBRATED_B42_DOES_NOT_INVENT_CONFIDENCE_THRESHOLDS
5095,00-0034161,K,4,0.4858907266080254,3,Rotational,4,4,14,B41F_FROZEN_MODEL_CURRENT_2026_COMPLETED_WEEKS,NOT_CALIBRATED_B42_DOES_NOT_INVENT_CONFIDENCE_THRESHOLDS
8259,00-0037224,K,4,0.44945778128546288,2,Understudy,4,4,14,B41F_FROZEN_MODEL_CURRENT_2026_COMPLETED_WEEKS,NOT_CALIBRATED_B42_DOES_NOT_INVENT_CONFIDENCE_THRESHOLDS
1945,00-0031136,K,4,0.44493549067094262,1,Depth,4,4,14,B41F_FROZEN_MODEL_CURRENT_2026_COMPLETED_WEEKS,NOT_CALIBRATED_B42_DOES_NOT_INVENT_CONFIDENCE_THRESHOLDS
4195,00-0033787,K,4,0.44488838412741288,1,Depth,4,4,14,B41F_FROZEN_MODEL_CURRENT_2026_COMPLETED_WEEKS,NOT_CALIBRATED_B42_DOES_NOT_INVENT_CONFIDENCE_THRESHOLDS
5119,00-0034794,K,4,0.43257426003789051,1,Depth,4,4,14,B41F_FROZEN_MODEL_CURRENT_2026_COMPLETED_WEEKS,NOT_CALIBRATED_B42_DOES_NOT_INVENT_CONFIDENCE_THRESHOLDS
12713,00-0040200,K,4,0.41048175391787345,0,Speculative,4,4,14,B41F_FROZEN_MODEL_CURRENT_2026_COMPLETED_WEEKS,NOT_CALIBRATED_B42_DOES_NOT_INVENT_CONFIDENCE_THRESHOLDS
3678,00-0032569,K,4,0.40860493365971967,0,Speculative,4,4,14,B41F_FROZEN_MODEL_CURRENT_2026_COMPLETED_WEEKS,NOT_CALIBRATED_B42_DOES_NOT_INVENT_CONFIDENCE_THRESHOLDS
7922,00-0036816,K,4,0.38557117626128373,0,Speculative,4,4,14,B41F_FROZEN_MODEL_CURRENT_2026_COMPLETED_WEEKS,NOT_CALIBRATED_B42_DOES_NOT_INVENT_CONFIDENCE_THRESHOLDS
6528,00-0035192,K,4,0.38180310463421036,0,Speculative,4,4,14,B41F_FROZEN_MODEL_CURRENT_2026_COMPLETED_WEEKS,NOT_CALIBRATED_B42_DOES_NOT_INVENT_CONFIDENCE_THRESHOLDS
1052,00-0029607,LB,4,0.89412714273216543,6,Elite,4,7,23,B41F_FROZEN_MODEL_CURRENT_2026_COMPLETED_WEEKS,NOT_CALIBRATED_B42_DOES_NOT_INVENT_CONFIDENCE_THRESHOLDS
13377,00-0041509,LB,4,0.89007675966549427,6,Elite,4,7,23,B41F_FROZEN_MODEL_CURRENT_2026_COMPLETED_WEEKS,NOT_CALIBRATED_B42_DOES_NOT_INVENT_CONFIDENCE_THRESHOLDS
4968,00-0034673,LB,4,0.88984726120435143,6,Elite,4,7,23,B41F_FROZEN_MODEL_CURRENT_2026_COMPLETED_WEEKS,NOT_CALIBRATED_B42_DOES_NOT_INVENT_CONFIDENCE_THRESHOLDS
2617,00-0031898,LB,4,0.88736045470806157,6,Elite,4,7,23,B41F_FROZEN_MODEL_CURRENT_2026_COMPLETED_WEEKS,NOT_CALIBRATED_B42_DOES_NOT_INVENT_CONFIDENCE_THRESHOLDS
13453,00-0041522,LB,4,0.88626716515121551,6,Elite,4,7,23,B41F_FROZEN_MODEL_CURRENT_2026_COMPLETED_WEEKS,NOT_CALIBRATED_B42_DOES_NOT_INVENT_CONFIDENCE_THRESHOLDS
7672,00-0036994,LB,4,0.88604621300066333,6,Elite,4,7,23,B41F_FROZEN_MODEL_CURRENT_2026_COMPLETED_WEEKS,NOT_CALIBRATED_B42_DOES_NOT_INVENT_CONFIDENCE_THRESHOLDS
7648,00-0036621,LB,4,0.88442047387114531,6,Elite,4,7,23,B41F_FROZEN_MODEL_CURRENT_2026_COMPLETED_WEEKS,NOT_CALIBRATED_B42_DOES_NOT_INVENT_CONFIDENCE_THRESHOLDS
6302,00-0035316,LB,4,0.88178815558374635,6,Elite,3,7,23,B41F_FROZEN_MODEL_CURRENT_2026_COMPLETED_WEEKS,NOT_CALIBRATED_B42_DOES_NOT_INVENT_CONFIDENCE_THRESHOLDS
12646,00-0040157,LB,4,0.8790074011752893,6,Elite,4,7,23,B41F_FROZEN_MODEL_CURRENT_2026_COMPLETED_WEEKS,NOT_CALIBRATED_B42_DOES_NOT_INVENT_CONFIDENCE_THRESHOLDS
8267,00-0037615,LB,4,0.87439787242025258,6,Elite,4,7,23,B41F_FROZEN_MODEL_CURRENT_2026_COMPLETED_WEEKS,NOT_CALIBRATED_B42_DOES_NOT_INVENT_CONFIDENCE_THRESHOLDS
10880,00-0039018,LB,4,0.87270612381781287,6,Elite,4,7,23,B41F_FROZEN_MODEL_CURRENT_2026_COMPLETED_WEEKS,NOT_CALIBRATED_B42_DOES_NOT_INVENT_CONFIDENCE_THRESHOLDS
8266,00-0037074,LB,4,0.86635453632118709,6,Elite,4,7,23,B41F_FROZEN_MODEL_CURRENT_2026_COMPLETED_WEEKS,NOT_CALIBRATED_B42_DOES_NOT_INVENT_CONFIDENCE_THRESHOLDS
4960,00-0034874,LB,4,0.86495183839077838,6,Elite,4,7,23,B41F_FROZEN_MODEL_CURRENT_2026_COMPLETED_WEEKS,NOT_CALIBRATED_B42_DOES_NOT_INVENT_CONFIDENCE_THRESHOLDS
8329,00-0037244,LB,4,0.86346993008014661,6,Elite,3,7,23,B41F_FROZEN_MODEL_CURRENT_2026_COMPLETED_WEEKS,NOT_CALIBRATED_B42_DOES_NOT_INVENT_CONFIDENCE_THRESHOLDS
13365,00-0041479,LB,4,0.86225952441887721,6,Elite,4,7,23,B41F_FROZEN_MODEL_CURRENT_2026_COMPLETED_WEEKS,NOT_CALIBRATED_B42_DOES_NOT_INVENT_CONFIDENCE_THRESHOLDS
12578,00-0040579,LB,4,0.85276953081861184,6,Elite,4,7,23,B41F_FROZEN_MODEL_CURRENT_2026_COMPLETED_WEEKS,NOT_CALIBRATED_B42_DOES_NOT_INVENT_CONFIDENCE_THRESHOLDS
6217,00-0035276,LB,4,0.84998804629647606,6,Elite,4,7,23,B41F_FROZEN_MODEL_CURRENT_2026_COMPLETED_WEEKS,NOT_CALIBRATED_B42_DOES_NOT_INVENT_CONFIDENCE_THRESHOLDS
6815,00-0036418,LB,4,0.84986578785814093,6,Elite,3,7,23,B41F_FROZEN_MODEL_CURRENT_2026_COMPLETED_WEEKS,NOT_CALIBRATED_B42_DOES_NOT_INVENT_CONFIDENCE_THRESHOLDS
6807,00-0036323,LB,4,0.84466723086404583,6,Elite,4,7,23,B41F_FROZEN_MODEL_CURRENT_2026_COMPLETED_WEEKS,NOT_CALIBRATED_B42_DOES_NOT_INVENT_CONFIDENCE_THRESHOLDS
5041,00-0034815,LB,4,0.84041342161237242,6,Elite,4,7,23,B41F_FROZEN_MODEL_CURRENT_2026_COMPLETED_WEEKS,NOT_CALIBRATED_B42_DOES_NOT_INVENT_CONFIDENCE_THRESHOLDS
6949,00-0036409,LB,4,0.83922675151949111,6,Elite,4,7,23,B41F_FROZEN_MODEL_CURRENT_2026_COMPLETED_WEEKS,NOT_CALIBRATED_B42_DOES_NOT_INVENT_CONFIDENCE_THRESHOLDS
7921,00-0036813,LB,4,0.83497524240086796,6,Elite,4,7,23,B41F_FROZEN_MODEL_CURRENT_2026_COMPLETED_WEEKS,NOT_CALIBRATED_B42_DOES_NOT_INVENT_CONFIDENCE_THRESHOLDS
5346,00-0034431,LB,4,0.83488531945528488,6,Elite,4,7,23,B41F_FROZEN_MODEL_CURRENT_2026_COMPLETED_WEEKS,NOT_CALIBRATED_B42_DOES_NOT_INVENT_CONFIDENCE_THRESHOLDS
5332,00-0034413,LB,4,0.83478998156984585,6,Elite,4,7,23,B41F_FROZEN_MODEL_CURRENT_2026_COMPLETED_WEEKS,NOT_CALIBRATED_B42_DOES_NOT_INVENT_CONFIDENCE_THRESHOLDS
6860,00-0036298,LB,4,0.83255604178773501,6,Elite,4,7,23,B41F_FROZEN_MODEL_CURRENT_2026_COMPLETED_WEEKS,NOT_CALIBRATED_B42_DOES_NOT_INVENT_CONFIDENCE_THRESHOLDS
5726,00-0034720,LB,4,0.82913591354119898,6,Elite,4,7,23,B41F_FROZEN_MODEL_CURRENT_2026_COMPLETED_WEEKS,NOT_CALIBRATED_B42_DOES_NOT_INVENT_CONFIDENCE_THRESHOLDS
12566,00-0040708,LB,4,0.82784943939614708,6,Elite,4,7,23,B41F_FROZEN_MODEL_CURRENT_2026_COMPLETED_WEEKS,NOT_CALIBRATED_B42_DOES_NOT_INVENT_CONFIDENCE_THRESHOLDS
6131,00-0035144,LB,4,0.82694403143341677,6,Elite,4,7,23,B41F_FROZEN_MODEL_CURRENT_2026_COMPLETED_WEEKS,NOT_CALIBRATED_B42_DOES_NOT_INVENT_CONFIDENCE_THRESHOLDS
7841,00-0036500,LB,4,0.82252225980992866,6,Elite,4,7,23,B41F_FROZEN_MODEL_CURRENT_2026_COMPLETED_WEEKS,NOT_CALIBRATED_B42_DOES_NOT_INVENT_CONFIDENCE_THRESHOLDS
5960,00-0035386,LB,4,0.81568792822745739,6,Elite,4,7,23,B41F_FROZEN_MODEL_CURRENT_2026_COMPLETED_WEEKS,NOT_CALIBRATED_B42_DOES_NOT_INVENT_CONFIDENCE_THRESHOLDS
13379,00-0041502,LB,4,0.81363345595749192,6,Elite,3,7,23,B41F_FROZEN_MODEL_CURRENT_2026_COMPLETED_WEEKS,NOT_CALIBRATED_B42_DOES_NOT_INVENT_CONFIDENCE_THRESHOLDS
4118,00-0033914,LB,4,0.81273354423234845,6,Elite,4,7,23,B41F_FROZEN_MODEL_CURRENT_2026_COMPLETED_WEEKS,NOT_CALIBRATED_B42_DOES_NOT_INVENT_CONFIDENCE_THRESHOLDS
8311,00-0037254,LB,4,0.80881650731104626,5,Every-Down,4,7,23,B41F_FROZEN_MODEL_CURRENT_2026_COMPLETED_WEEKS,NOT_CALIBRATED_B42_DOES_NOT_INVENT_CONFIDENCE_THRESHOLDS
5843,00-0035525,LB,4,0.80598675723435342,5,Every-Down,4,7,23,B41F_FROZEN_MODEL_CURRENT_2026_COMPLETED_WEEKS,NOT_CALIBRATED_B42_DOES_NOT_INVENT_CONFIDENCE_THRESHOLDS
11470,00-0038922,LB,4,0.80196331132740817,5,Every-Down,4,7,23,B41F_FROZEN_MODEL_CURRENT_2026_COMPLETED_WEEKS,NOT_CALIBRATED_B42_DOES_NOT_INVENT_CONFIDENCE_THRESHOLDS
11667,00-0039924,LB,4,0.80147159626389575,5,Every-Down,4,7,23,B41F_FROZEN_MODEL_CURRENT_2026_COMPLETED_WEEKS,NOT_CALIBRATED_B42_DOES_NOT_INVENT_CONFIDENCE_THRESHOLDS
8680,00-0037596,LB,4,0.79729585990792651,5,Every-Down,4,7,23,B41F_FROZEN_MODEL_CURRENT_2026_COMPLETED_WEEKS,NOT_CALIBRATED_B42_DOES_NOT_INVENT_CONFIDENCE_THRESHOLDS
6214,00-0035680,LB,4,0.79571546532216419,5,Every-Down,4,7,23,B41F_FROZEN_MODEL_CURRENT_2026_COMPLETED_WEEKS,NOT_CALIBRATED_B42_DOES_NOT_INVENT_CONFIDENCE_THRESHOLDS
4413,00-0033336,LB,4,0.79393899165679294,5,Every-Down,4,7,23,B41F_FROZEN_MODEL_CURRENT_2026_COMPLETED_WEEKS,NOT_CALIBRATED_B42_DOES_NOT_INVENT_CONFIDENCE_THRESHOLDS
6485,00-0035166,LB,4,0.79088029498349477,5,Every-Down,3,7,23,B41F_FROZEN_MODEL_CURRENT_2026_COMPLETED_WEEKS,NOT_CALIBRATED_B42_DOES_NOT_INVENT_CONFIDENCE_THRESHOLDS
7627,00-0036914,LB,4,0.78940618582882016,5,Every-Down,4,7,23,B41F_FROZEN_MODEL_CURRENT_2026_COMPLETED_WEEKS,NOT_CALIBRATED_B42_DOES_NOT_INVENT_CONFIDENCE_THRESHOLDS
10898,00-0039111,LB,4,0.78405862089529421,5,Every-Down,4,7,23,B41F_FROZEN_MODEL_CURRENT_2026_COMPLETED_WEEKS,NOT_CALIBRATED_B42_DOES_NOT_INVENT_CONFIDENCE_THRESHOLDS
10917,00-0039137,LB,4,0.78269445656083059,5,Every-Down,4,7,23,B41F_FROZEN_MODEL_CURRENT_2026_COMPLETED_WEEKS,NOT_CALIBRATED_B42_DOES_NOT_INVENT_CONFIDENCE_THRESHOLDS
8349,00-0037457,LB,4,0.77921998525994185,5,Every-Down,4,7,23,B41F_FROZEN_MODEL_CURRENT_2026_COMPLETED_WEEKS,NOT_CALIBRATED_B42_DOES_NOT_INVENT_CONFIDENCE_THRESHOLDS
10914,00-0038553,LB,4,0.77735172255933271,5,Every-Down,4,7,23,B41F_FROZEN_MODEL_CURRENT_2026_COMPLETED_WEEKS,NOT_CALIBRATED_B42_DOES_NOT_INVENT_CONFIDENCE_THRESHOLDS
11727,00-0039741,LB,4,0.77524829890693814,5,Every-Down,4,7,23,B41F_FROZEN_MODEL_CURRENT_2026_COMPLETED_WEEKS,NOT_CALIBRATED_B42_DOES_NOT_INVENT_CONFIDENCE_THRESHOLDS
8659,00-0037587,LB,4,0.77452639777253451,5,Every-Down,4,7,23,B41F_FROZEN_MODEL_CURRENT_2026_COMPLETED_WEEKS,NOT_CALIBRATED_B42_DOES_NOT_INVENT_CONFIDENCE_THRESHOLDS
13375,00-0041028,LB,4,0.76166052636060311,5,Every-Down,4,7,23,B41F_FROZEN_MODEL_CURRENT_2026_COMPLETED_WEEKS,NOT_CALIBRATED_B42_DOES_NOT_INVENT_CONFIDENCE_THRESHOLDS
12617,00-0040738,LB,4,0.76001886934031748,5,Every-Down,4,7,23,B41F_FROZEN_MODEL_CURRENT_2026_COMPLETED_WEEKS,NOT_CALIBRATED_B42_DOES_NOT_INVENT_CONFIDENCE_THRESHOLDS
6183,00-0035272,LB,4,0.75888508327520732,5,Every-Down,4,7,23,B41F_FROZEN_MODEL_CURRENT_2026_COMPLETED_WEEKS,NOT_CALIBRATED_B42_DOES_NOT_INVENT_CONFIDENCE_THRESHOLDS
5944,00-0035687,LB,4,0.75750041948712188,5,Every-Down,4,7,23,B41F_FROZEN_MODEL_CURRENT_2026_COMPLETED_WEEKS,NOT_CALIBRATED_B42_DOES_NOT_INVENT_CONFIDENCE_THRESHOLDS
6141,00-0035262,LB,4,0.75688833413943157,5,Every-Down,4,7,23,B41F_FROZEN_MODEL_CURRENT_2026_COMPLETED_WEEKS,NOT_CALIBRATED_B42_DOES_NOT_INVENT_CONFIDENCE_THRESHOLDS
11687,00-0039850,LB,4,0.7530293380426768,5,Every-Down,4,7,23,B41F_FROZEN_MODEL_CURRENT_2026_COMPLETED_WEEKS,NOT_CALIBRATED_B42_DOES_NOT_INVENT_CONFIDENCE_THRESHOLDS
6056,00-0034982,LB,4,0.74881432629513578,5,Every-Down,4,7,23,B41F_FROZEN_MODEL_CURRENT_2026_COMPLETED_WEEKS,NOT_CALIBRATED_B42_DOES_NOT_INVENT_CONFIDENCE_THRESHOLDS
12574,00-0040677,LB,4,0.74000893226891895,5,Every-Down,4,7,23,B41F_FROZEN_MODEL_CURRENT_2026_COMPLETED_WEEKS,NOT_CALIBRATED_B42_DOES_NOT_INVENT_CONFIDENCE_THRESHOLDS
4070,00-0033886,LB,4,0.73837546423896361,5,Every-Down,4,7,23,B41F_FROZEN_MODEL_CURRENT_2026_COMPLETED_WEEKS,NOT_CALIBRATED_B42_DOES_NOT_INVENT_CONFIDENCE_THRESHOLDS
12978,00-0040574,LB,4,0.73825512143913541,5,Every-Down,4,7,23,B41F_FROZEN_MODEL_CURRENT_2026_COMPLETED_WEEKS,NOT_CALIBRATED_B42_DOES_NOT_INVENT_CONFIDENCE_THRESHOLDS
11017,00-0038625,LB,4,0.72980096706635511,5,Every-Down,4,7,23,B41F_FROZEN_MODEL_CURRENT_2026_COMPLETED_WEEKS,NOT_CALIBRATED_B42_DOES_NOT_INVENT_CONFIDENCE_THRESHOLDS
5580,00-0034302,LB,4,0.72646451883901186,5,Every-Down,2,7,23,B41F_FROZEN_MODEL_CURRENT_2026_COMPLETED_WEEKS,NOT_CALIBRATED_B42_DOES_NOT_INVENT_CONFIDENCE_THRESHOLDS
10885,00-0039112,LB,4,0.72566838835489145,5,Every-Down,4,7,23,B41F_FROZEN_MODEL_CURRENT_2026_COMPLETED_WEEKS,NOT_CALIBRATED_B42_DOES_NOT_INVENT_CONFIDENCE_THRESHOLDS
4967,00-0034832,LB,4,0.72517363706103222,5,Every-Down,4,7,23,B41F_FROZEN_MODEL_CURRENT_2026_COMPLETED_WEEKS,NOT_CALIBRATED_B42_DOES_NOT_INVENT_CONFIDENCE_THRESHOLDS
6977,00-0036428,LB,4,0.72325718560083263,5,Every-Down,4,7,23,B41F_FROZEN_MODEL_CURRENT_2026_COMPLETED_WEEKS,NOT_CALIBRATED_B42_DOES_NOT_INVENT_CONFIDENCE_THRESHOLDS
10947,00-0038570,LB,4,0.72310986307634295,5,Every-Down,4,7,23,B41F_FROZEN_MODEL_CURRENT_2026_COMPLETED_WEEKS,NOT_CALIBRATED_B42_DOES_NOT_INVENT_CONFIDENCE_THRESHOLDS
7726,00-0036964,LB,4,0.72262706321178405,5,Every-Down,4,7,23,B41F_FROZEN_MODEL_CURRENT_2026_COMPLETED_WEEKS,NOT_CALIBRATED_B42_DOES_NOT_INVENT_CONFIDENCE_THRESHOLDS
7677,00-0036990,LB,4,0.72237555947372689,5,Every-Down,4,7,23,B41F_FROZEN_MODEL_CURRENT_2026_COMPLETED_WEEKS,NOT_CALIBRATED_B42_DOES_NOT_INVENT_CONFIDENCE_THRESHOLDS
6065,00-0035672,LB,4,0.70651413574818245,5,Every-Down,4,7,23,B41F_FROZEN_MODEL_CURRENT_2026_COMPLETED_WEEKS,NOT_CALIBRATED_B42_DOES_NOT_INVENT_CONFIDENCE_THRESHOLDS
7647,00-0036927,LB,4,0.70532165500272104,5,Every-Down,4,7,23,B41F_FROZEN_MODEL_CURRENT_2026_COMPLETED_WEEKS,NOT_CALIBRATED_B42_DOES_NOT_INVENT_CONFIDENCE_THRESHOLDS
10923,00-0038557,LB,4,0.70334512501504398,5,Every-Down,4,7,23,B41F_FROZEN_MODEL_CURRENT_2026_COMPLETED_WEEKS,NOT_CALIBRATED_B42_DOES_NOT_INVENT_CONFIDENCE_THRESHOLDS
2036,00-0031040,LB,4,0.70246465045056805,5,Every-Down,4,7,23,B41F_FROZEN_MODEL_CURRENT_2026_COMPLETED_WEEKS,NOT_CALIBRATED_B42_DOES_NOT_INVENT_CONFIDENCE_THRESHOLDS
11703,00-0039740,LB,4,0.69091309834318526,4,Starter,4,7,23,B41F_FROZEN_MODEL_CURRENT_2026_COMPLETED_WEEKS,NOT_CALIBRATED_B42_DOES_NOT_INVENT_CONFIDENCE_THRESHOLDS
12556,00-0040725,LB,4,0.68545415332229875,4,Starter,4,7,23,B41F_FROZEN_MODEL_CURRENT_2026_COMPLETED_WEEKS,NOT_CALIBRATED_B42_DOES_NOT_INVENT_CONFIDENCE_THRESHOLDS
10935,00-0038504,LB,4,0.68482410357003276,4,Starter,4,7,23,B41F_FROZEN_MODEL_CURRENT_2026_COMPLETED_WEEKS,NOT_CALIBRATED_B42_DOES_NOT_INVENT_CONFIDENCE_THRESHOLDS
10944,00-0038505,LB,4,0.68402311209768507,4,Starter,4,7,23,B41F_FROZEN_MODEL_CURRENT_2026_COMPLETED_WEEKS,NOT_CALIBRATED_B42_DOES_NOT_INVENT_CONFIDENCE_THRESHOLDS
10873,00-0039013,LB,4,0.68313341989990028,4,Starter,4,7,23,B41F_FROZEN_MODEL_CURRENT_2026_COMPLETED_WEEKS,NOT_CALIBRATED_B42_DOES_NOT_INVENT_CONFIDENCE_THRESHOLDS
13381,00-0040872,LB,4,0.67802376477522086,4,Starter,4,7,23,B41F_FROZEN_MODEL_CURRENT_2026_COMPLETED_WEEKS,NOT_CALIBRATED_B42_DOES_NOT_INVENT_CONFIDENCE_THRESHOLDS
6348,00-0035202,LB,4,0.67465049345267347,4,Starter,4,7,23,B41F_FROZEN_MODEL_CURRENT_2026_COMPLETED_WEEKS,NOT_CALIBRATED_B42_DOES_NOT_INVENT_CONFIDENCE_THRESHOLDS
6811,00-0036441,LB,4,0.67352329758048568,4,Starter,1,7,23,B41F_FROZEN_MODEL_CURRENT_2026_COMPLETED_WEEKS,NOT_CALIBRATED_B42_DOES_NOT_INVENT_CONFIDENCE_THRESHOLDS
10970,00-0038599,LB,4,0.67304705714525104,4,Starter,1,7,23,B41F_FROZEN_MODEL_CURRENT_2026_COMPLETED_WEEKS,NOT_CALIBRATED_B42_DOES_NOT_INVENT_CONFIDENCE_THRESHOLDS
6921,00-0036159,LB,4,0.67251904669953699,4,Starter,4,7,23,B41F_FROZEN_MODEL_CURRENT_2026_COMPLETED_WEEKS,NOT_CALIBRATED_B42_DOES_NOT_INVENT_CONFIDENCE_THRESHOLDS
7626,00-0036940,LB,4,0.66898035832387848,4,Starter,4,7,23,B41F_FROZEN_MODEL_CURRENT_2026_COMPLETED_WEEKS,NOT_CALIBRATED_B42_DOES_NOT_INVENT_CONFIDENCE_THRESHOLDS
12650,00-0040155,LB,4,0.66692456217320262,4,Starter,4,7,23,B41F_FROZEN_MODEL_CURRENT_2026_COMPLETED_WEEKS,NOT_CALIBRATED_B42_DOES_NOT_INVENT_CONFIDENCE_THRESHOLDS
10933,00-0038556,LB,4,0.66563535126463491,4,Starter,1,7,23,B41F_FROZEN_MODEL_CURRENT_2026_COMPLETED_WEEKS,NOT_CALIBRATED_B42_DOES_NOT_INVENT_CONFIDENCE_THRESHOLDS
7113,00-0036333,LB,4,0.66291235806986315,4,Starter,4,7,23,B41F_FROZEN_MODEL_CURRENT_2026_COMPLETED_WEEKS,NOT_CALIBRATED_B42_DOES_NOT_INVENT_CONFIDENCE_THRESHOLDS
6800,00-0036286,LB,4,0.65891507750811218,4,Starter,4,7,23,B41F_FROZEN_MODEL_CURRENT_2026_COMPLETED_WEEKS,NOT_CALIBRATED_B42_DOES_NOT_INVENT_CONFIDENCE_THRESHOLDS
11752,00-0039826,LB,4,0.65624820845178433,4,Starter,4,7,23,B41F_FROZEN_MODEL_CURRENT_2026_COMPLETED_WEEKS,NOT_CALIBRATED_B42_DOES_NOT_INVENT_CONFIDENCE_THRESHOLDS
7674,00-0037007,LB,4,0.64553696823261286,4,Starter,2,7,23,B41F_FROZEN_MODEL_CURRENT_2026_COMPLETED_WEEKS,NOT_CALIBRATED_B42_DOES_NOT_INVENT_CONFIDENCE_THRESHOLDS
5839,00-0034967,LB,4,0.63986207256137773,4,Starter,4,7,23,B41F_FROZEN_MODEL_CURRENT_2026_COMPLETED_WEEKS,NOT_CALIBRATED_B42_DOES_NOT_INVENT_CONFIDENCE_THRESHOLDS
8382,00-0037083,LB,4,0.62913521833872432,4,Starter,3,7,23,B41F_FROZEN_MODEL_CURRENT_2026_COMPLETED_WEEKS,NOT_CALIBRATED_B42_DOES_NOT_INVENT_CONFIDENCE_THRESHOLDS
11663,00-0039911,LB,4,0.62604568558537066,4,Starter,3,7,23,B41F_FROZEN_MODEL_CURRENT_2026_COMPLETED_WEEKS,NOT_CALIBRATED_B42_DOES_NOT_INVENT_CONFIDENCE_THRESHOLDS
13555,00-0041112,LB,4,0.62500954977371892,4,Starter,4,7,23,B41F_FROZEN_MODEL_CURRENT_2026_COMPLETED_WEEKS,NOT_CALIBRATED_B42_DOES_NOT_INVENT_CONFIDENCE_THRESHOLDS
2064,00-0031411,LB,4,0.62249123747934687,4,Starter,4,7,23,B41F_FROZEN_MODEL_CURRENT_2026_COMPLETED_WEEKS,NOT_CALIBRATED_B42_DOES_NOT_INVENT_CONFIDENCE_THRESHOLDS
10911,00-0039047,LB,4,0.61891593607133832,4,Starter,4,7,23,B41F_FROZEN_MODEL_CURRENT_2026_COMPLETED_WEEKS,NOT_CALIBRATED_B42_DOES_NOT_INVENT_CONFIDENCE_THRESHOLDS
7637,00-0036933,LB,4,0.61441603253815069,4,Starter,4,7,23,B41F_FROZEN_MODEL_CURRENT_2026_COMPLETED_WEEKS,NOT_CALIBRATED_B42_DOES_NOT_INVENT_CONFIDENCE_THRESHOLDS
7635,00-0036934,LB,4,0.61087488994742822,4,Starter,4,7,23,B41F_FROZEN_MODEL_CURRENT_2026_COMPLETED_WEEKS,NOT_CALIBRATED_B42_DOES_NOT_INVENT_CONFIDENCE_THRESHOLDS
12610,00-0040136,LB,4,0.60747147497745135,4,Starter,4,7,23,B41F_FROZEN_MODEL_CURRENT_2026_COMPLETED_WEEKS,NOT_CALIBRATED_B42_DOES_NOT_INVENT_CONFIDENCE_THRESHOLDS
8355,00-0037611,LB,4,0.60665137016131809,4,Starter,4,7,23,B41F_FROZEN_MODEL_CURRENT_2026_COMPLETED_WEEKS,NOT_CALIBRATED_B42_DOES_NOT_INVENT_CONFIDENCE_THRESHOLDS
13457,00-0041569,LB,4,0.6026179054960088,4,Starter,4,7,23,B41F_FROZEN_MODEL_CURRENT_2026_COMPLETED_WEEKS,NOT_CALIBRATED_B42_DOES_NOT_INVENT_CONFIDENCE_THRESHOLDS
4135,00-0033935,LB,4,0.59926282863036284,4,Starter,3,7,23,B41F_FROZEN_MODEL_CURRENT_2026_COMPLETED_WEEKS,NOT_CALIBRATED_B42_DOES_NOT_INVENT_CONFIDENCE_THRESHOLDS
5061,00-0034350,LB,4,0.5982028978803362,4,Starter,4,7,23,B41F_FROZEN_MODEL_CURRENT_2026_COMPLETED_WEEKS,NOT_CALIBRATED_B42_DOES_NOT_INVENT_CONFIDENCE_THRESHOLDS
10921,00-0039068,LB,4,0.59628904127666893,4,Starter,4,7,23,B41F_FROZEN_MODEL_CURRENT_2026_COMPLETED_WEEKS,NOT_CALIBRATED_B42_DOES_NOT_INVENT_CONFIDENCE_THRESHOLDS
11777,00-0039377,LB,4,0.59623508903012623,4,Starter,4,7,23,B41F_FROZEN_MODEL_CURRENT_2026_COMPLETED_WEEKS,NOT_CALIBRATED_B42_DOES_NOT_INVENT_CONFIDENCE_THRESHOLDS
8280,00-0037249,LB,4,0.59596645064177911,4,Starter,4,7,23,B41F_FROZEN_MODEL_CURRENT_2026_COMPLETED_WEEKS,NOT_CALIBRATED_B42_DOES_NOT_INVENT_CONFIDENCE_THRESHOLDS
12571,00-0040722,LB,4,0.59265766008137399,3,Rotational,4,7,23,B41F_FROZEN_MODEL_CURRENT_2026_COMPLETED_WEEKS,NOT_CALIBRATED_B42_DOES_NOT_INVENT_CONFIDENCE_THRESHOLDS
5865,00-0035678,LB,4,0.5921371818624136,3,Rotational,3,7,23,B41F_FROZEN_MODEL_CURRENT_2026_COMPLETED_WEEKS,NOT_CALIBRATED_B42_DOES_NOT_INVENT_CONFIDENCE_THRESHOLDS
12636,00-0040168,LB,4,0.58322058649528896,3,Rotational,4,7,23,B41F_FROZEN_MODEL_CURRENT_2026_COMPLETED_WEEKS,NOT_CALIBRATED_B42_DOES_NOT_INVENT_CONFIDENCE_THRESHOLDS
11742,00-0039858,LB,4,0.57874577670481653,3,Rotational,3,7,23,B41F_FROZEN_MODEL_CURRENT_2026_COMPLETED_WEEKS,NOT_CALIBRATED_B42_DOES_NOT_INVENT_CONFIDENCE_THRESHOLDS
2130,00-0031360,LB,4,0.57793879444254315,3,Rotational,4,7,23,B41F_FROZEN_MODEL_CURRENT_2026_COMPLETED_WEEKS,NOT_CALIBRATED_B42_DOES_NOT_INVENT_CONFIDENCE_THRESHOLDS
4999,00-0034381,LB,4,0.57511855855743654,3,Rotational,4,7,23,B41F_FROZEN_MODEL_CURRENT_2026_COMPLETED_WEEKS,NOT_CALIBRATED_B42_DOES_NOT_INVENT_CONFIDENCE_THRESHOLDS
10940,00-0038577,LB,4,0.57471167277878599,3,Rotational,4,7,23,B41F_FROZEN_MODEL_CURRENT_2026_COMPLETED_WEEKS,NOT_CALIBRATED_B42_DOES_NOT_INVENT_CONFIDENCE_THRESHOLDS
11714,00-0039809,LB,4,0.57311621672972368,3,Rotational,4,7,23,B41F_FROZEN_MODEL_CURRENT_2026_COMPLETED_WEEKS,NOT_CALIBRATED_B42_DOES_NOT_INVENT_CONFIDENCE_THRESHOLDS
12140,00-0039774,LB,4,0.57165743674620095,3,Rotational,4,7,23,B41F_FROZEN_MODEL_CURRENT_2026_COMPLETED_WEEKS,NOT_CALIBRATED_B42_DOES_NOT_INVENT_CONFIDENCE_THRESHOLDS
8362,00-0037819,LB,4,0.56831395619832481,3,Rotational,3,7,23,B41F_FROZEN_MODEL_CURRENT_2026_COMPLETED_WEEKS,NOT_CALIBRATED_B42_DOES_NOT_INVENT_CONFIDENCE_THRESHOLDS
13482,00-0041066,LB,4,0.5590869572559628,3,Rotational,4,7,23,B41F_FROZEN_MODEL_CURRENT_2026_COMPLETED_WEEKS,NOT_CALIBRATED_B42_DOES_NOT_INVENT_CONFIDENCE_THRESHOLDS
5862,00-0035713,LB,4,0.55183751324112451,3,Rotational,3,7,23,B41F_FROZEN_MODEL_CURRENT_2026_COMPLETED_WEEKS,NOT_CALIBRATED_B42_DOES_NOT_INVENT_CONFIDENCE_THRESHOLDS
12621,00-0040580,LB,4,0.54511647472351088,3,Rotational,4,7,23,B41F_FROZEN_MODEL_CURRENT_2026_COMPLETED_WEEKS,NOT_CALIBRATED_B42_DOES_NOT_INVENT_CONFIDENCE_THRESHOLDS
6119,00-0035707,LB,4,0.53044287619123531,3,Rotational,2,7,23,B41F_FROZEN_MODEL_CURRENT_2026_COMPLETED_WEEKS,NOT_CALIBRATED_B42_DOES_NOT_INVENT_CONFIDENCE_THRESHOLDS
12609,00-0040249,LB,4,0.52639141674906165,3,Rotational,1,7,23,B41F_FROZEN_MODEL_CURRENT_2026_COMPLETED_WEEKS,NOT_CALIBRATED_B42_DOES_NOT_INVENT_CONFIDENCE_THRESHOLDS
12427,00-0037799,LB,4,0.52398406958158317,3,Rotational,3,7,23,B41F_FROZEN_MODEL_CURRENT_2026_COMPLETED_WEEKS,NOT_CALIBRATED_B42_DOES_NOT_INVENT_CONFIDENCE_THRESHOLDS
12579,00-0040137,LB,4,0.52240380371784145,3,Rotational,4,7,23,B41F_FROZEN_MODEL_CURRENT_2026_COMPLETED_WEEKS,NOT_CALIBRATED_B42_DOES_NOT_INVENT_CONFIDENCE_THRESHOLDS
7681,00-0036995,LB,4,0.52042128585557024,3,Rotational,4,7,23,B41F_FROZEN_MODEL_CURRENT_2026_COMPLETED_WEEKS,NOT_CALIBRATED_B42_DOES_NOT_INVENT_CONFIDENCE_THRESHOLDS
5158,00-0034473,LB,4,0.51373408080337513,3,Rotational,4,7,23,B41F_FROZEN_MODEL_CURRENT_2026_COMPLETED_WEEKS,NOT_CALIBRATED_B42_DOES_NOT_INVENT_CONFIDENCE_THRESHOLDS
12645,00-0040158,LB,4,0.51263399338823079,3,Rotational,4,7,23,B41F_FROZEN_MODEL_CURRENT_2026_COMPLETED_WEEKS,NOT_CALIBRATED_B42_DOES_NOT_INVENT_CONFIDENCE_THRESHOLDS
6003,00-0035254,LB,4,0.51211557339555358,3,Rotational,4,7,23,B41F_FROZEN_MODEL_CURRENT_2026_COMPLETED_WEEKS,NOT_CALIBRATED_B42_DOES_NOT_INVENT_CONFIDENCE_THRESHOLDS
8297,00-0037179,LB,4,0.51151268780321157,3,Rotational,2,7,23,B41F_FROZEN_MODEL_CURRENT_2026_COMPLETED_WEEKS,NOT_CALIBRATED_B42_DOES_NOT_INVENT_CONFIDENCE_THRESHOLDS
4259,00-0033964,LB,4,0.50964969694027962,3,Rotational,4,7,23,B41F_FROZEN_MODEL_CURRENT_2026_COMPLETED_WEEKS,NOT_CALIBRATED_B42_DOES_NOT_INVENT_CONFIDENCE_THRESHOLDS
10992,00-0038580,LB,4,0.50713665333710212,3,Rotational,4,7,23,B41F_FROZEN_MODEL_CURRENT_2026_COMPLETED_WEEKS,NOT_CALIBRATED_B42_DOES_NOT_INVENT_CONFIDENCE_THRESHOLDS
11348,00-0038660,LB,4,0.50676033091234596,3,Rotational,4,7,23,B41F_FROZEN_MODEL_CURRENT_2026_COMPLETED_WEEKS,NOT_CALIBRATED_B42_DOES_NOT_INVENT_CONFIDENCE_THRESHOLDS
13492,00-0040877,LB,4,0.50615278251746865,3,Rotational,4,7,23,B41F_FROZEN_MODEL_CURRENT_2026_COMPLETED_WEEKS,NOT_CALIBRATED_B42_DOES_NOT_INVENT_CONFIDENCE_THRESHOLDS
957,00-0027962,LB,4,0.50117983368249464,3,Rotational,3,7,23,B41F_FROZEN_MODEL_CURRENT_2026_COMPLETED_WEEKS,NOT_CALIBRATED_B42_DOES_NOT_INVENT_CONFIDENCE_THRESHOLDS
7023,00-0036362,LB,4,0.50069432115118617,3,Rotational,4,7,23,B41F_FROZEN_MODEL_CURRENT_2026_COMPLETED_WEEKS,NOT_CALIBRATED_B42_DOES_NOT_INVENT_CONFIDENCE_THRESHOLDS
12684,00-0040216,LB,4,0.49994298368095674,3,Rotational,4,7,23,B41F_FROZEN_MODEL_CURRENT_2026_COMPLETED_WEEKS,NOT_CALIBRATED_B42_DOES_NOT_INVENT_CONFIDENCE_THRESHOLDS
6941,00-0036338,LB,4,0.49408801316373246,2,Understudy,4,7,23,B41F_FROZEN_MODEL_CURRENT_2026_COMPLETED_WEEKS,NOT_CALIBRATED_B42_DOES_NOT_INVENT_CONFIDENCE_THRESHOLDS
13481,00-0041518,LB,4,0.48566682283542573,2,Understudy,4,7,23,B41F_FROZEN_MODEL_CURRENT_2026_COMPLETED_WEEKS,NOT_CALIBRATED_B42_DOES_NOT_INVENT_CONFIDENCE_THRESHOLDS
6848,00-0036193,LB,4,0.48246345088136094,2,Understudy,3,7,23,B41F_FROZEN_MODEL_CURRENT_2026_COMPLETED_WEEKS,NOT_CALIBRATED_B42_DOES_NOT_INVENT_CONFIDENCE_THRESHOLDS
13460,00-0041494,LB,4,0.48020792228260806,2,Understudy,4,7,23,B41F_FROZEN_MODEL_CURRENT_2026_COMPLETED_WEEKS,NOT_CALIBRATED_B42_DOES_NOT_INVENT_CONFIDENCE_THRESHOLDS
12614,00-0040011,LB,4,0.48017602911705043,2,Understudy,4,7,23,B41F_FROZEN_MODEL_CURRENT_2026_COMPLETED_WEEKS,NOT_CALIBRATED_B42_DOES_NOT_INVENT_CONFIDENCE_THRESHOLDS
8334,00-0037289,LB,4,0.4674986554277567,2,Understudy,4,7,23,B41F_FROZEN_MODEL_CURRENT_2026_COMPLETED_WEEKS,NOT_CALIBRATED_B42_DOES_NOT_INVENT_CONFIDENCE_THRESHOLDS
7120,00-0036305,LB,4,0.46710002489472491,2,Understudy,4,7,23,B41F_FROZEN_MODEL_CURRENT_2026_COMPLETED_WEEKS,NOT_CALIBRATED_B42_DOES_NOT_INVENT_CONFIDENCE_THRESHOLDS
3973,00-0033868,LB,4,0.46450335937786125,2,Understudy,1,7,23,B41F_FROZEN_MODEL_CURRENT_2026_COMPLETED_WEEKS,NOT_CALIBRATED_B42_DOES_NOT_INVENT_CONFIDENCE_THRESHOLDS
8710,00-0037208,LB,4,0.46276931487876077,2,Understudy,4,7,23,B41F_FROZEN_MODEL_CURRENT_2026_COMPLETED_WEEKS,NOT_CALIBRATED_B42_DOES_NOT_INVENT_CONFIDENCE_THRESHOLDS
13455,00-0041036,LB,4,0.45334731256035721,2,Understudy,4,7,23,B41F_FROZEN_MODEL_CURRENT_2026_COMPLETED_WEEKS,NOT_CALIBRATED_B42_DOES_NOT_INVENT_CONFIDENCE_THRESHOLDS
7782,00-0036658,LB,4,0.44970975025129167,2,Understudy,4,7,23,B41F_FROZEN_MODEL_CURRENT_2026_COMPLETED_WEEKS,NOT_CALIBRATED_B42_DOES_NOT_INVENT_CONFIDENCE_THRESHOLDS
11721,00-0039837,LB,4,0.4467628982623989,2,Understudy,2,7,23,B41F_FROZEN_MODEL_CURRENT_2026_COMPLETED_WEEKS,NOT_CALIBRATED_B42_DOES_NOT_INVENT_CONFIDENCE_THRESHOLDS
12593,00-0040160,LB,4,0.44333563426076361,2,Understudy,4,7,23,B41F_FROZEN_MODEL_CURRENT_2026_COMPLETED_WEEKS,NOT_CALIBRATED_B42_DOES_NOT_INVENT_CONFIDENCE_THRESHOLDS
7342,00-0035933,LB,4,0.44032498204189569,2,Understudy,4,7,23,B41F_FROZEN_MODEL_CURRENT_2026_COMPLETED_WEEKS,NOT_CALIBRATED_B42_DOES_NOT_INVENT_CONFIDENCE_THRESHOLDS
8325,00-0038116,LB,4,0.43941165051600878,2,Understudy,4,7,23,B41F_FROZEN_MODEL_CURRENT_2026_COMPLETED_WEEKS,NOT_CALIBRATED_B42_DOES_NOT_INVENT_CONFIDENCE_THRESHOLDS
13520,00-0041078,LB,4,0.43907022299631809,2,Understudy,4,7,23,B41F_FROZEN_MODEL_CURRENT_2026_COMPLETED_WEEKS,NOT_CALIBRATED_B42_DOES_NOT_INVENT_CONFIDENCE_THRESHOLDS
12917,00-0040326,LB,4,0.4319596407819537,2,Understudy,4,7,23,B41F_FROZEN_MODEL_CURRENT_2026_COMPLETED_WEEKS,NOT_CALIBRATED_B42_DOES_NOT_INVENT_CONFIDENCE_THRESHOLDS
8367,00-0037271,LB,4,0.42052627743747678,2,Understudy,4,7,23,B41F_FROZEN_MODEL_CURRENT_2026_COMPLETED_WEEKS,NOT_CALIBRATED_B42_DOES_NOT_INVENT_CONFIDENCE_THRESHOLDS
6900,00-0036224,LB,4,0.42027518379368961,2,Understudy,2,7,23,B41F_FROZEN_MODEL_CURRENT_2026_COMPLETED_WEEKS,NOT_CALIBRATED_B42_DOES_NOT_INVENT_CONFIDENCE_THRESHOLDS
7346,00-0035942,LB,4,0.40909259906635037,2,Understudy,3,7,23,B41F_FROZEN_MODEL_CURRENT_2026_COMPLETED_WEEKS,NOT_CALIBRATED_B42_DOES_NOT_INVENT_CONFIDENCE_THRESHOLDS
11086,00-0038807,LB,4,0.40892662004606412,2,Understudy,4,7,23,B41F_FROZEN_MODEL_CURRENT_2026_COMPLETED_WEEKS,NOT_CALIBRATED_B42_DOES_NOT_INVENT_CONFIDENCE_THRESHOLDS
11066,00-0039178,LB,4,0.40624215286279747,2,Understudy,2,7,23,B41F_FROZEN_MODEL_CURRENT_2026_COMPLETED_WEEKS,NOT_CALIBRATED_B42_DOES_NOT_INVENT_CONFIDENCE_THRESHOLDS
3303,00-0032415,LB,4,0.40436779016531982,2,Understudy,1,7,23,B41F_FROZEN_MODEL_CURRENT_2026_COMPLETED_WEEKS,NOT_CALIBRATED_B42_DOES_NOT_INVENT_CONFIDENCE_THRESHOLDS
11816,00-0039412,LB,4,0.40265187078412457,2,Understudy,2,7,23,B41F_FROZEN_MODEL_CURRENT_2026_COMPLETED_WEEKS,NOT_CALIBRATED_B42_DOES_NOT_INVENT_CONFIDENCE_THRESHOLDS
13488,00-0041444,LB,4,0.39383974206596883,2,Understudy,4,7,23,B41F_FROZEN_MODEL_CURRENT_2026_COMPLETED_WEEKS,NOT_CALIBRATED_B42_DOES_NOT_INVENT_CONFIDENCE_THRESHOLDS
13733,00-0040978,LB,4,0.39293578969051146,2,Understudy,4,7,23,B41F_FROZEN_MODEL_CURRENT_2026_COMPLETED_WEEKS,NOT_CALIBRATED_B42_DOES_NOT_INVENT_CONFIDENCE_THRESHOLDS
2308,00-0032052,LB,4,0.39240804445555411,2,Understudy,4,7,23,B41F_FROZEN_MODEL_CURRENT_2026_COMPLETED_WEEKS,NOT_CALIBRATED_B42_DOES_NOT_INVENT_CONFIDENCE_THRESHOLDS
871,00-0027940,LB,4,0.38865618005794883,2,Understudy,4,7,23,B41F_FROZEN_MODEL_CURRENT_2026_COMPLETED_WEEKS,NOT_CALIBRATED_B42_DOES_NOT_INVENT_CONFIDENCE_THRESHOLDS
13494,00-0041442,LB,4,0.38573713338120896,2,Understudy,2,7,23,B41F_FROZEN_MODEL_CURRENT_2026_COMPLETED_WEEKS,NOT_CALIBRATED_B42_DOES_NOT_INVENT_CONFIDENCE_THRESHOLDS
2327,00-0032146,LB,4,0.38300914295987093,1,Depth,4,7,23,B41F_FROZEN_MODEL_CURRENT_2026_COMPLETED_WEEKS,NOT_CALIBRATED_B42_DOES_NOT_INVENT_CONFIDENCE_THRESHOLDS
11761,00-0039374,LB,4,0.38240636356377133,1,Depth,4,7,23,B41F_FROZEN_MODEL_CURRENT_2026_COMPLETED_WEEKS,NOT_CALIBRATED_B42_DOES_NOT_INVENT_CONFIDENCE_THRESHOLDS
7821,00-0036844,LB,4,0.38212258771120633,1,Depth,4,7,23,B41F_FROZEN_MODEL_CURRENT_2026_COMPLETED_WEEKS,NOT_CALIBRATED_B42_DOES_NOT_INVENT_CONFIDENCE_THRESHOLDS
11778,00-0039368,LB,4,0.37632914176565152,1,Depth,1,7,23,B41F_FROZEN_MODEL_CURRENT_2026_COMPLETED_WEEKS,NOT_CALIBRATED_B42_DOES_NOT_INVENT_CONFIDENCE_THRESHOLDS
13573,00-0041402,LB,4,0.37498089286297348,1,Depth,2,7,23,B41F_FROZEN_MODEL_CURRENT_2026_COMPLETED_WEEKS,NOT_CALIBRATED_B42_DOES_NOT_INVENT_CONFIDENCE_THRESHOLDS
11807,00-0039829,LB,4,0.37451671126090247,1,Depth,4,7,23,B41F_FROZEN_MODEL_CURRENT_2026_COMPLETED_WEEKS,NOT_CALIBRATED_B42_DOES_NOT_INVENT_CONFIDENCE_THRESHOLDS
5031,00-0034754,LB,4,0.37188609609840195,1,Depth,4,7,23,B41F_FROZEN_MODEL_CURRENT_2026_COMPLETED_WEEKS,NOT_CALIBRATED_B42_DOES_NOT_INVENT_CONFIDENCE_THRESHOLDS
11441,00-0038791,LB,4,0.37129181975745174,1,Depth,4,7,23,B41F_FROZEN_MODEL_CURRENT_2026_COMPLETED_WEEKS,NOT_CALIBRATED_B42_DOES_NOT_INVENT_CONFIDENCE_THRESHOLDS
6315,00-0035352,LB,4,0.36722197664454576,1,Depth,2,7,23,B41F_FROZEN_MODEL_CURRENT_2026_COMPLETED_WEEKS,NOT_CALIBRATED_B42_DOES_NOT_INVENT_CONFIDENCE_THRESHOLDS
12672,00-0040072,LB,4,0.36442300631237923,1,Depth,4,7,23,B41F_FROZEN_MODEL_CURRENT_2026_COMPLETED_WEEKS,NOT_CALIBRATED_B42_DOES_NOT_INVENT_CONFIDENCE_THRESHOLDS
10980,00-0039049,LB,4,0.36119177051468171,1,Depth,4,7,23,B41F_FROZEN_MODEL_CURRENT_2026_COMPLETED_WEEKS,NOT_CALIBRATED_B42_DOES_NOT_INVENT_CONFIDENCE_THRESHOLDS
11336,00-0038782,LB,4,0.35904658249518018,1,Depth,4,7,23,B41F_FROZEN_MODEL_CURRENT_2026_COMPLETED_WEEKS,NOT_CALIBRATED_B42_DOES_NOT_INVENT_CONFIDENCE_THRESHOLDS
6958,00-0036378,LB,4,0.3587627013758482,1,Depth,1,7,23,B41F_FROZEN_MODEL_CURRENT_2026_COMPLETED_WEEKS,NOT_CALIBRATED_B42_DOES_NOT_INVENT_CONFIDENCE_THRESHOLDS
13048,00-0040056,LB,4,0.35815340722975225,1,Depth,3,7,23,B41F_FROZEN_MODEL_CURRENT_2026_COMPLETED_WEEKS,NOT_CALIBRATED_B42_DOES_NOT_INVENT_CONFIDENCE_THRESHOLDS
12640,00-0040069,LB,4,0.3531018054302057,1,Depth,2,7,23,B41F_FROZEN_MODEL_CURRENT_2026_COMPLETED_WEEKS,NOT_CALIBRATED_B42_DOES_NOT_INVENT_CONFIDENCE_THRESHOLDS
11021,00-0039061,LB,4,0.34814843378034765,1,Depth,4,7,23,B41F_FROZEN_MODEL_CURRENT_2026_COMPLETED_WEEKS,NOT_CALIBRATED_B42_DOES_NOT_INVENT_CONFIDENCE_THRESHOLDS
13391,00-0041495,LB,4,0.32959701648295031,1,Depth,4,7,23,B41F_FROZEN_MODEL_CURRENT_2026_COMPLETED_WEEKS,NOT_CALIBRATED_B42_DOES_NOT_INVENT_CONFIDENCE_THRESHOLDS
6220,00-0035286,LB,4,0.32872511844874602,1,Depth,4,7,23,B41F_FROZEN_MODEL_CURRENT_2026_COMPLETED_WEEKS,NOT_CALIBRATED_B42_DOES_NOT_INVENT_CONFIDENCE_THRESHOLDS
5757,00-0034801,LB,4,0.3168018769890017,1,Depth,4,7,23,B41F_FROZEN_MODEL_CURRENT_2026_COMPLETED_WEEKS,NOT_CALIBRATED_B42_DOES_NOT_INVENT_CONFIDENCE_THRESHOLDS
6802,00-0036192,LB,4,0.31341710525487693,1,Depth,3,7,23,B41F_FROZEN_MODEL_CURRENT_2026_COMPLETED_WEEKS,NOT_CALIBRATED_B42_DOES_NOT_INVENT_CONFIDENCE_THRESHOLDS
13490,00-0041465,LB,4,0.31319183063141132,1,Depth,4,7,23,B41F_FROZEN_MODEL_CURRENT_2026_COMPLETED_WEEKS,NOT_CALIBRATED_B42_DOES_NOT_INVENT_CONFIDENCE_THRESHOLDS
13165,00-0040261,LB,4,0.30994686414342948,1,Depth,4,7,23,B41F_FROZEN_MODEL_CURRENT_2026_COMPLETED_WEEKS,NOT_CALIBRATED_B42_DOES_NOT_INVENT_CONFIDENCE_THRESHOLDS
13388,00-0041039,LB,4,0.30900524289032111,1,Depth,2,7,23,B41F_FROZEN_MODEL_CURRENT_2026_COMPLETED_WEEKS,NOT_CALIBRATED_B42_DOES_NOT_INVENT_CONFIDENCE_THRESHOLDS
12057,00-0039637,LB,4,0.30531598542660454,1,Depth,1,7,23,B41F_FROZEN_MODEL_CURRENT_2026_COMPLETED_WEEKS,NOT_CALIBRATED_B42_DOES_NOT_INVENT_CONFIDENCE_THRESHOLDS
8618,00-0037526,LB,4,0.2983277310033739,1,Depth,2,7,23,B41F_FROZEN_MODEL_CURRENT_2026_COMPLETED_WEEKS,NOT_CALIBRATED_B42_DOES_NOT_INVENT_CONFIDENCE_THRESHOLDS
11712,00-0039812,LB,4,0.29628170368675294,1,Depth,3,7,23,B41F_FROZEN_MODEL_CURRENT_2026_COMPLETED_WEEKS,NOT_CALIBRATED_B42_DOES_NOT_INVENT_CONFIDENCE_THRESHOLDS
11512,00-0038742,LB,4,0.29133748023722023,1,Depth,3,7,23,B41F_FROZEN_MODEL_CURRENT_2026_COMPLETED_WEEKS,NOT_CALIBRATED_B42_DOES_NOT_INVENT_CONFIDENCE_THRESHOLDS
13739,00-0041455,LB,4,0.28420025112985053,0,Speculative,3,7,23,B41F_FROZEN_MODEL_CURRENT_2026_COMPLETED_WEEKS,NOT_CALIBRATED_B42_DOES_NOT_INVENT_CONFIDENCE_THRESHOLDS
6179,00-0035240,LB,4,0.27818155927448601,0,Speculative,4,7,23,B41F_FROZEN_MODEL_CURRENT_2026_COMPLETED_WEEKS,NOT_CALIBRATED_B42_DOES_NOT_INVENT_CONFIDENCE_THRESHOLDS
11847,00-0039430,LB,4,0.27105342479820488,0,Speculative,3,7,23,B41F_FROZEN_MODEL_CURRENT_2026_COMPLETED_WEEKS,NOT_CALIBRATED_B42_DOES_NOT_INVENT_CONFIDENCE_THRESHOLDS
11000,00-0038399,LB,4,0.27028508349152697,0,Speculative,4,7,23,B41F_FROZEN_MODEL_CURRENT_2026_COMPLETED_WEEKS,NOT_CALIBRATED_B42_DOES_NOT_INVENT_CONFIDENCE_THRESHOLDS
13000,00-0040613,LB,4,0.26926623847854003,0,Speculative,4,7,23,B41F_FROZEN_MODEL_CURRENT_2026_COMPLETED_WEEKS,NOT_CALIBRATED_B42_DOES_NOT_INVENT_CONFIDENCE_THRESHOLDS
11759,00-0039879,LB,4,0.26580624500192701,0,Speculative,4,7,23,B41F_FROZEN_MODEL_CURRENT_2026_COMPLETED_WEEKS,NOT_CALIBRATED_B42_DOES_NOT_INVENT_CONFIDENCE_THRESHOLDS
8494,00-0037310,LB,4,0.26220873418454554,0,Speculative,2,7,23,B41F_FROZEN_MODEL_CURRENT_2026_COMPLETED_WEEKS,NOT_CALIBRATED_B42_DOES_NOT_INVENT_CONFIDENCE_THRESHOLDS
11281,00-0038429,LB,4,0.25948557424427915,0,Speculative,2,7,23,B41F_FROZEN_MODEL_CURRENT_2026_COMPLETED_WEEKS,NOT_CALIBRATED_B42_DOES_NOT_INVENT_CONFIDENCE_THRESHOLDS
13176,00-0040318,LB,4,0.25755313436952937,0,Speculative,3,7,23,B41F_FROZEN_MODEL_CURRENT_2026_COMPLETED_WEEKS,NOT_CALIBRATED_B42_DOES_NOT_INVENT_CONFIDENCE_THRESHOLDS
7721,00-0036867,LB,4,0.25398090686367697,0,Speculative,4,7,23,B41F_FROZEN_MODEL_CURRENT_2026_COMPLETED_WEEKS,NOT_CALIBRATED_B42_DOES_NOT_INVENT_CONFIDENCE_THRESHOLDS
13479,00-0041527,LB,4,0.24979058266282661,0,Speculative,1,7,23,B41F_FROZEN_MODEL_CURRENT_2026_COMPLETED_WEEKS,NOT_CALIBRATED_B42_DOES_NOT_INVENT_CONFIDENCE_THRESHOLDS
13130,00-0040066,LB,4,0.24888616954720624,0,Speculative,4,7,23,B41F_FROZEN_MODEL_CURRENT_2026_COMPLETED_WEEKS,NOT_CALIBRATED_B42_DOES_NOT_INVENT_CONFIDENCE_THRESHOLDS
8278,00-0037823,LB,4,0.24780563142479078,0,Speculative,3,7,23,B41F_FROZEN_MODEL_CURRENT_2026_COMPLETED_WEEKS,NOT_CALIBRATED_B42_DOES_NOT_INVENT_CONFIDENCE_THRESHOLDS
8020,00-0036728,LB,4,0.24190911805248574,0,Speculative,1,7,23,B41F_FROZEN_MODEL_CURRENT_2026_COMPLETED_WEEKS,NOT_CALIBRATED_B42_DOES_NOT_INVENT_CONFIDENCE_THRESHOLDS
12835,00-0040460,LB,4,0.23617783509427867,0,Speculative,4,7,23,B41F_FROZEN_MODEL_CURRENT_2026_COMPLETED_WEEKS,NOT_CALIBRATED_B42_DOES_NOT_INVENT_CONFIDENCE_THRESHOLDS
10998,00-0039053,LB,4,0.23348319824920291,0,Speculative,2,7,23,B41F_FROZEN_MODEL_CURRENT_2026_COMPLETED_WEEKS,NOT_CALIBRATED_B42_DOES_NOT_INVENT_CONFIDENCE_THRESHOLDS
6867,00-0036280,LB,4,0.22811144381805501,0,Speculative,3,7,23,B41F_FROZEN_MODEL_CURRENT_2026_COMPLETED_WEEKS,NOT_CALIBRATED_B42_DOES_NOT_INVENT_CONFIDENCE_THRESHOLDS
11734,00-0039815,LB,4,0.22722082993123172,0,Speculative,4,7,23,B41F_FROZEN_MODEL_CURRENT_2026_COMPLETED_WEEKS,NOT_CALIBRATED_B42_DOES_NOT_INVENT_CONFIDENCE_THRESHOLDS
12648,00-0040645,LB,4,0.22230175910097302,0,Speculative,4,7,23,B41F_FROZEN_MODEL_CURRENT_2026_COMPLETED_WEEKS,NOT_CALIBRATED_B42_DOES_NOT_INVENT_CONFIDENCE_THRESHOLDS
13542,00-0041109,LB,4,0.21619547202667447,0,Speculative,4,7,23,B41F_FROZEN_MODEL_CURRENT_2026_COMPLETED_WEEKS,NOT_CALIBRATED_B42_DOES_NOT_INVENT_CONFIDENCE_THRESHOLDS
6612,00-0035413,LB,4,0.2139964040773801,0,Speculative,4,7,23,B41F_FROZEN_MODEL_CURRENT_2026_COMPLETED_WEEKS,NOT_CALIBRATED_B42_DOES_NOT_INVENT_CONFIDENCE_THRESHOLDS
7673,00-0037003,LB,4,0.20759285096399188,0,Speculative,3,7,23,B41F_FROZEN_MODEL_CURRENT_2026_COMPLETED_WEEKS,NOT_CALIBRATED_B42_DOES_NOT_INVENT_CONFIDENCE_THRESHOLDS
11230,00-0038764,LB,4,0.20446316831777084,0,Speculative,4,7,23,B41F_FROZEN_MODEL_CURRENT_2026_COMPLETED_WEEKS,NOT_CALIBRATED_B42_DOES_NOT_INVENT_CONFIDENCE_THRESHOLDS
11305,00-0038493,LB,4,0.19594794311639949,0,Speculative,2,7,23,B41F_FROZEN_MODEL_CURRENT_2026_COMPLETED_WEEKS,NOT_CALIBRATED_B42_DOES_NOT_INVENT_CONFIDENCE_THRESHOLDS
12853,00-0040043,LB,4,0.1926077368641754,0,Speculative,3,7,23,B41F_FROZEN_MODEL_CURRENT_2026_COMPLETED_WEEKS,NOT_CALIBRATED_B42_DOES_NOT_INVENT_CONFIDENCE_THRESHOLDS
11893,00-0039622,LB,4,0.18777197290103811,0,Speculative,3,7,23,B41F_FROZEN_MODEL_CURRENT_2026_COMPLETED_WEEKS,NOT_CALIBRATED_B42_DOES_NOT_INVENT_CONFIDENCE_THRESHOLDS
12667,00-0040013,LB,4,0.18622774877185577,0,Speculative,4,7,23,B41F_FROZEN_MODEL_CURRENT_2026_COMPLETED_WEEKS,NOT_CALIBRATED_B42_DOES_NOT_INVENT_CONFIDENCE_THRESHOLDS
12083,00-0039515,LB,4,0.18530736892543373,0,Speculative,4,7,23,B41F_FROZEN_MODEL_CURRENT_2026_COMPLETED_WEEKS,NOT_CALIBRATED_B42_DOES_NOT_INVENT_CONFIDENCE_THRESHOLDS
8620,00-0037527,LB,4,0.18372955911277775,0,Speculative,4,7,23,B41F_FROZEN_MODEL_CURRENT_2026_COMPLETED_WEEKS,NOT_CALIBRATED_B42_DOES_NOT_INVENT_CONFIDENCE_THRESHOLDS
12708,00-0040209,LB,4,0.18122983291954003,0,Speculative,3,7,23,B41F_FROZEN_MODEL_CURRENT_2026_COMPLETED_WEEKS,NOT_CALIBRATED_B42_DOES_NOT_INVENT_CONFIDENCE_THRESHOLDS
12879,00-0040496,LB,4,0.1790390589915766,0,Speculative,4,7,23,B41F_FROZEN_MODEL_CURRENT_2026_COMPLETED_WEEKS,NOT_CALIBRATED_B42_DOES_NOT_INVENT_CONFIDENCE_THRESHOLDS
7197,00-0036157,LB,4,0.178894398814682,0,Speculative,1,7,23,B41F_FROZEN_MODEL_CURRENT_2026_COMPLETED_WEEKS,NOT_CALIBRATED_B42_DOES_NOT_INVENT_CONFIDENCE_THRESHOLDS
7329,00-0035900,LB,4,0.178894398814682,0,Speculative,3,7,23,B41F_FROZEN_MODEL_CURRENT_2026_COMPLETED_WEEKS,NOT_CALIBRATED_B42_DOES_NOT_INVENT_CONFIDENCE_THRESHOLDS
6105,00-0035363,LB,4,0.17839957977973242,0,Speculative,4,7,23,B41F_FROZEN_MODEL_CURRENT_2026_COMPLETED_WEEKS,NOT_CALIBRATED_B42_DOES_NOT_INVENT_CONFIDENCE_THRESHOLDS
11805,00-0039395,LB,4,0.17838466944653539,0,Speculative,3,7,23,B41F_FROZEN_MODEL_CURRENT_2026_COMPLETED_WEEKS,NOT_CALIBRATED_B42_DOES_NOT_INVENT_CONFIDENCE_THRESHOLDS
13551,00-0041093,LB,4,0.17696017751501547,0,Speculative,4,7,23,B41F_FROZEN_MODEL_CURRENT_2026_COMPLETED_WEEKS,NOT_CALIBRATED_B42_DOES_NOT_INVENT_CONFIDENCE_THRESHOLDS
12397,00-0039763,LB,4,0.17433261727249827,0,Speculative,4,7,23,B41F_FROZEN_MODEL_CURRENT_2026_COMPLETED_WEEKS,NOT_CALIBRATED_B42_DOES_NOT_INVENT_CONFIDENCE_THRESHOLDS
13024,00-0040100,LB,4,0.17433088882175218,0,Speculative,4,7,23,B41F_FROZEN_MODEL_CURRENT_2026_COMPLETED_WEEKS,NOT_CALIBRATED_B42_DOES_NOT_INVENT_CONFIDENCE_THRESHOLDS
6353,00-0035617,LB,4,0.1742409057228379,0,Speculative,3,7,23,B41F_FROZEN_MODEL_CURRENT_2026_COMPLETED_WEEKS,NOT_CALIBRATED_B42_DOES_NOT_INVENT_CONFIDENCE_THRESHOLDS
12255,00-0039313,LB,4,0.17187016691225318,0,Speculative,3,7,23,B41F_FROZEN_MODEL_CURRENT_2026_COMPLETED_WEEKS,NOT_CALIBRATED_B42_DOES_NOT_INVENT_CONFIDENCE_THRESHOLDS
12722,00-0040228,LB,4,0.17187016691225318,0,Speculative,3,7,23,B41F_FROZEN_MODEL_CURRENT_2026_COMPLETED_WEEKS,NOT_CALIBRATED_B42_DOES_NOT_INVENT_CONFIDENCE_THRESHOLDS
12733,00-0040231,LB,4,0.1710437358523918,0,Speculative,4,7,23,B41F_FROZEN_MODEL_CURRENT_2026_COMPLETED_WEEKS,NOT_CALIBRATED_B42_DOES_NOT_INVENT_CONFIDENCE_THRESHOLDS
11790,00-0039406,LB,4,0.17088676820497456,0,Speculative,2,7,23,B41F_FROZEN_MODEL_CURRENT_2026_COMPLETED_WEEKS,NOT_CALIBRATED_B42_DOES_NOT_INVENT_CONFIDENCE_THRESHOLDS
11929,00-0039718,LB,4,0.16862707231750396,0,Speculative,4,7,23,B41F_FROZEN_MODEL_CURRENT_2026_COMPLETED_WEEKS,NOT_CALIBRATED_B42_DOES_NOT_INVENT_CONFIDENCE_THRESHOLDS
7750,00-0036672,LB,4,0.16862707231750396,0,Speculative,4,7,23,B41F_FROZEN_MODEL_CURRENT_2026_COMPLETED_WEEKS,NOT_CALIBRATED_B42_DOES_NOT_INVENT_CONFIDENCE_THRESHOLDS
8363,00-0037109,LB,4,0.16862707231750396,0,Speculative,4,7,23,B41F_FROZEN_MODEL_CURRENT_2026_COMPLETED_WEEKS,NOT_CALIBRATED_B42_DOES_NOT_INVENT_CONFIDENCE_THRESHOLDS
13787,00-0041227,LB,4,0.16795558018286394,0,Speculative,4,7,23,B41F_FROZEN_MODEL_CURRENT_2026_COMPLETED_WEEKS,NOT_CALIBRATED_B42_DOES_NOT_INVENT_CONFIDENCE_THRESHOLDS
11350,00-0038711,LB,4,0.1678932108296444,0,Speculative,1,7,23,B41F_FROZEN_MODEL_CURRENT_2026_COMPLETED_WEEKS,NOT_CALIBRATED_B42_DOES_NOT_INVENT_CONFIDENCE_THRESHOLDS
13174,00-0040118,LB,4,0.1678932108296444,0,Speculative,1,7,23,B41F_FROZEN_MODEL_CURRENT_2026_COMPLETED_WEEKS,NOT_CALIBRATED_B42_DOES_NOT_INVENT_CONFIDENCE_THRESHOLDS
7936,00-0036716,LB,4,0.1678932108296444,0,Speculative,2,7,23,B41F_FROZEN_MODEL_CURRENT_2026_COMPLETED_WEEKS,NOT_CALIBRATED_B42_DOES_NOT_INVENT_CONFIDENCE_THRESHOLDS
8369,00-0037312,LB,4,0.1678932108296444,0,Speculative,1,7,23,B41F_FROZEN_MODEL_CURRENT_2026_COMPLETED_WEEKS,NOT_CALIBRATED_B42_DOES_NOT_INVENT_CONFIDENCE_THRESHOLDS
13572,00-0041449,LB,4,0.16722438942135939,0,Speculative,3,7,23,B41F_FROZEN_MODEL_CURRENT_2026_COMPLETED_WEEKS,NOT_CALIBRATED_B42_DOES_NOT_INVENT_CONFIDENCE_THRESHOLDS
13531,00-0041102,LB,4,0.16671818043262546,0,Speculative,4,7,23,B41F_FROZEN_MODEL_CURRENT_2026_COMPLETED_WEEKS,NOT_CALIBRATED_B42_DOES_NOT_INVENT_CONFIDENCE_THRESHOLDS
7807,00-0036648,LB,4,0.16617483070844016,0,Speculative,4,7,23,B41F_FROZEN_MODEL_CURRENT_2026_COMPLETED_WEEKS,NOT_CALIBRATED_B42_DOES_NOT_INVENT_CONFIDENCE_THRESHOLDS
8396,00-0037259,LB,4,0.16552247201905967,0,Speculative,3,7,23,B41F_FROZEN_MODEL_CURRENT_2026_COMPLETED_WEEKS,NOT_CALIBRATED_B42_DOES_NOT_INVENT_CONFIDENCE_THRESHOLDS
11724,00-0039347,LB,4,0.16426460607824572,0,Speculative,2,7,23,B41F_FROZEN_MODEL_CURRENT_2026_COMPLETED_WEEKS,NOT_CALIBRATED_B42_DOES_NOT_INVENT_CONFIDENCE_THRESHOLDS
12781,00-0040449,LB,4,0.16396485019769375,0,Speculative,4,7,23,B41F_FROZEN_MODEL_CURRENT_2026_COMPLETED_WEEKS,NOT_CALIBRATED_B42_DOES_NOT_INVENT_CONFIDENCE_THRESHOLDS
10969,00-0038600,LB,4,0.16087669452816589,0,Speculative,1,7,23,B41F_FROZEN_MODEL_CURRENT_2026_COMPLETED_WEEKS,NOT_CALIBRATED_B42_DOES_NOT_INVENT_CONFIDENCE_THRESHOLDS
11041,00-0038635,LB,4,0.16087669452816589,0,Speculative,2,7,23,B41F_FROZEN_MODEL_CURRENT_2026_COMPLETED_WEEKS,NOT_CALIBRATED_B42_DOES_NOT_INVENT_CONFIDENCE_THRESHOLDS
11098,00-0038851,LB,4,0.16087669452816589,0,Speculative,2,7,23,B41F_FROZEN_MODEL_CURRENT_2026_COMPLETED_WEEKS,NOT_CALIBRATED_B42_DOES_NOT_INVENT_CONFIDENCE_THRESHOLDS
11251,00-0038890,LB,4,0.16087669452816589,0,Speculative,1,7,23,B41F_FROZEN_MODEL_CURRENT_2026_COMPLETED_WEEKS,NOT_CALIBRATED_B42_DOES_NOT_INVENT_CONFIDENCE_THRESHOLDS
12227,00-0039775,LB,4,0.16087669452816589,0,Speculative,2,7,23,B41F_FROZEN_MODEL_CURRENT_2026_COMPLETED_WEEKS,NOT_CALIBRATED_B42_DOES_NOT_INVENT_CONFIDENCE_THRESHOLDS
12666,00-0040186,LB,4,0.16087669452816589,0,Speculative,2,7,23,B41F_FROZEN_MODEL_CURRENT_2026_COMPLETED_WEEKS,NOT_CALIBRATED_B42_DOES_NOT_INVENT_CONFIDENCE_THRESHOLDS
13512,00-0041085,LB,4,0.16087669452816589,0,Speculative,4,7,23,B41F_FROZEN_MODEL_CURRENT_2026_COMPLETED_WEEKS,NOT_CALIBRATED_B42_DOES_NOT_INVENT_CONFIDENCE_THRESHOLDS
13971,00-0041338,LB,4,0.16087669452816589,0,Speculative,1,7,23,B41F_FROZEN_MODEL_CURRENT_2026_COMPLETED_WEEKS,NOT_CALIBRATED_B42_DOES_NOT_INVENT_CONFIDENCE_THRESHOLDS
5025,00-0034779,LB,4,0.16087669452816589,0,Speculative,1,7,23,B41F_FROZEN_MODEL_CURRENT_2026_COMPLETED_WEEKS,NOT_CALIBRATED_B42_DOES_NOT_INVENT_CONFIDENCE_THRESHOLDS
7014,00-0035895,LB,4,0.16087669452816589,0,Speculative,2,7,23,B41F_FROZEN_MODEL_CURRENT_2026_COMPLETED_WEEKS,NOT_CALIBRATED_B42_DOES_NOT_INVENT_CONFIDENCE_THRESHOLDS
8733,00-0037633,LB,4,0.16087669452816589,0,Speculative,1,7,23,B41F_FROZEN_MODEL_CURRENT_2026_COMPLETED_WEEKS,NOT_CALIBRATED_B42_DOES_NOT_INVENT_CONFIDENCE_THRESHOLDS
4984,00-0034857,QB,4,0.82757543364582642,6,Elite,4,4,14,B41F_FROZEN_MODEL_CURRENT_2026_COMPLETED_WEEKS,NOT_CALIBRATED_B42_DOES_NOT_INVENT_CONFIDENCE_THRESHOLDS
8183,00-0037834,QB,4,0.82175114315126974,6,Elite,4,4,14,B41F_FROZEN_MODEL_CURRENT_2026_COMPLETED_WEEKS,NOT_CALIBRATED_B42_DOES_NOT_INVENT_CONFIDENCE_THRESHOLDS
9228,00-0039150,QB,4,0.79694952089524185,5,Every-Down,4,4,14,B41F_FROZEN_MODEL_CURRENT_2026_COMPLETED_WEEKS,NOT_CALIBRATED_B42_DOES_NOT_INVENT_CONFIDENCE_THRESHOLDS
3163,00-0033106,QB,4,0.79116522184158367,5,Every-Down,4,4,14,B41F_FROZEN_MODEL_CURRENT_2026_COMPLETED_WEEKS,NOT_CALIBRATED_B42_DOES_NOT_INVENT_CONFIDENCE_THRESHOLDS
12545,00-0040743,QB,4,0.7626348461694602,5,Every-Down,4,4,14,B41F_FROZEN_MODEL_CURRENT_2026_COMPLETED_WEEKS,NOT_CALIBRATED_B42_DOES_NOT_INVENT_CONFIDENCE_THRESHOLDS
4046,00-0033873,QB,4,0.75500769208237184,5,Every-Down,4,4,14,B41F_FROZEN_MODEL_CURRENT_2026_COMPLETED_WEEKS,NOT_CALIBRATED_B42_DOES_NOT_INVENT_CONFIDENCE_THRESHOLDS
3294,00-0033077,QB,4,0.75329102215226618,5,Every-Down,4,4,14,B41F_FROZEN_MODEL_CURRENT_2026_COMPLETED_WEEKS,NOT_CALIBRATED_B42_DOES_NOT_INVENT_CONFIDENCE_THRESHOLDS
1166,00-0029604,QB,4,0.73955193902689231,5,Every-Down,4,4,14,B41F_FROZEN_MODEL_CURRENT_2026_COMPLETED_WEEKS,NOT_CALIBRATED_B42_DOES_NOT_INVENT_CONFIDENCE_THRESHOLDS
11560,00-0039918,QB,4,0.73501074652830167,5,Every-Down,2,4,14,B41F_FROZEN_MODEL_CURRENT_2026_COMPLETED_WEEKS,NOT_CALIBRATED_B42_DOES_NOT_INVENT_CONFIDENCE_THRESHOLDS
6770,00-0036442,QB,4,0.7309764308211173,5,Every-Down,4,4,14,B41F_FROZEN_MODEL_CURRENT_2026_COMPLETED_WEEKS,NOT_CALIBRATED_B42_DOES_NOT_INVENT_CONFIDENCE_THRESHOLDS
9758,00-0039163,QB,4,0.71503735298672177,5,Every-Down,4,4,14,B41F_FROZEN_MODEL_CURRENT_2026_COMPLETED_WEEKS,NOT_CALIBRATED_B42_DOES_NOT_INVENT_CONFIDENCE_THRESHOLDS
4881,00-0034796,QB,4,0.68545295580778509,4,Starter,4,4,14,B41F_FROZEN_MODEL_CURRENT_2026_COMPLETED_WEEKS,NOT_CALIBRATED_B42_DOES_NOT_INVENT_CONFIDENCE_THRESHOLDS
4017,00-0033537,QB,4,0.68306192598434956,4,Starter,4,4,14,B41F_FROZEN_MODEL_CURRENT_2026_COMPLETED_WEEKS,NOT_CALIBRATED_B42_DOES_NOT_INVENT_CONFIDENCE_THRESHOLDS
6804,00-0036264,QB,4,0.66197641524173545,4,Starter,4,4,14,B41F_FROZEN_MODEL_CURRENT_2026_COMPLETED_WEEKS,NOT_CALIBRATED_B42_DOES_NOT_INVENT_CONFIDENCE_THRESHOLDS
6904,00-0036389,QB,4,0.65692975993286662,4,Starter,4,4,14,B41F_FROZEN_MODEL_CURRENT_2026_COMPLETED_WEEKS,NOT_CALIBRATED_B42_DOES_NOT_INVENT_CONFIDENCE_THRESHOLDS
421,00-0026498,QB,4,0.64462811074818893,4,Starter,4,4,14,B41F_FROZEN_MODEL_CURRENT_2026_COMPLETED_WEEKS,NOT_CALIBRATED_B42_DOES_NOT_INVENT_CONFIDENCE_THRESHOLDS
5854,00-0035704,QB,4,0.64035357473097965,4,Starter,2,4,14,B41F_FROZEN_MODEL_CURRENT_2026_COMPLETED_WEEKS,NOT_CALIBRATED_B42_DOES_NOT_INVENT_CONFIDENCE_THRESHOLDS
96,00-0023459,QB,4,0.61116186595140753,4,Starter,4,4,14,B41F_FROZEN_MODEL_CURRENT_2026_COMPLETED_WEEKS,NOT_CALIBRATED_B42_DOES_NOT_INVENT_CONFIDENCE_THRESHOLDS
7523,00-0036971,QB,4,0.6031003886034394,4,Starter,4,4,14,B41F_FROZEN_MODEL_CURRENT_2026_COMPLETED_WEEKS,NOT_CALIBRATED_B42_DOES_NOT_INVENT_CONFIDENCE_THRESHOLDS
11566,00-0039910,QB,4,0.59682150554697011,4,Starter,2,4,14,B41F_FROZEN_MODEL_CURRENT_2026_COMPLETED_WEEKS,NOT_CALIBRATED_B42_DOES_NOT_INVENT_CONFIDENCE_THRESHOLDS
1373,00-0030565,QB,4,0.58894895350380938,4,Starter,4,4,14,B41F_FROZEN_MODEL_CURRENT_2026_COMPLETED_WEEKS,NOT_CALIBRATED_B42_DOES_NOT_INVENT_CONFIDENCE_THRESHOLDS
12522,00-0040676,QB,4,0.56806752154102846,4,Starter,4,4,14,B41F_FROZEN_MODEL_CURRENT_2026_COMPLETED_WEEKS,NOT_CALIBRATED_B42_DOES_NOT_INVENT_CONFIDENCE_THRESHOLDS
3257,00-0033119,QB,4,0.5652085120692395,4,Starter,4,4,14,B41F_FROZEN_MODEL_CURRENT_2026_COMPLETED_WEEKS,NOT_CALIBRATED_B42_DOES_NOT_INVENT_CONFIDENCE_THRESHOLDS
11563,00-0039732,QB,4,0.54063058504109884,3,Rotational,4,4,14,B41F_FROZEN_MODEL_CURRENT_2026_COMPLETED_WEEKS,NOT_CALIBRATED_B42_DOES_NOT_INVENT_CONFIDENCE_THRESHOLDS
4943,00-0034869,QB,4,0.53447216110862994,3,Rotational,3,4,14,B41F_FROZEN_MODEL_CURRENT_2026_COMPLETED_WEEKS,NOT_CALIBRATED_B42_DOES_NOT_INVENT_CONFIDENCE_THRESHOLDS
11564,00-0039851,QB,4,0.53165784457028775,3,Rotational,4,4,14,B41F_FROZEN_MODEL_CURRENT_2026_COMPLETED_WEEKS,NOT_CALIBRATED_B42_DOES_NOT_INVENT_CONFIDENCE_THRESHOLDS
11559,00-0039917,QB,4,0.5187271513962205,3,Rotational,2,4,14,B41F_FROZEN_MODEL_CURRENT_2026_COMPLETED_WEEKS,NOT_CALIBRATED_B42_DOES_NOT_INVENT_CONFIDENCE_THRESHOLDS
3161,00-0032950,QB,4,0.49254185224168795,3,Rotational,2,4,14,B41F_FROZEN_MODEL_CURRENT_2026_COMPLETED_WEEKS,NOT_CALIBRATED_B42_DOES_NOT_INVENT_CONFIDENCE_THRESHOLDS
12508,00-0040691,QB,4,0.45926531905212165,3,Rotational,2,4,14,B41F_FROZEN_MODEL_CURRENT_2026_COMPLETED_WEEKS,NOT_CALIBRATED_B42_DOES_NOT_INVENT_CONFIDENCE_THRESHOLDS
6797,00-0036355,QB,4,0.4561212728575102,3,Rotational,4,4,14,B41F_FROZEN_MODEL_CURRENT_2026_COMPLETED_WEEKS,NOT_CALIBRATED_B42_DOES_NOT_INVENT_CONFIDENCE_THRESHOLDS
2306,00-0031503,QB,4,0.43577228856772532,3,Rotational,3,4,14,B41F_FROZEN_MODEL_CURRENT_2026_COMPLETED_WEEKS,NOT_CALIBRATED_B42_DOES_NOT_INVENT_CONFIDENCE_THRESHOLDS
4892,00-0034855,QB,4,0.43415562514970452,3,Rotational,3,4,14,B41F_FROZEN_MODEL_CURRENT_2026_COMPLETED_WEEKS,NOT_CALIBRATED_B42_DOES_NOT_INVENT_CONFIDENCE_THRESHOLDS
8161,00-0038128,QB,4,0.40982199461334129,3,Rotational,4,4,14,B41F_FROZEN_MODEL_CURRENT_2026_COMPLETED_WEEKS,NOT_CALIBRATED_B42_DOES_NOT_INVENT_CONFIDENCE_THRESHOLDS
5870,00-0035710,QB,4,0.396237914998677,3,Rotational,4,4,14,B41F_FROZEN_MODEL_CURRENT_2026_COMPLETED_WEEKS,NOT_CALIBRATED_B42_DOES_NOT_INVENT_CONFIDENCE_THRESHOLDS
5849,00-0035228,QB,4,0.39513062091139861,3,Rotational,3,4,14,B41F_FROZEN_MODEL_CURRENT_2026_COMPLETED_WEEKS,NOT_CALIBRATED_B42_DOES_NOT_INVENT_CONFIDENCE_THRESHOLDS
13557,00-0041117,QB,4,0.39490741242023586,3,Rotational,1,4,14,B41F_FROZEN_MODEL_CURRENT_2026_COMPLETED_WEEKS,NOT_CALIBRATED_B42_DOES_NOT_INVENT_CONFIDENCE_THRESHOLDS
13425,00-0041251,QB,4,0.39435352055921269,3,Rotational,2,4,14,B41F_FROZEN_MODEL_CURRENT_2026_COMPLETED_WEEKS,NOT_CALIBRATED_B42_DOES_NOT_INVENT_CONFIDENCE_THRESHOLDS
2307,00-0032268,QB,4,0.38192925725885651,2,Understudy,3,4,14,B41F_FROZEN_MODEL_CURRENT_2026_COMPLETED_WEEKS,NOT_CALIBRATED_B42_DOES_NOT_INVENT_CONFIDENCE_THRESHOLDS
1737,00-0028986,QB,4,0.38004014058585645,2,Understudy,2,4,14,B41F_FROZEN_MODEL_CURRENT_2026_COMPLETED_WEEKS,NOT_CALIBRATED_B42_DOES_NOT_INVENT_CONFIDENCE_THRESHOLDS
11256,00-0038416,QB,4,0.3643620975439803,2,Understudy,2,4,14,B41F_FROZEN_MODEL_CURRENT_2026_COMPLETED_WEEKS,NOT_CALIBRATED_B42_DOES_NOT_INVENT_CONFIDENCE_THRESHOLDS
7083,00-0035993,QB,4,0.29642413861225042,1,Depth,1,4,14,B41F_FROZEN_MODEL_CURRENT_2026_COMPLETED_WEEKS,NOT_CALIBRATED_B42_DOES_NOT_INVENT_CONFIDENCE_THRESHOLDS
4574,00-0033662,QB,4,0.27469895279186507,1,Depth,2,4,14,B41F_FROZEN_MODEL_CURRENT_2026_COMPLETED_WEEKS,NOT_CALIBRATED_B42_DOES_NOT_INVENT_CONFIDENCE_THRESHOLDS
10857,00-0039107,QB,4,0.26527456116278275,1,Depth,1,4,14,B41F_FROZEN_MODEL_CURRENT_2026_COMPLETED_WEEKS,NOT_CALIBRATED_B42_DOES_NOT_INVENT_CONFIDENCE_THRESHOLDS
11292,00-0038476,QB,4,0.25598712337774077,1,Depth,1,4,14,B41F_FROZEN_MODEL_CURRENT_2026_COMPLETED_WEEKS,NOT_CALIBRATED_B42_DOES_NOT_INVENT_CONFIDENCE_THRESHOLDS
8160,00-0038102,QB,4,0.21637030177511882,1,Depth,2,4,14,B41F_FROZEN_MODEL_CURRENT_2026_COMPLETED_WEEKS,NOT_CALIBRATED_B42_DOES_NOT_INVENT_CONFIDENCE_THRESHOLDS
4972,00-0034771,QB,4,0.21173640321291617,1,Depth,1,4,14,B41F_FROZEN_MODEL_CURRENT_2026_COMPLETED_WEEKS,NOT_CALIBRATED_B42_DOES_NOT_INVENT_CONFIDENCE_THRESHOLDS
4464,00-0033319,QB,4,0.20942246850414706,1,Depth,1,4,14,B41F_FROZEN_MODEL_CURRENT_2026_COMPLETED_WEEKS,NOT_CALIBRATED_B42_DOES_NOT_INVENT_CONFIDENCE_THRESHOLDS
7527,00-0036972,QB,4,0.19987036298093819,1,Depth,1,4,14,B41F_FROZEN_MODEL_CURRENT_2026_COMPLETED_WEEKS,NOT_CALIBRATED_B42_DOES_NOT_INVENT_CONFIDENCE_THRESHOLDS
12500,00-0040234,QB,4,0.16308777750035644,0,Speculative,1,4,14,B41F_FROZEN_MODEL_CURRENT_2026_COMPLETED_WEEKS,NOT_CALIBRATED_B42_DOES_NOT_INVENT_CONFIDENCE_THRESHOLDS
12524,00-0040668,QB,4,0.15666881635167129,0,Speculative,1,4,14,B41F_FROZEN_MODEL_CURRENT_2026_COMPLETED_WEEKS,NOT_CALIBRATED_B42_DOES_NOT_INVENT_CONFIDENCE_THRESHOLDS
7591,00-0036945,QB,4,0.15666881635167129,0,Speculative,1,4,14,B41F_FROZEN_MODEL_CURRENT_2026_COMPLETED_WEEKS,NOT_CALIBRATED_B42_DOES_NOT_INVENT_CONFIDENCE_THRESHOLDS
829,00-0027973,QB,4,0.13900037953914443,0,Speculative,1,4,14,B41F_FROZEN_MODEL_CURRENT_2026_COMPLETED_WEEKS,NOT_CALIBRATED_B42_DOES_NOT_INVENT_CONFIDENCE_THRESHOLDS
8151,00-0038134,RB,4,0.92764827953602735,6,Elite,4,5,17,B41F_FROZEN_MODEL_CURRENT_2026_COMPLETED_WEEKS,NOT_CALIBRATED_B42_DOES_NOT_INVENT_CONFIDENCE_THRESHOLDS
9221,00-0039139,RB,4,0.90826232409087437,6,Elite,4,5,17,B41F_FROZEN_MODEL_CURRENT_2026_COMPLETED_WEEKS,NOT_CALIBRATED_B42_DOES_NOT_INVENT_CONFIDENCE_THRESHOLDS
9509,00-0038542,RB,4,0.90749075210909391,6,Elite,4,5,17,B41F_FROZEN_MODEL_CURRENT_2026_COMPLETED_WEEKS,NOT_CALIBRATED_B42_DOES_NOT_INVENT_CONFIDENCE_THRESHOLDS
6813,00-0036223,RB,4,0.90742750043793163,6,Elite,4,5,17,B41F_FROZEN_MODEL_CURRENT_2026_COMPLETED_WEEKS,NOT_CALIBRATED_B42_DOES_NOT_INVENT_CONFIDENCE_THRESHOLDS
12527,00-0040122,RB,4,0.8869099999757305,6,Elite,4,5,17,B41F_FROZEN_MODEL_CURRENT_2026_COMPLETED_WEEKS,NOT_CALIBRATED_B42_DOES_NOT_INVENT_CONFIDENCE_THRESHOLDS
3198,00-0032764,RB,4,0.87964737700214723,6,Elite,4,5,17,B41F_FROZEN_MODEL_CURRENT_2026_COMPLETED_WEEKS,NOT_CALIBRATED_B42_DOES_NOT_INVENT_CONFIDENCE_THRESHOLDS
4199,00-0033293,RB,4,0.87620738240201701,6,Elite,4,5,17,B41F_FROZEN_MODEL_CURRENT_2026_COMPLETED_WEEKS,NOT_CALIBRATED_B42_DOES_NOT_INVENT_CONFIDENCE_THRESHOLDS
7588,00-0036997,RB,4,0.87456077863737536,6,Elite,4,5,17,B41F_FROZEN_MODEL_CURRENT_2026_COMPLETED_WEEKS,NOT_CALIBRATED_B42_DOES_NOT_INVENT_CONFIDENCE_THRESHOLDS
7594,00-0036555,RB,4,0.86663076264874983,6,Elite,4,5,17,B41F_FROZEN_MODEL_CURRENT_2026_COMPLETED_WEEKS,NOT_CALIBRATED_B42_DOES_NOT_INVENT_CONFIDENCE_THRESHOLDS
8138,00-0037248,RB,4,0.85675277717222209,6,Elite,4,5,17,B41F_FROZEN_MODEL_CURRENT_2026_COMPLETED_WEEKS,NOT_CALIBRATED_B42_DOES_NOT_INVENT_CONFIDENCE_THRESHOLDS
8150,00-0037840,RB,4,0.85490197110069321,6,Elite,4,5,17,B41F_FROZEN_MODEL_CURRENT_2026_COMPLETED_WEEKS,NOT_CALIBRATED_B42_DOES_NOT_INVENT_CONFIDENCE_THRESHOLDS
8155,00-0038120,RB,4,0.8325033014119847,6,Elite,3,5,17,B41F_FROZEN_MODEL_CURRENT_2026_COMPLETED_WEEKS,NOT_CALIBRATED_B42_DOES_NOT_INVENT_CONFIDENCE_THRESHOLDS
8228,00-0037228,RB,4,0.83033375731652836,6,Elite,4,5,17,B41F_FROZEN_MODEL_CURRENT_2026_COMPLETED_WEEKS,NOT_CALIBRATED_B42_DOES_NOT_INVENT_CONFIDENCE_THRESHOLDS
12512,00-0040784,RB,4,0.82792602431723639,6,Elite,4,5,17,B41F_FROZEN_MODEL_CURRENT_2026_COMPLETED_WEEKS,NOT_CALIBRATED_B42_DOES_NOT_INVENT_CONFIDENCE_THRESHOLDS
9224,00-0038597,RB,4,0.82497922054173933,6,Elite,4,5,17,B41F_FROZEN_MODEL_CURRENT_2026_COMPLETED_WEEKS,NOT_CALIBRATED_B42_DOES_NOT_INVENT_CONFIDENCE_THRESHOLDS
4034,00-0033280,RB,4,0.81788903044838512,6,Elite,4,5,17,B41F_FROZEN_MODEL_CURRENT_2026_COMPLETED_WEEKS,NOT_CALIBRATED_B42_DOES_NOT_INVENT_CONFIDENCE_THRESHOLDS
6790,00-0036275,RB,4,0.81787172422029253,6,Elite,4,5,17,B41F_FROZEN_MODEL_CURRENT_2026_COMPLETED_WEEKS,NOT_CALIBRATED_B42_DOES_NOT_INVENT_CONFIDENCE_THRESHOLDS
12534,00-0040236,RB,4,0.80959441270804899,6,Elite,4,5,17,B41F_FROZEN_MODEL_CURRENT_2026_COMPLETED_WEEKS,NOT_CALIBRATED_B42_DOES_NOT_INVENT_CONFIDENCE_THRESHOLDS
12481,00-0040715,RB,4,0.80945011669675537,6,Elite,4,5,17,B41F_FROZEN_MODEL_CURRENT_2026_COMPLETED_WEEKS,NOT_CALIBRATED_B42_DOES_NOT_INVENT_CONFIDENCE_THRESHOLDS
12490,00-0040719,RB,4,0.79402290999800984,6,Elite,4,5,17,B41F_FROZEN_MODEL_CURRENT_2026_COMPLETED_WEEKS,NOT_CALIBRATED_B42_DOES_NOT_INVENT_CONFIDENCE_THRESHOLDS
11584,00-0039361,RB,4,0.78450384476606616,6,Elite,4,5,17,B41F_FROZEN_MODEL_CURRENT_2026_COMPLETED_WEEKS,NOT_CALIBRATED_B42_DOES_NOT_INVENT_CONFIDENCE_THRESHOLDS
11435,00-0038797,RB,4,0.77909207192550023,6,Elite,4,5,17,B41F_FROZEN_MODEL_CURRENT_2026_COMPLETED_WEEKS,NOT_CALIBRATED_B42_DOES_NOT_INVENT_CONFIDENCE_THRESHOLDS
5967,00-0035261,RB,4,0.77507299737039248,6,Elite,4,5,17,B41F_FROZEN_MODEL_CURRENT_2026_COMPLETED_WEEKS,NOT_CALIBRATED_B42_DOES_NOT_INVENT_CONFIDENCE_THRESHOLDS
13287,00-0041027,RB,4,0.76945668785704335,5,Every-Down,4,5,17,B41F_FROZEN_MODEL_CURRENT_2026_COMPLETED_WEEKS,NOT_CALIBRATED_B42_DOES_NOT_INVENT_CONFIDENCE_THRESHOLDS
12507,00-0040666,RB,4,0.76191603954626674,5,Every-Down,4,5,17,B41F_FROZEN_MODEL_CURRENT_2026_COMPLETED_WEEKS,NOT_CALIBRATED_B42_DOES_NOT_INVENT_CONFIDENCE_THRESHOLDS
7611,00-0036875,RB,4,0.7565540980981792,5,Every-Down,4,5,17,B41F_FROZEN_MODEL_CURRENT_2026_COMPLETED_WEEKS,NOT_CALIBRATED_B42_DOES_NOT_INVENT_CONFIDENCE_THRESHOLDS
4035,00-0033906,RB,4,0.74412195931573244,5,Every-Down,3,5,17,B41F_FROZEN_MODEL_CURRENT_2026_COMPLETED_WEEKS,NOT_CALIBRATED_B42_DOES_NOT_INVENT_CONFIDENCE_THRESHOLDS
7543,00-0036973,RB,4,0.73229707013555623,5,Every-Down,3,5,17,B41F_FROZEN_MODEL_CURRENT_2026_COMPLETED_WEEKS,NOT_CALIBRATED_B42_DOES_NOT_INVENT_CONFIDENCE_THRESHOLDS
8408,00-0037525,RB,4,0.72876338523223905,5,Every-Down,1,5,17,B41F_FROZEN_MODEL_CURRENT_2026_COMPLETED_WEEKS,NOT_CALIBRATED_B42_DOES_NOT_INVENT_CONFIDENCE_THRESHOLDS
8154,00-0037746,RB,4,0.72820724397189807,5,Every-Down,4,5,17,B41F_FROZEN_MODEL_CURRENT_2026_COMPLETED_WEEKS,NOT_CALIBRATED_B42_DOES_NOT_INVENT_CONFIDENCE_THRESHOLDS
12533,00-0040242,RB,4,0.7228347489808773,5,Every-Down,4,5,17,B41F_FROZEN_MODEL_CURRENT_2026_COMPLETED_WEEKS,NOT_CALIBRATED_B42_DOES_NOT_INVENT_CONFIDENCE_THRESHOLDS
5892,00-0035685,RB,4,0.69741593669285673,4,Starter,4,5,17,B41F_FROZEN_MODEL_CURRENT_2026_COMPLETED_WEEKS,NOT_CALIBRATED_B42_DOES_NOT_INVENT_CONFIDENCE_THRESHOLDS
12495,00-0040198,RB,4,0.69019984370047816,4,Starter,4,5,17,B41F_FROZEN_MODEL_CURRENT_2026_COMPLETED_WEEKS,NOT_CALIBRATED_B42_DOES_NOT_INVENT_CONFIDENCE_THRESHOLDS
8136,00-0037256,RB,4,0.68777558218685431,4,Starter,3,5,17,B41F_FROZEN_MODEL_CURRENT_2026_COMPLETED_WEEKS,NOT_CALIBRATED_B42_DOES_NOT_INVENT_CONFIDENCE_THRESHOLDS
11576,00-0039794,RB,4,0.6845408838203012,4,Starter,4,5,17,B41F_FROZEN_MODEL_CURRENT_2026_COMPLETED_WEEKS,NOT_CALIBRATED_B42_DOES_NOT_INVENT_CONFIDENCE_THRESHOLDS
12529,00-0040734,RB,4,0.67938755969511122,4,Starter,3,5,17,B41F_FROZEN_MODEL_CURRENT_2026_COMPLETED_WEEKS,NOT_CALIBRATED_B42_DOES_NOT_INVENT_CONFIDENCE_THRESHOLDS
9226,00-0039040,RB,4,0.67678608063306356,4,Starter,3,5,17,B41F_FROZEN_MODEL_CURRENT_2026_COMPLETED_WEEKS,NOT_CALIBRATED_B42_DOES_NOT_INVENT_CONFIDENCE_THRESHOLDS
8132,00-0037263,RB,4,0.67214822102597449,4,Starter,4,5,17,B41F_FROZEN_MODEL_CURRENT_2026_COMPLETED_WEEKS,NOT_CALIBRATED_B42_DOES_NOT_INVENT_CONFIDENCE_THRESHOLDS
9511,00-0038454,RB,4,0.66605143476843842,4,Starter,4,5,17,B41F_FROZEN_MODEL_CURRENT_2026_COMPLETED_WEEKS,NOT_CALIBRATED_B42_DOES_NOT_INVENT_CONFIDENCE_THRESHOLDS
6806,00-0036158,RB,4,0.66240200632096879,4,Starter,4,5,17,B41F_FROZEN_MODEL_CURRENT_2026_COMPLETED_WEEKS,NOT_CALIBRATED_B42_DOES_NOT_INVENT_CONFIDENCE_THRESHOLDS
12489,00-0040730,RB,4,0.66088272990826358,4,Starter,3,5,17,B41F_FROZEN_MODEL_CURRENT_2026_COMPLETED_WEEKS,NOT_CALIBRATED_B42_DOES_NOT_INVENT_CONFIDENCE_THRESHOLDS
11581,00-0039811,RB,4,0.65469115002323286,4,Starter,4,5,17,B41F_FROZEN_MODEL_CURRENT_2026_COMPLETED_WEEKS,NOT_CALIBRATED_B42_DOES_NOT_INVENT_CONFIDENCE_THRESHOLDS
12474,00-0040583,RB,4,0.65233847515534416,4,Starter,4,5,17,B41F_FROZEN_MODEL_CURRENT_2026_COMPLETED_WEEKS,NOT_CALIBRATED_B42_DOES_NOT_INVENT_CONFIDENCE_THRESHOLDS
7021,00-0036139,RB,4,0.63887236391051039,4,Starter,2,5,17,B41F_FROZEN_MODEL_CURRENT_2026_COMPLETED_WEEKS,NOT_CALIBRATED_B42_DOES_NOT_INVENT_CONFIDENCE_THRESHOLDS
13286,00-0041512,RB,4,0.63246834557208487,4,Starter,3,5,17,B41F_FROZEN_MODEL_CURRENT_2026_COMPLETED_WEEKS,NOT_CALIBRATED_B42_DOES_NOT_INVENT_CONFIDENCE_THRESHOLDS
13345,00-0041496,RB,4,0.61681454900150645,4,Starter,2,5,17,B41F_FROZEN_MODEL_CURRENT_2026_COMPLETED_WEEKS,NOT_CALIBRATED_B42_DOES_NOT_INVENT_CONFIDENCE_THRESHOLDS
11586,00-0039738,RB,4,0.61612281270850822,4,Starter,4,5,17,B41F_FROZEN_MODEL_CURRENT_2026_COMPLETED_WEEKS,NOT_CALIBRATED_B42_DOES_NOT_INVENT_CONFIDENCE_THRESHOLDS
9225,00-0038555,RB,4,0.61478021537629612,4,Starter,4,5,17,B41F_FROZEN_MODEL_CURRENT_2026_COMPLETED_WEEKS,NOT_CALIBRATED_B42_DOES_NOT_INVENT_CONFIDENCE_THRESHOLDS
4866,00-0034844,RB,4,0.59822346511156965,3,Rotational,4,5,17,B41F_FROZEN_MODEL_CURRENT_2026_COMPLETED_WEEKS,NOT_CALIBRATED_B42_DOES_NOT_INVENT_CONFIDENCE_THRESHOLDS
12048,00-0039299,RB,4,0.58329084646176421,3,Rotational,4,5,17,B41F_FROZEN_MODEL_CURRENT_2026_COMPLETED_WEEKS,NOT_CALIBRATED_B42_DOES_NOT_INVENT_CONFIDENCE_THRESHOLDS
9757,00-0038551,RB,4,0.57269051634807777,3,Rotational,3,5,17,B41F_FROZEN_MODEL_CURRENT_2026_COMPLETED_WEEKS,NOT_CALIBRATED_B42_DOES_NOT_INVENT_CONFIDENCE_THRESHOLDS
7567,00-0036919,RB,4,0.57012364468493304,3,Rotational,4,5,17,B41F_FROZEN_MODEL_CURRENT_2026_COMPLETED_WEEKS,NOT_CALIBRATED_B42_DOES_NOT_INVENT_CONFIDENCE_THRESHOLDS
6130,00-0035250,RB,4,0.56924575978401659,3,Rotational,2,5,17,B41F_FROZEN_MODEL_CURRENT_2026_COMPLETED_WEEKS,NOT_CALIBRATED_B42_DOES_NOT_INVENT_CONFIDENCE_THRESHOLDS
10219,00-0038611,RB,4,0.56189986800393821,3,Rotational,4,5,17,B41F_FROZEN_MODEL_CURRENT_2026_COMPLETED_WEEKS,NOT_CALIBRATED_B42_DOES_NOT_INVENT_CONFIDENCE_THRESHOLDS
13305,00-0040878,RB,4,0.55518242237063431,3,Rotational,4,5,17,B41F_FROZEN_MODEL_CURRENT_2026_COMPLETED_WEEKS,NOT_CALIBRATED_B42_DOES_NOT_INVENT_CONFIDENCE_THRESHOLDS
4663,00-0033699,RB,4,0.54852436743474087,3,Rotational,1,5,17,B41F_FROZEN_MODEL_CURRENT_2026_COMPLETED_WEEKS,NOT_CALIBRATED_B42_DOES_NOT_INVENT_CONFIDENCE_THRESHOLDS
13414,00-0041052,RB,4,0.54110782345913233,3,Rotational,4,5,17,B41F_FROZEN_MODEL_CURRENT_2026_COMPLETED_WEEKS,NOT_CALIBRATED_B42_DOES_NOT_INVENT_CONFIDENCE_THRESHOLDS
11583,00-0039344,RB,4,0.53855767704654567,3,Rotational,2,5,17,B41F_FROZEN_MODEL_CURRENT_2026_COMPLETED_WEEKS,NOT_CALIBRATED_B42_DOES_NOT_INVENT_CONFIDENCE_THRESHOLDS
7528,00-0036893,RB,4,0.52491663603271554,2,Understudy,3,5,17,B41F_FROZEN_MODEL_CURRENT_2026_COMPLETED_WEEKS,NOT_CALIBRATED_B42_DOES_NOT_INVENT_CONFIDENCE_THRESHOLDS
12504,00-0040142,RB,4,0.52066935991146968,2,Understudy,4,5,17,B41F_FROZEN_MODEL_CURRENT_2026_COMPLETED_WEEKS,NOT_CALIBRATED_B42_DOES_NOT_INVENT_CONFIDENCE_THRESHOLDS
11577,00-0039746,RB,4,0.51499664375092202,2,Understudy,4,5,17,B41F_FROZEN_MODEL_CURRENT_2026_COMPLETED_WEEKS,NOT_CALIBRATED_B42_DOES_NOT_INVENT_CONFIDENCE_THRESHOLDS
5995,00-0034975,RB,4,0.50285010442836697,2,Understudy,4,5,17,B41F_FROZEN_MODEL_CURRENT_2026_COMPLETED_WEEKS,NOT_CALIBRATED_B42_DOES_NOT_INVENT_CONFIDENCE_THRESHOLDS
9508,00-0039032,RB,4,0.49928515130268425,2,Understudy,4,5,17,B41F_FROZEN_MODEL_CURRENT_2026_COMPLETED_WEEKS,NOT_CALIBRATED_B42_DOES_NOT_INVENT_CONFIDENCE_THRESHOLDS
11370,00-0038685,RB,4,0.48728986362677945,2,Understudy,4,5,17,B41F_FROZEN_MODEL_CURRENT_2026_COMPLETED_WEEKS,NOT_CALIBRATED_B42_DOES_NOT_INVENT_CONFIDENCE_THRESHOLDS
11647,00-0039391,RB,4,0.48642557317427809,2,Understudy,4,5,17,B41F_FROZEN_MODEL_CURRENT_2026_COMPLETED_WEEKS,NOT_CALIBRATED_B42_DOES_NOT_INVENT_CONFIDENCE_THRESHOLDS
13337,00-0041013,RB,4,0.48640875167699898,2,Understudy,4,5,17,B41F_FROZEN_MODEL_CURRENT_2026_COMPLETED_WEEKS,NOT_CALIBRATED_B42_DOES_NOT_INVENT_CONFIDENCE_THRESHOLDS
8207,00-0037120,RB,4,0.48398245743676294,2,Understudy,2,5,17,B41F_FROZEN_MODEL_CURRENT_2026_COMPLETED_WEEKS,NOT_CALIBRATED_B42_DOES_NOT_INVENT_CONFIDENCE_THRESHOLDS
4147,00-0033526,RB,4,0.47870694543765629,2,Understudy,4,5,17,B41F_FROZEN_MODEL_CURRENT_2026_COMPLETED_WEEKS,NOT_CALIBRATED_B42_DOES_NOT_INVENT_CONFIDENCE_THRESHOLDS
12472,00-0040466,RB,4,0.47061730250900669,2,Understudy,4,5,17,B41F_FROZEN_MODEL_CURRENT_2026_COMPLETED_WEEKS,NOT_CALIBRATED_B42_DOES_NOT_INVENT_CONFIDENCE_THRESHOLDS
13424,00-0041125,RB,4,0.46522958375118229,2,Understudy,4,5,17,B41F_FROZEN_MODEL_CURRENT_2026_COMPLETED_WEEKS,NOT_CALIBRATED_B42_DOES_NOT_INVENT_CONFIDENCE_THRESHOLDS
8208,00-0037085,RB,4,0.46069797648038258,2,Understudy,3,5,17,B41F_FROZEN_MODEL_CURRENT_2026_COMPLETED_WEEKS,NOT_CALIBRATED_B42_DOES_NOT_INVENT_CONFIDENCE_THRESHOLDS
6828,00-0036265,RB,4,0.45774456983234318,2,Understudy,4,5,17,B41F_FROZEN_MODEL_CURRENT_2026_COMPLETED_WEEKS,NOT_CALIBRATED_B42_DOES_NOT_INVENT_CONFIDENCE_THRESHOLDS
6039,00-0035537,RB,4,0.44225981027320926,2,Understudy,2,5,17,B41F_FROZEN_MODEL_CURRENT_2026_COMPLETED_WEEKS,NOT_CALIBRATED_B42_DOES_NOT_INVENT_CONFIDENCE_THRESHOLDS
11729,00-0039364,RB,4,0.43689762445583397,2,Understudy,4,5,17,B41F_FROZEN_MODEL_CURRENT_2026_COMPLETED_WEEKS,NOT_CALIBRATED_B42_DOES_NOT_INVENT_CONFIDENCE_THRESHOLDS
13277,00-0041326,RB,4,0.41382796170546121,2,Understudy,4,5,17,B41F_FROZEN_MODEL_CURRENT_2026_COMPLETED_WEEKS,NOT_CALIBRATED_B42_DOES_NOT_INVENT_CONFIDENCE_THRESHOLDS
11643,00-0039874,RB,4,0.38115106968660911,2,Understudy,3,5,17,B41F_FROZEN_MODEL_CURRENT_2026_COMPLETED_WEEKS,NOT_CALIBRATED_B42_DOES_NOT_INVENT_CONFIDENCE_THRESHOLDS
12491,00-0040556,RB,4,0.38097679686068103,2,Understudy,4,5,17,B41F_FROZEN_MODEL_CURRENT_2026_COMPLETED_WEEKS,NOT_CALIBRATED_B42_DOES_NOT_INVENT_CONFIDENCE_THRESHOLDS
13405,00-0041096,RB,4,0.37953646365392557,2,Understudy,4,5,17,B41F_FROZEN_MODEL_CURRENT_2026_COMPLETED_WEEKS,NOT_CALIBRATED_B42_DOES_NOT_INVENT_CONFIDENCE_THRESHOLDS
11439,00-0038794,RB,4,0.37772430077039287,2,Understudy,3,5,17,B41F_FROZEN_MODEL_CURRENT_2026_COMPLETED_WEEKS,NOT_CALIBRATED_B42_DOES_NOT_INVENT_CONFIDENCE_THRESHOLDS
8195,00-0037557,RB,4,0.36664157098684352,2,Understudy,2,5,17,B41F_FROZEN_MODEL_CURRENT_2026_COMPLETED_WEEKS,NOT_CALIBRATED_B42_DOES_NOT_INVENT_CONFIDENCE_THRESHOLDS
2359,00-0032104,RB,4,0.36292387077013044,1,Depth,4,5,17,B41F_FROZEN_MODEL_CURRENT_2026_COMPLETED_WEEKS,NOT_CALIBRATED_B42_DOES_NOT_INVENT_CONFIDENCE_THRESHOLDS
13347,00-0041104,RB,4,0.3629007967024846,1,Depth,3,5,17,B41F_FROZEN_MODEL_CURRENT_2026_COMPLETED_WEEKS,NOT_CALIBRATED_B42_DOES_NOT_INVENT_CONFIDENCE_THRESHOLDS
1379,00-0029892,RB,4,0.36226923884351214,1,Depth,4,5,17,B41F_FROZEN_MODEL_CURRENT_2026_COMPLETED_WEEKS,NOT_CALIBRATED_B42_DOES_NOT_INVENT_CONFIDENCE_THRESHOLDS
11199,00-0038705,RB,4,0.36137213613709468,1,Depth,2,5,17,B41F_FROZEN_MODEL_CURRENT_2026_COMPLETED_WEEKS,NOT_CALIBRATED_B42_DOES_NOT_INVENT_CONFIDENCE_THRESHOLDS
9506,00-0038951,RB,4,0.35804905412467369,1,Depth,3,5,17,B41F_FROZEN_MODEL_CURRENT_2026_COMPLETED_WEEKS,NOT_CALIBRATED_B42_DOES_NOT_INVENT_CONFIDENCE_THRESHOLDS
6931,00-0036425,RB,4,0.34702863531131506,1,Depth,4,5,17,B41F_FROZEN_MODEL_CURRENT_2026_COMPLETED_WEEKS,NOT_CALIBRATED_B42_DOES_NOT_INVENT_CONFIDENCE_THRESHOLDS
10235,00-0039021,RB,4,0.34467001530065378,1,Depth,4,5,17,B41F_FROZEN_MODEL_CURRENT_2026_COMPLETED_WEEKS,NOT_CALIBRATED_B42_DOES_NOT_INVENT_CONFIDENCE_THRESHOLDS
8181,00-0037304,RB,4,0.34464183143860644,1,Depth,4,5,17,B41F_FROZEN_MODEL_CURRENT_2026_COMPLETED_WEEKS,NOT_CALIBRATED_B42_DOES_NOT_INVENT_CONFIDENCE_THRESHOLDS
13288,00-0040886,RB,4,0.33734487527533208,1,Depth,3,5,17,B41F_FROZEN_MODEL_CURRENT_2026_COMPLETED_WEEKS,NOT_CALIBRATED_B42_DOES_NOT_INVENT_CONFIDENCE_THRESHOLDS
6659,00-0035567,RB,4,0.32120201762746309,1,Depth,1,5,17,B41F_FROZEN_MODEL_CURRENT_2026_COMPLETED_WEEKS,NOT_CALIBRATED_B42_DOES_NOT_INVENT_CONFIDENCE_THRESHOLDS
12969,00-0040568,RB,4,0.31102779215483306,1,Depth,1,5,17,B41F_FROZEN_MODEL_CURRENT_2026_COMPLETED_WEEKS,NOT_CALIBRATED_B42_DOES_NOT_INVENT_CONFIDENCE_THRESHOLDS
12467,00-0040177,RB,4,0.3066594391387833,1,Depth,2,5,17,B41F_FROZEN_MODEL_CURRENT_2026_COMPLETED_WEEKS,NOT_CALIBRATED_B42_DOES_NOT_INVENT_CONFIDENCE_THRESHOLDS
6012,00-0035594,RB,4,0.30458296457390549,1,Depth,3,5,17,B41F_FROZEN_MODEL_CURRENT_2026_COMPLETED_WEEKS,NOT_CALIBRATED_B42_DOES_NOT_INVENT_CONFIDENCE_THRESHOLDS
11575,00-0039875,RB,4,0.28217843444016433,1,Depth,4,5,17,B41F_FROZEN_MODEL_CURRENT_2026_COMPLETED_WEEKS,NOT_CALIBRATED_B42_DOES_NOT_INVENT_CONFIDENCE_THRESHOLDS
11510,00-0038738,RB,4,0.2805804136278845,1,Depth,4,5,17,B41F_FROZEN_MODEL_CURRENT_2026_COMPLETED_WEEKS,NOT_CALIBRATED_B42_DOES_NOT_INVENT_CONFIDENCE_THRESHOLDS
11655,00-0039384,RB,4,0.27241372560849325,1,Depth,4,5,17,B41F_FROZEN_MODEL_CURRENT_2026_COMPLETED_WEEKS,NOT_CALIBRATED_B42_DOES_NOT_INVENT_CONFIDENCE_THRESHOLDS
6109,00-0035125,RB,4,0.27228355776560614,1,Depth,4,5,17,B41F_FROZEN_MODEL_CURRENT_2026_COMPLETED_WEEKS,NOT_CALIBRATED_B42_DOES_NOT_INVENT_CONFIDENCE_THRESHOLDS
14026,00-0041436,RB,4,0.25534471320467145,1,Depth,4,5,17,B41F_FROZEN_MODEL_CURRENT_2026_COMPLETED_WEEKS,NOT_CALIBRATED_B42_DOES_NOT_INVENT_CONFIDENCE_THRESHOLDS
4353,00-0033376,RB,4,0.25103208656973047,1,Depth,4,5,17,B41F_FROZEN_MODEL_CURRENT_2026_COMPLETED_WEEKS,NOT_CALIBRATED_B42_DOES_NOT_INVENT_CONFIDENCE_THRESHOLDS
11280,00-0038488,RB,4,0.24896094303388827,1,Depth,4,5,17,B41F_FROZEN_MODEL_CURRENT_2026_COMPLETED_WEEKS,NOT_CALIBRATED_B42_DOES_NOT_INVENT_CONFIDENCE_THRESHOLDS
8122,00-0037157,RB,4,0.24804923506206486,1,Depth,4,5,17,B41F_FROZEN_MODEL_CURRENT_2026_COMPLETED_WEEKS,NOT_CALIBRATED_B42_DOES_NOT_INVENT_CONFIDENCE_THRESHOLDS
11573,00-0039471,RB,4,0.24503442520066707,1,Depth,2,5,17,B41F_FROZEN_MODEL_CURRENT_2026_COMPLETED_WEEKS,NOT_CALIBRATED_B42_DOES_NOT_INVENT_CONFIDENCE_THRESHOLDS
12544,00-0040238,RB,4,0.22825676559717523,1,Depth,4,5,17,B41F_FROZEN_MODEL_CURRENT_2026_COMPLETED_WEEKS,NOT_CALIBRATED_B42_DOES_NOT_INVENT_CONFIDENCE_THRESHOLDS
9510,00-0038409,RB,4,0.22392288828249271,0,Speculative,2,5,17,B41F_FROZEN_MODEL_CURRENT_2026_COMPLETED_WEEKS,NOT_CALIBRATED_B42_DOES_NOT_INVENT_CONFIDENCE_THRESHOLDS
7204,00-0036187,RB,4,0.22054544292008135,0,Speculative,4,5,17,B41F_FROZEN_MODEL_CURRENT_2026_COMPLETED_WEEKS,NOT_CALIBRATED_B42_DOES_NOT_INVENT_CONFIDENCE_THRESHOLDS
8025,00-0036727,RB,4,0.20115415029723113,0,Speculative,4,5,17,B41F_FROZEN_MODEL_CURRENT_2026_COMPLETED_WEEKS,NOT_CALIBRATED_B42_DOES_NOT_INVENT_CONFIDENCE_THRESHOLDS
12455,00-0040078,RB,4,0.19950714792207608,0,Speculative,4,5,17,B41F_FROZEN_MODEL_CURRENT_2026_COMPLETED_WEEKS,NOT_CALIBRATED_B42_DOES_NOT_INVENT_CONFIDENCE_THRESHOLDS
2471,00-0031595,RB,4,0.1813054923979496,0,Speculative,4,5,17,B41F_FROZEN_MODEL_CURRENT_2026_COMPLETED_WEEKS,NOT_CALIBRATED_B42_DOES_NOT_INVENT_CONFIDENCE_THRESHOLDS
11571,00-0039798,RB,4,0.15786847491967762,0,Speculative,4,5,17,B41F_FROZEN_MODEL_CURRENT_2026_COMPLETED_WEEKS,NOT_CALIBRATED_B42_DOES_NOT_INVENT_CONFIDENCE_THRESHOLDS
12939,00-0040394,RB,4,0.15537028593073451,0,Speculative,2,5,17,B41F_FROZEN_MODEL_CURRENT_2026_COMPLETED_WEEKS,NOT_CALIBRATED_B42_DOES_NOT_INVENT_CONFIDENCE_THRESHOLDS
8223,00-0037745,RB,4,0.15537028593073451,0,Speculative,3,5,17,B41F_FROZEN_MODEL_CURRENT_2026_COMPLETED_WEEKS,NOT_CALIBRATED_B42_DOES_NOT_INVENT_CONFIDENCE_THRESHOLDS
11273,00-0038489,RB,4,0.1537048266047725,0,Speculative,4,5,17,B41F_FROZEN_MODEL_CURRENT_2026_COMPLETED_WEEKS,NOT_CALIBRATED_B42_DOES_NOT_INVENT_CONFIDENCE_THRESHOLDS
13433,00-0041398,RB,4,0.15287209694179146,0,Speculative,4,5,17,B41F_FROZEN_MODEL_CURRENT_2026_COMPLETED_WEEKS,NOT_CALIBRATED_B42_DOES_NOT_INVENT_CONFIDENCE_THRESHOLDS
11237,00-0038896,RB,4,0.1493329958741221,0,Speculative,4,5,17,B41F_FROZEN_MODEL_CURRENT_2026_COMPLETED_WEEKS,NOT_CALIBRATED_B42_DOES_NOT_INVENT_CONFIDENCE_THRESHOLDS
11570,00-0039796,RB,4,0.1493329958741221,0,Speculative,4,5,17,B41F_FROZEN_MODEL_CURRENT_2026_COMPLETED_WEEKS,NOT_CALIBRATED_B42_DOES_NOT_INVENT_CONFIDENCE_THRESHOLDS
12171,00-0039603,RB,4,0.1493329958741221,0,Speculative,3,5,17,B41F_FROZEN_MODEL_CURRENT_2026_COMPLETED_WEEKS,NOT_CALIBRATED_B42_DOES_NOT_INVENT_CONFIDENCE_THRESHOLDS
12469,00-0040162,RB,4,0.1493329958741221,0,Speculative,1,5,17,B41F_FROZEN_MODEL_CURRENT_2026_COMPLETED_WEEKS,NOT_CALIBRATED_B42_DOES_NOT_INVENT_CONFIDENCE_THRESHOLDS
12543,00-0040208,RB,4,0.1493329958741221,0,Speculative,4,5,17,B41F_FROZEN_MODEL_CURRENT_2026_COMPLETED_WEEKS,NOT_CALIBRATED_B42_DOES_NOT_INVENT_CONFIDENCE_THRESHOLDS
12787,00-0040429,RB,4,0.1493329958741221,0,Speculative,1,5,17,B41F_FROZEN_MODEL_CURRENT_2026_COMPLETED_WEEKS,NOT_CALIBRATED_B42_DOES_NOT_INVENT_CONFIDENCE_THRESHOLDS
13315,00-0041415,RB,4,0.1493329958741221,0,Speculative,2,5,17,B41F_FROZEN_MODEL_CURRENT_2026_COMPLETED_WEEKS,NOT_CALIBRATED_B42_DOES_NOT_INVENT_CONFIDENCE_THRESHOLDS
13423,00-0041490,RB,4,0.1493329958741221,0,Speculative,2,5,17,B41F_FROZEN_MODEL_CURRENT_2026_COMPLETED_WEEKS,NOT_CALIBRATED_B42_DOES_NOT_INVENT_CONFIDENCE_THRESHOLDS
4718,00-0033854,RB,4,0.1493329958741221,0,Speculative,1,5,17,B41F_FROZEN_MODEL_CURRENT_2026_COMPLETED_WEEKS,NOT_CALIBRATED_B42_DOES_NOT_INVENT_CONFIDENCE_THRESHOLDS
6323,00-0034959,RB,4,0.1493329958741221,0,Speculative,4,5,17,B41F_FROZEN_MODEL_CURRENT_2026_COMPLETED_WEEKS,NOT_CALIBRATED_B42_DOES_NOT_INVENT_CONFIDENCE_THRESHOLDS
7720,00-0036842,RB,4,0.1493329958741221,0,Speculative,1,5,17,B41F_FROZEN_MODEL_CURRENT_2026_COMPLETED_WEEKS,NOT_CALIBRATED_B42_DOES_NOT_INVENT_CONFIDENCE_THRESHOLDS
8254,00-0037594,RB,4,0.1493329958741221,0,Speculative,4,5,17,B41F_FROZEN_MODEL_CURRENT_2026_COMPLETED_WEEKS,NOT_CALIBRATED_B42_DOES_NOT_INVENT_CONFIDENCE_THRESHOLDS
11574,00-0039407,RB,4,0.14238434093261035,0,Speculative,4,5,17,B41F_FROZEN_MODEL_CURRENT_2026_COMPLETED_WEEKS,NOT_CALIBRATED_B42_DOES_NOT_INVENT_CONFIDENCE_THRESHOLDS
8130,00-0037744,TE,4,0.90607464501164958,6,Elite,4,6,20,B41F_FROZEN_MODEL_CURRENT_2026_COMPLETED_WEEKS,NOT_CALIBRATED_B42_DOES_NOT_INVENT_CONFIDENCE_THRESHOLDS
11604,00-0039338,TE,4,0.90323409404034116,6,Elite,2,6,20,B41F_FROZEN_MODEL_CURRENT_2026_COMPLETED_WEEKS,NOT_CALIBRATED_B42_DOES_NOT_INVENT_CONFIDENCE_THRESHOLDS
4217,00-0033288,TE,4,0.88468340268384293,6,Elite,4,6,20,B41F_FROZEN_MODEL_CURRENT_2026_COMPLETED_WEEKS,NOT_CALIBRATED_B42_DOES_NOT_INVENT_CONFIDENCE_THRESHOLDS
10859,00-0039065,TE,4,0.87668289069977423,6,Elite,4,6,20,B41F_FROZEN_MODEL_CURRENT_2026_COMPLETED_WEEKS,NOT_CALIBRATED_B42_DOES_NOT_INVENT_CONFIDENCE_THRESHOLDS
12506,00-0040663,TE,4,0.86925439738446364,6,Elite,4,6,20,B41F_FROZEN_MODEL_CURRENT_2026_COMPLETED_WEEKS,NOT_CALIBRATED_B42_DOES_NOT_INVENT_CONFIDENCE_THRESHOLDS
5844,00-0035229,TE,4,0.86141301061719289,6,Elite,4,6,20,B41F_FROZEN_MODEL_CURRENT_2026_COMPLETED_WEEKS,NOT_CALIBRATED_B42_DOES_NOT_INVENT_CONFIDENCE_THRESHOLDS
8131,00-0037838,TE,4,0.85949681387381793,6,Elite,4,6,20,B41F_FROZEN_MODEL_CURRENT_2026_COMPLETED_WEEKS,NOT_CALIBRATED_B42_DOES_NOT_INVENT_CONFIDENCE_THRESHOLDS
1466,00-0030506,TE,4,0.85795007565173309,6,Elite,4,6,20,B41F_FROZEN_MODEL_CURRENT_2026_COMPLETED_WEEKS,NOT_CALIBRATED_B42_DOES_NOT_INVENT_CONFIDENCE_THRESHOLDS
7002,00-0036040,TE,4,0.85110387743137017,6,Elite,4,6,20,B41F_FROZEN_MODEL_CURRENT_2026_COMPLETED_WEEKS,NOT_CALIBRATED_B42_DOES_NOT_INVENT_CONFIDENCE_THRESHOLDS
12518,00-0040128,TE,4,0.84137842220113945,6,Elite,4,6,20,B41F_FROZEN_MODEL_CURRENT_2026_COMPLETED_WEEKS,NOT_CALIBRATED_B42_DOES_NOT_INVENT_CONFIDENCE_THRESHOLDS
9482,00-0039066,TE,4,0.82261335671217117,5,Every-Down,4,6,20,B41F_FROZEN_MODEL_CURRENT_2026_COMPLETED_WEEKS,NOT_CALIBRATED_B42_DOES_NOT_INVENT_CONFIDENCE_THRESHOLDS
8111,00-0038129,TE,4,0.82148274525439935,5,Every-Down,4,6,20,B41F_FROZEN_MODEL_CURRENT_2026_COMPLETED_WEEKS,NOT_CALIBRATED_B42_DOES_NOT_INVENT_CONFIDENCE_THRESHOLDS
9484,00-0038996,TE,4,0.81651253434013982,5,Every-Down,4,6,20,B41F_FROZEN_MODEL_CURRENT_2026_COMPLETED_WEEKS,NOT_CALIBRATED_B42_DOES_NOT_INVENT_CONFIDENCE_THRESHOLDS
9480,00-0038935,TE,4,0.81085028184244912,5,Every-Down,4,6,20,B41F_FROZEN_MODEL_CURRENT_2026_COMPLETED_WEEKS,NOT_CALIBRATED_B42_DOES_NOT_INVENT_CONFIDENCE_THRESHOLDS
10236,00-0038933,TE,4,0.80312120783944696,5,Every-Down,4,6,20,B41F_FROZEN_MODEL_CURRENT_2026_COMPLETED_WEEKS,NOT_CALIBRATED_B42_DOES_NOT_INVENT_CONFIDENCE_THRESHOLDS
5001,00-0034383,TE,4,0.79923008694495135,5,Every-Down,4,6,20,B41F_FROZEN_MODEL_CURRENT_2026_COMPLETED_WEEKS,NOT_CALIBRATED_B42_DOES_NOT_INVENT_CONFIDENCE_THRESHOLDS
7600,00-0036894,TE,4,0.79504969937789582,5,Every-Down,4,6,20,B41F_FROZEN_MODEL_CURRENT_2026_COMPLETED_WEEKS,NOT_CALIBRATED_B42_DOES_NOT_INVENT_CONFIDENCE_THRESHOLDS
5012,00-0034753,TE,4,0.78751382353383526,5,Every-Down,4,6,20,B41F_FROZEN_MODEL_CURRENT_2026_COMPLETED_WEEKS,NOT_CALIBRATED_B42_DOES_NOT_INVENT_CONFIDENCE_THRESHOLDS
13330,00-0041032,TE,4,0.78086319049688524,5,Every-Down,4,6,20,B41F_FROZEN_MODEL_CURRENT_2026_COMPLETED_WEEKS,NOT_CALIBRATED_B42_DOES_NOT_INVENT_CONFIDENCE_THRESHOLDS
4993,00-0034829,TE,4,0.75986836651098211,5,Every-Down,4,6,20,B41F_FROZEN_MODEL_CURRENT_2026_COMPLETED_WEEKS,NOT_CALIBRATED_B42_DOES_NOT_INVENT_CONFIDENCE_THRESHOLDS
8110,00-0038041,TE,4,0.7580779756035646,5,Every-Down,4,6,20,B41F_FROZEN_MODEL_CURRENT_2026_COMPLETED_WEEKS,NOT_CALIBRATED_B42_DOES_NOT_INVENT_CONFIDENCE_THRESHOLDS
12517,00-0040126,TE,4,0.75727882294686144,5,Every-Down,4,6,20,B41F_FROZEN_MODEL_CURRENT_2026_COMPLETED_WEEKS,NOT_CALIBRATED_B42_DOES_NOT_INVENT_CONFIDENCE_THRESHOLDS
2505,00-0031610,TE,4,0.75382783978721835,5,Every-Down,4,6,20,B41F_FROZEN_MODEL_CURRENT_2026_COMPLETED_WEEKS,NOT_CALIBRATED_B42_DOES_NOT_INVENT_CONFIDENCE_THRESHOLDS
11603,00-0039793,TE,4,0.75328120024697165,5,Every-Down,4,6,20,B41F_FROZEN_MODEL_CURRENT_2026_COMPLETED_WEEKS,NOT_CALIBRATED_B42_DOES_NOT_INVENT_CONFIDENCE_THRESHOLDS
3271,00-0033110,TE,4,0.74768532889249184,5,Every-Down,4,6,20,B41F_FROZEN_MODEL_CURRENT_2026_COMPLETED_WEEKS,NOT_CALIBRATED_B42_DOES_NOT_INVENT_CONFIDENCE_THRESHOLDS
5857,00-0035644,TE,4,0.74723197521839002,5,Every-Down,3,6,20,B41F_FROZEN_MODEL_CURRENT_2026_COMPLETED_WEEKS,NOT_CALIBRATED_B42_DOES_NOT_INVENT_CONFIDENCE_THRESHOLDS
3214,00-0033090,TE,4,0.74520363770518938,5,Every-Down,4,6,20,B41F_FROZEN_MODEL_CURRENT_2026_COMPLETED_WEEKS,NOT_CALIBRATED_B42_DOES_NOT_INVENT_CONFIDENCE_THRESHOLDS
5022,00-0034351,TE,4,0.74313713134725312,5,Every-Down,2,6,20,B41F_FROZEN_MODEL_CURRENT_2026_COMPLETED_WEEKS,NOT_CALIBRATED_B42_DOES_NOT_INVENT_CONFIDENCE_THRESHOLDS
9479,00-0038558,TE,4,0.72977399780022079,4,Starter,4,6,20,B41F_FROZEN_MODEL_CURRENT_2026_COMPLETED_WEEKS,NOT_CALIBRATED_B42_DOES_NOT_INVENT_CONFIDENCE_THRESHOLDS
12493,00-0040189,TE,4,0.71733604071872092,4,Starter,4,6,20,B41F_FROZEN_MODEL_CURRENT_2026_COMPLETED_WEEKS,NOT_CALIBRATED_B42_DOES_NOT_INVENT_CONFIDENCE_THRESHOLDS
4066,00-0033881,TE,4,0.69655811661625444,4,Starter,4,6,20,B41F_FROZEN_MODEL_CURRENT_2026_COMPLETED_WEEKS,NOT_CALIBRATED_B42_DOES_NOT_INVENT_CONFIDENCE_THRESHOLDS
12502,00-0040584,TE,4,0.68313654918736555,4,Starter,4,6,20,B41F_FROZEN_MODEL_CURRENT_2026_COMPLETED_WEEKS,NOT_CALIBRATED_B42_DOES_NOT_INVENT_CONFIDENCE_THRESHOLDS
12487,00-0040737,TE,4,0.66898384612517914,4,Starter,3,6,20,B41F_FROZEN_MODEL_CURRENT_2026_COMPLETED_WEEKS,NOT_CALIBRATED_B42_DOES_NOT_INVENT_CONFIDENCE_THRESHOLDS
6826,00-0036290,TE,4,0.66096300772458028,4,Starter,4,6,20,B41F_FROZEN_MODEL_CURRENT_2026_COMPLETED_WEEKS,NOT_CALIBRATED_B42_DOES_NOT_INVENT_CONFIDENCE_THRESHOLDS
7694,00-0037005,TE,4,0.65416574271922068,3,Rotational,4,6,20,B41F_FROZEN_MODEL_CURRENT_2026_COMPLETED_WEEKS,NOT_CALIBRATED_B42_DOES_NOT_INVENT_CONFIDENCE_THRESHOLDS
8172,00-0037252,TE,4,0.64335831877282257,3,Rotational,4,6,20,B41F_FROZEN_MODEL_CURRENT_2026_COMPLETED_WEEKS,NOT_CALIBRATED_B42_DOES_NOT_INVENT_CONFIDENCE_THRESHOLDS
4033,00-0033885,TE,4,0.63978978693035971,3,Rotational,2,6,20,B41F_FROZEN_MODEL_CURRENT_2026_COMPLETED_WEEKS,NOT_CALIBRATED_B42_DOES_NOT_INVENT_CONFIDENCE_THRESHOLDS
7828,00-0036637,TE,4,0.63796225277695895,3,Rotational,4,6,20,B41F_FROZEN_MODEL_CURRENT_2026_COMPLETED_WEEKS,NOT_CALIBRATED_B42_DOES_NOT_INVENT_CONFIDENCE_THRESHOLDS
8210,00-0037809,TE,4,0.63334606596080445,3,Rotational,2,6,20,B41F_FROZEN_MODEL_CURRENT_2026_COMPLETED_WEEKS,NOT_CALIBRATED_B42_DOES_NOT_INVENT_CONFIDENCE_THRESHOLDS
5906,00-0035689,TE,4,0.63148650991881938,3,Rotational,4,6,20,B41F_FROZEN_MODEL_CURRENT_2026_COMPLETED_WEEKS,NOT_CALIBRATED_B42_DOES_NOT_INVENT_CONFIDENCE_THRESHOLDS
13421,00-0041395,TE,4,0.62912934916943408,3,Rotational,3,6,20,B41F_FROZEN_MODEL_CURRENT_2026_COMPLETED_WEEKS,NOT_CALIBRATED_B42_DOES_NOT_INVENT_CONFIDENCE_THRESHOLDS
7553,00-0036970,TE,4,0.62896503108056612,3,Rotational,4,6,20,B41F_FROZEN_MODEL_CURRENT_2026_COMPLETED_WEEKS,NOT_CALIBRATED_B42_DOES_NOT_INVENT_CONFIDENCE_THRESHOLDS
5985,00-0034981,TE,4,0.60396896430256286,3,Rotational,4,6,20,B41F_FROZEN_MODEL_CURRENT_2026_COMPLETED_WEEKS,NOT_CALIBRATED_B42_DOES_NOT_INVENT_CONFIDENCE_THRESHOLDS
12473,00-0040187,TE,4,0.58870652192609829,3,Rotational,4,6,20,B41F_FROZEN_MODEL_CURRENT_2026_COMPLETED_WEEKS,NOT_CALIBRATED_B42_DOES_NOT_INVENT_CONFIDENCE_THRESHOLDS
8145,00-0037805,TE,4,0.58500995210606588,3,Rotational,4,6,20,B41F_FROZEN_MODEL_CURRENT_2026_COMPLETED_WEEKS,NOT_CALIBRATED_B42_DOES_NOT_INVENT_CONFIDENCE_THRESHOLDS
8127,00-0038046,TE,4,0.58108440113659021,3,Rotational,2,6,20,B41F_FROZEN_MODEL_CURRENT_2026_COMPLETED_WEEKS,NOT_CALIBRATED_B42_DOES_NOT_INVENT_CONFIDENCE_THRESHOLDS
10231,00-0039041,TE,4,0.57226974493498506,3,Rotational,4,6,20,B41F_FROZEN_MODEL_CURRENT_2026_COMPLETED_WEEKS,NOT_CALIBRATED_B42_DOES_NOT_INVENT_CONFIDENCE_THRESHOLDS
5973,00-0035249,TE,4,0.56384604360129886,3,Rotational,3,6,20,B41F_FROZEN_MODEL_CURRENT_2026_COMPLETED_WEEKS,NOT_CALIBRATED_B42_DOES_NOT_INVENT_CONFIDENCE_THRESHOLDS
11433,00-0038783,TE,4,0.55671333756865216,3,Rotational,4,6,20,B41F_FROZEN_MODEL_CURRENT_2026_COMPLETED_WEEKS,NOT_CALIBRATED_B42_DOES_NOT_INVENT_CONFIDENCE_THRESHOLDS
3202,00-0032392,TE,4,0.5558623841646706,3,Rotational,4,6,20,B41F_FROZEN_MODEL_CURRENT_2026_COMPLETED_WEEKS,NOT_CALIBRATED_B42_DOES_NOT_INVENT_CONFIDENCE_THRESHOLDS
11597,00-0039847,TE,4,0.55533036586033846,3,Rotational,4,6,20,B41F_FROZEN_MODEL_CURRENT_2026_COMPLETED_WEEKS,NOT_CALIBRATED_B42_DOES_NOT_INVENT_CONFIDENCE_THRESHOLDS
1339,00-0030061,TE,4,0.54907297309919645,3,Rotational,2,6,20,B41F_FROZEN_MODEL_CURRENT_2026_COMPLETED_WEEKS,NOT_CALIBRATED_B42_DOES_NOT_INVENT_CONFIDENCE_THRESHOLDS
10214,00-0039074,TE,4,0.52605383715849519,2,Understudy,4,6,20,B41F_FROZEN_MODEL_CURRENT_2026_COMPLETED_WEEKS,NOT_CALIBRATED_B42_DOES_NOT_INVENT_CONFIDENCE_THRESHOLDS
4144,00-0033858,TE,4,0.52548389957861763,2,Understudy,4,6,20,B41F_FROZEN_MODEL_CURRENT_2026_COMPLETED_WEEKS,NOT_CALIBRATED_B42_DOES_NOT_INVENT_CONFIDENCE_THRESHOLDS
6865,00-0036244,TE,4,0.5252253074106179,2,Understudy,3,6,20,B41F_FROZEN_MODEL_CURRENT_2026_COMPLETED_WEEKS,NOT_CALIBRATED_B42_DOES_NOT_INVENT_CONFIDENCE_THRESHOLDS
7842,00-0036887,TE,4,0.52108305708658431,2,Understudy,4,6,20,B41F_FROZEN_MODEL_CURRENT_2026_COMPLETED_WEEKS,NOT_CALIBRATED_B42_DOES_NOT_INVENT_CONFIDENCE_THRESHOLDS
13434,00-0041524,TE,4,0.5197589585272937,2,Understudy,4,6,20,B41F_FROZEN_MODEL_CURRENT_2026_COMPLETED_WEEKS,NOT_CALIBRATED_B42_DOES_NOT_INVENT_CONFIDENCE_THRESHOLDS
4995,00-0034365,TE,4,0.51323838585505599,2,Understudy,4,6,20,B41F_FROZEN_MODEL_CURRENT_2026_COMPLETED_WEEKS,NOT_CALIBRATED_B42_DOES_NOT_INVENT_CONFIDENCE_THRESHOLDS
11201,00-0038710,TE,4,0.50655836782866215,2,Understudy,4,6,20,B41F_FROZEN_MODEL_CURRENT_2026_COMPLETED_WEEKS,NOT_CALIBRATED_B42_DOES_NOT_INVENT_CONFIDENCE_THRESHOLDS
8225,00-0038115,TE,4,0.50455444564465102,2,Understudy,4,6,20,B41F_FROZEN_MODEL_CURRENT_2026_COMPLETED_WEEKS,NOT_CALIBRATED_B42_DOES_NOT_INVENT_CONFIDENCE_THRESHOLDS
5409,00-0034613,TE,4,0.48113406448596263,2,Understudy,3,6,20,B41F_FROZEN_MODEL_CURRENT_2026_COMPLETED_WEEKS,NOT_CALIBRATED_B42_DOES_NOT_INVENT_CONFIDENCE_THRESHOLDS
13322,00-0041558,TE,4,0.47896745397741752,2,Understudy,4,6,20,B41F_FROZEN_MODEL_CURRENT_2026_COMPLETED_WEEKS,NOT_CALIBRATED_B42_DOES_NOT_INVENT_CONFIDENCE_THRESHOLDS
4314,00-0033246,TE,4,0.47786728958320573,2,Understudy,4,6,20,B41F_FROZEN_MODEL_CURRENT_2026_COMPLETED_WEEKS,NOT_CALIBRATED_B42_DOES_NOT_INVENT_CONFIDENCE_THRESHOLDS
13299,00-0041503,TE,4,0.46932582001131079,2,Understudy,4,6,20,B41F_FROZEN_MODEL_CURRENT_2026_COMPLETED_WEEKS,NOT_CALIBRATED_B42_DOES_NOT_INVENT_CONFIDENCE_THRESHOLDS
7891,00-0036754,TE,4,0.46816819905976798,2,Understudy,4,6,20,B41F_FROZEN_MODEL_CURRENT_2026_COMPLETED_WEEKS,NOT_CALIBRATED_B42_DOES_NOT_INVENT_CONFIDENCE_THRESHOLDS
12498,00-0040736,TE,4,0.45800868513514736,2,Understudy,2,6,20,B41F_FROZEN_MODEL_CURRENT_2026_COMPLETED_WEEKS,NOT_CALIBRATED_B42_DOES_NOT_INVENT_CONFIDENCE_THRESHOLDS
8219,00-0037755,TE,4,0.45603347390159921,2,Understudy,4,6,20,B41F_FROZEN_MODEL_CURRENT_2026_COMPLETED_WEEKS,NOT_CALIBRATED_B42_DOES_NOT_INVENT_CONFIDENCE_THRESHOLDS
11593,00-0039530,TE,4,0.45044164932343378,1,Depth,4,6,20,B41F_FROZEN_MODEL_CURRENT_2026_COMPLETED_WEEKS,NOT_CALIBRATED_B42_DOES_NOT_INVENT_CONFIDENCE_THRESHOLDS
7716,00-0036628,TE,4,0.44800166545758197,1,Depth,4,6,20,B41F_FROZEN_MODEL_CURRENT_2026_COMPLETED_WEEKS,NOT_CALIBRATED_B42_DOES_NOT_INVENT_CONFIDENCE_THRESHOLDS
6001,00-0035631,TE,4,0.44281286760116034,1,Depth,4,6,20,B41F_FROZEN_MODEL_CURRENT_2026_COMPLETED_WEEKS,NOT_CALIBRATED_B42_DOES_NOT_INVENT_CONFIDENCE_THRESHOLDS
7568,00-0036556,TE,4,0.44241776211702027,1,Depth,1,6,20,B41F_FROZEN_MODEL_CURRENT_2026_COMPLETED_WEEKS,NOT_CALIBRATED_B42_DOES_NOT_INVENT_CONFIDENCE_THRESHOLDS
4054,00-0033217,TE,4,0.431762039959944,1,Depth,4,6,20,B41F_FROZEN_MODEL_CURRENT_2026_COMPLETED_WEEKS,NOT_CALIBRATED_B42_DOES_NOT_INVENT_CONFIDENCE_THRESHOLDS
4189,00-0033576,TE,4,0.42774186723137353,1,Depth,4,6,20,B41F_FROZEN_MODEL_CURRENT_2026_COMPLETED_WEEKS,NOT_CALIBRATED_B42_DOES_NOT_INVENT_CONFIDENCE_THRESHOLDS
6869,00-0036422,TE,4,0.41157673617159707,1,Depth,4,6,20,B41F_FROZEN_MODEL_CURRENT_2026_COMPLETED_WEEKS,NOT_CALIBRATED_B42_DOES_NOT_INVENT_CONFIDENCE_THRESHOLDS
7535,00-0037004,TE,4,0.39377086272789286,1,Depth,4,6,20,B41F_FROZEN_MODEL_CURRENT_2026_COMPLETED_WEEKS,NOT_CALIBRATED_B42_DOES_NOT_INVENT_CONFIDENCE_THRESHOLDS
11942,00-0039686,TE,4,0.3865607084595748,1,Depth,4,6,20,B41F_FROZEN_MODEL_CURRENT_2026_COMPLETED_WEEKS,NOT_CALIBRATED_B42_DOES_NOT_INVENT_CONFIDENCE_THRESHOLDS
11596,00-0039912,TE,4,0.3851962524578818,1,Depth,4,6,20,B41F_FROZEN_MODEL_CURRENT_2026_COMPLETED_WEEKS,NOT_CALIBRATED_B42_DOES_NOT_INVENT_CONFIDENCE_THRESHOLDS
12521,00-0040739,TE,4,0.37072804772188711,1,Depth,4,6,20,B41F_FROZEN_MODEL_CURRENT_2026_COMPLETED_WEEKS,NOT_CALIBRATED_B42_DOES_NOT_INVENT_CONFIDENCE_THRESHOLDS
11599,00-0039359,TE,4,0.36374160054206583,1,Depth,4,6,20,B41F_FROZEN_MODEL_CURRENT_2026_COMPLETED_WEEKS,NOT_CALIBRATED_B42_DOES_NOT_INVENT_CONFIDENCE_THRESHOLDS
10871,00-0038547,TE,4,0.35791360090933544,1,Depth,4,6,20,B41F_FROZEN_MODEL_CURRENT_2026_COMPLETED_WEEKS,NOT_CALIBRATED_B42_DOES_NOT_INVENT_CONFIDENCE_THRESHOLDS
13319,00-0041041,TE,4,0.35055748861780173,1,Depth,3,6,20,B41F_FROZEN_MODEL_CURRENT_2026_COMPLETED_WEEKS,NOT_CALIBRATED_B42_DOES_NOT_INVENT_CONFIDENCE_THRESHOLDS
5008,00-0034798,TE,4,0.34354703057720215,1,Depth,4,6,20,B41F_FROZEN_MODEL_CURRENT_2026_COMPLETED_WEEKS,NOT_CALIBRATED_B42_DOES_NOT_INVENT_CONFIDENCE_THRESHOLDS
13273,00-0040887,TE,4,0.33959308224848817,1,Depth,4,6,20,B41F_FROZEN_MODEL_CURRENT_2026_COMPLETED_WEEKS,NOT_CALIBRATED_B42_DOES_NOT_INVENT_CONFIDENCE_THRESHOLDS
7075,00-0036429,TE,4,0.33705146211136233,1,Depth,4,6,20,B41F_FROZEN_MODEL_CURRENT_2026_COMPLETED_WEEKS,NOT_CALIBRATED_B42_DOES_NOT_INVENT_CONFIDENCE_THRESHOLDS
13307,00-0041472,TE,4,0.33670245021157047,1,Depth,3,6,20,B41F_FROZEN_MODEL_CURRENT_2026_COMPLETED_WEEKS,NOT_CALIBRATED_B42_DOES_NOT_INVENT_CONFIDENCE_THRESHOLDS
12817,00-0040081,TE,4,0.32876202333472743,1,Depth,4,6,20,B41F_FROZEN_MODEL_CURRENT_2026_COMPLETED_WEEKS,NOT_CALIBRATED_B42_DOES_NOT_INVENT_CONFIDENCE_THRESHOLDS
11592,00-0039814,TE,4,0.32599106044317494,1,Depth,4,6,20,B41F_FROZEN_MODEL_CURRENT_2026_COMPLETED_WEEKS,NOT_CALIBRATED_B42_DOES_NOT_INVENT_CONFIDENCE_THRESHOLDS
12079,00-0039518,TE,4,0.31324964695886343,1,Depth,3,6,20,B41F_FROZEN_MODEL_CURRENT_2026_COMPLETED_WEEKS,NOT_CALIBRATED_B42_DOES_NOT_INVENT_CONFIDENCE_THRESHOLDS
12700,00-0040215,TE,4,0.30186661885953731,0,Speculative,4,6,20,B41F_FROZEN_MODEL_CURRENT_2026_COMPLETED_WEEKS,NOT_CALIBRATED_B42_DOES_NOT_INVENT_CONFIDENCE_THRESHOLDS
7536,00-0036590,TE,4,0.30162904194820439,0,Speculative,4,6,20,B41F_FROZEN_MODEL_CURRENT_2026_COMPLETED_WEEKS,NOT_CALIBRATED_B42_DOES_NOT_INVENT_CONFIDENCE_THRESHOLDS
12658,00-0040194,TE,4,0.29255300825117431,0,Speculative,4,6,20,B41F_FROZEN_MODEL_CURRENT_2026_COMPLETED_WEEKS,NOT_CALIBRATED_B42_DOES_NOT_INVENT_CONFIDENCE_THRESHOLDS
8489,00-0037292,TE,4,0.29148088393875587,0,Speculative,4,6,20,B41F_FROZEN_MODEL_CURRENT_2026_COMPLETED_WEEKS,NOT_CALIBRATED_B42_DOES_NOT_INVENT_CONFIDENCE_THRESHOLDS
3048,00-0031484,TE,4,0.27208900737196506,0,Speculative,4,6,20,B41F_FROZEN_MODEL_CURRENT_2026_COMPLETED_WEEKS,NOT_CALIBRATED_B42_DOES_NOT_INVENT_CONFIDENCE_THRESHOLDS
12389,00-0039489,TE,4,0.2698634814001119,0,Speculative,2,6,20,B41F_FROZEN_MODEL_CURRENT_2026_COMPLETED_WEEKS,NOT_CALIBRATED_B42_DOES_NOT_INVENT_CONFIDENCE_THRESHOLDS
4602,00-0033757,TE,4,0.24520895998314862,0,Speculative,4,6,20,B41F_FROZEN_MODEL_CURRENT_2026_COMPLETED_WEEKS,NOT_CALIBRATED_B42_DOES_NOT_INVENT_CONFIDENCE_THRESHOLDS
10227,00-0039050,TE,4,0.23369680026561865,0,Speculative,4,6,20,B41F_FROZEN_MODEL_CURRENT_2026_COMPLETED_WEEKS,NOT_CALIBRATED_B42_DOES_NOT_INVENT_CONFIDENCE_THRESHOLDS
8523,00-0037317,TE,4,0.22633589512348323,0,Speculative,4,6,20,B41F_FROZEN_MODEL_CURRENT_2026_COMPLETED_WEEKS,NOT_CALIBRATED_B42_DOES_NOT_INVENT_CONFIDENCE_THRESHOLDS
11304,00-0038498,TE,4,0.21163874656134449,0,Speculative,4,6,20,B41F_FROZEN_MODEL_CURRENT_2026_COMPLETED_WEEKS,NOT_CALIBRATED_B42_DOES_NOT_INVENT_CONFIDENCE_THRESHOLDS
13827,00-0041314,TE,4,0.208655492320584,0,Speculative,2,6,20,B41F_FROZEN_MODEL_CURRENT_2026_COMPLETED_WEEKS,NOT_CALIBRATED_B42_DOES_NOT_INVENT_CONFIDENCE_THRESHOLDS
10224,00-0038643,TE,4,0.20195081189226197,0,Speculative,3,6,20,B41F_FROZEN_MODEL_CURRENT_2026_COMPLETED_WEEKS,NOT_CALIBRATED_B42_DOES_NOT_INVENT_CONFIDENCE_THRESHOLDS
10212,00-0038589,TE,4,0.20133786928249603,0,Speculative,4,6,20,B41F_FROZEN_MODEL_CURRENT_2026_COMPLETED_WEEKS,NOT_CALIBRATED_B42_DOES_NOT_INVENT_CONFIDENCE_THRESHOLDS
13408,00-0041084,TE,4,0.19674060731453896,0,Speculative,2,6,20,B41F_FROZEN_MODEL_CURRENT_2026_COMPLETED_WEEKS,NOT_CALIBRATED_B42_DOES_NOT_INVENT_CONFIDENCE_THRESHOLDS
13151,00-0040058,TE,4,0.19627102599880508,0,Speculative,2,6,20,B41F_FROZEN_MODEL_CURRENT_2026_COMPLETED_WEEKS,NOT_CALIBRATED_B42_DOES_NOT_INVENT_CONFIDENCE_THRESHOLDS
8698,00-0037112,TE,4,0.19472034512268077,0,Speculative,1,6,20,B41F_FROZEN_MODEL_CURRENT_2026_COMPLETED_WEEKS,NOT_CALIBRATED_B42_DOES_NOT_INVENT_CONFIDENCE_THRESHOLDS
10210,00-0038564,TE,4,0.18488335169912867,0,Speculative,4,6,20,B41F_FROZEN_MODEL_CURRENT_2026_COMPLETED_WEEKS,NOT_CALIBRATED_B42_DOES_NOT_INVENT_CONFIDENCE_THRESHOLDS
5133,00-0034270,TE,4,0.18336219770087636,0,Speculative,2,6,20,B41F_FROZEN_MODEL_CURRENT_2026_COMPLETED_WEEKS,NOT_CALIBRATED_B42_DOES_NOT_INVENT_CONFIDENCE_THRESHOLDS
13308,00-0041094,TE,4,0.1807866222898869,0,Speculative,4,6,20,B41F_FROZEN_MODEL_CURRENT_2026_COMPLETED_WEEKS,NOT_CALIBRATED_B42_DOES_NOT_INVENT_CONFIDENCE_THRESHOLDS
6529,00-0035345,TE,4,0.17864967695164991,0,Speculative,2,6,20,B41F_FROZEN_MODEL_CURRENT_2026_COMPLETED_WEEKS,NOT_CALIBRATED_B42_DOES_NOT_INVENT_CONFIDENCE_THRESHOLDS
8484,00-0037311,TE,4,0.17393715620242348,0,Speculative,3,6,20,B41F_FROZEN_MODEL_CURRENT_2026_COMPLETED_WEEKS,NOT_CALIBRATED_B42_DOES_NOT_INVENT_CONFIDENCE_THRESHOLDS
12357,00-0039648,TE,4,0.17352662864243365,0,Speculative,4,6,20,B41F_FROZEN_MODEL_CURRENT_2026_COMPLETED_WEEKS,NOT_CALIBRATED_B42_DOES_NOT_INVENT_CONFIDENCE_THRESHOLDS
12765,00-0040363,TE,4,0.1728827347896863,0,Speculative,4,6,20,B41F_FROZEN_MODEL_CURRENT_2026_COMPLETED_WEEKS,NOT_CALIBRATED_B42_DOES_NOT_INVENT_CONFIDENCE_THRESHOLDS
13580,00-0041131,TE,4,0.17030715937869684,0,Speculative,4,6,20,B41F_FROZEN_MODEL_CURRENT_2026_COMPLETED_WEEKS,NOT_CALIBRATED_B42_DOES_NOT_INVENT_CONFIDENCE_THRESHOLDS
13278,00-0041510,TE,4,0.16603326870222285,0,Speculative,3,6,20,B41F_FROZEN_MODEL_CURRENT_2026_COMPLETED_WEEKS,NOT_CALIBRATED_B42_DOES_NOT_INVENT_CONFIDENCE_THRESHOLDS
7531,00-0036825,TE,4,0.16462737348523995,0,Speculative,4,6,20,B41F_FROZEN_MODEL_CURRENT_2026_COMPLETED_WEEKS,NOT_CALIBRATED_B42_DOES_NOT_INVENT_CONFIDENCE_THRESHOLDS
13282,00-0041116,TE,4,0.16269569192699787,0,Speculative,2,6,20,B41F_FROZEN_MODEL_CURRENT_2026_COMPLETED_WEEKS,NOT_CALIBRATED_B42_DOES_NOT_INVENT_CONFIDENCE_THRESHOLDS
13400,00-0041077,TE,4,0.1604420634423821,0,Speculative,1,6,20,B41F_FROZEN_MODEL_CURRENT_2026_COMPLETED_WEEKS,NOT_CALIBRATED_B42_DOES_NOT_INVENT_CONFIDENCE_THRESHOLDS
13429,00-0041579,TE,4,0.1604420634423821,0,Speculative,4,6,20,B41F_FROZEN_MODEL_CURRENT_2026_COMPLETED_WEEKS,NOT_CALIBRATED_B42_DOES_NOT_INVENT_CONFIDENCE_THRESHOLDS
7050,00-0036332,TE,4,0.1604420634423821,0,Speculative,1,6,20,B41F_FROZEN_MODEL_CURRENT_2026_COMPLETED_WEEKS,NOT_CALIBRATED_B42_DOES_NOT_INVENT_CONFIDENCE_THRESHOLDS
7602,00-0036876,TE,4,0.1604420634423821,0,Speculative,1,6,20,B41F_FROZEN_MODEL_CURRENT_2026_COMPLETED_WEEKS,NOT_CALIBRATED_B42_DOES_NOT_INVENT_CONFIDENCE_THRESHOLDS
6786,00-0036358,WR,4,0.88882474735137951,6,Elite,4,6,20,B41F_FROZEN_MODEL_CURRENT_2026_COMPLETED_WEEKS,NOT_CALIBRATED_B42_DOES_NOT_INVENT_CONFIDENCE_THRESHOLDS
9488,00-0038543,WR,4,0.88416450676575464,6,Elite,4,6,20,B41F_FROZEN_MODEL_CURRENT_2026_COMPLETED_WEEKS,NOT_CALIBRATED_B42_DOES_NOT_INVENT_CONFIDENCE_THRESHOLDS
7547,00-0036963,WR,4,0.88346566064451026,6,Elite,4,6,20,B41F_FROZEN_MODEL_CURRENT_2026_COMPLETED_WEEKS,NOT_CALIBRATED_B42_DOES_NOT_INVENT_CONFIDENCE_THRESHOLDS
9493,00-0039075,WR,4,0.8775830340060512,6,Elite,2,6,20,B41F_FROZEN_MODEL_CURRENT_2026_COMPLETED_WEEKS,NOT_CALIBRATED_B42_DOES_NOT_INVENT_CONFIDENCE_THRESHOLDS
8144,00-0037239,WR,4,0.87702538493337379,6,Elite,4,6,20,B41F_FROZEN_MODEL_CURRENT_2026_COMPLETED_WEEKS,NOT_CALIBRATED_B42_DOES_NOT_INVENT_CONFIDENCE_THRESHOLDS
7525,00-0036912,WR,4,0.87307605150518108,6,Elite,3,6,20,B41F_FROZEN_MODEL_CURRENT_2026_COMPLETED_WEEKS,NOT_CALIBRATED_B42_DOES_NOT_INVENT_CONFIDENCE_THRESHOLDS
12526,00-0040124,WR,4,0.87053198963887279,6,Elite,4,6,20,B41F_FROZEN_MODEL_CURRENT_2026_COMPLETED_WEEKS,NOT_CALIBRATED_B42_DOES_NOT_INVENT_CONFIDENCE_THRESHOLDS
7569,00-0036554,WR,4,0.86059482744601934,6,Elite,2,6,20,B41F_FROZEN_MODEL_CURRENT_2026_COMPLETED_WEEKS,NOT_CALIBRATED_B42_DOES_NOT_INVENT_CONFIDENCE_THRESHOLDS
10232,00-0038559,WR,4,0.85886598795648528,6,Elite,4,6,20,B41F_FROZEN_MODEL_CURRENT_2026_COMPLETED_WEEKS,NOT_CALIBRATED_B42_DOES_NOT_INVENT_CONFIDENCE_THRESHOLDS
2133,00-0031381,WR,4,0.85593034142216295,6,Elite,4,6,20,B41F_FROZEN_MODEL_CURRENT_2026_COMPLETED_WEEKS,NOT_CALIBRATED_B42_DOES_NOT_INVENT_CONFIDENCE_THRESHOLDS
6801,00-0036410,WR,4,0.8523519513541038,6,Elite,4,6,20,B41F_FROZEN_MODEL_CURRENT_2026_COMPLETED_WEEKS,NOT_CALIBRATED_B42_DOES_NOT_INVENT_CONFIDENCE_THRESHOLDS
8146,00-0037740,WR,4,0.85025176938920821,6,Elite,4,6,20,B41F_FROZEN_MODEL_CURRENT_2026_COMPLETED_WEEKS,NOT_CALIBRATED_B42_DOES_NOT_INVENT_CONFIDENCE_THRESHOLDS
9997,00-0039064,WR,4,0.85005936471977728,6,Elite,3,6,20,B41F_FROZEN_MODEL_CURRENT_2026_COMPLETED_WEEKS,NOT_CALIBRATED_B42_DOES_NOT_INVENT_CONFIDENCE_THRESHOLDS
8112,00-0037238,WR,4,0.84304335194816304,6,Elite,4,6,20,B41F_FROZEN_MODEL_CURRENT_2026_COMPLETED_WEEKS,NOT_CALIBRATED_B42_DOES_NOT_INVENT_CONFIDENCE_THRESHOLDS
12501,00-0040667,WR,4,0.83531018945315616,6,Elite,4,6,20,B41F_FROZEN_MODEL_CURRENT_2026_COMPLETED_WEEKS,NOT_CALIBRATED_B42_DOES_NOT_INVENT_CONFIDENCE_THRESHOLDS
13279,00-0041438,WR,4,0.82731655394505377,6,Elite,4,6,20,B41F_FROZEN_MODEL_CURRENT_2026_COMPLETED_WEEKS,NOT_CALIBRATED_B42_DOES_NOT_INVENT_CONFIDENCE_THRESHOLDS
5846,00-0035640,WR,4,0.81693471171869381,6,Elite,4,6,20,B41F_FROZEN_MODEL_CURRENT_2026_COMPLETED_WEEKS,NOT_CALIBRATED_B42_DOES_NOT_INVENT_CONFIDENCE_THRESHOLDS
8167,00-0038124,WR,4,0.81512970576583643,6,Elite,4,6,20,B41F_FROZEN_MODEL_CURRENT_2026_COMPLETED_WEEKS,NOT_CALIBRATED_B42_DOES_NOT_INVENT_CONFIDENCE_THRESHOLDS
11834,00-0039424,WR,4,0.80721937981912273,6,Elite,4,6,20,B41F_FROZEN_MODEL_CURRENT_2026_COMPLETED_WEEKS,NOT_CALIBRATED_B42_DOES_NOT_INVENT_CONFIDENCE_THRESHOLDS
13346,00-0041037,WR,4,0.80553704489271083,6,Elite,4,6,20,B41F_FROZEN_MODEL_CURRENT_2026_COMPLETED_WEEKS,NOT_CALIBRATED_B42_DOES_NOT_INVENT_CONFIDENCE_THRESHOLDS
9487,00-0038606,WR,4,0.79042407020985073,6,Elite,4,6,20,B41F_FROZEN_MODEL_CURRENT_2026_COMPLETED_WEEKS,NOT_CALIBRATED_B42_DOES_NOT_INVENT_CONFIDENCE_THRESHOLDS
11632,00-0039337,WR,4,0.78548240000063418,6,Elite,4,6,20,B41F_FROZEN_MODEL_CURRENT_2026_COMPLETED_WEEKS,NOT_CALIBRATED_B42_DOES_NOT_INVENT_CONFIDENCE_THRESHOLDS
2449,00-0031588,WR,4,0.78438320660136585,6,Elite,4,6,20,B41F_FROZEN_MODEL_CURRENT_2026_COMPLETED_WEEKS,NOT_CALIBRATED_B42_DOES_NOT_INVENT_CONFIDENCE_THRESHOLDS
11610,00-0039880,WR,4,0.77942939712827952,6,Elite,4,6,20,B41F_FROZEN_MODEL_CURRENT_2026_COMPLETED_WEEKS,NOT_CALIBRATED_B42_DOES_NOT_INVENT_CONFIDENCE_THRESHOLDS
5927,00-0035659,WR,4,0.77842173683602722,6,Elite,3,6,20,B41F_FROZEN_MODEL_CURRENT_2026_COMPLETED_WEEKS,NOT_CALIBRATED_B42_DOES_NOT_INVENT_CONFIDENCE_THRESHOLDS
11625,00-0039890,WR,4,0.77768894873255423,6,Elite,2,6,20,B41F_FROZEN_MODEL_CURRENT_2026_COMPLETED_WEEKS,NOT_CALIBRATED_B42_DOES_NOT_INVENT_CONFIDENCE_THRESHOLDS
7526,00-0036613,WR,4,0.77593586779157631,6,Elite,4,6,20,B41F_FROZEN_MODEL_CURRENT_2026_COMPLETED_WEEKS,NOT_CALIBRATED_B42_DOES_NOT_INVENT_CONFIDENCE_THRESHOLDS
12519,00-0040735,WR,4,0.76756211992579437,6,Elite,4,6,20,B41F_FROZEN_MODEL_CURRENT_2026_COMPLETED_WEEKS,NOT_CALIBRATED_B42_DOES_NOT_INVENT_CONFIDENCE_THRESHOLDS
11646,00-0039491,WR,4,0.76529146489188649,6,Elite,3,6,20,B41F_FROZEN_MODEL_CURRENT_2026_COMPLETED_WEEKS,NOT_CALIBRATED_B42_DOES_NOT_INVENT_CONFIDENCE_THRESHOLDS
9756,00-0038994,WR,4,0.76013597504691477,6,Elite,4,6,20,B41F_FROZEN_MODEL_CURRENT_2026_COMPLETED_WEEKS,NOT_CALIBRATED_B42_DOES_NOT_INVENT_CONFIDENCE_THRESHOLDS
2216,00-0031408,WR,4,0.75899112289443338,6,Elite,4,6,20,B41F_FROZEN_MODEL_CURRENT_2026_COMPLETED_WEEKS,NOT_CALIBRATED_B42_DOES_NOT_INVENT_CONFIDENCE_THRESHOLDS
8137,00-0037247,WR,4,0.75779986038229563,6,Elite,4,6,20,B41F_FROZEN_MODEL_CURRENT_2026_COMPLETED_WEEKS,NOT_CALIBRATED_B42_DOES_NOT_INVENT_CONFIDENCE_THRESHOLDS
8148,00-0037240,WR,4,0.75644877453614279,6,Elite,4,6,20,B41F_FROZEN_MODEL_CURRENT_2026_COMPLETED_WEEKS,NOT_CALIBRATED_B42_DOES_NOT_INVENT_CONFIDENCE_THRESHOLDS
8121,00-0037816,WR,4,0.74885556544265708,6,Elite,4,6,20,B41F_FROZEN_MODEL_CURRENT_2026_COMPLETED_WEEKS,NOT_CALIBRATED_B42_DOES_NOT_INVENT_CONFIDENCE_THRESHOLDS
5872,00-0035719,WR,4,0.74618392675677914,6,Elite,4,6,20,B41F_FROZEN_MODEL_CURRENT_2026_COMPLETED_WEEKS,NOT_CALIBRATED_B42_DOES_NOT_INVENT_CONFIDENCE_THRESHOLDS
10213,00-0038563,WR,4,0.74503077873468915,6,Elite,4,6,20,B41F_FROZEN_MODEL_CURRENT_2026_COMPLETED_WEEKS,NOT_CALIBRATED_B42_DOES_NOT_INVENT_CONFIDENCE_THRESHOLDS
7564,00-0036900,WR,4,0.74259524493660012,6,Elite,4,6,20,B41F_FROZEN_MODEL_CURRENT_2026_COMPLETED_WEEKS,NOT_CALIBRATED_B42_DOES_NOT_INVENT_CONFIDENCE_THRESHOLDS
11620,00-0039919,WR,4,0.74190715072907765,6,Elite,4,6,20,B41F_FROZEN_MODEL_CURRENT_2026_COMPLETED_WEEKS,NOT_CALIBRATED_B42_DOES_NOT_INVENT_CONFIDENCE_THRESHOLDS
6794,00-0036322,WR,4,0.74159776115975529,6,Elite,3,6,20,B41F_FROZEN_MODEL_CURRENT_2026_COMPLETED_WEEKS,NOT_CALIBRATED_B42_DOES_NOT_INVENT_CONFIDENCE_THRESHOLDS
9500,00-0038997,WR,4,0.74147862459053493,6,Elite,4,6,20,B41F_FROZEN_MODEL_CURRENT_2026_COMPLETED_WEEKS,NOT_CALIBRATED_B42_DOES_NOT_INVENT_CONFIDENCE_THRESHOLDS
13296,00-0041523,WR,4,0.73578287442272605,6,Elite,2,6,20,B41F_FROZEN_MODEL_CURRENT_2026_COMPLETED_WEEKS,NOT_CALIBRATED_B42_DOES_NOT_INVENT_CONFIDENCE_THRESHOLDS
1479,00-0030279,WR,4,0.73564323848880808,6,Elite,3,6,20,B41F_FROZEN_MODEL_CURRENT_2026_COMPLETED_WEEKS,NOT_CALIBRATED_B42_DOES_NOT_INVENT_CONFIDENCE_THRESHOLDS
13298,00-0041547,WR,4,0.73531114933454023,6,Elite,4,6,20,B41F_FROZEN_MODEL_CURRENT_2026_COMPLETED_WEEKS,NOT_CALIBRATED_B42_DOES_NOT_INVENT_CONFIDENCE_THRESHOLDS
11637,00-0039901,WR,4,0.73047760500739867,6,Elite,4,6,20,B41F_FROZEN_MODEL_CURRENT_2026_COMPLETED_WEEKS,NOT_CALIBRATED_B42_DOES_NOT_INVENT_CONFIDENCE_THRESHOLDS
12514,00-0040129,WR,4,0.72987241322795171,6,Elite,4,6,20,B41F_FROZEN_MODEL_CURRENT_2026_COMPLETED_WEEKS,NOT_CALIBRATED_B42_DOES_NOT_INVENT_CONFIDENCE_THRESHOLDS
9486,00-0038393,WR,4,0.72979319345313698,6,Elite,4,6,20,B41F_FROZEN_MODEL_CURRENT_2026_COMPLETED_WEEKS,NOT_CALIBRATED_B42_DOES_NOT_INVENT_CONFIDENCE_THRESHOLDS
8126,00-0038117,WR,4,0.72814146513407696,6,Elite,4,6,20,B41F_FROZEN_MODEL_CURRENT_2026_COMPLETED_WEEKS,NOT_CALIBRATED_B42_DOES_NOT_INVENT_CONFIDENCE_THRESHOLDS
11630,00-0039739,WR,4,0.72206718007358228,5,Every-Down,4,6,20,B41F_FROZEN_MODEL_CURRENT_2026_COMPLETED_WEEKS,NOT_CALIBRATED_B42_DOES_NOT_INVENT_CONFIDENCE_THRESHOLDS
8188,00-0038104,WR,4,0.72143869697727581,5,Every-Down,4,6,20,B41F_FROZEN_MODEL_CURRENT_2026_COMPLETED_WEEKS,NOT_CALIBRATED_B42_DOES_NOT_INVENT_CONFIDENCE_THRESHOLDS
12509,00-0040727,WR,4,0.71340685012446015,5,Every-Down,4,6,20,B41F_FROZEN_MODEL_CURRENT_2026_COMPLETED_WEEKS,NOT_CALIBRATED_B42_DOES_NOT_INVENT_CONFIDENCE_THRESHOLDS
5947,00-0034960,WR,4,0.71266476411809754,5,Every-Down,4,6,20,B41F_FROZEN_MODEL_CURRENT_2026_COMPLETED_WEEKS,NOT_CALIBRATED_B42_DOES_NOT_INVENT_CONFIDENCE_THRESHOLDS
3634,00-0032464,WR,4,0.71105181010206997,5,Every-Down,4,6,20,B41F_FROZEN_MODEL_CURRENT_2026_COMPLETED_WEEKS,NOT_CALIBRATED_B42_DOES_NOT_INVENT_CONFIDENCE_THRESHOLDS
11624,00-0039894,WR,4,0.70777474038125454,5,Every-Down,4,6,20,B41F_FROZEN_MODEL_CURRENT_2026_COMPLETED_WEEKS,NOT_CALIBRATED_B42_DOES_NOT_INVENT_CONFIDENCE_THRESHOLDS
8134,00-0037261,WR,4,0.69703593693568877,5,Every-Down,4,6,20,B41F_FROZEN_MODEL_CURRENT_2026_COMPLETED_WEEKS,NOT_CALIBRATED_B42_DOES_NOT_INVENT_CONFIDENCE_THRESHOLDS
11068,00-0038839,WR,4,0.68391932866805538,5,Every-Down,1,6,20,B41F_FROZEN_MODEL_CURRENT_2026_COMPLETED_WEEKS,NOT_CALIBRATED_B42_DOES_NOT_INVENT_CONFIDENCE_THRESHOLDS
4037,00-0033921,WR,4,0.68170633716229512,5,Every-Down,4,6,20,B41F_FROZEN_MODEL_CURRENT_2026_COMPLETED_WEEKS,NOT_CALIBRATED_B42_DOES_NOT_INVENT_CONFIDENCE_THRESHOLDS
11608,00-0039451,WR,4,0.67686278753671025,5,Every-Down,4,6,20,B41F_FROZEN_MODEL_CURRENT_2026_COMPLETED_WEEKS,NOT_CALIBRATED_B42_DOES_NOT_INVENT_CONFIDENCE_THRESHOLDS
4983,00-0034827,WR,4,0.67019142512201058,5,Every-Down,4,6,20,B41F_FROZEN_MODEL_CURRENT_2026_COMPLETED_WEEKS,NOT_CALIBRATED_B42_DOES_NOT_INVENT_CONFIDENCE_THRESHOLDS
4177,00-0033555,WR,4,0.66381905294473165,5,Every-Down,4,6,20,B41F_FROZEN_MODEL_CURRENT_2026_COMPLETED_WEEKS,NOT_CALIBRATED_B42_DOES_NOT_INVENT_CONFIDENCE_THRESHOLDS
7571,00-0036550,WR,4,0.66170413336643208,5,Every-Down,4,6,20,B41F_FROZEN_MODEL_CURRENT_2026_COMPLETED_WEEKS,NOT_CALIBRATED_B42_DOES_NOT_INVENT_CONFIDENCE_THRESHOLDS
10218,00-0038618,WR,4,0.65730123017295516,5,Every-Down,4,6,20,B41F_FROZEN_MODEL_CURRENT_2026_COMPLETED_WEEKS,NOT_CALIBRATED_B42_DOES_NOT_INVENT_CONFIDENCE_THRESHOLDS
12535,00-0040669,WR,4,0.65377134003682336,5,Every-Down,4,6,20,B41F_FROZEN_MODEL_CURRENT_2026_COMPLETED_WEEKS,NOT_CALIBRATED_B42_DOES_NOT_INVENT_CONFIDENCE_THRESHOLDS
13150,00-0040024,WR,4,0.64849739110828808,5,Every-Down,4,6,20,B41F_FROZEN_MODEL_CURRENT_2026_COMPLETED_WEEKS,NOT_CALIBRATED_B42_DOES_NOT_INVENT_CONFIDENCE_THRESHOLDS
13285,00-0041042,WR,4,0.64606744432101659,5,Every-Down,4,6,20,B41F_FROZEN_MODEL_CURRENT_2026_COMPLETED_WEEKS,NOT_CALIBRATED_B42_DOES_NOT_INVENT_CONFIDENCE_THRESHOLDS
11783,00-0039410,WR,4,0.64282792717118786,5,Every-Down,4,6,20,B41F_FROZEN_MODEL_CURRENT_2026_COMPLETED_WEEKS,NOT_CALIBRATED_B42_DOES_NOT_INVENT_CONFIDENCE_THRESHOLDS
13301,00-0041040,WR,4,0.64193953890234279,5,Every-Down,4,6,20,B41F_FROZEN_MODEL_CURRENT_2026_COMPLETED_WEEKS,NOT_CALIBRATED_B42_DOES_NOT_INVENT_CONFIDENCE_THRESHOLDS
8676,00-0037545,WR,4,0.63243196589975659,5,Every-Down,4,6,20,B41F_FROZEN_MODEL_CURRENT_2026_COMPLETED_WEEKS,NOT_CALIBRATED_B42_DOES_NOT_INVENT_CONFIDENCE_THRESHOLDS
13264,00-0040785,WR,4,0.6243980440002993,4,Starter,4,6,20,B41F_FROZEN_MODEL_CURRENT_2026_COMPLETED_WEEKS,NOT_CALIBRATED_B42_DOES_NOT_INVENT_CONFIDENCE_THRESHOLDS
3286,00-0032775,WR,4,0.62386101687345186,4,Starter,2,6,20,B41F_FROZEN_MODEL_CURRENT_2026_COMPLETED_WEEKS,NOT_CALIBRATED_B42_DOES_NOT_INVENT_CONFIDENCE_THRESHOLDS
9754,00-0038544,WR,4,0.62124293159527788,4,Starter,4,6,20,B41F_FROZEN_MODEL_CURRENT_2026_COMPLETED_WEEKS,NOT_CALIBRATED_B42_DOES_NOT_INVENT_CONFIDENCE_THRESHOLDS
13317,00-0041048,WR,4,0.6205561065928531,4,Starter,4,6,20,B41F_FROZEN_MODEL_CURRENT_2026_COMPLETED_WEEKS,NOT_CALIBRATED_B42_DOES_NOT_INVENT_CONFIDENCE_THRESHOLDS
5045,00-0034348,WR,4,0.6167422267941659,4,Starter,4,6,20,B41F_FROZEN_MODEL_CURRENT_2026_COMPLETED_WEEKS,NOT_CALIBRATED_B42_DOES_NOT_INVENT_CONFIDENCE_THRESHOLDS
10229,00-0039067,WR,4,0.61526289476025908,4,Starter,4,6,20,B41F_FROZEN_MODEL_CURRENT_2026_COMPLETED_WEEKS,NOT_CALIBRATED_B42_DOES_NOT_INVENT_CONFIDENCE_THRESHOLDS
11631,00-0039893,WR,4,0.61383194488368265,4,Starter,4,6,20,B41F_FROZEN_MODEL_CURRENT_2026_COMPLETED_WEEKS,NOT_CALIBRATED_B42_DOES_NOT_INVENT_CONFIDENCE_THRESHOLDS
8119,00-0037741,WR,4,0.61047921012628503,4,Starter,4,6,20,B41F_FROZEN_MODEL_CURRENT_2026_COMPLETED_WEEKS,NOT_CALIBRATED_B42_DOES_NOT_INVENT_CONFIDENCE_THRESHOLDS
11635,00-0039915,WR,4,0.60500020403198063,4,Starter,4,6,20,B41F_FROZEN_MODEL_CURRENT_2026_COMPLETED_WEEKS,NOT_CALIBRATED_B42_DOES_NOT_INVENT_CONFIDENCE_THRESHOLDS
6819,00-0036252,WR,4,0.60395379357558676,4,Starter,3,6,20,B41F_FROZEN_MODEL_CURRENT_2026_COMPLETED_WEEKS,NOT_CALIBRATED_B42_DOES_NOT_INVENT_CONFIDENCE_THRESHOLDS
12536,00-0040138,WR,4,0.60037406542594518,4,Starter,4,6,20,B41F_FROZEN_MODEL_CURRENT_2026_COMPLETED_WEEKS,NOT_CALIBRATED_B42_DOES_NOT_INVENT_CONFIDENCE_THRESHOLDS
13294,00-0040867,WR,4,0.59774938925124743,4,Starter,4,6,20,B41F_FROZEN_MODEL_CURRENT_2026_COMPLETED_WEEKS,NOT_CALIBRATED_B42_DOES_NOT_INVENT_CONFIDENCE_THRESHOLDS
7039,00-0035891,WR,4,0.59478606171746962,4,Starter,4,9,20,B41F_FROZEN_MODEL_CURRENT_2026_COMPLETED_WEEKS,NOT_CALIBRATED_B42_DOES_NOT_INVENT_CONFIDENCE_THRESHOLDS
3155,00-0032951,WR,4,0.58722562853439375,4,Starter,4,6,20,B41F_FROZEN_MODEL_CURRENT_2026_COMPLETED_WEEKS,NOT_CALIBRATED_B42_DOES_NOT_INVENT_CONFIDENCE_THRESHOLDS
12492,00-0040134,WR,4,0.58104566207337982,4,Starter,4,6,20,B41F_FROZEN_MODEL_CURRENT_2026_COMPLETED_WEEKS,NOT_CALIBRATED_B42_DOES_NOT_INVENT_CONFIDENCE_THRESHOLDS
11628,00-0039849,WR,4,0.57723843539539366,4,Starter,4,6,20,B41F_FROZEN_MODEL_CURRENT_2026_COMPLETED_WEEKS,NOT_CALIBRATED_B42_DOES_NOT_INVENT_CONFIDENCE_THRESHOLDS
4039,00-0033908,WR,4,0.57422043051315508,4,Starter,4,6,20,B41F_FROZEN_MODEL_CURRENT_2026_COMPLETED_WEEKS,NOT_CALIBRATED_B42_DOES_NOT_INVENT_CONFIDENCE_THRESHOLDS
8135,00-0037742,WR,4,0.56613129679323937,4,Starter,3,6,20,B41F_FROZEN_MODEL_CURRENT_2026_COMPLETED_WEEKS,NOT_CALIBRATED_B42_DOES_NOT_INVENT_CONFIDENCE_THRESHOLDS
12499,00-0040170,WR,4,0.56441287039094534,4,Starter,4,6,20,B41F_FROZEN_MODEL_CURRENT_2026_COMPLETED_WEEKS,NOT_CALIBRATED_B42_DOES_NOT_INVENT_CONFIDENCE_THRESHOLDS
5859,00-0035676,WR,4,0.56297908089666526,4,Starter,1,6,20,B41F_FROZEN_MODEL_CURRENT_2026_COMPLETED_WEEKS,NOT_CALIBRATED_B42_DOES_NOT_INVENT_CONFIDENCE_THRESHOLDS
9504,00-0038608,WR,4,0.56041218670918613,3,Rotational,4,6,20,B41F_FROZEN_MODEL_CURRENT_2026_COMPLETED_WEEKS,NOT_CALIBRATED_B42_DOES_NOT_INVENT_CONFIDENCE_THRESHOLDS
9501,00-0038621,WR,4,0.55460438614801921,3,Rotational,4,6,20,B41F_FROZEN_MODEL_CURRENT_2026_COMPLETED_WEEKS,NOT_CALIBRATED_B42_DOES_NOT_INVENT_CONFIDENCE_THRESHOLDS
8142,00-0037664,WR,4,0.55167189053047383,3,Rotational,2,6,20,B41F_FROZEN_MODEL_CURRENT_2026_COMPLETED_WEEKS,NOT_CALIBRATED_B42_DOES_NOT_INVENT_CONFIDENCE_THRESHOLDS
13311,00-0041525,WR,4,0.54963398093961879,3,Rotational,4,6,20,B41F_FROZEN_MODEL_CURRENT_2026_COMPLETED_WEEKS,NOT_CALIBRATED_B42_DOES_NOT_INVENT_CONFIDENCE_THRESHOLDS
7670,00-0036988,WR,4,0.54857390577078935,3,Rotational,4,6,20,B41F_FROZEN_MODEL_CURRENT_2026_COMPLETED_WEEKS,NOT_CALIBRATED_B42_DOES_NOT_INVENT_CONFIDENCE_THRESHOLDS
12718,00-0040590,WR,4,0.54428202985038054,3,Rotational,4,6,20,B41F_FROZEN_MODEL_CURRENT_2026_COMPLETED_WEEKS,NOT_CALIBRATED_B42_DOES_NOT_INVENT_CONFIDENCE_THRESHOLDS
11157,00-0038840,WR,4,0.54351326492834873,3,Rotational,4,6,20,B41F_FROZEN_MODEL_CURRENT_2026_COMPLETED_WEEKS,NOT_CALIBRATED_B42_DOES_NOT_INVENT_CONFIDENCE_THRESHOLDS
8147,00-0037614,WR,4,0.54102850894484411,3,Rotational,3,6,20,B41F_FROZEN_MODEL_CURRENT_2026_COMPLETED_WEEKS,NOT_CALIBRATED_B42_DOES_NOT_INVENT_CONFIDENCE_THRESHOLDS
11626,00-0039342,WR,4,0.5330284906261572,3,Rotational,2,6,20,B41F_FROZEN_MODEL_CURRENT_2026_COMPLETED_WEEKS,NOT_CALIBRATED_B42_DOES_NOT_INVENT_CONFIDENCE_THRESHOLDS
3269,00-0032398,WR,4,0.53153103019043135,3,Rotational,3,6,20,B41F_FROZEN_MODEL_CURRENT_2026_COMPLETED_WEEKS,NOT_CALIBRATED_B42_DOES_NOT_INVENT_CONFIDENCE_THRESHOLDS
4454,00-0033307,WR,4,0.52790099513562216,3,Rotational,4,6,20,B41F_FROZEN_MODEL_CURRENT_2026_COMPLETED_WEEKS,NOT_CALIBRATED_B42_DOES_NOT_INVENT_CONFIDENCE_THRESHOLDS
7587,00-0036626,WR,4,0.52787283069144031,3,Rotational,4,6,20,B41F_FROZEN_MODEL_CURRENT_2026_COMPLETED_WEEKS,NOT_CALIBRATED_B42_DOES_NOT_INVENT_CONFIDENCE_THRESHOLDS
12542,00-0040563,WR,4,0.52430164386490663,3,Rotational,3,6,20,B41F_FROZEN_MODEL_CURRENT_2026_COMPLETED_WEEKS,NOT_CALIBRATED_B42_DOES_NOT_INVENT_CONFIDENCE_THRESHOLDS
6427,00-0035021,WR,4,0.52293708199262001,3,Rotational,2,6,20,B41F_FROZEN_MODEL_CURRENT_2026_COMPLETED_WEEKS,NOT_CALIBRATED_B42_DOES_NOT_INVENT_CONFIDENCE_THRESHOLDS
13394,00-0041100,WR,4,0.50871933431555127,3,Rotational,4,6,20,B41F_FROZEN_MODEL_CURRENT_2026_COMPLETED_WEEKS,NOT_CALIBRATED_B42_DOES_NOT_INVENT_CONFIDENCE_THRESHOLDS
13420,00-0041067,WR,4,0.50566442429525038,3,Rotational,4,6,20,B41F_FROZEN_MODEL_CURRENT_2026_COMPLETED_WEEKS,NOT_CALIBRATED_B42_DOES_NOT_INVENT_CONFIDENCE_THRESHOLDS
7090,00-0036309,WR,4,0.499422762605648,3,Rotational,4,6,20,B41F_FROZEN_MODEL_CURRENT_2026_COMPLETED_WEEKS,NOT_CALIBRATED_B42_DOES_NOT_INVENT_CONFIDENCE_THRESHOLDS
12485,00-0040237,WR,4,0.49388198705361552,3,Rotational,4,6,20,B41F_FROZEN_MODEL_CURRENT_2026_COMPLETED_WEEKS,NOT_CALIBRATED_B42_DOES_NOT_INVENT_CONFIDENCE_THRESHOLDS
13274,00-0041489,WR,4,0.48412683646872495,2,Understudy,4,6,20,B41F_FROZEN_MODEL_CURRENT_2026_COMPLETED_WEEKS,NOT_CALIBRATED_B42_DOES_NOT_INVENT_CONFIDENCE_THRESHOLDS
11629,00-0039792,WR,4,0.48340126855737148,2,Understudy,3,6,20,B41F_FROZEN_MODEL_CURRENT_2026_COMPLETED_WEEKS,NOT_CALIBRATED_B42_DOES_NOT_INVENT_CONFIDENCE_THRESHOLDS
13293,00-0040870,WR,4,0.48042402339414447,2,Understudy,1,6,20,B41F_FROZEN_MODEL_CURRENT_2026_COMPLETED_WEEKS,NOT_CALIBRATED_B42_DOES_NOT_INVENT_CONFIDENCE_THRESHOLDS
12483,00-0040729,WR,4,0.47903232609992186,2,Understudy,3,6,20,B41F_FROZEN_MODEL_CURRENT_2026_COMPLETED_WEEKS,NOT_CALIBRATED_B42_DOES_NOT_INVENT_CONFIDENCE_THRESHOLDS
10222,00-0039146,WR,4,0.46503394290899497,2,Understudy,2,6,20,B41F_FROZEN_MODEL_CURRENT_2026_COMPLETED_WEEKS,NOT_CALIBRATED_B42_DOES_NOT_INVENT_CONFIDENCE_THRESHOLDS
8168,00-0038090,WR,4,0.46443572374318032,2,Understudy,4,6,20,B41F_FROZEN_MODEL_CURRENT_2026_COMPLETED_WEEKS,NOT_CALIBRATED_B42_DOES_NOT_INVENT_CONFIDENCE_THRESHOLDS
12497,00-0040648,WR,4,0.46402214464552793,2,Understudy,3,6,20,B41F_FROZEN_MODEL_CURRENT_2026_COMPLETED_WEEKS,NOT_CALIBRATED_B42_DOES_NOT_INVENT_CONFIDENCE_THRESHOLDS
6783,00-0036407,WR,4,0.45586681071173035,2,Understudy,4,6,20,B41F_FROZEN_MODEL_CURRENT_2026_COMPLETED_WEEKS,NOT_CALIBRATED_B42_DOES_NOT_INVENT_CONFIDENCE_THRESHOLDS
11056,00-0038728,WR,4,0.45581901636984962,2,Understudy,4,6,20,B41F_FROZEN_MODEL_CURRENT_2026_COMPLETED_WEEKS,NOT_CALIBRATED_B42_DOES_NOT_INVENT_CONFIDENCE_THRESHOLDS
10226,00-0038619,WR,4,0.44679129280333935,2,Understudy,2,6,20,B41F_FROZEN_MODEL_CURRENT_2026_COMPLETED_WEEKS,NOT_CALIBRATED_B42_DOES_NOT_INVENT_CONFIDENCE_THRESHOLDS
7049,00-0036259,WR,4,0.44322576827898624,2,Understudy,3,6,20,B41F_FROZEN_MODEL_CURRENT_2026_COMPLETED_WEEKS,NOT_CALIBRATED_B42_DOES_NOT_INVENT_CONFIDENCE_THRESHOLDS
12505,00-0040646,WR,4,0.44192284302712526,2,Understudy,4,6,20,B41F_FROZEN_MODEL_CURRENT_2026_COMPLETED_WEEKS,NOT_CALIBRATED_B42_DOES_NOT_INVENT_CONFIDENCE_THRESHOLDS
13338,00-0041529,WR,4,0.44080361124824946,2,Understudy,4,6,20,B41F_FROZEN_MODEL_CURRENT_2026_COMPLETED_WEEKS,NOT_CALIBRATED_B42_DOES_NOT_INVENT_CONFIDENCE_THRESHOLDS
8180,00-0037291,WR,4,0.43635498855028826,2,Understudy,4,6,20,B41F_FROZEN_MODEL_CURRENT_2026_COMPLETED_WEEKS,NOT_CALIBRATED_B42_DOES_NOT_INVENT_CONFIDENCE_THRESHOLDS
13268,00-0040876,WR,4,0.43598528846097651,2,Understudy,1,6,20,B41F_FROZEN_MODEL_CURRENT_2026_COMPLETED_WEEKS,NOT_CALIBRATED_B42_DOES_NOT_INVENT_CONFIDENCE_THRESHOLDS
12634,00-0040172,WR,4,0.42866478224733773,2,Understudy,2,6,20,B41F_FROZEN_MODEL_CURRENT_2026_COMPLETED_WEEKS,NOT_CALIBRATED_B42_DOES_NOT_INVENT_CONFIDENCE_THRESHOLDS
4981,00-0034837,WR,4,0.42697130918723802,2,Understudy,4,6,20,B41F_FROZEN_MODEL_CURRENT_2026_COMPLETED_WEEKS,NOT_CALIBRATED_B42_DOES_NOT_INVENT_CONFIDENCE_THRESHOLDS
11421,00-0038824,WR,4,0.41673537080220907,2,Understudy,4,6,20,B41F_FROZEN_MODEL_CURRENT_2026_COMPLETED_WEEKS,NOT_CALIBRATED_B42_DOES_NOT_INVENT_CONFIDENCE_THRESHOLDS
13276,00-0041511,WR,4,0.41514539561877323,2,Understudy,1,6,20,B41F_FROZEN_MODEL_CURRENT_2026_COMPLETED_WEEKS,NOT_CALIBRATED_B42_DOES_NOT_INVENT_CONFIDENCE_THRESHOLDS
13320,00-0041044,WR,4,0.41273026069935337,2,Understudy,4,6,20,B41F_FROZEN_MODEL_CURRENT_2026_COMPLETED_WEEKS,NOT_CALIBRATED_B42_DOES_NOT_INVENT_CONFIDENCE_THRESHOLDS
7562,00-0036849,WR,4,0.40665644441364268,2,Understudy,2,6,20,B41F_FROZEN_MODEL_CURRENT_2026_COMPLETED_WEEKS,NOT_CALIBRATED_B42_DOES_NOT_INVENT_CONFIDENCE_THRESHOLDS
6271,00-0035208,WR,4,0.40522407192465892,2,Understudy,4,6,20,B41F_FROZEN_MODEL_CURRENT_2026_COMPLETED_WEEKS,NOT_CALIBRATED_B42_DOES_NOT_INVENT_CONFIDENCE_THRESHOLDS
7757,00-0036862,WR,4,0.4031173233298796,2,Understudy,4,6,20,B41F_FROZEN_MODEL_CURRENT_2026_COMPLETED_WEEKS,NOT_CALIBRATED_B42_DOES_NOT_INVENT_CONFIDENCE_THRESHOLDS
3200,00-0032385,WR,4,0.40133301093281648,2,Understudy,2,6,20,B41F_FROZEN_MODEL_CURRENT_2026_COMPLETED_WEEKS,NOT_CALIBRATED_B42_DOES_NOT_INVENT_CONFIDENCE_THRESHOLDS
12547,00-0040131,WR,4,0.40030452164063146,2,Understudy,4,6,20,B41F_FROZEN_MODEL_CURRENT_2026_COMPLETED_WEEKS,NOT_CALIBRATED_B42_DOES_NOT_INVENT_CONFIDENCE_THRESHOLDS
11627,00-0039868,WR,4,0.39277194599159965,2,Understudy,4,6,20,B41F_FROZEN_MODEL_CURRENT_2026_COMPLETED_WEEKS,NOT_CALIBRATED_B42_DOES_NOT_INVENT_CONFIDENCE_THRESHOLDS
13380,00-0041550,WR,4,0.38452219078013622,2,Understudy,2,6,20,B41F_FROZEN_MODEL_CURRENT_2026_COMPLETED_WEEKS,NOT_CALIBRATED_B42_DOES_NOT_INVENT_CONFIDENCE_THRESHOLDS
13075,00-0040506,WR,4,0.37778550920128062,2,Understudy,4,6,20,B41F_FROZEN_MODEL_CURRENT_2026_COMPLETED_WEEKS,NOT_CALIBRATED_B42_DOES_NOT_INVENT_CONFIDENCE_THRESHOLDS
11623,00-0039751,WR,4,0.36581791723886647,1,Depth,3,6,20,B41F_FROZEN_MODEL_CURRENT_2026_COMPLETED_WEEKS,NOT_CALIBRATED_B42_DOES_NOT_INVENT_CONFIDENCE_THRESHOLDS
12496,00-0040154,WR,4,0.36511630105373805,1,Depth,4,6,20,B41F_FROZEN_MODEL_CURRENT_2026_COMPLETED_WEEKS,NOT_CALIBRATED_B42_DOES_NOT_INVENT_CONFIDENCE_THRESHOLDS
8917,00-0037801,WR,4,0.34997971281444196,1,Depth,4,6,20,B41F_FROZEN_MODEL_CURRENT_2026_COMPLETED_WEEKS,NOT_CALIBRATED_B42_DOES_NOT_INVENT_CONFIDENCE_THRESHOLDS
13770,00-0040948,WR,4,0.33752050944400758,1,Depth,3,6,20,B41F_FROZEN_MODEL_CURRENT_2026_COMPLETED_WEEKS,NOT_CALIBRATED_B42_DOES_NOT_INVENT_CONFIDENCE_THRESHOLDS
7521,00-0036463,WR,4,0.33692238121429119,1,Depth,4,6,20,B41F_FROZEN_MODEL_CURRENT_2026_COMPLETED_WEEKS,NOT_CALIBRATED_B42_DOES_NOT_INVENT_CONFIDENCE_THRESHOLDS
5773,00-0034854,WR,4,0.33086071897594982,1,Depth,3,6,20,B41F_FROZEN_MODEL_CURRENT_2026_COMPLETED_WEEKS,NOT_CALIBRATED_B42_DOES_NOT_INVENT_CONFIDENCE_THRESHOLDS
8755,00-0037380,WR,4,0.3266977891320702,1,Depth,1,6,20,B41F_FROZEN_MODEL_CURRENT_2026_COMPLETED_WEEKS,NOT_CALIBRATED_B42_DOES_NOT_INVENT_CONFIDENCE_THRESHOLDS
12699,00-0040075,WR,4,0.32667684806222941,1,Depth,4,6,20,B41F_FROZEN_MODEL_CURRENT_2026_COMPLETED_WEEKS,NOT_CALIBRATED_B42_DOES_NOT_INVENT_CONFIDENCE_THRESHOLDS
11616,00-0039365,WR,4,0.3249206432044206,1,Depth,4,6,20,B41F_FROZEN_MODEL_CURRENT_2026_COMPLETED_WEEKS,NOT_CALIBRATED_B42_DOES_NOT_INVENT_CONFIDENCE_THRESHOLDS
13333,00-0041132,WR,4,0.31904856773497547,1,Depth,4,6,20,B41F_FROZEN_MODEL_CURRENT_2026_COMPLETED_WEEKS,NOT_CALIBRATED_B42_DOES_NOT_INVENT_CONFIDENCE_THRESHOLDS
8204,00-0037091,WR,4,0.30998066054298179,1,Depth,4,6,20,B41F_FROZEN_MODEL_CURRENT_2026_COMPLETED_WEEKS,NOT_CALIBRATED_B42_DOES_NOT_INVENT_CONFIDENCE_THRESHOLDS
4274,00-0033589,WR,4,0.29932524171948582,1,Depth,2,6,20,B41F_FROZEN_MODEL_CURRENT_2026_COMPLETED_WEEKS,NOT_CALIBRATED_B42_DOES_NOT_INVENT_CONFIDENCE_THRESHOLDS
8527,00-0037093,WR,4,0.29777157877177929,1,Depth,4,6,20,B41F_FROZEN_MODEL_CURRENT_2026_COMPLETED_WEEKS,NOT_CALIBRATED_B42_DOES_NOT_INVENT_CONFIDENCE_THRESHOLDS
5848,00-0035662,WR,4,0.29620695559529492,1,Depth,1,6,20,B41F_FROZEN_MODEL_CURRENT_2026_COMPLETED_WEEKS,NOT_CALIBRATED_B42_DOES_NOT_INVENT_CONFIDENCE_THRESHOLDS
12503,00-0040782,WR,4,0.29184875519053211,1,Depth,4,6,20,B41F_FROZEN_MODEL_CURRENT_2026_COMPLETED_WEEKS,NOT_CALIBRATED_B42_DOES_NOT_INVENT_CONFIDENCE_THRESHOLDS
5086,00-0034272,WR,4,0.29121251429430356,1,Depth,2,6,20,B41F_FROZEN_MODEL_CURRENT_2026_COMPLETED_WEEKS,NOT_CALIBRATED_B42_DOES_NOT_INVENT_CONFIDENCE_THRESHOLDS
13477,00-0041069,WR,4,0.28812056990998897,1,Depth,3,6,20,B41F_FROZEN_MODEL_CURRENT_2026_COMPLETED_WEEKS,NOT_CALIBRATED_B42_DOES_NOT_INVENT_CONFIDENCE_THRESHOLDS
10225,00-0039062,WR,4,0.28702080197645718,1,Depth,4,6,20,B41F_FROZEN_MODEL_CURRENT_2026_COMPLETED_WEEKS,NOT_CALIBRATED_B42_DOES_NOT_INVENT_CONFIDENCE_THRESHOLDS
13329,00-0040894,WR,4,0.28638626617953006,1,Depth,4,6,20,B41F_FROZEN_MODEL_CURRENT_2026_COMPLETED_WEEKS,NOT_CALIBRATED_B42_DOES_NOT_INVENT_CONFIDENCE_THRESHOLDS
12641,00-0040164,WR,4,0.28176179800693324,1,Depth,4,6,20,B41F_FROZEN_MODEL_CURRENT_2026_COMPLETED_WEEKS,NOT_CALIBRATED_B42_DOES_NOT_INVENT_CONFIDENCE_THRESHOLDS
10234,00-0038573,WR,4,0.27992516349895352,1,Depth,4,6,20,B41F_FROZEN_MODEL_CURRENT_2026_COMPLETED_WEEKS,NOT_CALIBRATED_B42_DOES_NOT_INVENT_CONFIDENCE_THRESHOLDS
11994,00-0039589,WR,4,0.27940070986930926,1,Depth,4,6,20,B41F_FROZEN_MODEL_CURRENT_2026_COMPLETED_WEEKS,NOT_CALIBRATED_B42_DOES_NOT_INVENT_CONFIDENCE_THRESHOLDS
13079,00-0040277,WR,4,0.27131308767860474,1,Depth,4,6,20,B41F_FROZEN_MODEL_CURRENT_2026_COMPLETED_WEEKS,NOT_CALIBRATED_B42_DOES_NOT_INVENT_CONFIDENCE_THRESHOLDS
2197,00-0031236,WR,4,0.27025982655653991,1,Depth,1,6,20,B41F_FROZEN_MODEL_CURRENT_2026_COMPLETED_WEEKS,NOT_CALIBRATED_B42_DOES_NOT_INVENT_CONFIDENCE_THRESHOLDS
12540,00-0040705,WR,4,0.26590778001773707,1,Depth,4,6,20,B41F_FROZEN_MODEL_CURRENT_2026_COMPLETED_WEEKS,NOT_CALIBRATED_B42_DOES_NOT_INVENT_CONFIDENCE_THRESHOLDS
7812,00-0036646,WR,4,0.26575069145293018,1,Depth,4,6,20,B41F_FROZEN_MODEL_CURRENT_2026_COMPLETED_WEEKS,NOT_CALIBRATED_B42_DOES_NOT_INVENT_CONFIDENCE_THRESHOLDS
9494,00-0038976,WR,4,0.26228879200206401,1,Depth,2,6,20,B41F_FROZEN_MODEL_CURRENT_2026_COMPLETED_WEEKS,NOT_CALIBRATED_B42_DOES_NOT_INVENT_CONFIDENCE_THRESHOLDS
5938,00-0035406,WR,4,0.2606033350367023,1,Depth,1,6,20,B41F_FROZEN_MODEL_CURRENT_2026_COMPLETED_WEEKS,NOT_CALIBRATED_B42_DOES_NOT_INVENT_CONFIDENCE_THRESHOLDS
13179,00-0040265,WR,4,0.25972233625078139,1,Depth,1,6,20,B41F_FROZEN_MODEL_CURRENT_2026_COMPLETED_WEEKS,NOT_CALIBRATED_B42_DOES_NOT_INVENT_CONFIDENCE_THRESHOLDS
8200,00-0037231,WR,4,0.25757999525819641,1,Depth,4,6,20,B41F_FROZEN_MODEL_CURRENT_2026_COMPLETED_WEEKS,NOT_CALIBRATED_B42_DOES_NOT_INVENT_CONFIDENCE_THRESHOLDS
11168,00-0038359,WR,4,0.2558257163001641,1,Depth,3,6,20,B41F_FROZEN_MODEL_CURRENT_2026_COMPLETED_WEEKS,NOT_CALIBRATED_B42_DOES_NOT_INVENT_CONFIDENCE_THRESHOLDS
8117,00-0037666,WR,4,0.25485439667839882,1,Depth,2,6,20,B41F_FROZEN_MODEL_CURRENT_2026_COMPLETED_WEEKS,NOT_CALIBRATED_B42_DOES_NOT_INVENT_CONFIDENCE_THRESHOLDS
13411,00-0041051,WR,4,0.24893052611214717,1,Depth,4,6,20,B41F_FROZEN_MODEL_CURRENT_2026_COMPLETED_WEEKS,NOT_CALIBRATED_B42_DOES_NOT_INVENT_CONFIDENCE_THRESHOLDS
13541,00-0041467,WR,4,0.24323697824327936,0,Speculative,2,6,20,B41F_FROZEN_MODEL_CURRENT_2026_COMPLETED_WEEKS,NOT_CALIBRATED_B42_DOES_NOT_INVENT_CONFIDENCE_THRESHOLDS
12938,00-0040390,WR,4,0.23807398799359403,0,Speculative,4,6,20,B41F_FROZEN_MODEL_CURRENT_2026_COMPLETED_WEEKS,NOT_CALIBRATED_B42_DOES_NOT_INVENT_CONFIDENCE_THRESHOLDS
12523,00-0040218,WR,4,0.23075528666400727,0,Speculative,1,6,20,B41F_FROZEN_MODEL_CURRENT_2026_COMPLETED_WEEKS,NOT_CALIBRATED_B42_DOES_NOT_INVENT_CONFIDENCE_THRESHOLDS
13413,00-0040890,WR,4,0.22402390621570706,0,Speculative,4,6,20,B41F_FROZEN_MODEL_CURRENT_2026_COMPLETED_WEEKS,NOT_CALIBRATED_B42_DOES_NOT_INVENT_CONFIDENCE_THRESHOLDS
2078,00-0031235,WR,4,0.22179264832918993,0,Speculative,3,6,20,B41F_FROZEN_MODEL_CURRENT_2026_COMPLETED_WEEKS,NOT_CALIBRATED_B42_DOES_NOT_INVENT_CONFIDENCE_THRESHOLDS
12539,00-0040582,WR,4,0.22154421419832374,0,Speculative,2,6,20,B41F_FROZEN_MODEL_CURRENT_2026_COMPLETED_WEEKS,NOT_CALIBRATED_B42_DOES_NOT_INVENT_CONFIDENCE_THRESHOLDS
11618,00-0039855,WR,4,0.21633973795115169,0,Speculative,2,6,20,B41F_FROZEN_MODEL_CURRENT_2026_COMPLETED_WEEKS,NOT_CALIBRATED_B42_DOES_NOT_INVENT_CONFIDENCE_THRESHOLDS
13417,00-0041035,WR,4,0.21102977515717569,0,Speculative,1,6,20,B41F_FROZEN_MODEL_CURRENT_2026_COMPLETED_WEEKS,NOT_CALIBRATED_B42_DOES_NOT_INVENT_CONFIDENCE_THRESHOLDS
5121,00-0034419,WR,4,0.20750995870380287,0,Speculative,4,6,20,B41F_FROZEN_MODEL_CURRENT_2026_COMPLETED_WEEKS,NOT_CALIBRATED_B42_DOES_NOT_INVENT_CONFIDENCE_THRESHOLDS
11034,00-0038640,WR,4,0.20482900061761306,0,Speculative,4,6,20,B41F_FROZEN_MODEL_CURRENT_2026_COMPLETED_WEEKS,NOT_CALIBRATED_B42_DOES_NOT_INVENT_CONFIDENCE_THRESHOLDS
13533,00-0041099,WR,4,0.20257165323022092,0,Speculative,3,6,20,B41F_FROZEN_MODEL_CURRENT_2026_COMPLETED_WEEKS,NOT_CALIBRATED_B42_DOES_NOT_INVENT_CONFIDENCE_THRESHOLDS
7595,00-0036630,WR,4,0.20057564761196039,0,Speculative,3,6,20,B41F_FROZEN_MODEL_CURRENT_2026_COMPLETED_WEEKS,NOT_CALIBRATED_B42_DOES_NOT_INVENT_CONFIDENCE_THRESHOLDS
13554,00-0041106,WR,4,0.19749847752061594,0,Speculative,1,6,20,B41F_FROZEN_MODEL_CURRENT_2026_COMPLETED_WEEKS,NOT_CALIBRATED_B42_DOES_NOT_INVENT_CONFIDENCE_THRESHOLDS
7496,00-0036182,WR,4,0.19352706989010204,0,Speculative,2,6,20,B41F_FROZEN_MODEL_CURRENT_2026_COMPLETED_WEEKS,NOT_CALIBRATED_B42_DOES_NOT_INVENT_CONFIDENCE_THRESHOLDS
7596,00-0036980,WR,4,0.19337814191007974,0,Speculative,2,6,20,B41F_FROZEN_MODEL_CURRENT_2026_COMPLETED_WEEKS,NOT_CALIBRATED_B42_DOES_NOT_INVENT_CONFIDENCE_THRESHOLDS
5970,00-0035500,WR,4,0.17616272608543709,0,Speculative,4,6,20,B41F_FROZEN_MODEL_CURRENT_2026_COMPLETED_WEEKS,NOT_CALIBRATED_B42_DOES_NOT_INVENT_CONFIDENCE_THRESHOLDS
10228,00-0038576,WR,4,0.17081725810477499,0,Speculative,1,6,20,B41F_FROZEN_MODEL_CURRENT_2026_COMPLETED_WEEKS,NOT_CALIBRATED_B42_DOES_NOT_INVENT_CONFIDENCE_THRESHOLDS
6588,00-0035544,WR,4,0.17062657017613567,0,Speculative,4,6,20,B41F_FROZEN_MODEL_CURRENT_2026_COMPLETED_WEEKS,NOT_CALIBRATED_B42_DOES_NOT_INVENT_CONFIDENCE_THRESHOLDS
8250,00-0037524,WR,4,0.16486920256622706,0,Speculative,4,6,20,B41F_FROZEN_MODEL_CURRENT_2026_COMPLETED_WEEKS,NOT_CALIBRATED_B42_DOES_NOT_INVENT_CONFIDENCE_THRESHOLDS
11320,00-0038519,WR,4,0.16359794970863156,0,Speculative,4,6,20,B41F_FROZEN_MODEL_CURRENT_2026_COMPLETED_WEEKS,NOT_CALIBRATED_B42_DOES_NOT_INVENT_CONFIDENCE_THRESHOLDS
11506,00-0038740,WR,4,0.16359794970863156,0,Speculative,1,6,20,B41F_FROZEN_MODEL_CURRENT_2026_COMPLETED_WEEKS,NOT_CALIBRATED_B42_DOES_NOT_INVENT_CONFIDENCE_THRESHOLDS
11650,00-0039355,WR,4,0.16359794970863156,0,Speculative,1,6,20,B41F_FROZEN_MODEL_CURRENT_2026_COMPLETED_WEEKS,NOT_CALIBRATED_B42_DOES_NOT_INVENT_CONFIDENCE_THRESHOLDS
11762,00-0039816,WR,4,0.16359794970863156,0,Speculative,3,6,20,B41F_FROZEN_MODEL_CURRENT_2026_COMPLETED_WEEKS,NOT_CALIBRATED_B42_DOES_NOT_INVENT_CONFIDENCE_THRESHOLDS
12670,00-0040184,WR,4,0.16359794970863156,0,Speculative,1,6,20,B41F_FROZEN_MODEL_CURRENT_2026_COMPLETED_WEEKS,NOT_CALIBRATED_B42_DOES_NOT_INVENT_CONFIDENCE_THRESHOLDS
12925,00-0040405,WR,4,0.16359794970863156,0,Speculative,1,6,20,B41F_FROZEN_MODEL_CURRENT_2026_COMPLETED_WEEKS,NOT_CALIBRATED_B42_DOES_NOT_INVENT_CONFIDENCE_THRESHOLDS
13199,00-0040621,WR,4,0.16359794970863156,0,Speculative,1,6,20,B41F_FROZEN_MODEL_CURRENT_2026_COMPLETED_WEEKS,NOT_CALIBRATED_B42_DOES_NOT_INVENT_CONFIDENCE_THRESHOLDS
13491,00-0041397,WR,4,0.16359794970863156,0,Speculative,4,6,20,B41F_FROZEN_MODEL_CURRENT_2026_COMPLETED_WEEKS,NOT_CALIBRATED_B42_DOES_NOT_INVENT_CONFIDENCE_THRESHOLDS
13621,00-0041342,WR,4,0.16359794970863156,0,Speculative,1,6,20,B41F_FROZEN_MODEL_CURRENT_2026_COMPLETED_WEEKS,NOT_CALIBRATED_B42_DOES_NOT_INVENT_CONFIDENCE_THRESHOLDS
13981,00-0041292,WR,4,0.16359794970863156,0,Speculative,1,6,20,B41F_FROZEN_MODEL_CURRENT_2026_COMPLETED_WEEKS,NOT_CALIBRATED_B42_DOES_NOT_INVENT_CONFIDENCE_THRESHOLDS
5781,00-0034867,WR,4,0.16359794970863156,0,Speculative,1,6,20,B41F_FROZEN_MODEL_CURRENT_2026_COMPLETED_WEEKS,NOT_CALIBRATED_B42_DOES_NOT_INVENT_CONFIDENCE_THRESHOLDS
6045,00-0035589,WR,4,0.16359794970863156,0,Speculative,1,6,20,B41F_FROZEN_MODEL_CURRENT_2026_COMPLETED_WEEKS,NOT_CALIBRATED_B42_DOES_NOT_INVENT_CONFIDENCE_THRESHOLDS
6386,00-0035602,WR,4,0.16359794970863156,0,Speculative,1,6,20,B41F_FROZEN_MODEL_CURRENT_2026_COMPLETED_WEEKS,NOT_CALIBRATED_B42_DOES_NOT_INVENT_CONFIDENCE_THRESHOLDS
6847,00-0036331,WR,4,0.16359794970863156,0,Speculative,4,6,20,B41F_FROZEN_MODEL_CURRENT_2026_COMPLETED_WEEKS,NOT_CALIBRATED_B42_DOES_NOT_INVENT_CONFIDENCE_THRESHOLDS
8414,00-0037132,WR,4,0.16359794970863156,0,Speculative,4,6,20,B41F_FROZEN_MODEL_CURRENT_2026_COMPLETED_WEEKS,NOT_CALIBRATED_B42_DOES_NOT_INVENT_CONFIDENCE_THRESHOLDS
11617,00-0039920,WR,4,0.16347682783239603,0,Speculative,4,6,20,B41F_FROZEN_MODEL_CURRENT_2026_COMPLETED_WEEKS,NOT_CALIBRATED_B42_DOES_NOT_INVENT_CONFIDENCE_THRESHOLDS
12971,00-0040534,WR,4,0.11779037454023478,0,Speculative,1,6,20,B41F_FROZEN_MODEL_CURRENT_2026_COMPLETED_WEEKS,NOT_CALIBRATED_B42_DOES_NOT_INVENT_CONFIDENCE_THRESHOLDS
