sleeper_id,espn_id,full_name,name_key,position,position_family,birth_date,nfl_team,status
1,15299,GJ Kinne,gj kinne,QB,QB,1988-12-01,,Inactive
3,10491,David Harris,david harris,LB,FRONT7,1984-01-21,,Inactive
4,8442,Roddy White,roddy white,WR,WR,1981-11-02,,Inactive
5,,Dallas Clark,dallas clark,TE,TE,1979-06-12,,Inactive
6,10529,Brandon Mebane,brandon mebane,NT,FRONT7,1985-01-15,,Active
7,,Kurt Warner,kurt warner,QB,QB,1971-06-22,,Inactive
8,11288,Jason Jones,jason jones,DE,FRONT7,1986-05-23,,Inactive
10,9702,Stephen Tulloch,stephen tulloch,LB,FRONT7,1985-01-01,,Inactive
11,11543,Garrett Hartley,garrett hartley,K,K,1986-05-16,,Inactive
14,,Sidney Rice,sidney rice,WR,WR,1986-09-01,,Inactive
15,10455,Patrick Willis,patrick willis,ILB,FRONT7,1985-01-25,,Inactive
16,,Ray Rice,ray rice,RB,RB,1987-01-22,,Inactive
17,11122,Matt Prater,matt prater,K,K,1984-08-10,,Active
19,11252,Joe Flacco,joe flacco,QB,QB,1985-01-16,CIN,Active
20,5651,Jared Allen,jared allen,DE,FRONT7,1982-04-03,,Inactive
21,11358,Red Bryant,red bryant,DE,FRONT7,1984-04-18,,Inactive
22,10490,LaMarr Woodley,lamarr woodley,LB,FRONT7,1984-11-03,,Inactive
23,4527,Jason Witten,jason witten,TE,TE,1982-05-06,,Injured Reserve
24,11237,Matt Ryan,matt ryan,QB,QB,1985-05-17,,Active
25,11369,Jerome Felton,jerome felton,FB,RB,1986-07-03,,Inactive
26,9629,Roman Harper,roman harper,SS,DB,1982-12-11,,Inactive
27,11244,Jerod Mayo,jerod mayo,LB,FRONT7,1986-02-23,,Inactive
28,10464,Aaron Ross,aaron ross,CB,DB,1982-09-15,,Inactive
29,11386,Letroy Guion,letroy guion,NT,FRONT7,1987-06-21,,Inactive
31,9712,Elvis Dumervil,elvis dumervil,DE,FRONT7,1984-01-19,,Inactive
32,11373,Jacob Tamme,jacob tamme,TE,TE,1985-03-15,,Inactive
33,11265,Kenny Phillips,kenny phillips,SS,DB,1986-11-24,,Inactive
34,10713,Pierre Thomas,pierre thomas,RB,RB,1984-12-18,,Inactive
35,10635,Desmond Bishop,desmond bishop,ILB,FRONT7,1984-07-24,,Inactive
36,1575,Matt Hasselbeck,matt hasselbeck,QB,QB,1975-09-25,,Inactive
37,10527,Charles Johnson,charles johnson,DE,FRONT7,1986-07-10,,Inactive
39,9608,Manny Lawson,manny lawson,LB,FRONT7,1984-07-03,,Inactive
40,11295,Martellus Bennett,martellus bennett,TE,TE,1987-03-10,,Inactive
41,,David Garrard,david garrard,QB,QB,1978-02-14,,Inactive
42,9677,Frostee Rucker,frostee rucker,DE,FRONT7,1983-09-14,,Inactive
44,10138,Ahmad Brooks,ahmad brooks,LB,FRONT7,1984-03-14,,Inactive
45,11688,Dan Carpenter,dan carpenter,K,K,1985-11-25,,Inactive
46,10463,Michael Griffin,michael griffin,FS,DB,1985-01-04,,Inactive
47,11197,Jackie Battle,jackie battle,FB,RB,1983-10-01,,Inactive
48,4433,James Harrison,james harrison,LB,FRONT7,1978-05-04,,Inactive
49,9354,Robbie Gould,robbie gould,K,K,1982-12-06,,Active
50,,Jordan Palmer,jordan palmer,QB,QB,1984-05-30,,Inactive
51,9639,Anthony Fasano,anthony fasano,TE,TE,1984-04-20,,Inactive
52,,Joel Dreessen,joel dreessen,TE,TE,1982-07-26,,Inactive
53,9530,John Kuhn,john kuhn,FB,RB,1982-09-09,,Inactive
54,11334,Tyvon Branch,tyvon branch,SS,DB,1986-12-11,,Inactive
55,,Visanthe Shiancoe,visanthe shiancoe,TE,TE,1980-06-18,,Inactive
56,10462,Leon Hall,leon hall,CB,DB,1984-12-09,,Inactive
57,5549,Steven Jackson,steven jackson,RB,RB,1983-07-22,,Inactive
58,10475,Greg Olsen,greg olsen,TE,TE,1985-03-11,,Injured Reserve
59,10636,Mason Crosby,mason crosby,K,K,1984-09-03,,Active
60,11321,Andre Fluellen,andre fluellen,DT,FRONT7,1985-03-07,,Inactive
61,9801,Cortland Finnegan,cortland finnegan,CB,DB,1984-02-02,,Inactive
62,8560,Trent Cole,trent cole,LB,FRONT7,1982-10-05,,Inactive
63,,Vonta Leach,vonta leach,RB,RB,1981-11-06,,Inactive
64,9684,Owen Daniels,owen daniels,TE,TE,1982-11-09,,Inactive
65,,Domenik Hixon,domenik hixon,WR,WR,1984-10-08,,Inactive
66,,Tashard Choice,tashard choice,RB,RB,1984-11-20,,Inactive
67,11311,Pat Sims,pat sims,DT,FRONT7,1985-11-29,,Inactive
68,,Mario Manningham,mario manningham,WR,WR,1986-05-25,,Inactive
69,2564,Santana Moss,santana moss,WR,WR,1979-06-01,,Inactive
71,9695,Jason Avant,jason avant,WR,WR,1983-04-20,,Inactive
72,,Kevin Walter,kevin walter,WR,WR,1981-08-04,,Inactive
74,5893,Mike Adams,mike adams,FS,DB,1981-03-24,,Injured Reserve
75,11300,Kendall Langford,kendall langford,DE,FRONT7,1986-01-27,,Inactive
76,9678,Jason Hatcher,jason hatcher,DE,FRONT7,1982-07-13,,Inactive
78,10693,Ahmad Bradshaw,ahmad bradshaw,RB,RB,1986-03-19,,Inactive
79,16568,Stefan Charles,stefan charles,DT,FRONT7,1988-06-09,,Inactive
80,,Ed Reed,ed reed,FS,DB,1978-09-11,,Inactive
81,5596,Randy Starks,randy starks,DE,FRONT7,1983-12-14,,Inactive
82,,Brandon Jacobs,brandon jacobs,RB,RB,1982-07-06,,Inactive
83,11383,Tim Hightower,tim hightower,RB,RB,1986-05-23,,Inactive
85,8488,Justin Tuck,justin tuck,DE,FRONT7,1983-03-29,,Inactive
86,10598,Dante Rosario,dante rosario,TE,TE,1984-10-25,,Inactive
87,,Jeff King,jeff king,TE,TE,1983-02-19,,Inactive
88,9793,Antoine Bethea,antoine bethea,FS,DB,1984-07-27,,Injured Reserve
89,11291,Chad Henne,chad henne,QB,QB,1985-07-02,,Active
90,9606,Tamba Hali,tamba hali,LB,FRONT7,1983-11-03,,Inactive
91,4459,Carson Palmer,carson palmer,QB,QB,1979-12-27,,Injured Reserve
92,4461,Andre Johnson,andre johnson,WR,WR,1981-07-11,,Inactive
93,9620,D'Qwell Jackson,d qwell jackson,LB,FRONT7,1983-09-26,,Inactive
94,9720,Kyle Williams,kyle williams,DT,FRONT7,1983-06-10,,Injured Reserve
95,11250,Dominique Rodgers-Cromartie,dominique rodgers cromartie,CB,DB,1986-04-07,,Active
96,8439,Aaron Rodgers,aaron rodgers,QB,QB,1983-12-02,PIT,Active
97,10552,Paul Soliai,paul soliai,DT,FRONT7,1983-12-30,,Inactive
98,,Fred Davis,fred davis,TE,TE,1986-01-15,,Inactive
100,1442,Charles Woodson,charles woodson,FS,DB,1976-10-07,,Inactive
101,11841,Jameel McClain,jameel mcclain,ILB,FRONT7,1985-07-25,,Inactive
102,4680,Josh Brown,josh brown,K,K,1979-04-29,,Inactive
103,11278,Matt Forte,matt forte,RB,RB,1985-12-10,,Inactive
104,11267,Donnie Avery,donnie avery,WR,WR,1984-06-12,,Inactive
105,11363,Brandon Carr,brandon carr,CB,DB,1986-05-19,,Active
106,11693,Jo-Lonn Dunbar,jo lonn dunbar,LB,FRONT7,1985-03-13,,Inactive
107,4476,Calvin Pace,calvin pace,LB,FRONT7,1980-10-28,,Inactive
108,11458,Steve Johnson,steve johnson,WR,WR,1986-07-22,,Inactive
109,11762,Danny Lansanah,danny lansanah,LB,FRONT7,1985-08-28,,Inactive
110,9704,Stephen Gostkowski,stephen gostkowski,K,K,1984-01-28,,Inactive
111,9614,Marcedes Lewis,marcedes lewis,TE,TE,1984-05-19,,Active
117,4497,Rashean Mathis,rashean mathis,CB,DB,1980-08-27,,Inactive
118,2148,Sebastian Janikowski,sebastian janikowski,K,K,1978-03-02,,Injured Reserve
119,9674,James Anderson,james anderson,LB,FRONT7,1983-09-26,,Inactive
120,1097,Adam Vinatieri,adam vinatieri,K,K,1972-12-28,,Injured Reserve
121,,LeRon McClain,leron mcclain,RB,RB,1984-12-27,,Inactive
122,10147,Miles Austin,miles austin,WR,WR,1984-06-30,,Inactive
125,11284,Calais Campbell,calais campbell,DE,FRONT7,1986-09-01,BAL,Active
126,11717,Marcel Reece,marcel reece,FB,RB,1985-06-23,,Inactive
127,4333,Matt Bryant,matt bryant,K,K,1975-05-29,,Active
128,8475,Vincent Jackson,vincent jackson,WR,WR,1983-01-14,,Inactive
129,11388,Kroy Biermann,kroy biermann,LB,FRONT7,1985-09-12,,Inactive
130,10770,Eric Weems,eric weems,WR,WR,1985-07-04,,Inactive
132,9782,Kedric Golston,kedric golston,NT,FRONT7,1983-05-30,,Inactive
133,,Greg Jones,greg jones,RB,RB,1981-05-09,,Inactive
134,10468,Brandon Meriweather,brandon meriweather,FS,DB,1984-01-14,,Inactive
137,11271,Curtis Lofton,curtis lofton,LB,FRONT7,1986-06-09,,Inactive
138,5536,Ben Roethlisberger,ben roethlisberger,QB,QB,1982-03-02,PIT,Active
139,11337,William Hayes,william hayes,DE,FRONT7,1985-05-02,,Inactive
140,11636,Erin Henderson,erin henderson,LB,FRONT7,1986-07-01,,Inactive
141,16157,Kevin Reddick,kevin reddick,LB,FRONT7,1989-12-28,,Inactive
142,5209,Tony Romo,tony romo,QB,QB,1980-04-21,,Inactive
143,11272,John Carlson,john carlson,TE,TE,1984-05-12,,Inactive
144,11443,Matt Flynn,matt flynn,QB,QB,1985-06-20,,Inactive
145,,Rashard Mendenhall,rashard mendenhall,RB,RB,1987-06-19,,Inactive
146,5432,Tramon Williams,tramon williams,CB,DB,1983-03-16,,Injured Reserve
147,11283,DeSean Jackson,desean jackson,WR,WR,1986-12-01,,Active
148,11331,Andre Caldwell,andre caldwell,WR,WR,1985-04-15,,Inactive
149,11365,Zackary Bowman,zackary bowman,CB,DB,1984-11-18,,Inactive
150,9628,Danieal Manning,danieal manning,SS,DB,1982-08-09,,Inactive
151,,Lavelle Hawkins,lavelle hawkins,WR,WR,1986-07-12,,Inactive
152,10470,Anthony Spencer,anthony spencer,OLB,FRONT7,1984-01-23,,Inactive
153,11424,Ahtyba Rubin,ahtyba rubin,DT,FRONT7,1986-07-25,,Inactive
154,9650,Tarvaris Jackson,tarvaris jackson,QB,QB,1983-04-21,,Inactive
155,5633,Jerricho Cotchery,jerricho cotchery,WR,WR,1982-06-16,,Inactive
156,10613,William Gay,william gay,CB,DB,1985-01-01,,Inactive
157,,Vince Young,vince young,QB,QB,1983-05-18,,Inactive
159,3539,Dwight Freeney,dwight freeney,DE,FRONT7,1980-02-19,,Inactive
160,10478,Paul Posluszny,paul posluszny,LB,FRONT7,1984-10-10,,Inactive
161,16431,Wes Horton,wes horton,DE,FRONT7,1990-01-18,,Injured Reserve
164,9710,Barry Cofield,barry cofield,NT,FRONT7,1984-03-19,,Inactive
165,15688,Brandon Bostick,brandon bostick,TE,TE,1989-05-03,,Inactive
166,,Josh Cribbs,josh cribbs,WR,WR,1983-06-09,,Injured Reserve
167,2330,Tom Brady,tom brady,QB,QB,1977-08-03,,Active
168,9329,Nick Novak,nick novak,K,K,1981-08-21,,Inactive
169,2622,Steve Smith,steve smith,WR,WR,1979-05-12,,Inactive
170,11326,Cliff Avril,cliff avril,DE,FRONT7,1986-04-08,,Inactive
171,10482,Zach Miller,zach miller,TE,TE,1985-12-11,,Inactive
172,9610,Johnathan Joseph,johnathan joseph,CB,DB,1984-04-16,,Injured Reserve
173,13872,Andy Tanner,andy tanner,WR,WR,1988-05-16,,Inactive
174,8638,Jay Ratliff,jay ratliff,NT,FRONT7,1981-08-29,,Inactive
175,11270,Jordy Nelson,jordy nelson,WR,WR,1985-05-31,,Injured Reserve
176,11364,Gary Barnidge,gary barnidge,TE,TE,1985-09-22,,Inactive
177,5941,Wes Welker,wes welker,WR,WR,1981-05-01,,Inactive
178,5615,Matt Schaub,matt schaub,QB,QB,1981-06-25,,Injured Reserve
179,9588,Reggie Bush,reggie bush,RB,RB,1985-03-02,,Inactive
180,11254,Aqib Talib,aqib talib,CB,DB,1986-02-13,,Injured Reserve
181,10487,Drew Stanton,drew stanton,QB,QB,1984-05-07,,Active
182,11658,Mike Tolbert,mike tolbert,FB,RB,1985-11-23,,Inactive
183,11239,Glenn Dorsey,glenn dorsey,NT,FRONT7,1985-08-01,,Inactive
184,10452,Adrian Peterson,adrian peterson,RB,RB,1985-03-21,,Active
185,4493,Charles Tillman,charles tillman,CB,DB,1981-02-23,,Inactive
186,8426,DeMarcus Ware,demarcus ware,DE,FRONT7,1982-07-31,,Inactive
187,8429,Thomas Davis,thomas davis,LB,FRONT7,1983-03-22,,Injured Reserve
188,5526,Eli Manning,eli manning,QB,QB,1981-01-03,,Active
189,11269,Brandon Flowers,brandon flowers,CB,DB,1986-02-18,,Inactive
191,11327,Philip Wheeler,philip wheeler,LB,FRONT7,1984-12-12,,Inactive
192,10625,Adam Hayward,adam hayward,ILB,FRONT7,1984-06-23,,Inactive
193,10492,Justin Durant,justin durant,LB,FRONT7,1985-09-21,,Inactive
194,2578,Reggie Wayne,reggie wayne,WR,WR,1978-11-17,,Inactive
195,,Courtney Roby,courtney roby,WR,WR,1983-01-10,,Inactive
196,11245,Leodis McKelvin,leodis mckelvin,CB,DB,1985-09-01,,Inactive
197,11437,Andy Studebaker,andy studebaker,LB,FRONT7,1985-09-16,,Inactive
198,9635,Kellen Clemens,kellen clemens,QB,QB,1983-06-06,,Inactive
200,9592,Vernon Davis,vernon davis,TE,TE,1984-01-31,,Injured Reserve
201,9838,Marques Colston,marques colston,WR,WR,1983-06-05,,Inactive
203,10517,Jacoby Jones,jacoby jones,WR,WR,1984-07-11,,Inactive
205,5546,Vince Wilfork,vince wilfork,NT,FRONT7,1981-11-04,,Inactive
208,3609,Josh McCown,josh mccown,QB,QB,1979-07-04,,Active
209,8473,Jonathan Babineaux,jonathan babineaux,DT,FRONT7,1981-10-12,,Inactive
210,11609,Wesley Woodyard,wesley woodyard,LB,FRONT7,1986-07-21,,Active
211,5564,Daryl Smith,daryl smith,LB,FRONT7,1982-03-14,,Inactive
214,4514,Osi Umenyiora,osi umenyiora,OLB,FRONT7,1981-11-16,,Inactive
215,,Jason Snelling,jason snelling,RB,RB,1983-12-29,,Inactive
217,9594,Donte Whitner,donte whitner,SS,DB,1985-07-24,,Inactive
218,11247,Jonathan Stewart,jonathan stewart,RB,RB,1987-03-21,,Injured Reserve
219,9587,Mario Williams,mario williams,DE,FRONT7,1985-01-31,,Inactive
220,9619,DeMeco Ryans,demeco ryans,LB,FRONT7,1984-07-28,,Inactive
221,10605,Brent Celek,brent celek,TE,TE,1985-01-25,,Inactive
222,11408,Josh Morgan,josh morgan,WR,WR,1985-06-20,,Inactive
223,5528,Larry Fitzgerald,larry fitzgerald,WR,WR,1983-08-31,,Inactive
226,,Antwaan Randle El,antwaan randle el,WR,WR,1979-08-17,,Inactive
227,10680,Alan Ball,alan ball,CB,DB,1985-03-29,,Inactive
228,10195,Fred Jackson,fred jackson,RB,RB,1981-02-20,,Inactive
229,1440,Phil Dawson,phil dawson,K,K,1975-01-23,,Injured Reserve
230,10471,Robert Meachem,robert meachem,WR,WR,1984-09-28,,Inactive
231,10763,Mike Devito,mike devito,DE,FRONT7,1984-06-10,,Inactive
232,8479,Frank Gore,frank gore,RB,RB,1983-05-14,,Active
233,11128,Matt Moore,matt moore,QB,QB,1984-08-09,,Inactive
235,4463,Terence Newman,terence newman,CB,DB,1978-09-04,,Inactive
236,9709,Domata Peko,domata peko,DT,FRONT7,1984-11-27,,Inactive
237,11301,Charles Godfrey,charles godfrey,S,DB,1985-11-15,,Inactive
238,10569,Dashon Goldson,dashon goldson,FS,DB,1984-09-18,,Inactive
239,5009,Cullen Jenkins,cullen jenkins,DT,FRONT7,1981-01-20,,Inactive
240,10447,Calvin Johnson,calvin johnson,WR,WR,1985-09-29,,Inactive
241,,Spencer Larsen,spencer larsen,RB,RB,1984-03-04,,Inactive
242,10913,Brent Grimes,brent grimes,CB,DB,1983-07-19,,Inactive
243,,Ben Obomanu,ben obomanu,WR,WR,1983-10-30,,Inactive
245,9624,Thomas Howard,thomas howard,K,K,1983-07-14,,Inactive
246,8544,Darren Sproles,darren sproles,RB,RB,1983-06-20,,Injured Reserve
247,11318,Harry Douglas,harry douglas,WR,WR,1984-09-16,,Inactive
248,5631,Luke McCown,luke mccown,QB,QB,1981-07-12,,Injured Reserve
249,9603,Chad Greenway,chad greenway,LB,FRONT7,1983-01-12,,Inactive
250,10521,Matt Spaeth,matt spaeth,TE,TE,1983-11-24,,Inactive
251,10057,Montell Owens,montell owens,FB,RB,1984-05-04,,Inactive
253,10522,James Jones,james jones,WR,WR,1984-03-31,,Inactive
254,10458,Darrelle Revis,darrelle revis,CB,DB,1985-07-14,,Inactive
255,10749,James Ihedigbo,james ihedigbo,SS,DB,1983-12-03,,Inactive
256,,Rian Lindell,rian lindell,K,K,1977-01-20,,Inactive
257,11910,Husain Abdullah,husain abdullah,FS,DB,1985-07-27,,Inactive
258,8417,Ronnie Brown,ronnie brown,RB,RB,1981-12-12,,Inactive
259,4467,Kevin Williams,kevin williams,DT,FRONT7,1980-08-16,,Inactive
260,11394,Josh Johnson,josh johnson,QB,QB,1986-05-15,CIN,Active
261,9591,A.J. Hawk,aj hawk,LB,FRONT7,1984-01-06,,Inactive
263,4596,Robert Mathis,robert mathis,LB,FRONT7,1981-02-26,,Inactive
264,9638,Greg Jennings,greg jennings,WR,WR,1983-09-21,,Inactive
265,5533,DeAngelo Hall,deangelo hall,FS,DB,1983-11-19,,Inactive
266,11366,Orlando Scandrick,orlando scandrick,CB,DB,1987-02-10,,Active
268,8416,Alex Smith,alex smith,QB,QB,1984-05-07,,Injured Reserve
269,11439,Pierre Garcon,pierre garcon,WR,WR,1986-08-08,,Inactive
270,9400,Lance Moore,lance moore,WR,WR,1983-08-31,,Inactive
272,11258,Chris Johnson,chris johnson,RB,RB,1985-09-23,,Inactive
273,10611,Corey Graham,corey graham,FS,DB,1985-07-25,,Inactive
275,5662,Josh Scobee,josh scobee,K,K,1982-06-23,,Inactive
276,9777,Jeremy Mincey,jeremy mincey,DE,FRONT7,1983-12-14,,Inactive
277,10287,Daniel Fells,daniel fells,TE,TE,1983-09-23,,Inactive
278,,Kevin Kolb,kevin kolb,QB,QB,1984-08-24,,Inactive
279,9643,Devin Hester,devin hester,WR,WR,1982-11-04,,Inactive
281,11809,Wallace Gilberry,wallace gilberry,DE,FRONT7,1984-12-05,,Inactive
282,10477,Alan Branch,alan branch,DT,FRONT7,1984-12-29,,Inactive
283,10469,Jon Beason,jon beason,LB,FRONT7,1985-01-14,,Inactive
284,9761,Delanie Walker,delanie walker,TE,TE,1984-08-12,,Active
285,10546,Brian Robison,brian robison,DE,FRONT7,1983-04-27,,Inactive
286,10467,Dwayne Bowe,dwayne bowe,WR,WR,1984-09-21,,Inactive
287,9689,Brad Smith,brad smith,WR,WR,1983-12-12,,Inactive
289,2580,Drew Brees,drew brees,QB,QB,1979-01-15,,Injured Reserve
290,10481,Eric Weddle,eric weddle,FS,DB,1985-01-04,LAR,Inactive
291,,Felix Jones,felix jones,RB,RB,1987-05-08,,Inactive
292,10361,Stephen Bowen,stephen bowen,DE,FRONT7,1984-03-28,,Inactive
293,9646,Maurice Jones-Drew,maurice jones drew,RB,RB,1985-03-23,,Inactive
294,1428,Peyton Manning,peyton manning,QB,QB,1976-03-24,,Inactive
295,10590,Tarell Brown,tarell brown,CB,DB,1985-01-06,,Inactive
296,4468,Terrell Suggs,terrell suggs,LB,FRONT7,1982-10-11,,Active
297,11276,Eddie Royal,eddie royal,WR,WR,1986-05-21,,Inactive
298,10459,Lawrence Timmons,lawrence timmons,LB,FRONT7,1986-05-14,,Inactive
300,,Willis McGahee,willis mcgahee,RB,RB,1981-10-21,,Inactive
305,2552,Justin Smith,justin smith,DT,FRONT7,1979-09-30,,Inactive
306,9613,DeAngelo Williams,deangelo williams,RB,RB,1983-04-25,,Inactive
308,,JohnnieLee Higgins,johnnielee higgins,WR,WR,1983-09-08,,Inactive
309,11274,Tracy Porter,tracy porter,CB,DB,1986-08-11,,Inactive
310,8444,Heath Miller,heath miller,TE,TE,1982-10-22,,Inactive
312,11387,Matthew Slater,matthew slater,WR,WR,1985-09-09,,Active
313,9726,Parys Haralson,parys haralson,OLB,FRONT7,1984-01-24,,Inactive
314,9598,Haloti Ngata,haloti ngata,DT,FRONT7,1984-01-21,,Injured Reserve
315,,Dustin Keller,dustin keller,TE,TE,1984-09-25,,Inactive
316,6016,Malcom Floyd,malcom floyd,WR,WR,1981-09-08,,Inactive
317,,Caleb Hanie,caleb hanie,QB,QB,1985-09-11,,Inactive
318,11236,Chris Long,chris long,DE,FRONT7,1985-03-28,,Injured Reserve
320,5589,Darnell Dockett,darnell dockett,DT,FRONT7,1981-05-27,,Inactive
321,11280,Jerome Simpson,jerome simpson,WR,WR,1986-02-04,,Inactive
322,5362,Antonio Gates,antonio gates,TE,TE,1980-06-18,,Injured Reserve
323,11307,Jamaal Charles,jamaal charles,RB,RB,1986-12-27,,Injured Reserve
325,15112,Korey Toomer,korey toomer,LB,FRONT7,1988-12-09,,Inactive
326,11238,Darren McFadden,darren mcfadden,RB,RB,1987-08-27,,Inactive
328,11392,Kellen Davis,kellen davis,TE,TE,1985-10-11,,Inactive
329,8430,Derrick Johnson,derrick johnson,LB,FRONT7,1982-11-22,,Injured Reserve
331,5529,Philip Rivers,philip rivers,QB,QB,1981-12-08,,Active
332,12613,Jairus Byrd,jairus byrd,FS,DB,1986-10-07,,Inactive
333,8664,Ryan Fitzpatrick,ryan fitzpatrick,QB,QB,1982-11-24,,Active
337,12645,Chris Clemons,chris clemons,FS,DB,1985-09-15,,Inactive
339,12568,Brian Hartline,brian hartline,WR,WR,1986-11-22,,Inactive
340,,Lex Hilliard,lex hilliard,RB,RB,1984-07-30,,Inactive
341,10031,Tony McDaniel,tony mcdaniel,DT,FRONT7,1985-01-20,,Injured Reserve
342,12417,Cameron Wake,cameron wake,DE,FRONT7,1982-01-30,,Active
343,12527,Patrick Chung,patrick chung,SS,DB,1987-08-19,,Injured Reserve
344,12649,Julian Edelman,julian edelman,WR,WR,1986-05-22,,Injured Reserve
345,12477,Brian Hoyer,brian hoyer,QB,QB,1985-10-13,,Active
346,12597,Brandon Tate,brandon tate,WR,WR,1987-10-05,,Inactive
348,12500,Shonn Greene,shonn greene,RB,RB,1985-08-21,,Inactive
349,11778,Ropati Pitoitua,ropati pitoitua,DE,FRONT7,1985-04-06,,Inactive
350,12482,Mark Sanchez,mark sanchez,QB,QB,1986-11-11,,Injured Reserve
352,12536,Chase Coffman,chase coffman,TE,TE,1986-11-10,,Inactive
354,12436,Michael Johnson,michael johnson,DE,FRONT7,1987-02-07,,Inactive
355,,Brian Leonard,brian leonard,RB,RB,1984-02-03,,Inactive
356,12455,Rey Maualuga,rey maualuga,LB,FRONT7,1987-01-20,,Inactive
357,12928,Tom Nelson,tom nelson,FS,DB,1986-12-04,,Inactive
361,12442,Ziggy Hood,ziggy hood,DE,FRONT7,1987-02-16,,Inactive
362,12506,David Johnson,david johnson,TE,TE,1987-08-26,,Inactive
364,11428,Ryan Mundy,ryan mundy,SS,DB,1985-02-11,,Inactive
365,12601,Mike Wallace,mike wallace,WR,WR,1986-08-01,,Inactive
366,12556,Kenny Britt,kenny britt,WR,WR,1988-09-19,,Inactive
367,12537,Jared Cook,jared cook,TE,TE,1987-04-07,,Active
368,12691,Jason McCourty,jason mccourty,DB,DB,1987-08-13,,Active
370,9307,Nate Washington,nate washington,WR,WR,1983-08-28,,Inactive
371,12449,Connor Barwin,connor barwin,LB,FRONT7,1986-10-15,,Inactive
372,12535,James Casey,james casey,FB,RB,1984-09-22,,Inactive
373,12453,Brian Cushing,brian cushing,LB,FRONT7,1987-01-24,,Inactive
374,8559,Dan Orlovsky,dan orlovsky,QB,QB,1983-08-18,,Inactive
375,12716,Glover Quin,glover quin,FS,DB,1986-01-15,,Injured Reserve
376,5660,Antonio Smith,antonio smith,DE,FRONT7,1981-10-21,,Inactive
377,12489,Donald Brown,donald brown,RB,RB,1987-04-11,,Inactive
379,12446,Fili Moala,fili moala,DT,FRONT7,1985-06-23,,Inactive
380,12503,Rashad Jennings,rashad jennings,RB,RB,1985-03-26,,Inactive
381,12677,Terrance Knighton,terrance knighton,NT,FRONT7,1986-07-04,,Inactive
383,12432,Robert Ayers,robert ayers,DE,FRONT7,1985-09-06,,Inactive
384,12638,David Bruton,david bruton,SS,DB,1987-07-23,,Injured Reserve
386,4582,Brandon Lloyd,brandon lloyd,WR,WR,1981-07-05,,Inactive
387,12516,Knowshon Moreno,knowshon moreno,RB,RB,1987-07-16,,Inactive
388,8520,Kyle Orton,kyle orton,QB,QB,1982-11-14,,Inactive
389,8644,Matt Cassel,matt cassel,QB,QB,1982-05-17,,Inactive
390,12435,Tyson Jackson,tyson jackson,DE,FRONT7,1986-06-06,,Inactive
391,12731,Ryan Succop,ryan succop,K,K,1986-09-19,,Active
392,,Mike Vrabel,mike vrabel,LB,FRONT7,1975-08-14,,Inactive
393,9780,Bruce Gradkowski,bruce gradkowski,QB,QB,1983-01-27,,Inactive
394,12570,Darrius Heyward-Bey,darrius heyward bey,WR,WR,1987-02-26,,Inactive
395,12619,Michael Mitchell,michael mitchell,FS,DB,1987-06-10,,Inactive
396,12585,Louis Murphy,louis murphy,WR,WR,1987-05-11,,Inactive
397,12705,Brandon Myers,brandon myers,TE,TE,1985-09-04,,Inactive
398,4042887,Matt Shaughnessy,matt shaughnessy,DE,FRONT7,1986-09-23,,Inactive
399,12434,Larry English,larry english,DE,FRONT7,1986-01-22,,Inactive
400,12688,Vaughn Martin,vaughn martin,DT,FRONT7,1986-04-18,,Inactive
402,12641,Victor Butler,victor butler,OLB,FRONT7,1987-07-29,,Inactive
403,11259,Mike Jenkins,mike jenkins,CB,DB,1985-03-22,,Inactive
404,,Jon Kitna,jon kitna,QB,QB,1972-09-21,,Inactive
405,12588,Kevin Ogletree,kevin ogletree,WR,WR,1987-08-05,,Inactive
406,12550,John Phillips,john phillips,TE,TE,1987-06-11,,Inactive
408,8546,Chris Canty,chris canty,DE,FRONT7,1982-11-10,,Inactive
410,12653,Moise Fokou,moise fokou,ILB,FRONT7,1985-08-28,,Inactive
411,12579,Jeremy Maclin,jeremy maclin,WR,WR,1988-05-11,,Inactive
414,12439,Brian Orakpo,brian orakpo,LB,FRONT7,1986-07-31,,Injured Reserve
415,,Earl Bennett,earl bennett,WR,WR,1987-03-23,,Inactive
416,9597,Jay Cutler,jay cutler,QB,QB,1983-04-29,,Inactive
418,12528,Louis Delmas,louis delmas,FS,DB,1987-04-11,,Inactive
419,12682,DeAndre Levy,deandre levy,LB,FRONT7,1987-03-26,,Inactive
420,,Marquand Manuel,marquand manuel,SS,DB,1979-07-11,,Inactive
421,12483,Matthew Stafford,matthew stafford,QB,QB,1988-02-07,LAR,Active
423,12675,Brad Jones,brad jones,LB,FRONT7,1986-04-01,,Inactive
425,12438,Clay Matthews,clay matthews,LB,FRONT7,1986-05-14,,Active
426,12447,B.J. Raji,bj raji,NT,FRONT7,1986-07-11,,Inactive
427,12752,Jarius Wynn,jarius wynn,DE,FRONT7,1986-08-29,,Inactive
428,12451,Jasper Brinkley,jasper brinkley,LB,FRONT7,1985-07-12,,Inactive
429,12569,Percy Harvin,percy harvin,WR,WR,1988-05-28,,Inactive
431,12721,Jamarca Sanford,jamarca sanford,SS,DB,1985-08-27,,Inactive
432,12530,William Moore,william moore,SS,DB,1985-05-18,,Inactive
433,12713,Christopher Owens,christopher owens,CB,DB,1986-12-01,,Inactive
435,12727,Lawrence Sidbury,lawrence sidbury,LB,FRONT7,1986-02-06,,Inactive
437,12433,Everette Brown,everette brown,ILB,FRONT7,1987-08-07,,Inactive
438,11415,Nick Hayden,nick hayden,DT,FRONT7,1986-02-04,,Inactive
440,12617,Sherrod Martin,sherrod martin,FS,DB,1984-10-12,,Inactive
441,12703,Captain Munnerlyn,captain munnerlyn,CB,DB,1988-04-10,,Inactive
444,12426,Malcolm Jenkins,malcolm jenkins,SS,DB,1987-12-20,NO,Active
446,12633,E.J. Biggers,ej biggers,CB,DB,1987-06-13,,Inactive
448,12473,Josh Freeman,josh freeman,QB,QB,1988-01-13,,Inactive
449,,Kellen Winslow,kellen winslow,TE,TE,1983-07-21,,Inactive
450,,Billy Bajema,billy bajema,TE,TE,1982-10-31,,Inactive
451,10785,Craig Dahl,craig dahl,SS,DB,1985-06-17,,Inactive
452,12652,Bradley Fletcher,bradley fletcher,CB,DB,1986-06-25,,Inactive
453,12454,James Laurinaitis,james laurinaitis,LB,FRONT7,1986-12-03,,Injured Reserve
454,12517,Chris Ogbonnaya,chris ogbonnaya,RB,RB,1986-05-05,,Inactive
455,12563,Michael Crabtree,michael crabtree,WR,WR,1987-09-14,,Active
456,2516392,Deon Butler,deon butler,TE,TE,1986-01-04,,Inactive
457,4870,Colin Cole,colin cole,DT,FRONT7,1980-06-24,,Inactive
458,11467,Justin Forsett,justin forsett,RB,RB,1985-10-14,,Inactive
459,11544,David Hawthorne,david hawthorne,LB,FRONT7,1985-05-14,,Inactive
461,2549,Michael Vick,michael vick,QB,QB,1980-06-26,,Inactive
462,,Brett Favre,brett favre,QB,QB,1969-10-10,,Inactive
463,12445,Sen'Derrick Marks,sen derrick marks,DT,FRONT7,1987-02-23,,Inactive
465,12549,Brandon Pettigrew,brandon pettigrew,TE,TE,1985-02-23,,Injured Reserve
466,12424,Vontae Davis,vontae davis,CB,DB,1988-05-27,,Injured Reserve
467,12430,Sean Smith,sean smith,CB,DB,,,Active
468,,Ben Hartsock,ben hartsock,TE,TE,1980-07-05,,Inactive
469,11708,Matthew Mulligan,matthew mulligan,TE,TE,1985-01-18,,Inactive
470,12714,Jerraud Powers,jerraud powers,CB,DB,1987-07-19,,Inactive
472,12423,Darius Butler,darius butler,FS,DB,1986-03-18,,Inactive
473,9721,Rob Ninkovich,rob ninkovich,DE,FRONT7,1984-02-01,,Inactive
474,12586,Hakeem Nicks,hakeem nicks,WR,WR,1988-01-14,,Inactive
475,12738,Gregory Toler,gregory toler,CB,DB,1985-01-02,,Inactive
476,12674,Rashad Johnson,rashad johnson,FS,DB,1986-01-02,,Inactive
478,12747,Lardarius Webb,lardarius webb,FS,DB,1985-10-12,,Inactive
479,11410,Jalen Parmele,jalen parmele,RB,RB,1985-12-30,,Inactive
480,13103,Dannell Ellerbe,dannell ellerbe,LB,FRONT7,1985-11-29,,Inactive
482,12437,Paul Kruger,paul kruger,DE,FRONT7,1986-02-15,,Inactive
483,13045,Jonathan Casillas,jonathan casillas,LB,FRONT7,1987-06-03,,Inactive
486,12949,Desmond Bryant,desmond bryant,DE,FRONT7,1985-12-15,,Inactive
487,12443,Ricky Jean-Francois,ricky jean francois,DT,FRONT7,1986-11-23,,Inactive
488,12448,Vance Walker,vance walker,DE,FRONT7,1987-04-26,,Inactive
490,12471,Chase Daniel,chase daniel,QB,QB,1986-10-07,,Active
491,11674,Danny Amendola,danny amendola,WR,WR,1985-11-02,,Active
492,,Tyler Thigpen,tyler thigpen,RB,RB,1984-04-14,,Inactive
493,12932,Dan Skuta,dan skuta,LB,FRONT7,1986-04-21,,Inactive
494,10927,Jason Trusnik,jason trusnik,LB,FRONT7,1984-06-06,,Inactive
495,12762,Michael Bennett,michael bennett,DE,FRONT7,1985-11-13,,Injured Reserve
496,12567,Brandon Gibson,brandon gibson,WR,WR,1987-08-31,,Inactive
498,11494,Kyle Arrington,kyle arrington,CB,DB,1986-08-12,,Inactive
499,11737,Connor Barth,connor barth,K,K,1986-04-11,,Inactive
500,4245,Billy Cundiff,billy cundiff,K,K,1980-03-30,,Inactive
501,11463,Cary Williams,cary williams,CB,DB,1984-12-23,,Inactive
502,12548,Bear Pascoe,bear pascoe,TE,TE,1986-02-23,,Inactive
503,12460,Graham Gano,graham gano,K,K,1987-04-09,,Active
504,,Micheal Spurlock,micheal spurlock,WR,WR,1983-01-31,,Inactive
505,13266,Alex Carrington,alex carrington,DE,FRONT7,1987-06-19,,Inactive
506,,David Nelson,david nelson,WR,WR,1986-11-07,,Inactive
507,13203,C.J. Spiller,cj spiller,RB,RB,1987-08-05,,Inactive
508,13333,Nolan Carroll,nolan carroll,CB,DB,1987-01-18,,Inactive
510,13287,Koa Misi,koa misi,LB,FRONT7,1987-01-17,,Inactive
511,13616,Marlon Moore,marlon moore,WR,WR,1987-09-03,,Inactive
512,13244,Jared Odrick,jared odrick,DE,FRONT7,1987-12-31,,Injured Reserve
513,13541,Sergio Brown,sergio brown,FS,DB,1988-05-22,,Inactive
514,13351,Brandon Deaderick,brandon deaderick,DE,FRONT7,1987-08-19,,Inactive
515,13229,Rob Gronkowski,rob gronkowski,TE,TE,1989-05-14,,Active
516,,Aaron Hernandez,aaron hernandez,TE,TE,1989-11-06,,Inactive
517,13608,Kyle Love,kyle love,NT,FRONT7,1986-11-18,,Injured Reserve
518,13236,Devin McCourty,devin mccourty,DB,DB,1987-08-13,,Active
519,13298,Brandon Spikes,brandon spikes,ILB,FRONT7,1987-09-03,,Inactive
520,13341,John Conner,john conner,FB,RB,1987-06-08,,Inactive
521,13555,Jeff Cumberland,jeff cumberland,TE,TE,1987-05-02,,Inactive
523,13209,Joe McKnight,joe mcknight,RB,RB,1988-04-16,,Inactive
524,13237,Kyle Wilson,kyle wilson,CB,DB,1987-09-08,,Inactive
526,13394,Arthur Jones,arthur jones,DE,FRONT7,1986-06-03,,Inactive
527,13231,Dennis Pitta,dennis pitta,TE,TE,1985-06-29,,Inactive
528,13311,Geno Atkins,geno atkins,DT,FRONT7,1988-03-28,,Active
529,13274,Carlos Dunlap,carlos dunlap,DL,FRONT7,1989-02-28,,Active
530,13228,Jermaine Gresham,jermaine gresham,TE,TE,1988-06-16,,Inactive
531,13249,Joe Haden,joe haden,CB,DB,1989-04-14,,Active
533,13199,Colt McCoy,colt mccoy,QB,QB,1986-09-05,,Active
534,13222,Carlton Mitchell,carlton mitchell,WR,WR,1988-04-06,,Inactive
535,13304,T.J. Ward,tj ward,FS,DB,1986-12-12,,Injured Reserve
536,13934,Antonio Brown,antonio brown,WR,WR,1988-07-10,,Active
538,13295,Emmanuel Sanders,emmanuel sanders,WR,WR,1987-03-17,,Active
539,13409,Marc Mariani,marc mariani,WR,WR,1987-05-02,,Inactive
540,13478,Alterraun Verner,alterraun verner,CB,DB,1988-12-13,,Inactive
541,13219,Damian Williams,damian williams,WR,WR,1988-05-26,,Inactive
542,13353,Dorin Dickerson,dorin dickerson,TE,TE,1988-03-31,,Inactive
543,13371,Garrett Graham,garrett graham,TE,TE,1986-08-04,,Inactive
544,13254,Kareem Jackson,kareem jackson,DB,DB,1988-04-10,,Active
545,13419,Sherrick McManis,sherrick mcmanis,DB,DB,1987-12-19,,Inactive
546,13288,Earl Mitchell,earl mitchell,DT,FRONT7,1987-09-25,,Active
549,13342,Kavell Conner,kavell conner,LB,FRONT7,1987-02-23,,Inactive
550,13245,Jerry Hughes,jerry hughes,DE,FRONT7,1988-08-13,,Active
552,13411,Ricardo Mathews,ricardo mathews,DE,FRONT7,1987-07-30,,Inactive
554,13233,Tyson Alualu,tyson alualu,DE,FRONT7,1987-05-12,,Active
555,12644,Don Carey,don carey,FS,DB,1987-02-14,,Inactive
557,13344,Perrish Cox,perrish cox,CB,DB,1987-01-10,,Inactive
558,13271,Eric Decker,eric decker,WR,WR,1987-03-15,,Inactive
559,13200,Tim Tebow,tim tebow,TE,TE,1987-08-14,,Inactive
560,13216,Demaryius Thomas,demaryius thomas,WR,WR,1987-12-25,,Active
561,13797,Cassius Vaughn,cassius vaughn,CB,DB,1987-11-03,,Inactive
563,13252,Eric Berry,eric berry,SS,DB,1988-12-29,,Inactive
564,13207,Dexter McCluster,dexter mccluster,RB,RB,1988-08-25,,Inactive
565,13289,Tony Moeaki,tony moeaki,TE,TE,1987-06-08,,Inactive
566,13321,Stevie Brown,stevie brown,SS,DB,1987-07-17,,Inactive
567,13363,Jacoby Ford,jacoby ford,WR,WR,1987-07-27,,Inactive
568,13277,Lamarr Houston,lamarr houston,LB,FRONT7,1987-06-24,,Inactive
570,13524,Seyi Ajirotutu,seyi ajirotutu,WR,WR,1987-06-12,,Inactive
571,13204,Ryan Mathews,ryan mathews,RB,RB,1987-10-10,,Inactive
572,13465,Darrell Stuckey,darrell stuckey,FS,DB,1987-06-16,,Physically Unable to Perform
573,13470,Cam Thomas,cam thomas,NT,FRONT7,1986-12-12,,Inactive
574,13215,Dez Bryant,dez bryant,WR,WR,1988-11-04,,Inactive
575,13338,Barry Church,barry church,SS,DB,1988-02-11,,Inactive
576,13284,Sean Lee,sean lee,LB,FRONT7,1986-07-22,,Injured Reserve
577,13611,Danny McCray,danny mccray,SS,DB,1988-03-10,,Inactive
579,13281,Linval Joseph,linval joseph,DT,FRONT7,1988-10-10,,Active
580,13257,Nate Allen,nate allen,FS,DB,1987-11-30,,Inactive
581,13340,Kurt Coleman,kurt coleman,FS,DB,1988-07-01,,Active
582,13225,Riley Cooper,riley cooper,WR,WR,1987-09-09,,Inactive
583,13239,Brandon Graham,brandon graham,DE,FRONT7,1988-04-03,,Active
584,13376,Clay Harbor,clay harbor,TE,TE,1987-07-02,,Inactive
586,13397,Mike Kafka,mike kafka,QB,QB,1987-07-25,,Inactive
587,13726,Logan Paulsen,logan paulsen,TE,TE,1987-02-26,,Active
588,12695,Henry Melton,henry melton,DE,FRONT7,1986-10-11,,Inactive
590,13494,Corey Wootton,corey wootton,DE,FRONT7,1987-06-22,,Inactive
591,13307,Major Wright,major wright,SS,DB,1988-07-01,,Inactive
592,,Jahvid Best,jahvid best,RB,RB,1989-01-30,,Inactive
594,13234,Ndamukong Suh,ndamukong suh,DT,FRONT7,1987-01-06,,Active
595,13497,Willie Young,willie young,LB,FRONT7,1985-09-19,,Inactive
597,13264,Morgan Burnett,morgan burnett,SS,DB,1989-01-13,,Injured Reserve
599,13291,Mike Neal,mike neal,LB,FRONT7,1987-06-26,,Inactive
601,13440,Andrew Quarless,andrew quarless,TE,TE,1988-10-06,,Inactive
602,13769,Sam Shields,sam shields,CB,DB,1987-12-08,,Inactive
603,13491,C.J. Wilson,cj wilson,DE,FRONT7,1987-03-30,,Inactive
604,13211,Toby Gerhart,toby gerhart,RB,RB,1987-03-28,,Inactive
605,13373,Everson Griffen,everson griffen,DE,FRONT7,1987-12-22,,Active
606,13484,Joe Webb,joe webb,QB,QB,1986-11-14,,Active
608,13292,Corey Peters,corey peters,DT,FRONT7,1988-06-08,,Active
609,13158,Antone Smith,antone smith,RB,RB,1985-09-17,,Inactive
610,13243,Sean Weatherspoon,sean weatherspoon,LB,FRONT7,1987-12-29,,Inactive
611,13198,Jimmy Clausen,jimmy clausen,QB,QB,1987-09-21,,Inactive
612,13377,Greg Hardy,greg hardy,DE,FRONT7,1988-07-28,,Inactive
613,12576,Brandon LaFell,brandon lafell,WR,WR,1986-11-04,,Inactive
614,13412,Robert McClain,robert mcclain,CB,DB,1988-07-22,,Inactive
616,13232,Jimmy Graham,jimmy graham,TE,TE,1986-11-24,,Active
617,13238,Patrick Robinson,patrick robinson,CB,DB,1987-09-07,,Injured Reserve
618,13218,Arrelious Benn,arrelious benn,WR,WR,1988-09-08,,Inactive
619,13240,Gerald McCoy,gerald mccoy,DT,FRONT7,1988-02-25,,Active
620,13703,Preston Parker,preston parker,WR,WR,1987-02-13,,Inactive
621,13197,Sam Bradford,sam bradford,QB,QB,1987-11-08,,Inactive
622,13387,Michael Hoomanawanui,michael hoomanawanui,TE,TE,1988-07-04,,Inactive
624,13457,Eugene Sims,eugene sims,DE,FRONT7,1986-03-18,,Inactive
625,13645,Darian Stewart,darian stewart,FS,DB,1988-08-04,,Active
626,13357,Jim Dray,jim dray,TE,TE,1986-12-31,,Inactive
627,13226,Andre Roberts,andre roberts,WR,WR,1988-01-09,,Active
628,13305,Daryl Washington,daryl washington,ILB,FRONT7,1986-10-09,,Inactive
629,13235,Dan Williams,dan williams,DT,FRONT7,1987-06-01,,Inactive
630,13308,Phillip Adams,phillip adams,CB,DB,1988-07-20,,Inactive
632,13262,Navorro Bowman,navorro bowman,LB,FRONT7,1988-05-28,,Inactive
633,13681,Tramaine Brock,tramaine brock,CB,DB,1988-08-20,,Active
636,13697,Chris Maragos,chris maragos,SS,DB,1987-01-06,,Inactive
637,13286,Taylor Mays,taylor mays,FS,DB,1988-02-07,,Inactive
638,13488,Kyle Williams,kyle williams,WR,WR,1988-07-19,,Inactive
639,13336,Kam Chancellor,kam chancellor,SS,DB,1988-04-03,,Inactive
640,13414,Anthony McCoy,anthony mccoy,TE,TE,1987-12-28,,Inactive
642,13217,Golden Tate,golden tate,WR,WR,1988-08-02,,Active
643,13251,Earl Thomas,earl thomas,FS,DB,1989-05-07,,Active
644,13473,Walter Thurmond,walter thurmond,S,DB,1987-08-12,,Inactive
645,5576,Dwan Edwards,dwan edwards,DT,FRONT7,1981-05-16,,Inactive
646,5558,Karlos Dansby,karlos dansby,LB,FRONT7,1981-11-03,,Inactive
648,9705,Brandon Marshall,brandon marshall,WR,WR,1984-03-23,,Inactive
649,9605,Antonio Cromartie,antonio cromartie,CB,DB,1984-04-15,,Inactive
650,10621,Nick Folk,nick folk,K,K,1984-11-05,ATL,Active
651,9611,Santonio Holmes,santonio holmes,WR,WR,1984-03-03,,Inactive
652,11347,Dwight Lowery,dwight lowery,FS,DB,1986-01-23,,Inactive
654,,LaDainian Tomlinson,ladainian tomlinson,RB,RB,1979-06-23,,Inactive
655,4512,Anquan Boldin,anquan boldin,WR,WR,1980-10-03,,Inactive
656,4524,Cory Redding,cory redding,DT,FRONT7,1980-11-15,,Inactive
657,8421,Adam Jones,adam jones,CB,DB,1983-09-30,,Injured Reserve
658,8461,Mike Nugent,mike nugent,K,K,1982-03-02,,Inactive
659,12519,Cedric Peerman,cedric peerman,RB,RB,1986-10-10,,Inactive
660,11461,Peyton Hillis,peyton hillis,RB,RB,1986-01-21,,Inactive
661,8485,Alex Smith,alex smith,TE,TE,1982-05-22,,Inactive
662,,Seneca Wallace,seneca wallace,QB,QB,1980-08-06,,Inactive
663,5557,Benjamin Watson,benjamin watson,TE,TE,1980-12-18,,Injured Reserve
664,5636,Will Allen,will allen,SS,DB,1982-06-17,,Inactive
665,,Dennis Dixon,dennis dixon,QB,QB,1985-01-11,,Inactive
666,12683,Keenan Lewis,keenan lewis,CB,DB,1986-05-17,,Inactive
667,12895,Steve McLendon,steve mclendon,DT,FRONT7,1986-01-03,,Active
668,5552,Jason Babin,jason babin,LB,FRONT7,1980-05-24,,Inactive
669,12497,Arian Foster,arian foster,RB,RB,1986-08-24,,Inactive
670,5437,Kassim Osgood,kassim osgood,WR,WR,1980-05-20,,Inactive
671,,Brady Quinn,brady quinn,QB,QB,1984-10-27,,Inactive
672,12746,Donald Washington,donald washington,CB,DB,1986-07-28,,Inactive
673,8440,Jason Campbell,jason campbell,QB,QB,1981-12-31,,Inactive
674,11286,Quentin Groves,quentin groves,OLB,FRONT7,1984-07-05,,Inactive
675,8423,Antrel Rolle,antrel rolle,S,DB,1982-12-16,,Inactive
676,12514,LeSean McCoy,lesean mccoy,RB,RB,1988-07-12,,Injured Reserve
677,9649,Darryl Tapp,darryl tapp,DE,FRONT7,1984-09-13,,Inactive
678,9424,Lorenzo Alexander,lorenzo alexander,LB,FRONT7,1983-05-31,,Injured Reserve
679,4480,Rex Grossman,rex grossman,QB,QB,1980-08-23,,Inactive
682,13097,Darrel Young,darrel young,FB,RB,1987-04-08,,Inactive
683,9648,Tim Jennings,tim jennings,CB,DB,1983-12-24,,Inactive
684,3530,Julius Peppers,julius peppers,DE,FRONT7,1980-01-18,,Injured Reserve
685,12667,Sammie Lee Hill,sammie lee hill,NT,FRONT7,1986-11-08,,Inactive
686,4260,Shaun Hill,shaun hill,QB,QB,1980-01-09,,Inactive
687,13007,Ashlee Palmer,ashlee palmer,OLB,FRONT7,1986-04-07,,Inactive
688,,Tony Scheffler,tony scheffler,TE,TE,1983-02-15,,Inactive
689,12698,Roy Miller,roy miller,DT,FRONT7,1987-07-09,,Inactive
690,13482,Dekoda Watson,dekoda watson,LB,FRONT7,1988-03-03,,Active
691,8627,Derek Anderson,derek anderson,QB,QB,1983-06-15,,Injured Reserve
692,,Jay Feely,jay feely,K,K,1976-05-26,,Inactive
693,,Joey Porter,joey porter,LB,FRONT7,1977-03-22,,Inactive
694,12905,Reggie Walker,reggie walker,LB,FRONT7,1986-12-15,,Inactive
695,10453,Ted Ginn,ted ginn,WR,WR,1985-04-12,,Injured Reserve
696,4864,Chris Clemons,chris clemons,DE,FRONT7,1981-10-30,,Inactive
697,9703,Leon Washington,leon washington,RB,RB,1982-08-29,,Inactive
698,9667,Charlie Whitehurst,charlie whitehurst,QB,QB,1982-08-06,,Inactive
699,10664,Trumaine McBride,trumaine mcbride,CB,DB,1985-09-24,,Inactive
700,10499,Josh Wilson,josh wilson,CB,DB,1985-03-11,,Inactive
701,13272,Ed Dickson,ed dickson,TE,TE,1987-07-25,,Inactive
702,13422,Arthur Moats,arthur moats,LB,FRONT7,1988-03-14,,Injured Reserve
704,10465,Reggie Nelson,reggie nelson,FS,DB,1983-09-21,,Inactive
705,13406,Sean Lissemore,sean lissemore,NT,FRONT7,1987-09-11,,Inactive
706,11434,Joe Mays,joe mays,LB,FRONT7,1985-07-06,,Inactive
708,13779,Frank Zombo,frank zombo,LB,FRONT7,1987-03-05,,Inactive
709,12690,Brice McCain,brice mccain,CB,DB,1986-12-10,,Inactive
711,11920,Leger Douzable,leger douzable,DE,FRONT7,1986-05-31,,Inactive
712,13259,Javier Arenas,javier arenas,CB,DB,1987-10-28,,Inactive
713,13404,Kendrick Lewis,kendrick lewis,FS,DB,1988-06-16,,Inactive
714,13395,Reshad Jones,reshad jones,FS,DB,1988-02-25,,Active
716,13863,Steve Maneri,steve maneri,TE,TE,1988-03-20,,Inactive
717,13587,Chris Ivory,chris ivory,RB,RB,1988-03-22,,Inactive
718,13566,Junior Galette,junior galette,OLB,FRONT7,1988-03-27,,Inactive
719,13553,Victor Cruz,victor cruz,WR,WR,1986-11-11,,Inactive
720,13256,Jason Pierre-Paul,jason pierre paul,LB,FRONT7,1989-01-01,,Active
721,13255,Rolando McClain,rolando mcclain,LB,FRONT7,1989-07-14,,Inactive
722,13324,Crezdon Butler,crezdon butler,CB,DB,1987-05-26,,Inactive
723,,Michael Robinson,michael robinson,RB,RB,1983-02-06,,Inactive
724,13005,Nate Ness,nate ness,FS,DB,1986-09-05,,Inactive
727,13212,Anthony Dixon,anthony dixon,RB,RB,1987-09-24,,Inactive
728,13452,George Selvie,george selvie,DE,FRONT7,1987-03-06,,Inactive
729,13554,Jermelle Cudjo,jermelle cudjo,DT,FRONT7,1986-09-28,,Inactive
730,13213,LeGarrette Blount,legarrette blount,RB,RB,1986-12-05,,Injured Reserve
732,13248,Derrick Morgan,derrick morgan,LB,FRONT7,1989-01-06,,Injured Reserve
733,13443,Perry Riley,perry riley,LB,FRONT7,1988-05-03,,Inactive
735,11788,Danny Woodhead,danny woodhead,RB,RB,1985-01-25,,Inactive
736,13536,Joique Bell,joique bell,RB,RB,1986-08-04,,Inactive
737,13456,Mickey Shuler,mickey shuler,TE,TE,1986-10-09,,Inactive
739,,Trent Edwards,trent edwards,QB,QB,1983-10-30,,Inactive
740,,Brandon Stokley,brandon stokley,WR,WR,1976-06-23,,Inactive
743,8605,C.J. Mosley,cj mosley,DT,FRONT7,1983-08-06,,Inactive
745,10456,Marshawn Lynch,marshawn lynch,RB,RB,1986-04-22,,Injured Reserve
747,13407,Erik Lorig,erik lorig,FB,RB,1986-11-17,,Inactive
748,13489,Mike Williams,mike williams,WR,WR,1987-05-18,,Inactive
749,12699,Zach Miller,zach miller,TE,TE,1984-10-04,,Inactive
750,11401,Erik Walden,erik walden,LB,FRONT7,1985-08-21,,Injured Reserve
751,13165,Joshua Mauga,joshua mauga,LB,FRONT7,1987-06-20,,Inactive
752,13449,O'Brien Schofield,o brien schofield,LB,FRONT7,1987-04-03,,Inactive
753,12749,Jason Williams,jason williams,OLB,FRONT7,1986-02-21,,Inactive
754,13493,Al Woods,al woods,DT,FRONT7,1987-03-25,,Active
755,9701,Will Blackmon,will blackmon,FS,DB,1984-10-27,,Inactive
756,13609,Bryan McCann,bryan mccann,CB,DB,1987-09-29,,Inactive
757,12692,Clinton McDonald,clinton mcdonald,DE,FRONT7,1987-01-06,,Active
758,3504,Shayne Graham,shayne graham,K,K,1977-12-09,,Inactive
760,12757,Colt Anderson,colt anderson,FS,DB,1985-10-25,,Inactive
761,,Brian St Pierre,brian st pierre,QB,QB,1979-11-28,,Inactive
762,13214,James Starks,james starks,RB,RB,1986-02-25,,Inactive
763,9361,Shaun Suisham,shaun suisham,K,K,1981-12-29,,Inactive
764,9668,Derek Hagan,derek hagan,WR,WR,1984-09-21,,Inactive
765,13756,Jeromy Miles,jeromy miles,SS,DB,1987-07-20,,Inactive
767,12760,Chris Baker,chris baker,DT,FRONT7,1987-10-08,,Inactive
768,10572,Scott Chandler,scott chandler,TE,TE,1985-07-23,,Inactive
769,12587,Jordan Norwood,jordan norwood,WR,WR,1986-09-28,,Inactive
770,13939,Andrew Sendejo,andrew sendejo,DB,DB,1987-09-09,,Active
771,13370,Josh Gordy,josh gordy,CB,DB,1987-02-09,,Inactive
772,12988,Ramon Humber,ramon humber,LB,FRONT7,1987-08-10,,Inactive
773,13310,Larry Asante,larry asante,FS,DB,1988-03-07,,Inactive
774,13766,Vincent Rey,vincent rey,LB,FRONT7,1987-09-06,,Inactive
775,11923,Stephen Hauschka,stephen hauschka,K,K,1985-06-29,,Injured Reserve
776,11351,Quintin Demps,quintin demps,SS,DB,1985-06-29,,Inactive
778,13463,RJ Stanford,rj stanford,CB,DB,1988-05-06,,Inactive
779,13812,George Johnson,george johnson,DE,FRONT7,1987-12-11,,Inactive
780,12771,Tony Carter,tony carter,CB,DB,1986-05-24,,Injured Reserve
781,13922,Teddy Williams,teddy williams,CB,DB,1988-07-03,,Inactive
782,13913,Will Tukuafu,will tukuafu,FB,RB,1984-01-03,,Inactive
783,13544,Rafael Bush,rafael bush,SS,DB,1987-05-12,,Injured Reserve
784,13843,Marcus Sherels,marcus sherels,CB,DB,1987-09-30,,Active
786,14043,Jaiquawn Jarrett,jaiquawn jarrett,FS,DB,1989-09-21,,Inactive
788,14198,Dion Lewis,dion lewis,RB,RB,1990-09-27,,Injured Reserve
789,14031,Curtis Marsh,curtis marsh,CB,DB,1988-03-01,,Inactive
790,14181,Casey Matthews,casey matthews,ILB,FRONT7,1989-01-16,,Inactive
791,14310,Cedric Thornton,cedric thornton,DT,FRONT7,1988-06-21,,Inactive
794,14583,Kamar Aiken,kamar aiken,WR,WR,1989-05-30,,Inactive
795,13992,Marcell Dareus,marcell dareus,DE,FRONT7,1990-03-13,,Active
797,14071,Justin Rogers,justin rogers,CB,DB,1988-01-16,,Inactive
798,14143,Da'Norris Searcy,da norris searcy,SS,DB,1988-11-16,,Inactive
799,13995,Kelvin Sheppard,kelvin sheppard,LB,FRONT7,1988-01-02,,Inactive
800,14045,Aaron Williams,aaron williams,SS,DB,1990-04-23,,Inactive
801,14145,Charles Clay,charles clay,TE,TE,1989-02-13,,Active
802,14240,Pat Devlin,pat devlin,QB,QB,1988-04-12,,Inactive
803,14387,Jonathan Freeny,jonathan freeny,LB,FRONT7,1989-06-15,,Inactive
804,14209,Clyde Gates,clyde gates,WR,WR,1986-06-13,,Inactive
805,14176,Frank Kearse,frank kearse,DE,FRONT7,1988-10-28,,Inactive
806,14056,Daniel Thomas,daniel thomas,RB,RB,1987-10-29,,Inactive
807,14059,Jimmy Wilson,jimmy wilson,SS,DB,1986-07-30,,Inactive
809,14038,Ras-I Dowling,ras i dowling,CB,DB,1988-05-09,,Inactive
810,14037,Ryan Mallett,ryan mallett,QB,QB,1988-06-05,,Inactive
811,14028,Stevan Ridley,stevan ridley,RB,RB,1989-01-27,,Inactive
812,14215,Lee Smith,lee smith,TE,TE,1987-11-21,ATL,Active
814,14017,Shane Vereen,shane vereen,RB,RB,1989-03-02,,Injured Reserve
815,14471,Nick Bellore,nick bellore,LB,FRONT7,1989-05-12,,Active
816,14057,Kenrick Ellis,kenrick ellis,DT,FRONT7,1987-12-10,,Inactive
817,14151,Jeremy Kerley,jeremy kerley,WR,WR,1988-11-08,,Inactive
818,14129,Bilal Powell,bilal powell,RB,RB,1988-10-27,,Active
819,13985,Muhammad Wilkerson,muhammad wilkerson,DE,FRONT7,1989-10-22,,Inactive
820,14113,Chykie Brown,chykie brown,CB,DB,1986-12-26,,Inactive
821,14519,Josh Bynes,josh bynes,LB,FRONT7,1989-08-24,,Active
822,14190,Tandon Doss,tandon doss,WR,WR,1989-09-22,,Inactive
823,14202,Pernell McPhee,pernell mcphee,LB,FRONT7,1988-12-17,,Active
825,13963,Jimmy Smith,jimmy smith,CB,DB,1988-07-26,,Active
826,14032,Torrey Smith,torrey smith,WR,WR,1989-01-26,,Injured Reserve
827,14163,Tyrod Taylor,tyrod taylor,QB,QB,1989-08-03,GB,Active
829,14012,Andy Dalton,andy dalton,QB,QB,1987-10-29,PHI,Active
830,13983,A.J. Green,aj green,WR,WR,1988-07-31,,Active
831,13958,Andrew Hawkins,andrew hawkins,WR,WR,1986-03-10,,Inactive
832,14131,Ryan Whalen,ryan whalen,WR,WR,1989-07-26,,Inactive
833,14189,Jordan Cameron,jordan cameron,TE,TE,1988-08-07,,Inactive
834,14733,James Dockery,james dockery,CB,DB,1988-11-09,,Inactive
835,14024,Greg Little,greg little,WR,WR,1989-05-30,,Inactive
836,14036,Jabaal Sheard,jabaal sheard,DE,FRONT7,1989-05-10,,Active
837,14139,Buster Skrine,buster skrine,DB,DB,1989-04-26,,Active
838,13968,Phillip Taylor,phillip taylor,NT,FRONT7,1988-04-07,,Inactive
839,14109,Cortez Allen,cortez allen,CB,DB,1988-10-29,,Inactive
840,14231,Corbin Bryant,corbin bryant,DT,FRONT7,1988-01-04,,Injured Reserve
841,14174,Chris Carter,chris carter,LB,FRONT7,1989-04-06,,Inactive
843,13977,Cameron Heyward,cameron heyward,DT,FRONT7,1989-05-06,PIT,Active
844,14015,Akeem Ayers,akeem ayers,LB,FRONT7,1989-07-10,,Inactive
845,14062,Tommie Campbell,tommie campbell,CB,DB,1987-09-19,,Inactive
846,14047,Jurrell Casey,jurrell casey,DT,FRONT7,1989-12-05,,Injured Reserve
847,14079,Karl Klug,karl klug,DT,FRONT7,1988-03-31,,Inactive
849,14534,Mister Alexander,mister alexander,ILB,FRONT7,1988-06-02,,Inactive
850,14524,Bryan Braman,bryan braman,LB,FRONT7,1987-05-04,,Inactive
851,10587,Brandon Harris,brandon harris,CB,DB,1990-01-24,,Inactive
852,14122,Shiloh Keo,shiloh keo,SS,DB,1987-12-17,,Inactive
853,14590,Jeff Maehl,jeff maehl,WR,WR,1989-01-17,,Inactive
855,13997,Brooks Reed,brooks reed,LB,FRONT7,1987-02-28,,Inactive
856,13979,J.J. Watt,jj watt,DE,FRONT7,1989-03-22,,Active
857,14114,T.J. Yates,tj yates,QB,QB,1987-05-28,,Inactive
860,14223,Armon Binns,armon binns,WR,WR,1989-09-08,,Inactive
862,13987,Blaine Gabbert,blaine gabbert,QB,QB,1989-10-15,,Active
863,14255,DuJuan Harris,dujuan harris,RB,RB,1988-09-03,,Inactive
864,14259,TJ Heath,tj heath,CB,DB,1987-09-11,,Inactive
865,14072,Chris Prosinski,chris prosinski,FS,DB,1987-04-28,,Injured Reserve
866,14184,Cecil Shorts,cecil shorts,WR,WR,1987-12-22,,Inactive
868,14085,Virgil Green,virgil green,TE,TE,1988-08-03,,Inactive
869,14398,Chris Harris,chris harris,CB,DB,1989-06-18,,Active
870,14004,Nate Irving,nate irving,LB,FRONT7,1988-07-12,,Inactive
871,13976,Von Miller,von miller,LB,FRONT7,1989-03-26,DAL,Active
872,14097,Mike Mohamed,mike mohamed,LB,FRONT7,1988-03-11,,Inactive
873,14050,Rahim Moore,rahim moore,FS,DB,1990-02-11,,Inactive
874,14204,Julius Thomas,julius thomas,TE,TE,1988-06-27,,Inactive
875,14020,Allen Bailey,allen bailey,DE,FRONT7,1989-03-25,,Active
876,14361,Brandon Bair,brandon bair,DE,FRONT7,1984-11-24,,Inactive
877,14066,Jalil Brown,jalil brown,CB,DB,1987-10-14,,Inactive
878,14048,Justin Houston,justin houston,DL,FRONT7,1989-01-21,,Active
880,14061,Jerrell Powe,jerrell powe,NT,FRONT7,1987-03-15,,Inactive
881,14080,Ricky Stanzi,ricky stanzi,QB,QB,1987-09-03,,Inactive
882,14102,David Ausberry,david ausberry,TE,TE,1987-09-25,,Inactive
884,14107,Chimdi Chekwa,chimdi chekwa,CB,DB,1988-09-07,,Inactive
885,14211,Richard Gordon,richard gordon,TE,TE,1987-06-07,,Inactive
886,14167,Taiwan Jones,taiwan jones,RB,RB,1988-07-26,,Active
887,14153,Denarius Moore,denarius moore,WR,WR,1988-12-09,,Inactive
888,14802,Sterling Moore,sterling moore,CB,DB,1990-02-03,,Inactive
889,14022,DeMarcus VanDyke,demarcus vandyke,CB,DB,1989-01-17,,Inactive
891,14027,Vincent Brown,vincent brown,WR,WR,1989-01-25,,Inactive
892,14141,Andrew Gachkar,andrew gachkar,LB,FRONT7,1988-11-04,,Inactive
893,14018,Marcus Gilchrist,marcus gilchrist,DB,DB,1988-12-08,,Active
894,13989,Corey Liuget,corey liuget,DT,FRONT7,1990-03-18,,Inactive
895,14186,Jordan Todman,jordan todman,RB,RB,1990-02-24,,Inactive
896,14353,Scott Tolzien,scott tolzien,QB,QB,1987-09-04,,Inactive
897,14010,Shareece Wright,shareece wright,CB,DB,1987-04-08,,Inactive
899,14322,Dan Bailey,dan bailey,K,K,1988-01-26,,Active
900,14671,Mario Butler,mario butler,CB,DB,1988-10-20,,Inactive
901,14026,Bruce Carter,bruce carter,LB,FRONT7,1988-02-19,,Inactive
902,14100,Dwayne Harris,dwayne harris,WR,WR,1987-09-16,,Inactive
904,14005,DeMarco Murray,demarco murray,RB,RB,1988-02-12,,Inactive
906,14625,Phillip Tanner,phillip tanner,RB,RB,1988-08-08,,Inactive
907,14162,Josh Thomas,josh thomas,CB,DB,1989-05-03,,Inactive
908,13975,Prince Amukamara,prince amukamara,DB,DB,1989-06-06,,Active
909,14262,Mark Herzlich,mark herzlich,LB,FRONT7,1987-09-01,,Inactive
910,2268575,Henry Hynoski,henry hynoski,FB,RB,1988-12-30,,Inactive
911,14648,Spencer Paysinger,spencer paysinger,LB,FRONT7,1988-06-28,,Inactive
912,14673,Justin Trattou,justin trattou,DE,FRONT7,1988-08-28,,Inactive
913,14518,Shaun Draughn,shaun draughn,RB,RB,1987-12-07,,Inactive
914,14021,Leonard Hankerson,leonard hankerson,WR,WR,1989-01-30,,Inactive
915,14192,Roy Helu,roy helu,RB,RB,1988-12-07,,Inactive
916,14019,Jarvis Jenkins,jarvis jenkins,DE,FRONT7,1988-04-24,,Inactive
917,13973,Ryan Kerrigan,ryan kerrigan,DE,FRONT7,1988-08-16,,Active
918,14156,Niles Paul,niles paul,TE,TE,1989-08-09,,Injured Reserve
919,14164,Aldrick Robinson,aldrick robinson,WR,WR,1988-09-24,,Inactive
920,14105,Evan Royster,evan royster,RB,RB,1987-11-26,,Inactive
922,14320,Mario Addison,mario addison,DE,FRONT7,1987-09-06,,Active
923,14016,Chris Conte,chris conte,FS,DB,1989-02-23,,Inactive
924,14049,Stephen Paea,stephen paea,DT,FRONT7,1988-05-11,,Inactive
925,14216,J.T. Thomas,jt thomas,LB,FRONT7,1988-08-15,,Injured Reserve
926,14315,Anthony Walters,anthony walters,FS,DB,1988-09-19,,Inactive
927,13990,Nick Fairley,nick fairley,DT,FRONT7,1988-01-23,,Injured Reserve
928,14053,Randall Cobb,randall cobb,WR,WR,1990-08-22,,Active
929,14157,Davon House,davon house,CB,DB,1989-07-10,,Injured Reserve
930,14597,Jamari Lattimore,jamari lattimore,LB,FRONT7,1988-10-06,,Inactive
931,14697,Brandian Ross,brandian ross,SS,DB,1989-09-28,,Inactive
933,14170,DJ Smith,dj smith,K,K,1989-02-24,,Inactive
934,14213,Ryan Taylor,ryan taylor,TE,TE,1987-11-16,,Inactive
935,,DJ Williams,dj williams,TE,TE,1988-09-10,,Inactive
936,14360,Matt Asiata,matt asiata,RB,RB,1987-07-24,,Inactive
937,,Christian Ballard,christian ballard,DT,FRONT7,1989-01-03,,Inactive
938,14375,Larry Dean,larry dean,OLB,FRONT7,1988-08-07,,Inactive
940,14403,Andre Holmes,andre holmes,WR,WR,1988-06-16,,Inactive
941,13966,Christian Ponder,christian ponder,QB,QB,1988-02-25,,Inactive
942,14433,Allen Reisner,allen reisner,TE,TE,1988-09-29,,Inactive
943,14054,Kyle Rudolph,kyle rudolph,TE,TE,1989-11-09,,Active
945,14818,Kevin Cone,kevin cone,WR,WR,1988-03-20,,Inactive
946,14006,Akeem Dent,akeem dent,LB,FRONT7,1987-09-27,,Inactive
947,13982,Julio Jones,julio jones,WR,WR,1989-02-08,,Active
948,14182,Cliff Matthews,cliff matthews,DT,FRONT7,1989-08-05,,Inactive
949,14193,Jacquizz Rodgers,jacquizz rodgers,RB,RB,1990-02-06,,Inactive
950,14510,Darrin Walls,darrin walls,CB,DB,1988-06-20,,Inactive
952,14003,Sione Fua,sione fua,NT,FRONT7,1988-06-15,,Inactive
953,14014,Terrell McClain,terrell mcclain,DT,FRONT7,1988-07-20,,Inactive
954,13994,Cam Newton,cam newton,QB,QB,1989-05-11,,Active
955,14466,Isa Abdul-Quddus,isa abdul quddus,FS,DB,1988-12-14,,Inactive
956,13981,Mark Ingram,mark ingram,RB,RB,1989-12-21,,Inactive
957,13971,Cameron Jordan,cameron jordan,DE,FRONT7,1989-07-10,NO,Active
958,14424,Joe Morgan,joe morgan,WR,WR,1988-03-28,,Inactive
959,14046,Da'Quan Bowers,da quan bowers,DT,FRONT7,1990-02-23,,Inactive
960,14103,Allen Bradford,allen bradford,LB,FRONT7,1988-08-31,,Inactive
961,13965,Adrian Clayborn,adrian clayborn,DE,FRONT7,1988-07-06,,Active
962,14023,Mason Foster,mason foster,LB,FRONT7,1989-03-01,,Inactive
963,14099,Luke Stocker,luke stocker,TE,TE,1988-07-17,,Active
964,14007,Lance Kendricks,lance kendricks,TE,TE,1988-01-30,,Active
966,14035,Austin Pettis,austin pettis,WR,WR,1988-05-07,,Inactive
967,13984,Robert Quinn,robert quinn,LB,FRONT7,1990-05-18,,Active
968,14106,Greg Salas,greg salas,WR,WR,1988-08-25,,Injured Reserve
969,14152,Sam Acho,sam acho,LB,FRONT7,1988-09-06,,Active
970,14093,David Carter,david carter,DE,FRONT7,1987-12-10,,Inactive
971,14009,Rob Housler,rob housler,TE,TE,1988-03-17,,Inactive
972,13980,Patrick Peterson,patrick peterson,CB,DB,1990-07-11,,Active
973,14135,Anthony Sherman,anthony sherman,RB,RB,1988-12-11,,Injured Reserve
974,14051,Ryan Williams,ryan williams,RB,RB,1990-04-09,,Inactive
975,14594,McLeod Bethel-Thompson,mcleod bethel thompson,QB,QB,1988-07-03,,Inactive
976,14044,Chris Culliver,chris culliver,CB,DB,1988-08-17,,Injured Reserve
977,14377,Demarcus Dobbs,demarcus dobbs,DE,FRONT7,1987-11-30,,Inactive
978,14159,Kendall Hunter,kendall hunter,RB,RB,1988-09-16,,Inactive
979,14117,Colin Jones,colin jones,FS,DB,1987-10-27,,Active
980,14001,Colin Kaepernick,colin kaepernick,QB,QB,1987-11-03,,Inactive
982,14083,Bruce Miller,bruce miller,FB,RB,1987-08-06,,Inactive
984,14434,Konrad Reuland,konrad reuland,TE,TE,1987-04-04,,Inactive
985,14441,Sealver Siliga,sealver siliga,DT,FRONT7,1990-04-25,,Inactive
986,13988,Aldon Smith,aldon smith,DE,FRONT7,1989-09-25,,Active
987,14461,Ian Williams,ian williams,NT,FRONT7,1989-08-31,,Injured Reserve
988,14221,Doug Baldwin,doug baldwin,WR,WR,1988-09-21,,Injured Reserve
990,14095,Kris Durham,kris durham,WR,WR,1988-03-17,,Inactive
991,14274,Jeron Johnson,jeron johnson,SS,DB,1988-06-12,,Inactive
992,14280,Ricardo Lockette,ricardo lockette,WR,WR,1986-05-21,,Inactive
993,14133,Byron Maxwell,byron maxwell,CB,DB,1988-02-23,,Injured Reserve
994,14292,Michael Morgan,michael morgan,LB,FRONT7,1988-01-16,,Inactive
995,14297,Ron Parker,ron parker,FS,DB,1987-08-17,,Injured Reserve
996,14086,Richard Sherman,richard sherman,CB,DB,1988-03-30,,Active
997,14214,Malcolm Smith,malcolm smith,LB,FRONT7,1989-07-05,,Active
998,14140,K.J. Wright,kj wright,LB,FRONT7,1989-07-23,,Active
999,13224,Marcus Easley,marcus easley,WR,WR,1987-11-02,,Inactive
1000,13851,Albert McClellan,albert mcclellan,LB,FRONT7,1986-06-04,,Active
1001,13945,Tyler Clutts,tyler clutts,FB,RB,1984-11-09,,Inactive
1002,13345,Damon Cromartie-Smith,damon cromartie smith,SS,DB,1987-02-19,,Inactive
1003,13386,Trindon Holliday,trindon holliday,WR,WR,1986-04-27,,Inactive
1004,13210,Ben Tate,ben tate,RB,RB,1988-08-21,,Inactive
1005,13296,D'Anthony Smith,d anthony smith,DT,FRONT7,1988-06-09,,Inactive
1006,13860,Mitch Unrein,mitch unrein,DE,FRONT7,1987-03-25,,Inactive
1007,12874,Kevin Brock,kevin brock,TE,TE,1986-04-09,,Inactive
1008,13265,Donald Butler,donald butler,LB,FRONT7,1988-10-17,,Inactive
1009,13662,Bryan Walters,bryan walters,WR,WR,1987-11-04,,Injured Reserve
1010,12989,Phillip Hunt,phillip hunt,DE,FRONT7,1986-01-10,,Inactive
1012,16537,Christian Tupou,christian tupou,DE,FRONT7,1989-05-07,,Inactive
1013,13495,Doug Worthington,doug worthington,DT,FRONT7,1987-08-10,,Inactive
1014,13538,Richie Brockel,richie brockel,TE,TE,1986-07-24,,Inactive
1015,11517,Jed Collins,jed collins,FB,RB,1986-03-03,,Inactive
1017,16695,Tom Johnson,tom johnson,DT,FRONT7,1984-08-30,,Injured Reserve
1018,13018,Ronald Talley,ronald talley,DE,FRONT7,1986-02-21,,Inactive
1019,9250,Brandon Browner,brandon browner,CB,DB,1984-08-02,,Inactive
1020,14851,Terrelle Pryor,terrelle pryor,WR,WR,1989-06-20,,Inactive
1021,14853,Michael McAdoo,michael mcadoo,ILB,FRONT7,1990-07-09,,Inactive
1022,13606,Thaddeus Lewis,thaddeus lewis,QB,QB,1987-11-19,,Inactive
1024,13658,Ross Ventrone,ross ventrone,SS,DB,1986-09-27,,Inactive
1025,15057,Brandon Boykin,brandon boykin,CB,DB,1990-07-13,,Inactive
1026,15092,Bryce Brown,bryce brown,RB,RB,1991-05-14,,Inactive
1027,14941,Fletcher Cox,fletcher cox,DT,FRONT7,1990-12-13,,Active
1028,14959,Vinny Curry,vinny curry,DE,FRONT7,1988-06-30,,Active
1029,14877,Nick Foles,nick foles,QB,QB,1989-01-20,,Active
1030,15624,Damaris Johnson,damaris johnson,WR,WR,1989-11-22,,Inactive
1032,14978,Mychal Kendricks,mychal kendricks,LB,FRONT7,1990-09-28,,Active
1033,14889,Chris Polk,chris polk,RB,RB,1989-12-16,,Inactive
1034,15478,Brandon Bolden,brandon bolden,RB,RB,1990-01-26,,Active
1035,15125,Nate Ebner,nate ebner,DB,DB,1988-12-14,NYG,Inactive
1036,15473,Marcus Forston,marcus forston,DT,FRONT7,1989-09-28,,Inactive
1037,14933,Dont'a Hightower,dont a hightower,LB,FRONT7,1990-03-12,,Active
1038,14927,Chandler Jones,chandler jones,LB,FRONT7,1990-02-27,,Active
1039,14977,Tavon Wilson,tavon wilson,DB,DB,1990-03-19,SF,Inactive
1040,15075,Nigel Bradham,nigel bradham,LB,FRONT7,1989-09-04,,Active
1041,15008,Ron Brooks,ron brooks,CB,DB,1988-10-16,,Inactive
1042,15014,Tank Carder,tank carder,LB,FRONT7,1989-01-18,,Inactive
1043,14942,Stephon Gilmore,stephon gilmore,CB,DB,1990-09-19,,Active
1045,14920,Trevor Graham,trevor graham,WR,WR,1989-07-27,,Inactive
1046,15102,Rishard Matthews,rishard matthews,WR,WR,1989-10-12,,Injured Reserve
1047,15305,Kelcie McCray,kelcie mccray,SS,DB,1988-09-20,,Inactive
1048,14886,Lamar Miller,lamar miller,RB,RB,1991-04-25,,Active
1049,14876,Ryan Tannehill,ryan tannehill,QB,QB,1988-07-27,,Active
1050,12524,Marcus Thigpen,marcus thigpen,WR,WR,1986-05-15,,Inactive
1051,14934,Quinton Coples,quinton coples,DE,FRONT7,1990-06-22,,Inactive
1052,14958,Demario Davis,demario davis,LB,FRONT7,1989-01-11,NYJ,Active
1053,15380,Damon Harrison,damon harrison,DT,FRONT7,1988-11-29,,Injured Reserve
1054,14910,Stephen Hill,stephen hill,WR,WR,1991-04-25,,Inactive
1056,15081,Asa Jackson,asa jackson,CB,DB,1989-12-02,,Inactive
1057,15508,Ishmaa'ily Kitchen,ishmaa ily kitchen,DT,FRONT7,1988-08-24,,Inactive
1059,15501,Bobby Rainey,bobby rainey,RB,RB,1987-10-16,,Inactive
1060,15063,Tommy Streeter,tommy streeter,WR,WR,1989-10-07,,Inactive
1061,15503,Deonte Thompson,deonte thompson,WR,WR,1989-02-14,,Inactive
1062,15059,DeAngelo Tyson,deangelo tyson,DT,FRONT7,1989-04-12,,Inactive
1063,14970,Courtney Upshaw,courtney upshaw,DE,FRONT7,1989-12-13,,Non Football Injury
1064,15246,Vontaze Burfict,vontaze burfict,LB,FRONT7,1990-09-24,,Active
1065,14902,Orson Charles,orson charles,TE,TE,1991-01-27,,Inactive
1066,15085,George Iloka,george iloka,DB,DB,1990-03-31,,Inactive
1067,15072,Marvin Jones,marvin jones,WR,WR,1990-03-12,,Active
1068,14940,Dre Kirkpatrick,dre kirkpatrick,CB,DB,1989-10-26,,Active
1069,15048,Shaun Prater,shaun prater,CB,DB,1989-10-27,,Inactive
1071,14922,Mohamed Sanu,mohamed sanu,WR,WR,1989-08-22,,Active
1072,14963,Devon Still,devon still,DE,FRONT7,1989-07-11,,Injured Reserve
1073,15067,Taylor Thompson,taylor thompson,TE,TE,1989-10-19,,Inactive
1075,15045,Emmanuel Acho,emmanuel acho,LB,FRONT7,1990-11-10,,Inactive
1076,15359,Johnson Bademosi,johnson bademosi,CB,DB,1990-07-23,,Active
1077,15062,Travis Benjamin,travis benjamin,WR,WR,1989-12-29,,Active
1078,15264,L.J. Fort,lj fort,LB,FRONT7,1990-01-03,,Active
1079,15235,Tashaun Gipson,tashaun gipson,DB,DB,1990-08-07,,Active
1080,14954,John Hughes,john hughes,DT,FRONT7,1989-04-27,,Inactive
1081,15032,James-Michael Johnson,james michael johnson,LB,FRONT7,1989-08-20,,Inactive
1082,14884,Trent Richardson,trent richardson,RB,RB,1990-07-10,,Inactive
1084,15016,Trevin Wade,trevin wade,CB,DB,1989-08-01,,Inactive
1085,14878,Brandon Weeden,brandon weeden,QB,QB,1983-10-14,,Inactive
1086,15021,Billy Winn,billy winn,DT,FRONT7,1989-04-15,,Inactive
1090,15213,Robert Golden,robert golden,SS,DB,1990-09-13,,Inactive
1091,15043,David Paulson,david paulson,TE,TE,1989-02-22,,Inactive
1092,14972,Sean Spence,sean spence,LB,FRONT7,1990-06-07,,Inactive
1093,14973,Zach Brown,zach brown,LB,FRONT7,1989-10-23,,Active
1094,14988,Mike Martin,mike martin,DT,FRONT7,1990-01-09,,Inactive
1095,14998,Coty Sensabaugh,coty sensabaugh,CB,DB,1988-11-15,,Active
1096,15028,Scott Solomon,scott solomon,LB,FRONT7,1988-11-05,,Inactive
1097,14909,Kendall Wright,kendall wright,WR,WR,1989-11-12,,Inactive
1099,15091,Randy Bullock,randy bullock,K,K,1989-12-16,,Active
1100,15019,Jared Crick,jared crick,DE,FRONT7,1989-08-21,,Inactive
1102,14916,Keshawn Martin,keshawn martin,WR,WR,1990-03-15,,Inactive
1103,14936,Whitney Mercilus,whitney mercilus,LB,FRONT7,1990-07-21,GB,Active
1104,14969,DeVier Posey,devier posey,WR,WR,1990-03-15,,Inactive
1105,14901,Dwayne Allen,dwayne allen,TE,TE,1990-02-24,,Inactive
1106,14898,Vick Ballard,vick ballard,RB,RB,1990-07-16,,Inactive
1107,14900,Coby Fleener,coby fleener,TE,TE,1988-09-20,,Inactive
1108,11533,Jerrell Freeman,jerrell freeman,LB,FRONT7,1986-05-01,,Inactive
1109,15007,Chandler Harnish,chandler harnish,QB,QB,1988-07-28,,Inactive
1110,14924,T.Y. Hilton,ty hilton,WR,WR,1989-11-14,,Active
1111,14874,Andrew Luck,andrew luck,QB,QB,1989-09-12,,Injured Reserve
1114,14907,Justin Blackmon,justin blackmon,WR,WR,1990-01-09,,Inactive
1115,15350,Antwon Blake,antwon blake,CB,DB,1990-08-09,,Inactive
1116,14952,Andre Branch,andre branch,LB,FRONT7,1989-07-14,,Inactive
1117,15106,Mike Harris,mike harris,CB,DB,1989-01-15,,Inactive
1118,15002,Brandon Marshall,brandon marshall,LB,FRONT7,1989-09-10,,Active
1120,15373,Julian Stanford,julian stanford,LB,FRONT7,1990-09-02,,Active
1121,14997,Omar Bolden,omar bolden,FS,DB,1988-12-20,,Inactive
1123,14895,Ronnie Hillman,ronnie hillman,RB,RB,1991-09-14,,Inactive
1124,15047,Malik Jackson,malik jackson,DT,FRONT7,1990-01-11,CLE,Active
1125,15733,Steven Johnson,steven johnson,LB,FRONT7,1988-03-28,,Inactive
1126,14879,Brock Osweiler,brock osweiler,QB,QB,1990-11-22,,Injured Reserve
1127,15074,Danny Trevathan,danny trevathan,LB,FRONT7,1990-03-24,CHI,Active
1128,14964,Derek Wolfe,derek wolfe,DE,FRONT7,1990-02-24,,Active
1130,14897,Cyrus Gray,cyrus gray,RB,RB,1989-11-18,,Inactive
1131,14939,Dontari Poe,dontari poe,DT,FRONT7,1990-08-18,,Active
1133,14923,Devon Wylie,devon wylie,WR,WR,1988-09-02,,Inactive
1135,15103,Christo Bilukidi,christo bilukidi,DT,FRONT7,1989-12-13,,Inactive
1136,15090,Jack Crawford,jack crawford,DT,FRONT7,1988-09-07,,Active
1137,15044,Juron Criner,juron criner,WR,WR,1989-12-12,,Inactive
1138,15391,Rod Streater,rod streater,WR,WR,1988-02-09,,Inactive
1139,14904,Ladarius Green,ladarius green,TE,TE,1990-05-29,,Inactive
1141,14926,Melvin Ingram,melvin ingram,LB,FRONT7,1989-04-26,,Active
1143,14953,Kendall Reyes,kendall reyes,DE,FRONT7,1989-09-26,,Inactive
1144,15349,Cole Beasley,cole beasley,WR,WR,1989-04-26,,Inactive
1145,14943,Morris Claiborne,morris claiborne,CB,DB,1990-02-07,,Active
1146,14987,Tyrone Crawford,tyrone crawford,DE,FRONT7,1989-11-22,,Injured Reserve
1147,14906,James Hanna,james hanna,TE,TE,1989-07-14,,Inactive
1148,15038,Kyle Wilber,kyle wilber,LB,FRONT7,1989-04-26,,Active
1149,14912,Alshon Jeffery,alshon jeffery,WR,WR,1990-02-14,,Active
1150,14937,Shea McClellin,shea mcclellin,LB,FRONT7,1989-08-01,,Inactive
1152,15000,Evan Rodriguez,evan rodriguez,TE,TE,1988-09-21,,Inactive
1153,14980,Bill Bentley,bill bentley,CB,DB,1989-05-16,,Inactive
1154,14919,Ryan Broyles,ryan broyles,WR,WR,1988-04-09,,Inactive
1155,15128,Jonte Green,jonte green,CB,DB,1989-07-19,,Inactive
1156,15100,Chris Greenwood,chris greenwood,CB,DB,1989-07-10,,Inactive
1157,15011,Travis Lewis,travis lewis,LB,FRONT7,1988-01-15,,Inactive
1158,14882,Kellen Moore,kellen moore,QB,QB,1988-07-05,,Inactive
1160,15070,Tahir Whitehead,tahir whitehead,LB,FRONT7,1990-04-02,,Active
1161,15621,Will Hill,will hill,SS,DB,1990-03-07,,Inactive
1162,14983,Jayron Hosley,jayron hosley,CB,DB,1990-09-18,,Inactive
1163,15024,Markus Kuhn,markus kuhn,DT,FRONT7,1989-05-05,,Inactive
1164,14911,Rueben Randle,rueben randle,WR,WR,1991-05-07,,Injured Reserve
1165,14905,Adrien Robinson,adrien robinson,TE,TE,1988-09-23,,Inactive
1166,14880,Kirk Cousins,kirk cousins,QB,QB,1988-08-19,LV,Active
1167,15129,Richard Crawford,richard crawford,CB,DB,1990-08-01,,Inactive
1169,14875,Robert Griffin,robert griffin,QB,QB,1990-02-12,,Inactive
1170,15009,Alfred Morris,alfred morris,RB,RB,1988-12-12,,Active
1171,15017,Keenan Robinson,keenan robinson,LB,FRONT7,1989-07-07,,Inactive
1173,15358,Jarrett Boykin,jarrett boykin,WR,WR,1989-11-04,,Inactive
1174,14994,Mike Daniels,mike daniels,DT,FRONT7,1989-05-05,CIN,Active
1175,14966,Casey Hayward,casey hayward,CB,DB,1989-09-09,,Active
1176,15272,Dezman Moses,dezman moses,LB,FRONT7,1989-01-04,,Inactive
1177,14929,Nick Perry,nick perry,LB,FRONT7,1990-04-12,,Inactive
1178,15454,Sean Richardson,sean richardson,SS,DB,1990-01-21,,Inactive
1179,14967,Jerel Worthy,jerel worthy,DE,FRONT7,1990-04-26,,Inactive
1180,15010,Frank Alexander,frank alexander,DE,FRONT7,1989-12-17,,Inactive
1181,14938,Luke Kuechly,luke kuechly,LB,FRONT7,1991-04-20,,Injured Reserve
1182,15124,Josh Norman,josh norman,CB,DB,1987-12-15,,Active
1185,15457,Travaris Cadet,travaris cadet,RB,RB,1989-02-01,,Inactive
1186,14984,Akiem Hicks,akiem hicks,DT,FRONT7,1989-11-16,,Active
1189,14921,Nick Toon,nick toon,WR,WR,1988-11-04,,Inactive
1190,15460,Tyrunn Walker,tyrunn walker,DT,FRONT7,1990-03-18,,Inactive
1191,15086,Corey White,corey white,CB,DB,1990-05-09,,Inactive
1192,14985,Lavonte David,lavonte david,LB,FRONT7,1990-01-23,,Active
1193,15068,Najee Goode,najee goode,LB,FRONT7,1989-06-04,,Active
1194,15398,Leonard Johnson,leonard johnson,CB,DB,1990-03-30,,Inactive
1195,14885,Doug Martin,doug martin,RB,RB,1989-01-13,,Inactive
1196,15001,Keith Tandy,keith tandy,FS,DB,1989-02-12,,Inactive
1197,14944,Michael Brockers,michael brockers,DE,FRONT7,1990-12-21,,Active
1198,15142,Matt Conrath,matt conrath,DT,FRONT7,1989-08-11,,Inactive
1199,15147,Matt Daniels,matt daniels,SS,DB,1989-09-27,,Inactive
1200,15187,Austin Davis,austin davis,QB,QB,1989-06-02,,Inactive
1201,15078,Chris Givens,chris givens,WR,WR,1989-12-06,,Inactive
1203,14974,Janoris Jenkins,janoris jenkins,CB,DB,1988-10-29,,Active
1204,14989,Trumaine Johnson,trumaine johnson,CB,DB,1990-01-01,,Active
1205,15222,Rodney McLeod,rodney mcleod,DB,DB,1990-06-23,,Active
1206,14888,Isaiah Pead,isaiah pead,RB,RB,1989-12-14,,Inactive
1207,15136,Quinton Pointer,quinton pointer,FS,DB,1988-04-16,,Inactive
1208,14914,Brian Quick,brian quick,WR,WR,1989-06-05,,Inactive
1209,15079,Robert Blanton,robert blanton,FS,DB,1989-09-07,,Inactive
1210,15023,Audie Cole,audie cole,LB,FRONT7,1989-06-01,,Inactive
1211,15003,Rhett Ellison,rhett ellison,TE,TE,1988-10-03,,Injured Reserve
1213,14945,Harrison Smith,harrison smith,DB,DB,1989-02-02,MIN,Active
1214,15058,Blair Walsh,blair walsh,K,K,1990-01-08,,Inactive
1215,14918,Jarius Wright,jarius wright,WR,WR,1989-11-25,,Active
1216,15089,Justin Bethel,justin bethel,DB,DB,1990-06-17,,Active
1217,15536,Laron Byrd,laron byrd,WR,WR,1989-08-18,,Inactive
1218,14955,Jamell Fleming,jamell fleming,CB,DB,1989-05-05,,Inactive
1219,14908,Michael Floyd,michael floyd,WR,WR,1989-11-27,,Inactive
1221,14883,Ryan Lindley,ryan lindley,QB,QB,1989-06-22,,Inactive
1223,15204,Garrett Celek,garrett celek,TE,TE,1988-05-29,,Injured Reserve
1224,15080,Darius Fleming,darius fleming,LB,FRONT7,1989-07-19,,Inactive
1225,14890,LaMichael James,lamichael james,RB,RB,1989-10-22,,Inactive
1226,14947,AJ Jenkins,aj jenkins,WR,WR,1989-09-30,,Inactive
1228,15049,Trenton Robinson,trenton robinson,FS,DB,1990-02-16,,Inactive
1229,15005,Jaye Howard,jaye howard,DE,FRONT7,1988-12-20,,Inactive
1230,15087,Jeremy Lane,jeremy lane,CB,DB,1990-07-14,,Inactive
1231,15120,Greg Scruggs,greg scruggs,TE,TE,1990-08-17,,Inactive
1232,14894,Robert Turbin,robert turbin,RB,RB,1989-12-02,,Active
1233,14979,Bobby Wagner,bobby wagner,LB,FRONT7,1990-06-27,,Active
1234,14881,Russell Wilson,russell wilson,QB,QB,1988-11-29,,Active
1235,12510,Jorvorskie Lane,jorvorskie lane,FB,RB,1987-02-04,,Inactive
1236,15296,Joe Banyard,joe banyard,RB,RB,1988-11-12,,Inactive
1237,,Dominique Davis,dominique davis,QB,QB,1989-07-17,,Inactive
1240,15099,Jonathan Massaquoi,jonathan massaquoi,OLB,FRONT7,1988-05-11,,Inactive
1241,15073,Winston Guy,winston guy,SS,DB,1990-04-23,,Inactive
1242,14946,Bruce Irvin,bruce irvin,LB,FRONT7,1987-11-01,,Active
1244,15705,Josh Gordon,josh gordon,WR,WR,1991-04-13,,Active
1246,15383,Dominique Jones,dominique jones,TE,TE,1987-08-15,,Inactive
1247,15360,Griff Whalen,griff whalen,WR,WR,1990-03-01,,Injured Reserve
1249,15110,Terrell Manning,terrell manning,ILB,FRONT7,1990-04-16,,Inactive
1250,14870,Will Johnson,will johnson,TE,TE,1988-11-14,,Inactive
1251,15101,Alameda Ta'amu,alameda ta amu,NT,FRONT7,1990-08-23,,Inactive
1252,15114,Jeris Pendleton,jeris pendleton,DT,FRONT7,1983-11-07,,Inactive
1254,14948,Josh Robinson,josh robinson,CB,DB,1991-01-08,,Active
1255,14932,Mark Barron,mark barron,LB,FRONT7,1989-10-27,,Inactive
1256,14903,Michael Egnew,michael egnew,TE,TE,1989-11-01,,Inactive
1258,15278,Derrick Shelby,derrick shelby,DE,FRONT7,1989-03-04,,Inactive
1259,14982,Olivier Vernon,olivier vernon,DE,FRONT7,1990-10-07,,Active
1260,15113,Josh Bush,josh bush,SS,DB,1989-03-06,,Inactive
1262,15693,Alex Tanney,alex tanney,QB,QB,1987-11-11,,Injured Reserve
1263,14891,Bernard Pierce,bernard pierce,RB,RB,1991-05-10,,Inactive
1264,15683,Justin Tucker,justin tucker,K,K,1989-11-21,,Active
1265,15111,Daryl Richardson,daryl richardson,RB,RB,1990-04-12,,Inactive
1266,14993,Greg Zuerlein,greg zuerlein,K,K,1987-12-27,,Active
1269,15284,Bradley Sowell,bradley sowell,TE,TE,1989-06-06,,Active
1270,14965,Brandon Thompson,brandon thompson,DT,FRONT7,1989-10-19,,Inactive
1272,14860,Craig Robertson,craig robertson,LB,FRONT7,1988-02-11,,Inactive
1273,3043278,Francis Owusu,francis owusu,WR,WR,1994-12-27,,Active
1274,15214,Gerell Robinson,gerell robinson,TE,TE,1989-10-13,,Inactive
1275,15632,Jonathan Grimes,jonathan grimes,RB,RB,1989-12-21,,Inactive
1276,15189,Nathan Palmer,nathan palmer,WR,WR,1989-04-14,,Inactive
1277,15713,Chris Lewis-Harris,chris lewis harris,CB,DB,1989-02-11,,Inactive
1278,15190,Duke Ihenacho,duke ihenacho,SS,DB,1989-06-16,,Injured Reserve
1279,14343,Orie Lemon,orie lemon,LB,FRONT7,1987-09-09,,Inactive
1281,15629,DeAndre Presley,deandre presley,CB,DB,1990-01-10,,Inactive
1282,15319,Ryan Davis,ryan davis,DE,FRONT7,1989-02-24,,Injured Reserve
1283,15535,Neiko Thorpe,neiko thorpe,CB,DB,1990-02-11,,Active
1284,15369,Lance Dunbar,lance dunbar,RB,RB,1990-01-25,,Inactive
1285,15069,Josh Kaddu,josh kaddu,OLB,FRONT7,1990-03-12,,Inactive
1286,15061,Antonio Allen,antonio allen,FS,DB,1988-09-23,,Inactive
1287,14816,Kai Forbath,kai forbath,K,K,1987-09-02,,Inactive
1288,14185,Lawrence Guy,lawrence guy,DT,FRONT7,1990-03-17,,Active
1290,15428,Jermaine Kearse,jermaine kearse,WR,WR,1990-02-06,,Injured Reserve
1291,15640,Emmanuel Lamur,emmanuel lamur,LB,FRONT7,1989-06-08,,Inactive
1292,14266,Robert Hughes,robert hughes,FB,RB,1989-05-10,,Inactive
1293,15572,Jeremy Stewart,jeremy stewart,RB,RB,1989-02-17,,Inactive
1294,15039,Josh Chapman,josh chapman,NT,FRONT7,1989-06-10,,Inactive
1296,15226,Cory Harkey,cory harkey,TE,TE,1990-06-17,,Inactive
1297,14865,Marshall McFadden,marshall mcfadden,OLB,FRONT7,1986-08-04,,Inactive
1298,13845,Anthony Levine,anthony levine,DB,DB,1987-03-27,BAL,Active
1299,14289,Kyle Miller,kyle miller,TE,TE,1988-04-18,,Inactive
1300,15324,Kaelin Burnett,kaelin burnett,OLB,FRONT7,1989-09-06,,Inactive
1302,14859,Michael Wilhoite,michael wilhoite,LB,FRONT7,1986-12-07,,Inactive
1303,13940,James Develin,james develin,FB,RB,1988-07-23,,Injured Reserve
1304,15130,Collin Mooney,collin mooney,FB,RB,1986-04-03,,Inactive
1305,14332,Patrick DiMarco,patrick dimarco,FB,RB,1989-04-30,,Injured Reserve
1306,14500,Jeremy Ross,jeremy ross,WR,WR,1988-03-16,,Inactive
1307,15041,Dan Herron,dan herron,RB,RB,1989-03-21,,Inactive
1308,15653,Jamize Olawale,jamize olawale,FB,RB,1989-04-17,,Inactive
1311,15419,DeShawn Shead,deshawn shead,CB,DB,1989-06-28,,Inactive
1312,15555,Josh Bellamy,josh bellamy,WR,WR,1989-05-18,,Active
1313,14610,Michael Preston,michael preston,WR,WR,1989-06-01,,Inactive
1314,15055,Brad Smelley,brad smelley,FB,RB,1989-04-20,,Inactive
1315,15194,Jerry Franklin,jerry franklin,ILB,FRONT7,1988-01-10,,Inactive
1316,15600,Emil Igwenagu,emil igwenagu,RB,RB,1989-03-27,,Inactive
1317,15195,Brandon Barden,brandon barden,TE,TE,1989-03-15,,Inactive
1319,15065,Terrence Frederick,terrence frederick,CB,DB,1990-02-10,,Inactive
1320,14282,Ricky Lumpkin,ricky lumpkin,NT,FRONT7,1988-09-07,,Inactive
1321,15448,Mike Brown,mike brown,WR,WR,1989-02-09,,Inactive
1322,15397,Saalim Hakim,saalim hakim,WR,WR,1990-02-01,,Inactive
1323,15515,Sean McGrath,sean mcgrath,TE,TE,1987-12-03,,Inactive
1324,14892,Edwin Baker,edwin baker,RB,RB,1991-06-01,,Inactive
1325,15639,Loni Fangupo,loni fangupo,NT,FRONT7,1985-07-19,,Inactive
1326,15612,Eddie Pleasant,eddie pleasant,SS,DB,1988-12-17,,Inactive
1328,15064,Cam Johnson,cam johnson,DE,FRONT7,1990-05-24,,Inactive
1329,14402,Chris Hogan,chris hogan,WR,WR,1987-10-24,,Injured Reserve
1330,15029,Junior Hemingway,junior hemingway,WR,WR,1988-12-27,,Inactive
1331,15430,Tony Jerod-Eddie,tony jerod eddie,DT,FRONT7,1990-03-29,,Inactive
1332,15775,Ifeanyi Momah,ifeanyi momah,WR,WR,1989-10-23,,Inactive
1333,16227,Russell Shepard,russell shepard,WR,WR,1990-09-17,,Active
1334,16231,Damion Square,damion square,DT,FRONT7,1989-02-06,CIN,Active
1336,16236,Matthew Tucker,matthew tucker,RB,RB,1991-05-24,,Inactive
1338,15948,Matt Barkley,matt barkley,QB,QB,1990-09-08,,Active
1339,15835,Zach Ertz,zach ertz,TE,TE,1990-11-10,PHI,Active
1341,16017,Joe Kruger,joe kruger,OLB,FRONT7,1992-06-04,,Inactive
1342,15850,Bennie Logan,bennie logan,NT,FRONT7,1989-12-28,,Inactive
1343,15979,Jordan Poyer,jordan poyer,DB,DB,1991-04-25,,Active
1344,15917,Earl Wolff,earl wolff,SS,DB,1989-12-15,,Inactive
1345,15819,Kiko Alonso,kiko alonso,LB,FRONT7,1990-08-14,,Active
1346,15839,Marquise Goodwin,marquise goodwin,WR,WR,1990-11-19,,Active
1347,15940,Chris Gragg,chris gragg,TE,TE,1990-06-30,,Inactive
1348,15965,Dustin Hopkins,dustin hopkins,K,K,1990-10-01,,Active
1349,15803,E.J. Manuel,ej manuel,QB,QB,1990-03-19,,Inactive
1350,15956,Jonathan Meeks,jonathan meeks,SS,DB,1989-11-08,,Inactive
1351,15884,Duke Williams,duke williams,SS,DB,1990-10-15,,Inactive
1352,15880,Robert Woods,robert woods,WR,WR,1992-04-10,,Active
1353,15952,Mike Gillislee,mike gillislee,RB,RB,1990-11-01,,Inactive
1354,15985,Jelani Jenkins,jelani jenkins,LB,FRONT7,1992-03-13,,Inactive
1355,15943,Don Jones,don jones,FS,DB,1990-05-14,,Inactive
1356,15800,Dion Jordan,dion jordan,DE,FRONT7,1990-03-05,,Inactive
1357,15974,Dion Sims,dion sims,TE,TE,1991-02-18,,Injured Reserve
1358,15918,Caleb Sturgis,caleb sturgis,K,K,1989-08-09,,Inactive
1359,15866,Jamar Taylor,jamar taylor,CB,DB,1990-09-29,,Active
1361,15988,Steve Beauharnais,steve beauharnais,ILB,FRONT7,1990-05-02,,Inactive
1362,15998,Josh Boyce,josh boyce,WR,WR,1991-05-06,,Inactive
1363,15959,Michael Buchanan,michael buchanan,DE,FRONT7,1991-01-24,,Inactive
1364,15830,Jamie Collins,jamie collins,LB,FRONT7,1989-10-20,,Active
1365,15834,Aaron Dobson,aaron dobson,WR,WR,1991-07-23,,Injured Reserve
1366,15842,Duron Harmon,duron harmon,DB,DB,1991-01-24,,Active
1367,15861,Logan Ryan,logan ryan,DB,DB,1991-02-09,,Active
1369,15973,Tommy Bohanon,tommy bohanon,FB,RB,1990-09-10,,Inactive
1371,15804,Dee Milliner,dee milliner,CB,DB,1991-09-14,,Inactive
1372,15811,Sheldon Richardson,sheldon richardson,DT,FRONT7,1990-11-29,,Active
1373,15864,Geno Smith,geno smith,QB,QB,1990-10-10,NYJ,Active
1375,15931,Marc Anthony,marc anthony,CB,DB,1989-11-14,,Inactive
1376,15828,Arthur Brown,arthur brown,LB,FRONT7,1990-06-17,,Inactive
1377,15789,Matt Elam,matt elam,SS,DB,1991-09-21,,Inactive
1379,16002,Kyle Juszczyk,kyle juszczyk,FB,RB,1991-04-23,SF,Active
1380,15937,Kapron Lewis-Moore,kapron lewis moore,DT,FRONT7,1990-01-24,,Inactive
1381,16010,John Simon,john simon,LB,FRONT7,1990-10-14,,Active
1383,15875,Brandon Williams,brandon williams,DT,FRONT7,1989-02-21,,Active
1384,16256,Jayson DiManche,jayson dimanche,LB,FRONT7,1990-09-22,,Injured Reserve
1385,16280,Troy Stoudermire,troy stoudermire,CB,DB,1990-07-01,,Inactive
1386,15826,Giovani Bernard,giovani bernard,RB,RB,1991-11-22,,Active
1387,15971,Rex Burkhead,rex burkhead,RB,RB,1990-07-02,,Active
1388,15788,Tyler Eifert,tyler eifert,TE,TE,1990-09-08,,Inactive
1390,15983,Cobi Hamilton,cobi hamilton,WR,WR,1990-11-13,,Inactive
1392,15844,Margus Hunt,margus hunt,DE,FRONT7,1987-07-14,,Active
1394,15986,Sean Porter,sean porter,OLB,FRONT7,1991-01-12,,Inactive
1395,15877,Shawn Williams,shawn williams,DB,DB,1991-05-13,,Active
1396,16312,Josh Aubrey,josh aubrey,SS,DB,1991-04-09,,Inactive
1397,15776,Brandon Bogotay,brandon bogotay,K,K,1989-05-08,,Inactive
1400,16328,Justin Staples,justin staples,LB,FRONT7,1989-12-10,,Inactive
1402,16037,Armonty Bryant,armonty bryant,DE,FRONT7,1990-05-20,,Inactive
1404,15854,Leon McFadden,leon mcfadden,CB,DB,1990-10-26,,Inactive
1405,15805,Barkevious Mingo,barkevious mingo,LB,FRONT7,1990-10-04,,Inactive
1406,16059,Reggie Dunn,reggie dunn,WR,WR,1989-01-05,,Inactive
1408,15825,Le'Veon Bell,le veon bell,RB,RB,1992-02-18,,Active
1409,16011,Justin Brown,justin brown,WR,WR,1991-03-10,,Inactive
1410,15799,Jarvis Jones,jarvis jones,LB,FRONT7,1989-10-13,,Inactive
1411,15904,Landry Jones,landry jones,QB,QB,1989-04-04,,Inactive
1412,15992,Shamarko Thomas,shamarko thomas,SS,DB,1991-02-23,,Inactive
1413,15873,Markus Wheaton,markus wheaton,WR,WR,1991-02-07,,Inactive
1414,2317118,Nick Williams,nick williams,DE,FRONT7,1990-02-21,,Active
1415,15934,Vince Williams,vince williams,LB,FRONT7,1989-12-27,,Injured Reserve
1416,15909,Lavar Edwards,lavar edwards,LB,FRONT7,1990-04-29,,Inactive
1417,15838,Zaviar Gooden,zaviar gooden,ILB,FRONT7,1990-08-31,,Inactive
1418,15845,Justin Hunter,justin hunter,WR,WR,1991-05-20,,Inactive
1420,16030,Daimion Stafford,daimion stafford,SS,DB,1991-02-18,,Inactive
1422,15942,Khalid Wooten,khalid wooten,CB,DB,1990-02-19,,Inactive
1423,15881,Blidi Wreh-Wilson,blidi wreh wilson,CB,DB,1989-12-05,TB,Active
1424,16003,Alan Bonner,alan bonner,WR,WR,1990-11-05,,Inactive
1425,15887,Ryan Griffin,ryan griffin,TE,TE,1990-01-11,,Active
1426,15795,DeAndre Hopkins,deandre hopkins,WR,WR,1992-06-06,,Active
1427,15857,Sam Montgomery,sam montgomery,DE,FRONT7,1990-05-25,,Inactive
1429,15865,D.J. Swearinger,dj swearinger,DB,DB,1991-09-01,IND,Active
1430,15955,Chris Jones,chris jones,DT,FRONT7,1990-07-12,,Inactive
1432,15758,Jeremy Kelley,jeremy kelley,WR,WR,1988-06-09,,Inactive
1433,16339,Brandon McManus,brandon mcmanus,K,K,1991-07-25,,Active
1434,16302,Sheldon Price,sheldon price,CB,DB,1991-03-26,,Inactive
1435,16304,Dax Swanson,dax swanson,CB,DB,1990-03-21,,Inactive
1436,15991,Justice Cunningham,justice cunningham,TE,TE,1991-01-14,,Inactive
1438,15995,Montori Hughes,montori hughes,DT,FRONT7,1990-08-25,,Inactive
1440,15815,Bjoern Werner,bjoern werner,LB,FRONT7,1990-08-30,,Inactive
1441,16024,Kerwynn Williams,kerwynn williams,RB,RB,1991-06-09,,Inactive
1442,15782,Chris Banjo,chris banjo,DB,DB,1990-02-26,,Inactive
1443,15831,Johnathan Cyprien,johnathan cyprien,SS,DB,1990-07-29,JAX,Active
1444,15984,Josh Evans,josh evans,SS,DB,1991-06-05,,Inactive
1445,15840,Dwayne Gratz,dwayne gratz,CB,DB,1990-03-08,,Inactive
1446,16027,Jeremy Harris,jeremy harris,CB,DB,1991-04-26,,Inactive
1448,16005,Demetrius McCray,demetrius mccray,CB,DB,1991-05-11,,Injured Reserve
1449,15951,Denard Robinson,denard robinson,RB,RB,1990-09-22,,Inactive
1450,16022,Ace Sanders,ace sanders,WR,WR,1991-11-11,,Inactive
1451,16040,C.J. Anderson,cj anderson,RB,RB,1991-02-10,,Active
1452,16073,Aaron Hester,aaron hester,CB,DB,1990-09-01,,Inactive
1453,16090,Lerentee McCray,lerentee mccray,DE,FRONT7,1990-08-26,,Active
1454,15823,Montee Ball,montee ball,RB,RB,1990-12-05,,Inactive
1455,15935,Zac Dysert,zac dysert,QB,QB,1990-02-08,,Inactive
1456,15911,Tavarres King,tavarres king,WR,WR,1990-07-14,,Inactive
1458,15997,Quanterus Smith,quanterus smith,DE,FRONT7,1989-11-29,,Inactive
1459,15872,Kayvon Webster,kayvon webster,CB,DB,1991-02-01,,Active
1460,15816,Sylvester Williams,sylvester williams,DT,FRONT7,1988-11-21,,Inactive
1461,15944,Mike Catapano,mike catapano,LB,FRONT7,1990-08-17,,Inactive
1462,15913,Sanders Commings,sanders commings,CB,DB,1990-03-08,,Inactive
1463,15832,Knile Davis,knile davis,RB,RB,1991-10-05,,Inactive
1465,15982,Nico Johnson,nico johnson,LB,FRONT7,1990-06-19,,Inactive
1466,15847,Travis Kelce,travis kelce,TE,TE,1989-10-05,KC,Active
1468,16265,Brian Leonhardt,brian leonhardt,TE,TE,1990-04-02,,Inactive
1470,16025,David Bass,david bass,LB,FRONT7,1990-09-11,,Inactive
1471,15896,Brice Butler,brice butler,WR,WR,1990-01-29,,Inactive
1472,15794,D.J. Hayden,dj hayden,CB,DB,1990-06-27,WAS,Active
1473,15962,Nick Kasa,nick kasa,TE,TE,1990-11-05,,Inactive
1474,15906,Stacy McGee,stacy mcgee,DT,FRONT7,1990-01-17,,Inactive
1475,15859,Sio Moore,sio moore,LB,FRONT7,1990-05-02,,Inactive
1476,15920,Latavius Murray,latavius murray,RB,RB,1990-01-18,,Active
1477,15923,Mychal Rivera,mychal rivera,TE,TE,1990-09-08,,Inactive
1479,15818,Keenan Allen,keenan allen,WR,WR,1992-04-27,IND,Active
1481,16015,Brad Sorensen,brad sorensen,QB,QB,1988-03-13,,Inactive
1482,15867,Manti Te'o,manti te o,LB,FRONT7,1991-01-26,,Inactive
1483,2468497,Steve Williams,steve williams,CB,DB,1991-03-07,,Inactive
1484,16000,Tourek Williams,tourek williams,LB,FRONT7,1991-05-09,,Inactive
1485,15836,Gavin Escobar,gavin escobar,TE,TE,1991-02-03,,Inactive
1487,16013,Joseph Randle,joseph randle,RB,RB,1991-12-29,,Inactive
1488,15939,B.W. Webb,bw webb,CB,DB,1990-05-03,,Active
1489,15874,J.J. Wilcox,jj wilcox,SS,DB,1991-02-14,,Inactive
1490,15878,Terrance Williams,terrance williams,WR,WR,1989-09-18,,Inactive
1491,15929,Michael Cox,michael cox,RB,RB,1988-11-14,,Inactive
1492,15841,Johnathan Hankins,johnathan hankins,DT,FRONT7,1992-03-30,,Active
1494,15858,Damontre Moore,damontre moore,DE,FRONT7,1992-09-11,CAR,Active
1495,15891,Ryan Nassib,ryan nassib,QB,QB,1990-03-10,,Inactive
1497,15895,Cooper Taylor,cooper taylor,SS,DB,1990-04-14,,Inactive
1498,15820,David Amerson,david amerson,CB,DB,1991-12-08,,Inactive
1499,15912,Bacarri Rambo,bacarri rambo,SS,DB,1990-06-27,,Inactive
1500,15860,Jordan Reed,jordan reed,TE,TE,1990-07-03,,Injured Reserve
1501,15886,Phillip Thomas,phillip thomas,SS,DB,1989-03-01,,Inactive
1502,15966,Chris Thompson,chris thompson,RB,RB,1990-10-20,,Active
1503,16135,Michael Ford,michael ford,RB,RB,1990-05-27,,Inactive
1504,16144,Demontre Hurst,demontre hurst,CB,DB,1991-03-24,,Inactive
1505,16147,Josh Lenz,josh lenz,WR,WR,1990-09-22,,Inactive
1507,15827,Jon Bostic,jon bostic,LB,FRONT7,1991-05-05,,Inactive
1508,15889,Khaseem Greene,khaseem greene,ILB,FRONT7,1989-02-04,,Inactive
1511,15914,Cornelius Washington,cornelius washington,DE,FRONT7,1989-09-10,,Inactive
1512,16023,Marquess Wilson,marquess wilson,WR,WR,1992-09-14,,Inactive
1513,15785,Ezekiel Ansah,ezekiel ansah,DE,FRONT7,1989-05-29,,Inactive
1514,16014,Corey Fuller,corey fuller,WR,WR,1990-06-28,,Injured Reserve
1515,16009,Brandon Hepburn,brandon hepburn,ILB,FRONT7,1989-12-06,,Inactive
1517,15994,Theo Riddick,theo riddick,RB,RB,1991-05-04,,Injured Reserve
1518,15863,Darius Slay,darius slay,CB,DB,1991-01-01,,Active
1520,15910,Michael Williams,michael williams,TE,TE,1990-06-27,,Inactive
1522,15954,Sam Barrington,sam barrington,LB,FRONT7,1990-10-05,,Injured Reserve
1523,15989,Josh Boyd,josh boyd,DT,FRONT7,1989-08-03,,Inactive
1524,15907,Kevin Dorsey,kevin dorsey,WR,WR,1990-02-23,,Inactive
1525,15960,Micah Hyde,micah hyde,DB,DB,1990-12-31,,Active
1526,15798,Datone Jones,datone jones,DT,FRONT7,1990-07-24,,Active
1527,15848,Eddie Lacy,eddie lacy,RB,RB,1990-06-02,,Inactive
1528,15930,Nate Palmer,nate palmer,LB,FRONT7,1989-09-23,,Inactive
1530,15885,Charles Johnson,charles johnson,WR,WR,1989-02-27,,Injured Reserve
1531,15791,Sharrif Floyd,sharrif floyd,DT,FRONT7,1991-05-28,,Inactive
1532,15977,Gerald Hodges,gerald hodges,LB,FRONT7,1991-01-17,,Inactive
1534,15903,Michael Mauti,michael mauti,LB,FRONT7,1990-01-19,,Inactive
1535,15807,Cordarrelle Patterson,cordarrelle patterson,RB,RB,1991-03-17,,Active
1536,15810,Xavier Rhodes,xavier rhodes,CB,DB,1990-06-19,,Active
1537,16171,Joplo Bartu,joplo bartu,LB,FRONT7,1989-10-03,,Inactive
1539,16243,Paul Worrilow,paul worrilow,LB,FRONT7,1990-05-01,,Active
1540,15817,Robert Alford,robert alford,CB,DB,1988-11-01,,Active
1541,15957,Malliciah Goodman,malliciah goodman,DE,FRONT7,1990-01-04,,Inactive
1542,16008,Kemal Ishmael,kemal ishmael,SS,DB,1991-05-06,,Active
1543,15999,Stansly Maponga,stansly maponga,DE,FRONT7,1991-03-05,,Inactive
1544,15894,Sean Renfree,sean renfree,QB,QB,1990-04-28,,Inactive
1545,15812,Desmond Trufant,desmond trufant,CB,DB,1990-09-10,,Active
1546,15921,Kenjon Barner,kenjon barner,RB,RB,1989-04-28,,Inactive
1547,15964,A.J. Klein,aj klein,LB,FRONT7,1991-07-30,,Active
1548,15802,Star Lotulelei,star lotulelei,DT,FRONT7,1989-12-20,BUF,Active
1549,15862,Kawann Short,kawann short,DT,FRONT7,1989-02-02,,Active
1550,16140,Ryan Griffin,ryan griffin,QB,QB,1989-11-17,,Active
1551,15765,Austin Johnson,austin johnson,FB,RB,1989-06-16,,Inactive
1553,15846,John Jenkins,john jenkins,DT,FRONT7,1989-07-11,BAL,Active
1554,16031,Rufus Johnson,rufus johnson,LB,FRONT7,1990-08-28,,Inactive
1555,16016,Kenny Stills,kenny stills,WR,WR,1992-04-22,,Active
1556,15813,Kenny Vaccaro,kenny vaccaro,SS,DB,1991-02-15,,Injured Reserve
1557,15824,Johnthan Banks,johnthan banks,CB,DB,1989-10-03,,Inactive
1558,16019,William Gholston,william gholston,DE,FRONT7,1991-07-31,,Active
1559,15837,Mike Glennon,mike glennon,QB,QB,1989-12-12,,Active
1560,15968,Mike James,mike james,RB,RB,1991-04-13,,Inactive
1561,15936,Steven Means,steven means,LB,FRONT7,1990-09-16,,Inactive
1562,15958,Akeem Spence,akeem spence,DT,FRONT7,1991-11-29,,Active
1563,16299,Daren Bates,daren bates,LB,FRONT7,1990-11-27,,Active
1564,16055,Benny Cunningham,benny cunningham,RB,RB,1990-07-07,,Inactive
1565,16286,Cody Davis,cody davis,DB,DB,1989-06-06,,Active
1566,16292,Robert Steeples,robert steeples,CB,DB,1989-11-27,,Inactive
1567,15786,Tavon Austin,tavon austin,WR,WR,1990-03-15,,Active
1568,15822,Stedman Bailey,stedman bailey,WR,WR,1990-11-11,,Inactive
1570,15852,T.J. McDonald,tj mcdonald,SS,DB,1991-01-26,,Inactive
1571,15949,Brandon McGee,brandon mcgee,CB,DB,1990-12-11,,Inactive
1572,15806,Alec Ogletree,alec ogletree,LB,FRONT7,1991-09-25,,Active
1573,15996,Zac Stacy,zac stacy,RB,RB,1991-04-09,,Inactive
1575,15893,Andre Ellington,andre ellington,RB,RB,1989-02-03,,Inactive
1576,15851,Tyrann Mathieu,tyrann mathieu,DB,DB,1992-05-13,,Active
1577,15856,Kevin Minter,kevin minter,LB,FRONT7,1990-12-03,,Active
1578,15976,Alex Okafor,alex okafor,DE,FRONT7,1991-02-08,,Active
1579,15981,Stepfan Taylor,stepfan taylor,RB,RB,1991-06-09,,Inactive
1582,15829,Cornellius Carradine,cornellius carradine,DE,FRONT7,1990-02-18,,Inactive
1583,15888,Marcus Cooper,marcus cooper,CB,DB,1990-02-01,,Inactive
1584,15899,B.J. Daniels,bj daniels,WR,WR,1989-10-24,,Inactive
1585,16028,Quinton Dial,quinton dial,NT,FRONT7,1990-07-21,,Inactive
1586,15849,Corey Lemonier,corey lemonier,DE,FRONT7,1991-11-19,,Injured Reserve
1587,15853,Vance McDonald,vance mcdonald,TE,TE,1990-06-13,,Injured Reserve
1588,15933,Nick Moody,nick moody,LB,FRONT7,1990-01-29,,Inactive
1589,16026,Quinton Patton,quinton patton,WR,WR,1990-08-09,,Injured Reserve
1590,15809,Eric Reid,eric reid,SS,DB,1991-12-10,,Active
1592,15773,Darren Fells,darren fells,TE,TE,1986-04-22,TB,Active
1593,16087,John Lotulelei,john lotulelei,LB,FRONT7,1991-12-04,,Injured Reserve
1595,,Chris Harper,chris harper,WR,WR,1989-09-10,,Inactive
1596,15855,Christine Michael,christine michael,RB,RB,1990-11-09,,Inactive
1597,16036,Ty Powell,ty powell,OLB,FRONT7,1988-04-27,,Inactive
1599,16021,Tharold Simon,tharold simon,CB,DB,1991-03-06,,Inactive
1601,16020,Spencer Ware,spencer ware,RB,RB,1991-11-23,,Inactive
1602,16029,Jesse Williams,jesse williams,DT,FRONT7,1990-11-02,,Inactive
1603,16121,Luke Willson,luke willson,TE,TE,1990-01-15,,Injured Reserve
1604,16345,Nick Williams,nick williams,WR,WR,1990-11-23,DEN,Active
1605,16300,Emory Blake,emory blake,WR,WR,1991-07-18,,Inactive
1606,16219,Jumal Rolle,jumal rolle,CB,DB,1990-05-28,,Inactive
1608,16206,Rontez Miles,rontez miles,FS,DB,1988-11-25,,Active
1609,16210,Chris Pantale,chris pantale,TE,TE,1990-03-22,,Inactive
1610,16230,Ryan Spadola,ryan spadola,WR,WR,1991-02-15,,Inactive
1611,16317,Jordan Campbell,jordan campbell,FB,RB,1988-06-29,,Inactive
1612,16252,Tyler Bray,tyler bray,QB,QB,1991-12-27,,Inactive
1613,16258,Otha Foster,otha foster,SS,DB,1988-09-27,,Active
1614,16260,Frankie Hammond,frankie hammond,WR,WR,1990-02-17,,Inactive
1616,16268,Josh Martin,josh martin,LB,FRONT7,1991-11-07,,Active
1617,16269,Bradley McDougald,bradley mcdougald,DB,DB,1990-11-15,JAX,Active
1618,16273,Rico Richardson,rico richardson,WR,WR,1991-07-01,,Inactive
1619,16318,Demetrius Harris,demetrius harris,TE,TE,1991-07-29,,Active
1620,16039,Jahleel Addae,jahleel addae,DB,DB,1990-01-24,,Active
1622,16048,Frank Beltre,frank beltre,ILB,FRONT7,1990-01-28,,Active
1623,16054,Marcus Cromartie,marcus cromartie,FS,DB,1990-12-03,,Injured Reserve
1624,16074,Michael Hill,michael hill,RB,RB,1989-05-14,,Inactive
1625,16080,Josh Johnson,josh johnson,CB,DB,1990-09-10,,Inactive
1626,16324,Will Compton,will compton,LB,FRONT7,1989-09-19,,Active
1627,,Skye Dawson,skye dawson,WR,WR,1990-12-02,,Inactive
1628,16330,Joseph Fauria,joseph fauria,TE,TE,1990-01-16,,Inactive
1630,16062,Darius Eubanks,darius eubanks,LB,FRONT7,1991-07-12,,Inactive
1631,16373,Rodney Smith,rodney smith,WR,WR,1990-03-11,,Inactive
1632,16254,Deveron Carr,deveron carr,CB,DB,1990-08-10,,Inactive
1633,16270,Rashaan Melvin,rashaan melvin,CB,DB,1989-10-02,,Active
1635,16285,Timothy Wright,timothy wright,TE,TE,1990-04-07,,Inactive
1636,16323,MarQueis Gray,marqueis gray,TE,TE,1989-11-07,,Inactive
1638,16367,Darryl Morris,darryl morris,CB,DB,1990-09-04,,Inactive
1640,16377,Mike Purcell,mike purcell,NT,FRONT7,1991-04-20,,Active
1641,15916,Devin Taylor,devin taylor,DE,FRONT7,1989-11-15,,Inactive
1642,15980,Levine Toilolo,levine toilolo,TE,TE,1991-07-30,NYG,Inactive
1643,16179,Jordan Dangerfield,jordan dangerfield,SS,DB,1990-12-25,,Inactive
1644,16237,Jeff Tuel,jeff tuel,QB,QB,1991-02-12,,Inactive
1646,16398,A.J. Francis,aj francis,DT,FRONT7,1990-05-07,,Inactive
1647,16384,Alonzo Highsmith,alonzo highsmith,ILB,FRONT7,1989-11-21,,Inactive
1648,16354,Keelan Johnson,keelan johnson,SS,DB,1989-09-26,,Inactive
1649,16363,Jordan Kovacs,jordan kovacs,DB,DB,1990-06-12,,Inactive
1650,16370,Cameron Marshall,cameron marshall,RB,RB,1991-10-14,,Inactive
1651,16410,Tristan Okpalaugo,tristan okpalaugo,OLB,FRONT7,1989-10-10,,Inactive
1652,16414,Terrell Sinkfield,terrell sinkfield,WR,WR,1990-12-10,,Active
1654,16418,Zach Sudfeld,zach sudfeld,TE,TE,1989-04-17,,Inactive
1655,16381,Kenbrell Thompkins,kenbrell thompkins,WR,WR,1988-07-29,,Inactive
1656,16421,Joe Vellano,joe vellano,DT,FRONT7,1988-10-30,,Inactive
1657,16393,Brandon Copeland,brandon copeland,LB,FRONT7,1991-07-02,,Active
1660,16419,Brynden Trawick,brynden trawick,FS,DB,1989-10-23,,Active
1661,16127,T.J. Barnes,tj barnes,DT,FRONT7,1990-06-14,,Inactive
1662,16131,Marcus Burley,marcus burley,CB,DB,1990-07-16,,Inactive
1663,16376,Abry Jones,abry jones,DT,FRONT7,1991-09-08,,Injured Reserve
1664,,Ryan Otten,ryan otten,TE,TE,1990-04-07,,Inactive
1665,16447,Tobais Palmer,tobais palmer,WR,WR,1990-02-20,,Inactive
1666,16449,LaRoy Reynolds,laroy reynolds,LB,FRONT7,1990-11-03,NE,Active
1667,16450,Steven Terrell,steven terrell,FS,DB,1990-09-21,,Inactive
1670,16155,Lawrence Okoye,lawrence okoye,DT,FRONT7,1991-10-06,,Active
1671,16066,Kendall Gaskins,kendall gaskins,RB,RB,1990-11-04,,Inactive
1672,16217,Nickell Robey-Coleman,nickell robey coleman,CB,DB,1992-01-17,,Active
1673,,Da'Rick Rogers,da rick rogers,WR,WR,1991-06-18,,Inactive
1674,16562,A.J. Bouye,aj bouye,CB,DB,1991-08-16,CAR,Active
1675,16581,Marlon Brown,marlon brown,WR,WR,1991-04-22,,Injured Reserve
1676,16559,Ja'Gared Davis,ja gared davis,ILB,FRONT7,1990-09-11,,Inactive
1677,16490,Travis Howard,travis howard,CB,DB,1989-11-24,,Inactive
1678,16502,Uzoma Nwachukwu,uzoma nwachukwu,WR,WR,1990-12-15,,Active
1679,16551,Earl Okine,earl okine,LB,FRONT7,1990-01-04,,Inactive
1680,16114,Justin Tuggle,justin tuggle,LB,FRONT7,1990-01-04,,Inactive
1681,16488,George Winn,george winn,RB,RB,1990-11-10,,Inactive
1682,16496,Cierre Wood,cierre wood,RB,RB,1991-02-21,,Inactive
1683,16561,Charles James,charles james,CB,DB,1990-05-14,,Inactive
1684,16172,Jaron Brown,jaron brown,WR,WR,1990-01-08,,Active
1685,16181,Kenny Demens,kenny demens,LB,FRONT7,1990-02-04,,Inactive
1686,16195,Tony Jefferson,tony jefferson,DB,DB,1992-01-27,LAC,Active
1688,16457,Terence Garvin,terence garvin,LB,FRONT7,1991-01-01,,Inactive
1689,16460,Adam Thielen,adam thielen,WR,WR,1990-08-22,,Active
1690,16458,Ka'Lial Glaud,ka lial glaud,OLB,FRONT7,1990-11-09,,Inactive
1691,16462,Chuck Jacobs,chuck jacobs,WR,WR,1990-05-11,,Inactive
1692,16362,Lowell Rose,lowell rose,CB,DB,1990-03-11,,Inactive
1693,16366,Zach Line,zach line,FB,RB,1990-04-26,,Injured Reserve
1695,15833,Will Davis,will davis,CB,DB,1990-05-08,,Inactive
1696,16313,Brandon Williams,brandon williams,CB,DB,1992-09-09,,Active
1697,15905,David King,david king,DE,FRONT7,1989-12-27,,Inactive
1698,15364,Jonas Gray,jonas gray,RB,RB,1990-06-27,,Inactive
1699,15252,Brian Tyms,brian tyms,WR,WR,1989-02-21,,Inactive
1700,16473,Jeff Heath,jeff heath,DB,DB,1991-05-14,,Active
1701,,Eric Rogers,eric rogers,WR,WR,1991-02-12,,Active
1703,15231,Michael J. Thomas,michael j thomas,DB,DB,1990-03-17,,Active
1704,14820,Chase Reynolds,chase reynolds,RB,RB,1987-10-22,,Inactive
1705,15152,Micanor Regis,micanor regis,DT,FRONT7,1989-11-03,,Inactive
1706,16504,Jack Doyle,jack doyle,TE,TE,1990-05-05,IND,Active
1708,15156,Peyton Thompson,peyton thompson,FS,DB,1990-09-26,,Inactive
1709,15755,Fozzy Whittaker,fozzy whittaker,RB,RB,1989-02-02,,Inactive
1710,16105,Gerald Rivers,gerald rivers,DE,FRONT7,1990-06-22,,Inactive
1711,16122,Darren Woodard,darren woodard,CB,DB,1989-09-21,,Inactive
1712,15571,Jordan Mabin,jordan mabin,CB,DB,1988-10-31,,Inactive
1714,15399,Chigbo Anunoby,chigbo anunoby,NT,FRONT7,1989-01-04,,Inactive
1715,15670,Cooper Helfet,cooper helfet,TE,TE,1989-06-02,,Inactive
1716,15351,Derrick Coleman,derrick coleman,FB,RB,1990-10-18,,Inactive
1717,16441,Casey Walker,casey walker,DT,FRONT7,1989-12-06,,Inactive
1718,15403,Derek Carrier,derek carrier,TE,TE,1990-07-25,,Active
1720,16530,Khiry Robinson,khiry robinson,RB,RB,1989-12-28,,Inactive
1723,15406,Sean Baker,sean baker,FS,DB,1988-11-06,,Inactive
1724,16566,Rashad Ross,rashad ross,WR,WR,1990-02-02,,Inactive
1726,13062,Eric Kettani,eric kettani,FB,RB,1987-03-26,,Inactive
1727,15286,Dominique Hamilton,dominique hamilton,DT,FRONT7,1989-01-18,,Inactive
1729,15040,Nathan Stupar,nathan stupar,LB,FRONT7,1988-03-14,,Active
1732,16556,Willie Jefferson,willie jefferson,OLB,FRONT7,1991-01-31,,Inactive
1733,15084,Isaiah Frey,isaiah frey,FS,DB,1990-04-06,,Inactive
1734,16164,Rod Sweeting,rod sweeting,CB,DB,1990-09-28,,Inactive
1735,16560,Andy Mulumba,andy mulumba,LB,FRONT7,1990-01-31,,Inactive
1736,16443,Melvin White,melvin white,CB,DB,1990-06-26,,Inactive
1737,15168,Case Keenum,case keenum,QB,QB,1988-02-17,CHI,Active
1738,15645,Matt Blanchard,matt blanchard,QB,QB,1989-03-21,,Inactive
1739,15647,Chase Ford,chase ford,TE,TE,1990-07-19,,Inactive
1740,14739,Ben Jacobs,ben jacobs,LB,FRONT7,1988-04-17,,Inactive
1742,15547,Brenton Bersin,brenton bersin,WR,WR,1990-05-09,,Inactive
1743,15564,Brittan Golden,brittan golden,WR,WR,1988-07-20,,Injured Reserve
1744,16434,Robert Lester,robert lester,SS,DB,1988-04-30,,Inactive
1746,15704,Tevita Finau,tevita finau,DE,FRONT7,1986-01-13,,Inactive
1747,16593,Matthew McGloin,matthew mcgloin,QB,QB,1989-12-02,,Inactive
1749,16493,Jake Stoneburner,jake stoneburner,TE,TE,1989-08-25,,Inactive
1750,15245,Giorgio Tavecchio,giorgio tavecchio,K,K,1990-07-16,,Inactive
1751,16598,Toben Opurum,toben opurum,FB,RB,1990-11-18,,Inactive
1752,16604,Malcolm Bronson,malcolm bronson,FS,DB,1990-05-11,,Inactive
1753,14856,Isaako Aaitui,isaako aaitui,NT,FRONT7,1987-01-25,,Inactive
1755,16095,Keavon Milton,keavon milton,TE,TE,1990-06-23,,Inactive
1756,15843,Jordan Hill,jordan hill,DT,FRONT7,1991-02-08,,Inactive
1757,16513,Chance Casey,chance casey,CB,DB,1991-03-11,,Inactive
1758,15180,Kashif Moore,kashif moore,WR,WR,1988-11-21,,Inactive
1759,15707,Larry Donnell,larry donnell,TE,TE,1988-11-01,,Inactive
1760,,Jamie Childers,jamie childers,TE,TE,1988-06-16,,Inactive
1761,16632,Daniel Adongo,daniel adongo,LB,FRONT7,1989-10-12,,Inactive
1762,15778,Josh McNary,josh mcnary,LB,FRONT7,1988-04-10,,Inactive
1763,12589,Greg Orton,greg orton,WR,WR,1986-12-17,,Inactive
1764,16528,Benson Mayowa,benson mayowa,DE,FRONT7,1991-08-03,SEA,Active
1765,16569,Myles White,myles white,WR,WR,1990-03-30,,Inactive
1766,16509,Jonathan Amosa,jonathan amosa,FB,RB,1990-10-16,,Inactive
1768,15698,K Browner,k browner,DE,FRONT7,1988-04-07,,Inactive
1770,16463,Ray-Ray Armstrong,ray ray armstrong,LB,FRONT7,1991-03-05,,Active
1771,14688,M Harris,m harris,WR,WR,1989-03-01,,Inactive
1772,15518,J Talley,j talley,WR,WR,1989-06-09,,Inactive
1773,15356,Jacquies Smith,jacquies smith,DE,FRONT7,1990-03-18,,Inactive
1774,16475,Deon Lacey,deon lacey,LB,FRONT7,1990-07-18,,Active
1775,16436,Eric Martin,eric martin,LB,FRONT7,1991-07-21,,Inactive
1777,16143,Josh Hill,josh hill,TE,TE,1990-05-21,,Injured Reserve
1778,16520,Greg Jenkins,greg jenkins,CB,DB,1989-08-23,,Inactive
1779,16541,Mitchell White,mitchell white,CB,DB,1990-03-30,,Active
1780,16531,Ryan Robinson,ryan robinson,DE,FRONT7,1990-12-09,,Inactive
1781,15177,Kourtnei Brown,kourtnei brown,LB,FRONT7,1988-04-17,,Injured Reserve
1783,,Devin Smith,devin smith,CB,DB,1990-08-08,,Inactive
1784,13666,Ross Weaver,ross weaver,CB,DB,1987-01-09,,Inactive
1786,15741,Lance Lewis,lance lewis,WR,WR,1988-11-01,,Inactive
1787,15257,Phillip Supernaw,phillip supernaw,TE,TE,1990-01-30,,Inactive
1788,16912,Beau Allen,beau allen,NT,FRONT7,1991-11-14,,Active
1790,16964,Blake Annen,blake annen,TE,TE,1991-05-28,,Inactive
1792,16970,Kadron Boone,kadron boone,WR,WR,1991-09-13,,Inactive
1793,16974,Trey Burton,trey burton,TE,TE,1991-10-29,,Inactive
1794,16994,David Fluellen,david fluellen,RB,RB,1992-01-28,,Active
1798,16779,Josh Huff,josh huff,WR,WR,1991-10-14,,Inactive
1799,17012,Wade Keliikipi,wade keliikipi,NT,FRONT7,1991-07-21,,Inactive
1800,16763,Jordan Matthews,jordan matthews,TE,TE,1992-07-16,,Active
1801,17029,Quron Pratt,quron pratt,WR,WR,1991-04-25,,Inactive
1802,16933,Ed Reynolds,ed reynolds,FS,DB,1991-10-18,,Injured Reserve
1803,16712,Marcus Smith,marcus smith,DE,FRONT7,1992-03-31,,Inactive
1804,17041,Carey Spear,carey spear,K,K,1992-01-05,,Inactive
1806,16919,Jaylen Watkins,jaylen watkins,SS,DB,1991-11-27,,Inactive
1807,15407,Matt Simms,matt simms,QB,QB,1988-09-27,,Inactive
1808,16762,Preston Brown,preston brown,LB,FRONT7,1992-10-27,,Active
1809,16843,Ross Cockrell,ross cockrell,CB,DB,1991-08-06,,Active
1810,17320,Jimmy Gaines,jimmy gaines,ILB,FRONT7,1993-05-11,,Inactive
1812,17338,Bryan Johnson,bryan johnson,DE,FRONT7,1988-08-13,,Inactive
1813,16816,Randell Johnson,randell johnson,LB,FRONT7,1991-03-23,,Inactive
1815,17317,Kenny Ladler,kenny ladler,FS,DB,1992-06-23,,Active
1817,16725,Sammy Watkins,sammy watkins,WR,WR,1993-06-14,,Active
1818,16819,Walt Aikens,walt aikens,SS,DB,1991-06-19,,Active
1819,17331,Orleans Darkwa,orleans darkwa,RB,RB,1992-02-28,,Inactive
1820,16860,Terrence Fede,terrence fede,DE,FRONT7,1991-11-19,,Inactive
1821,16870,Matt Hazel,matt hazel,WR,WR,1992-01-23,,Injured Reserve
1823,17184,Anthony Johnson,anthony johnson,DE,FRONT7,1993-01-24,,Inactive
1824,17187,Kamal Johnson,kamal johnson,DT,FRONT7,1991-12-09,,Inactive
1825,16790,Jarvis Landry,jarvis landry,WR,WR,1992-11-28,,Inactive
1827,16844,Arthur Lynch,arthur lynch,TE,TE,1990-06-17,,Inactive
1828,17430,Chris McCain,chris mccain,DE,FRONT7,1991-11-21,,Injured Reserve
1830,17253,Garrison Smith,garrison smith,DT,FRONT7,1991-10-09,,Inactive
1831,16862,Jordan Tripp,jordan tripp,LB,FRONT7,1991-04-03,,Inactive
1833,17359,Damien Williams,damien williams,RB,RB,1992-04-03,,Inactive
1834,17435,Malcolm Butler,malcolm butler,CB,DB,1990-03-02,,Inactive
1835,16721,Dominique Easley,dominique easley,LB,FRONT7,1992-04-28,,Inactive
1837,16760,Jimmy Garoppolo,jimmy garoppolo,QB,QB,1991-11-02,,Active
1838,17154,Shamiel Gary,shamiel gary,FS,DB,1990-05-31,,Inactive
1839,17159,Cameron Gordon,cameron gordon,ILB,FRONT7,1991-06-05,,Inactive
1841,17174,Stephen Houston,stephen houston,RB,RB,1991-10-28,,Active
1842,17374,Derrick Johnson,derrick johnson,WR,WR,1991-07-06,,Active
1843,16959,Zach Moore,zach moore,DE,FRONT7,1990-09-05,,Inactive
1845,17250,Deontae Skinner,deontae skinner,OLB,FRONT7,1990-12-18,,Inactive
1847,16817,Jemea Thomas,jemea thomas,CB,DB,1990-04-07,,Inactive
1848,16913,James White,james white,RB,RB,1992-02-03,,Active
1849,16792,Jace Amaro,jace amaro,TE,TE,1992-06-26,,Inactive
1850,16812,Tajh Boyd,tajh boyd,QB,QB,1990-09-25,,Inactive
1851,16957,Brandon Dixon,brandon dixon,CB,DB,1990-04-26,,Inactive
1853,16858,IK Enemkpali,ik enemkpali,LB,FRONT7,1991-07-03,,Inactive
1854,16899,Quincy Enunwa,quincy enunwa,WR,WR,1992-05-31,,Active
1855,16811,Shaquelle Evans,shaquelle evans,WR,WR,1991-03-07,,Active
1856,16897,Jeremiah George,jeremiah george,LB,FRONT7,1992-01-24,,Injured Reserve
1857,17068,Kerry Hyder,kerry hyder,DE,FRONT7,1991-05-02,,Active
1858,16805,Dexter McDougle,dexter mcdougle,CB,DB,1991-04-08,,Inactive
1859,16729,Calvin Pryor,calvin pryor,SS,DB,1992-07-02,,Inactive
1861,16834,Trevor Reilly,trevor reilly,LB,FRONT7,1988-01-17,,Inactive
1862,16928,Jalen Saunders,jalen saunders,WR,WR,1992-09-30,,Inactive
1863,17093,Zach Thompson,zach thompson,OLB,FRONT7,1991-01-18,,Inactive
1864,16768,Terrence Brooks,terrence brooks,DB,DB,1992-03-02,,Active
1865,17122,Jeremy Butler,jeremy butler,WR,WR,1991-04-22,,Inactive
1866,16832,Michael Campanaro,michael campanaro,WR,WR,1991-01-25,,Injured Reserve
1867,17137,Jace Davis,jace davis,WR,WR,1991-08-22,,Inactive
1868,16775,Crockett Gillmore,crockett gillmore,TE,TE,1991-11-16,,Inactive
1869,17171,Derrick Hopkins,derrick hopkins,NT,FRONT7,1991-12-16,,Inactive
1871,17182,Tramain Jacobs,tramain jacobs,DB,DB,1992-05-20,,Injured Reserve
1872,16785,Timmy Jernigan,timmy jernigan,DT,FRONT7,1992-09-24,,Active
1874,17214,Jamie Meder,jamie meder,DT,FRONT7,1991-04-12,,Active
1875,16720,C.J. Mosley,cj mosley,LB,FRONT7,1992-06-19,,Active
1876,17224,Deji Olatoye,deji olatoye,CB,DB,1991-07-20,,Inactive
1877,17300,Zach Orr,zach orr,LB,FRONT7,1992-06-09,,Inactive
1878,17301,AJ Pataiali'i,aj pataiali i,DT,FRONT7,1990-09-13,,Inactive
1879,17244,Sammy Seamster,sammy seamster,CB,DB,1991-02-05,,Inactive
1880,16950,Lorenzo Taliaferro,lorenzo taliaferro,RB,RB,1991-12-23,,Inactive
1881,16831,Brent Urban,brent urban,DE,FRONT7,1991-05-05,,Active
1883,16915,Keith Wenning,keith wenning,QB,QB,1991-02-14,,Inactive
1885,16758,Will Clarke,will clarke,DE,FRONT7,1991-05-04,,Inactive
1886,16986,James Davidson,james davidson,ILB,FRONT7,1990-11-01,,Inactive
1887,16718,Darqueze Dennard,darqueze dennard,CB,DB,1991-10-10,,Active
1889,16924,Marquis Flowers,marquis flowers,ILB,FRONT7,1992-02-16,,Inactive
1891,17169,Ryan Hewitt,ryan hewitt,TE,TE,1991-01-24,,Inactive
1892,16803,Jeremy Hill,jeremy hill,RB,RB,1992-10-20,,Inactive
1894,17200,Colin Lockett,colin lockett,WR,WR,1991-04-05,,Inactive
1895,16810,AJ McCarron,aj mccarron,QB,QB,1990-09-13,,Active
1896,16936,Lavelle Westbrooks,lavelle westbrooks,CB,DB,,,Inactive
1897,17288,Nikita Whitlock,nikita whitlock,FB,RB,1991-05-16,,Inactive
1898,16922,James Wright,james wright,WR,WR,1991-12-31,,Inactive
1899,17101,Ray Agnew,ray agnew,FB,RB,1993-05-17,,Inactive
1901,17133,Isaiah Crowell,isaiah crowell,RB,RB,1993-01-08,,Inactive
1902,16948,Pierre Desir,pierre desir,CB,DB,1990-09-08,,Active
1903,17437,Taylor Gabriel,taylor gabriel,WR,WR,1991-02-17,,Injured Reserve
1904,16714,Justin Gilbert,justin gilbert,CB,DB,1991-11-07,,Inactive
1905,16767,Christian Kirksey,christian kirksey,LB,FRONT7,1992-08-31,,Active
1906,17194,Jonathan Krause,jonathan krause,WR,WR,1992-01-18,,Inactive
1907,16736,Johnny Manziel,johnny manziel,QB,QB,1992-12-06,,Inactive
1908,17410,Jacobbi McDaniel,jacobbi mcdaniel,NT,FRONT7,1989-10-08,,Inactive
1909,17416,Robert Nelson,robert nelson,CB,DB,1990-02-16,,Inactive
1910,17247,Connor Shaw,connor shaw,QB,QB,1991-09-19,,Injured Reserve
1911,17258,Willie Snead,willie snead,WR,WR,1992-10-17,,Inactive
1912,16783,Terrance West,terrance west,RB,RB,1991-01-28,,Inactive
1913,17444,K'Waun Williams,k waun williams,CB,DB,1991-07-12,,Active
1914,16755,Dri Archer,dri archer,RB,RB,1991-08-09,,Inactive
1915,16855,Rob Blanchflower,rob blanchflower,TE,TE,1990-06-08,,Inactive
1916,16886,Martavis Bryant,martavis bryant,WR,WR,1991-12-20,,Active
1917,17004,Ethan Hemer,ethan hemer,DE,FRONT7,1990-06-25,,Inactive
1919,17009,Howard Jones,howard jones,LB,FRONT7,1990-02-10,,Inactive
1920,17017,Josh Mauro,josh mauro,DE,FRONT7,1991-02-17,ARI,Active
1921,16952,Daniel McCullers,daniel mccullers,DT,FRONT7,1992-08-11,,Inactive
1922,17027,Roy Philon,roy philon,NT,FRONT7,1991-03-26,,Active
1923,16925,Shaquille Richardson,shaquille richardson,CB,DB,1992-03-21,,Active
1924,16727,Ryan Shazier,ryan shazier,LB,FRONT7,1992-09-06,,Inactive
1925,16798,Stephon Tuitt,stephon tuitt,DE,FRONT7,1993-05-23,,Active
1926,16874,Jordan Zumwalt,jordan zumwalt,OLB,FRONT7,1991-10-13,,Inactive
1927,17104,Ri'Shard Anderson,ri shard anderson,CB,DB,1994-05-01,,Inactive
1928,17105,Antonio Andrews,antonio andrews,RB,RB,1992-08-17,,Inactive
1929,17130,Travis Coons,travis coons,K,K,1992-02-06,,Inactive
1930,16904,Marqueston Huff,marqueston huff,FS,DB,1992-04-06,,Inactive
1932,16910,DaQuan Jones,daquan jones,DT,FRONT7,1991-12-27,NE,Active
1935,16814,Zach Mettenberger,zach mettenberger,QB,QB,1991-07-16,,Inactive
1937,16794,Bishop Sankey,bishop sankey,RB,RB,1992-09-15,,Inactive
1938,17261,Josh Stewart,josh stewart,WR,WR,1992-10-22,,Inactive
1939,17275,Derel Walker,derel walker,WR,WR,1991-06-29,,Active
1940,16920,Avery Williamson,avery williamson,LB,FRONT7,1992-03-09,,Active
1941,17368,Jason Ankrah,jason ankrah,OLB,FRONT7,1991-02-26,,Inactive
1942,16911,Lonnie Ballentine,lonnie ballentine,FS,DB,1993-04-23,,Injured Reserve
1943,,Lacoltan Bester,lacoltan bester,WR,WR,,,Active
1944,16921,Alfred Blue,alfred blue,RB,RB,1991-04-27,,Inactive
1945,17372,Chris Boswell,chris boswell,K,K,1991-03-16,PIT,Active
1946,17387,Max Bullough,max bullough,LB,FRONT7,1992-02-11,,Inactive
1947,16734,Jadeveon Clowney,jadeveon clowney,DE,FRONT7,1993-02-14,HOU,Active
1948,17392,Anthony Denham,anthony denham,TE,TE,1991-07-21,,Inactive
1951,16766,C.J. Fiedorowicz,cj fiedorowicz,TE,TE,1991-10-22,,Inactive
1952,17467,Andre Hal,andre hal,FS,DB,1992-05-30,,Inactive
1953,17395,Travis Labhart,travis labhart,WR,WR,1991-01-20,,Inactive
1954,16806,Louis Nix,louis nix,DT,FRONT7,1991-07-31,,Inactive
1955,16947,Jeoffrey Pagan,jeoffrey pagan,DE,FRONT7,1992-06-10,,Inactive
1956,16875,Jay Prosch,jay prosch,FB,RB,1992-08-21,,Inactive
1957,16943,Tom Savage,tom savage,QB,QB,1990-04-26,,Inactive
1959,17428,Julius Warmsley,julius warmsley,DT,FRONT7,1990-05-16,,Inactive
1960,2508192,Marcus Williams,marcus williams,CB,DB,1991-03-24,,Inactive
1965,17071,Zach Kerr,zach kerr,DE,FRONT7,1990-08-29,,Active
1966,17195,Ryan Lankford,ryan lankford,WR,WR,1991-12-09,,Inactive
1967,17074,Seth Lobato,seth lobato,QB,QB,1990-12-05,,Inactive
1968,17076,Keon Lyn,keon lyn,CB,DB,1992-03-05,,Active
1969,17078,Dewey McDonald,dewey mcdonald,LB,FRONT7,1990-06-10,,Inactive
1971,16791,Donte Moncrief,donte moncrief,WR,WR,1993-08-06,,Active
1972,16689,Henoc Muamba,henoc muamba,ILB,FRONT7,1989-02-23,,Inactive
1973,16867,Jonathan Newsome,jonathan newsome,LB,FRONT7,1991-01-22,,Inactive
1974,17082,Cody Parkey,cody parkey,K,K,1992-02-19,,Active
1975,17091,Erik Swoope,erik swoope,TE,TE,1992-05-08,,Inactive
1976,17094,Zurlon Tipton,zurlon tipton,RB,RB,1990-04-27,,Inactive
1978,17048,Tony Washington,tony washington,WR,WR,1990-10-18,,Inactive
1979,16724,Blake Bortles,blake bortles,QB,QB,1992-04-28,NO,Active
1981,17128,Deandre Coleman,deandre coleman,DT,FRONT7,1991-01-27,,Inactive
1982,16900,Aaron Colvin,aaron colvin,CB,DB,1991-10-02,,Active
1983,17131,Damian Copeland,damian copeland,WR,WR,1990-10-17,,Inactive
1984,17177,Allen Hurns,allen hurns,WR,WR,1991-11-12,MIA,Active
1985,17183,Marcel Jensen,marcel jensen,TE,TE,1990-02-12,,Inactive
1986,16884,Storm Johnson,storm johnson,RB,RB,1992-07-10,,Inactive
1987,16787,Marqise Lee,marqise lee,WR,WR,1991-11-25,,Inactive
1989,17201,Craig Loston,craig loston,SS,DB,1989-12-21,,Inactive
1990,17220,Stephen Morris,stephen morris,QB,QB,1992-08-27,,Inactive
1991,17240,Rashaad Reynolds,rashaad reynolds,CB,DB,1991-02-02,,Active
1992,16799,Allen Robinson,allen robinson,WR,WR,1993-08-24,,Active
1994,16917,Chris Smith,chris smith,DE,FRONT7,1992-02-11,,Active
1995,16891,Telvin Smith,telvin smith,LB,FRONT7,1991-04-11,,Injured Reserve
1998,16965,Kenny Anunike,kenny anunike,DE,FRONT7,1990-05-20,,Inactive
1999,16967,Shaquil Barrett,shaquil barrett,LB,FRONT7,1992-11-17,,Active
2000,16852,Lamin Barrow,lamin barrow,LB,FRONT7,1990-11-27,,Inactive
2001,16969,Kapri Bibbs,kapri bibbs,RB,RB,1993-01-10,,Inactive
2002,16972,Isaiah Burse,isaiah burse,WR,WR,1991-12-08,,Inactive
2003,16995,Bennie Fowler,bennie fowler,WR,WR,1991-06-10,,Active
2004,16793,Cody Latimer,cody latimer,WR,WR,1992-10-10,,Inactive
2005,16902,Corey Nelson,corey nelson,LB,FRONT7,1992-04-22,,Active
2007,17033,Bryn Renner,bryn renner,QB,QB,1990-01-22,,Inactive
2008,16719,Bradley Roby,bradley roby,CB,DB,1992-05-01,,Active
2010,17043,Jordan Sullen,jordan sullen,CB,DB,1990-06-25,,Inactive
2011,17045,Juwan Thompson,juwan thompson,RB,RB,1992-05-13,,Inactive
2012,17438,Chase Vaughn,chase vaughn,ILB,FRONT7,1988-09-04,,Inactive
2013,17052,Lou Young,lou young,CB,DB,1991-10-09,,Inactive
2015,16707,Dee Ford,dee ford,DE,FRONT7,1991-03-19,,Active
2017,16750,Phillip Gaines,phillip gaines,CB,DB,1991-04-04,,Active
2019,17021,Aaron Murray,aaron murray,QB,QB,1990-11-10,,Inactive
2020,17427,Cairo Santos,cairo santos,K,K,1991-11-12,CHI,Active
2022,17259,Daniel Sorensen,daniel sorensen,DB,DB,1990-03-05,,Active
2023,16945,De'Anthony Thomas,de anthony thomas,WR,WR,1993-01-05,,Inactive
2024,17284,Charcandrick West,charcandrick west,RB,RB,1991-06-02,,Injured Reserve
2025,17051,Albert Wilson,albert wilson,WR,WR,1992-07-12,,Active
2026,17396,George Atkinson,george atkinson,RB,RB,1992-11-29,,Inactive
2027,17447,Denico Autry,denico autry,DE,FRONT7,1990-07-15,,Active
2028,16757,Derek Carr,derek carr,QB,QB,1991-03-28,,Active
2029,16808,T.J. Carrie,tj carrie,CB,DB,1990-07-28,,Active
2030,16918,Jonathan Dowling,jonathan dowling,S,DB,1991-12-08,,Inactive
2031,16857,Justin Ellis,justin ellis,DT,FRONT7,1990-12-27,,Active
2032,17389,Carlos Fields,carlos fields,LB,FRONT7,1990-10-03,,Inactive
2033,16837,Shelby Harris,shelby harris,DE,FRONT7,1991-08-11,NYG,Active
2036,16710,Khalil Mack,khalil mack,LB,FRONT7,1991-02-22,LAC,Active
2037,16940,Keith McGill,keith mcgill,FS,DB,1989-03-09,,Inactive
2038,17393,Jake Murphy,jake murphy,TE,TE,1989-09-21,,Inactive
2039,17402,Seth Roberts,seth roberts,WR,WR,1991-02-22,,Inactive
2040,17391,Scott Simonson,scott simonson,TE,TE,1992-04-13,,Active
2041,16962,Torrence Allen,torrence allen,WR,WR,1991-03-31,,Inactive
2042,16761,Jeremiah Attaochu,jeremiah attaochu,LB,FRONT7,1993-01-17,,Active
2043,16851,Ryan Carrethers,ryan carrethers,NT,FRONT7,1991-02-26,,Inactive
2044,,Brelan Chancellor,brelan chancellor,WR,WR,1992-08-06,,Active
2045,16985,Alden Darby,alden darby,SS,DB,1992-06-22,,Inactive
2046,16987,Chris Davis,chris davis,CB,DB,1990-11-04,,Inactive
2047,16989,Greg Ducre,greg ducre,CB,DB,1992-01-22,,Inactive
2048,16956,Marion Grice,marion grice,RB,RB,1992-04-10,,Inactive
2049,17005,Javontee Herndon,javontee herndon,WR,WR,1991-06-29,,Inactive
2050,17452,Branden Oliver,branden oliver,RB,RB,1991-05-07,,Inactive
2051,17024,Tenny Palepoi,tenny palepoi,DT,FRONT7,1990-12-19,,Inactive
2052,16824,Tevin Reese,tevin reese,WR,WR,1991-01-02,,Inactive
2054,17047,Colton Underwood,colton underwood,DE,FRONT7,1992-01-26,,Inactive
2055,16726,Jason Verrett,jason verrett,CB,DB,1991-06-18,,Active
2057,16953,Ken Bishop,ken bishop,DT,FRONT7,1990-09-08,,Inactive
2058,,Chris Boyd,chris boyd,WR,WR,1991-12-16,,Inactive
2059,17334,Davon Coleman,davon coleman,DT,FRONT7,1991-01-11,,Inactive
2060,17326,JC Copeland,jc copeland,FB,RB,1991-07-21,,Inactive
2061,16839,Ben Gardner,ben gardner,DE,FRONT7,1991-04-29,,Inactive
2062,16883,Anthony Hitchens,anthony hitchens,LB,FRONT7,1992-06-10,KC,Active
2064,16802,DeMarcus Lawrence,demarcus lawrence,DE,FRONT7,1992-04-28,SEA,Active
2065,17319,Ben Malena,ben malena,RB,RB,1992-05-29,,Inactive
2067,16927,Terrance Mitchell,terrance mitchell,DB,DB,1992-05-17,,Active
2068,17450,Tyler Patmon,tyler patmon,CB,DB,1991-01-26,,Inactive
2070,17333,Dashaun Phillips,dashaun phillips,CB,DB,1991-01-03,,Inactive
2072,17340,Jocquel Skinner,jocquel skinner,S,DB,1988-05-26,,Inactive
2073,17315,Keith Smith,keith smith,FB,RB,1992-04-08,,Active
2074,16815,Devin Street,devin street,WR,WR,1991-03-30,,Injured Reserve
2075,17337,Dustin Vaughan,dustin vaughan,QB,QB,1991-01-27,,Inactive
2076,17307,L'Damian Washington,l damian washington,WR,WR,1985-11-15,,Inactive
2077,17103,Justin Anderson,justin anderson,OLB,FRONT7,1991-01-16,,Inactive
2078,16733,Odell Beckham,odell beckham,WR,WR,1992-11-05,,Active
2079,16850,Nat Berhe,nat berhe,FS,DB,1991-07-06,,Inactive
2080,16776,Jay Bromley,jay bromley,DT,FRONT7,1992-05-28,,Inactive
2081,17303,Emmanuel Dieke,emmanuel dieke,DE,FRONT7,1990-09-23,,Inactive
2082,17348,Xavier Grimble,xavier grimble,TE,TE,1992-09-22,,Active
2083,16879,Bennett Jackson,bennett jackson,DB,DB,1991-09-16,,Active
2084,16820,Devon Kennard,devon kennard,LB,FRONT7,1991-06-24,,Active
2085,17235,Kelcy Quarles,kelcy quarles,DE,FRONT7,1992-01-23,,Inactive
2087,17313,Jordan Stanton,jordan stanton,DE,FRONT7,1985-09-06,,Inactive
2088,16889,Andre Williams,andre williams,RB,RB,1992-08-28,,Inactive
2089,17296,Kerry Wynn,kerry wynn,DE,FRONT7,1991-02-12,,Active
2090,16827,Ted Bolser,ted bolser,TE,TE,1990-10-22,,Inactive
2091,16890,Bashaud Breeland,bashaud breeland,CB,DB,1992-01-30,ARI,Active
2092,16702,Akeem Davis,akeem davis,S,DB,1989-12-25,,Inactive
2093,16845,Ryan Grant,ryan grant,WR,WR,1990-12-19,,Active
2094,16916,Zach Hocker,zach hocker,K,K,1991-08-23,,Inactive
2095,17349,Rashad Lawrence,rashad lawrence,WR,WR,1992-06-10,,Inactive
2097,17425,Ross Madison,ross madison,CB,DB,1991-03-05,,Inactive
2099,16751,Trent Murphy,trent murphy,DE,FRONT7,1990-12-22,,Inactive
2100,17352,Silas Redd,silas redd,RB,RB,1992-03-01,,Inactive
2101,16885,Lache Seastrunk,lache seastrunk,RB,RB,1991-07-29,,Inactive
2102,5273,Robert Thomas,robert thomas,DT,FRONT7,1991-02-18,,Inactive
2104,16942,Ka'Deem Carey,ka deem carey,RB,RB,1992-10-30,,Injured Reserve
2105,17061,Brandon Dunn,brandon dunn,NT,FRONT7,1992-09-05,,Active
2106,16821,David Fales,david fales,QB,QB,1990-10-04,,Active
2107,16778,Ego Ferguson,ego ferguson,DT,FRONT7,1991-09-22,,Inactive
2108,16715,Kyle Fuller,kyle fuller,CB,DB,1992-02-16,,Inactive
2110,17070,Christian Jones,christian jones,LB,FRONT7,1991-02-18,,Active
2111,17072,DeDe Lattimore,dede lattimore,ILB,FRONT7,1991-01-30,,Inactive
2114,17421,Senorise Perry,senorise perry,RB,RB,1991-09-19,,Inactive
2115,16738,Will Sutton,will sutton,DT,FRONT7,1991-10-03,,Inactive
2116,16906,Brock Vereen,brock vereen,FS,DB,1992-08-17,,Inactive
2117,16982,Jerome Couplin,jerome couplin,SS,DB,1991-08-31,,Inactive
2118,16732,Eric Ebron,eric ebron,TE,TE,1993-04-10,PIT,Inactive
2119,,James Franklin,james franklin,QB,QB,1991-07-23,,Active
2120,17426,Gregory Hickman,gregory hickman,DE,FRONT7,1990-11-23,,Active
2121,16880,T.J. Jones,tj jones,WR,WR,1992-07-19,,Active
2122,16929,Nevin Lawson,nevin lawson,CB,DB,1991-04-23,,Active
2124,17207,Jacob Maxwell,jacob maxwell,TE,TE,1991-01-04,,Inactive
2125,17025,Andrew Peacock,andrew peacock,WR,WR,1991-01-14,,Inactive
2126,16853,Caraun Reid,caraun reid,DT,FRONT7,1991-11-23,LAC,Active
2127,17245,Mohammed Seisay,mohammed seisay,CB,DB,1990-05-22,,Inactive
2129,16705,Jordan Thompson,jordan thompson,TE,TE,1989-07-12,,Inactive
2130,16772,Kyle Van Noy,kyle van noy,LB,FRONT7,1991-03-26,MIN,Active
2131,16869,Larry Webster,larry webster,DE,FRONT7,1990-02-14,,Inactive
2132,16836,Jared Abbrederis,jared abbrederis,WR,WR,1990-12-07,,Inactive
2133,16800,Davante Adams,davante adams,WR,WR,1992-12-24,LAR,Active
2134,16926,Carl Bradford,carl bradford,ILB,FRONT7,1992-08-15,,Inactive
2135,16735,Ha Ha Clinton-Dix,ha ha clinton dix,DB,DB,1992-12-21,DEN,Active
2136,16991,Duplicate Player,duplicate player,OLB,FRONT7,1991-11-11,,Inactive
2138,16949,Demetri Goodson,demetri goodson,CB,DB,1989-06-11,,Inactive
2139,17175,Adrian Hubbard,adrian hubbard,OLB,FRONT7,1992-02-27,,Inactive
2140,16960,Jeff Janis,jeff janis,WR,WR,1991-06-24,,Inactive
2142,17221,Rajion Neal,rajion neal,RB,RB,1992-03-28,,Active
2143,17230,Mike Pennel,mike pennel,DT,FRONT7,1991-05-09,,Active
2144,17231,Justin Perillo,justin perillo,TE,TE,1991-01-05,,Inactive
2145,17237,Chase Rettig,chase rettig,QB,QB,1991-09-26,,Inactive
2146,16786,Richard Rodgers,richard rodgers,TE,TE,1992-01-22,,Inactive
2147,17266,Joe Thomas,joe thomas,LB,FRONT7,1991-05-06,,Active
2148,16756,Khyri Thornton,khyri thornton,DT,FRONT7,1989-11-21,,Inactive
2150,17286,Ryan White,ryan white,CB,DB,1992-01-22,,Active
2151,16711,Anthony Barr,anthony barr,LB,FRONT7,1992-03-18,,Active
2152,16728,Teddy Bridgewater,teddy bridgewater,QB,QB,1992-11-10,,Active
2153,17055,Kain Colter,kain colter,WR,WR,1990-10-03,,Inactive
2154,17058,Rakim Cox,rakim cox,DE,FRONT7,1991-02-12,,Inactive
2155,16780,Scott Crichton,scott crichton,DE,FRONT7,1991-10-30,,Inactive
2156,16833,Antone Exum,antone exum,SS,DB,1991-02-27,,Active
2158,17062,Donte Foster,donte foster,WR,WR,1990-11-10,,Inactive
2159,16854,Kendall James,kendall james,CB,DB,1991-06-29,,Inactive
2161,16782,Jerick McKinnon,jerick mckinnon,RB,RB,1992-05-03,,Active
2162,16878,Jabari Price,jabari price,CB,DB,1992-08-31,,Inactive
2163,16866,Shamar Stephen,shamar stephen,DT,FRONT7,1991-02-25,,Active
2164,16818,Brandon Watts,brandon watts,LB,FRONT7,1991-01-21,,Injured Reserve
2165,17097,Dominique Williams,dominique williams,RB,RB,1989-05-14,,Inactive
2167,16882,Ricardo Allen,ricardo allen,DB,DB,1991-12-18,CIN,Active
2168,16944,Devonta Freeman,devonta freeman,RB,RB,1992-03-15,,Active
2169,,Devonta Glover-Wright,devonta glover wright,CB,DB,1992-06-28,,Inactive
2170,16744,Ra'Shede Hageman,ra shede hageman,DT,FRONT7,1990-08-08,,Injured Reserve
2171,17205,Freddie Martino,freddie martino,WR,WR,1991-09-07,,Inactive
2173,17213,Kimario McFadden,kimario mcfadden,S,DB,1991-04-13,,Inactive
2174,17223,Roosevelt Nix,roosevelt nix,FB,RB,1992-03-30,,Injured Reserve
2175,17032,Bernard Reedy,bernard reedy,WR,WR,1991-12-31,,Inactive
2176,16896,Yawin Smallwood,yawin smallwood,ILB,FRONT7,1991-12-25,,Inactive
2177,17256,Jerome Smith,jerome smith,RB,RB,1991-04-06,,Inactive
2178,16747,Dezmen Southward,dezmen southward,CB,DB,1990-10-01,,Inactive
2179,16905,Marquis Spruill,marquis spruill,OLB,FRONT7,1991-05-14,,Inactive
2180,16856,Tyler Starr,tyler starr,LB,FRONT7,1991-01-25,,Inactive
2182,16730,Kelvin Benjamin,kelvin benjamin,WR,WR,1991-02-05,,Inactive
2183,16872,Bene' Benwikere,bene benwikere,CB,DB,1991-09-03,,Inactive
2184,16877,Tre Boston,tre boston,DB,DB,1992-06-25,,Active
2185,17399,Corey Brown,corey brown,WR,WR,1991-12-16,,Injured Reserve
2186,17385,Carrington Byndom,carrington byndom,CB,DB,1992-07-07,,Inactive
2187,16773,Kony Ealy,kony ealy,DE,FRONT7,1991-12-21,,Inactive
2189,16838,Tyler Gaffney,tyler gaffney,RB,RB,1991-04-20,,Inactive
2190,17401,Adarius Taylor,adarius taylor,LB,FRONT7,1990-09-21,,Active
2191,17382,Marcus Lucas,marcus lucas,WR,WR,1992-03-01,,Active
2193,17397,Darrin Reaves,darrin reaves,RB,RB,1993-04-17,,Inactive
2195,16698,Marcus Ball,marcus ball,SS,DB,1987-07-21,,Inactive
2196,17127,Brandon Coleman,brandon coleman,WR,WR,1992-06-22,,Physically Unable to Perform
2197,16731,Brandin Cooks,brandin cooks,WR,WR,1993-09-25,SF,Active
2198,17139,Brian Dixon,brian dixon,CB,DB,1990-04-26,,Inactive
2199,17141,Kasim Edebali,kasim edebali,DE,FRONT7,1989-08-17,,Inactive
2200,17149,Timothy Flanders,timothy flanders,RB,RB,1991-09-29,,Active
2201,16909,Khairi Fortt,khairi fortt,OLB,FRONT7,1992-03-24,,Inactive
2202,17165,Je'Ron Hamm,je ron hamm,TE,TE,1992-06-15,,Inactive
2203,17181,Nic Jacobs,nic jacobs,TE,TE,1991-10-31,,Inactive
2204,16774,Stanley Jean-Baptiste,stanley jean baptiste,CB,DB,1990-04-12,,Inactive
2205,17191,Seantavius Jones,seantavius jones,WR,WR,1992-08-09,,Inactive
2206,,Logan Kilgore,logan kilgore,QB,QB,,,Active
2207,16887,Ronald Powell,ronald powell,OLB,FRONT7,1991-05-14,,Inactive
2208,16938,Vinnie Sunseri,vinnie sunseri,FS,DB,1991-10-28,,Inactive
2209,17270,George Uko,george uko,DE,FRONT7,1992-02-12,,Inactive
2210,17278,Pierre Warren,pierre warren,FS,DB,1992-08-16,,Inactive
2211,2577030,Ty Zimmerman,ty zimmerman,S,DB,1990-06-23,,Active
2213,17107,Nate Askew,nate askew,OLB,FRONT7,1991-08-20,,Inactive
2214,17453,Cameron Brate,cameron brate,TE,TE,1991-07-03,,Active
2216,16737,Mike Evans,mike evans,WR,WR,1993-08-21,SF,Active
2217,16903,Robert Herron,robert herron,WR,WR,1992-06-02,,Inactive
2218,17199,Keith Lewis,keith lewis,CB,DB,1990-07-25,,Inactive
2219,16684,Patrick Murray,patrick murray,K,K,1991-06-22,,Inactive
2221,17228,Solomon Patton,solomon patton,WR,WR,1990-10-17,,Inactive
2222,16795,Austin Seferian-Jenkins,austin seferian jenkins,TE,TE,1992-09-29,,Inactive
2223,16749,Charles Sims,charles sims,RB,RB,1990-09-19,,Injured Reserve
2224,16937,Maurice Alexander,maurice alexander,LB,FRONT7,1991-02-16,,Active
2225,17110,Alex Bayer,alex bayer,TE,TE,1990-11-08,,Inactive
2226,16908,Christian Bryant,christian bryant,SS,DB,1992-03-21,,Inactive
2227,16716,Aaron Donald,aaron donald,DT,FRONT7,1991-05-23,LAR,Active
2228,16898,E.J. Gaines,ej gaines,CB,DB,1992-02-23,,Inactive
2229,16809,Garrett Gilbert,garrett gilbert,QB,QB,1991-01-01,,Active
2230,16769,Lamarcus Joyner,lamarcus joyner,DB,DB,1990-11-27,,Inactive
2231,16784,Tre Mason,tre mason,RB,RB,1993-08-06,,Inactive
2233,2578582,Marcus Roberson,marcus roberson,CB,DB,1992-10-04,,Inactive
2236,17282,Trey Watts,trey watts,RB,RB,1991-02-13,,Inactive
2237,17285,Ethan Westbrooks,ethan westbrooks,DT,FRONT7,1990-11-15,NO,Active
2238,16804,John Brown,john brown,WR,WR,1990-04-03,,Active
2239,17116,Jonathan Brown,jonathan brown,OLB,FRONT7,1992-06-22,,Inactive
2240,16723,Deone Bucannon,deone bucannon,LB,FRONT7,1992-08-30,,Inactive
2241,17123,Glenn Carson,glenn carson,ILB,FRONT7,1990-12-05,,Inactive
2242,16976,Chandler Catanzaro,chandler catanzaro,K,K,1991-02-26,,Injured Reserve
2243,17155,Bruce Gaston,bruce gaston,DT,FRONT7,1991-11-29,,Injured Reserve
2244,16764,Kareem Martin,kareem martin,LB,FRONT7,1992-02-19,,Active
2245,16797,Troy Niklas,troy niklas,TE,TE,1992-09-18,,Injured Reserve
2247,16871,Walter Powell,walter powell,WR,WR,1991-11-23,,Inactive
2250,16840,Ed Stinson,ed stinson,DT,FRONT7,1990-02-15,,Inactive
2251,16813,Logan Thomas,logan thomas,TE,TE,1991-07-01,,Active
2252,17279,Corey Washington,corey washington,WR,WR,1991-12-29,,Inactive
2253,16914,Kenneth Acker,kenneth acker,CB,DB,1992-02-06,,Injured Reserve
2254,17125,Asante Cleveland,asante cleveland,TE,TE,1992-03-21,,Inactive
2255,16946,Bruce Ellington,bruce ellington,WR,WR,1991-08-22,,Inactive
2257,16777,Carlos Hyde,carlos hyde,RB,RB,1990-09-20,,Active
2258,16893,Dontae Johnson,dontae johnson,CB,DB,1991-12-01,,Inactive
2259,16941,Aaron Lynch,aaron lynch,LB,FRONT7,1993-03-08,,Inactive
2261,17212,L.J. McCray,lj mccray,SS,DB,1991-06-18,,Inactive
2262,16901,Trey Millard,trey millard,RB,RB,1991-07-21,,Active
2263,16807,Kaleb Ramsey,kaleb ramsey,NT,FRONT7,1989-06-20,,Inactive
2264,16930,Keith Reaser,keith reaser,CB,DB,1991-07-31,,Inactive
2265,17251,Shayne Skov,shayne skov,LB,FRONT7,1990-07-09,,Inactive
2267,16717,Jimmie Ward,jimmie ward,DB,DB,1991-07-18,,Active
2268,17423,Rashaun Allen,rashaun allen,TE,TE,1990-02-25,,Injured Reserve
2269,16966,Dion Bailey,dion bailey,SS,DB,1992-03-02,,Inactive
2271,16983,Brock Coyle,brock coyle,LB,FRONT7,1990-10-12,,Inactive
2272,16988,Chase Dixon,chase dixon,TE,TE,1991-05-30,,Inactive
2274,17008,Jackson Jeffcoat,jackson jeffcoat,LB,FRONT7,1990-12-26,,Inactive
2275,16873,Cassius Marsh,cassius marsh,LB,FRONT7,1992-07-07,,Active
2276,16841,Kevin Norwood,kevin norwood,WR,WR,1989-09-23,,Injured Reserve
2277,16888,Kevin Pierre-Louis,kevin pierre louis,LB,FRONT7,1991-10-07,,Inactive
2278,16849,Eric Pinkins,eric pinkins,LB,FRONT7,1991-08-07,,Inactive
2279,16781,Paul Richardson,paul richardson,WR,WR,1992-04-13,,Active
2280,16939,Kiero Small,kiero small,FB,RB,1989-05-01,,Inactive
2281,16822,Jimmy Staten,jimmy staten,DT,FRONT7,1991-05-04,,Inactive
2282,17465,Fitzgerald Toussaint,fitzgerald toussaint,RB,RB,1990-05-04,,Inactive
2283,17289,James Wilder,james wilder,RB,RB,1992-04-14,,Inactive
2284,16683,Fred Williams,fred williams,WR,WR,1988-04-15,,Inactive
2285,17380,James Morris,james morris,LB,FRONT7,1991-11-20,,Inactive
2286,17492,Andrew Furney,andrew furney,K,K,1991-06-23,,Inactive
2287,17487,Adrian Phillips,adrian phillips,DB,DB,1992-03-28,,Active
2288,15353,Chas Alecxih,chas alecxih,DT,FRONT7,1989-02-10,,Inactive
2289,15580,Cordarro Law,cordarro law,LB,FRONT7,1988-10-15,,Inactive
2291,14269,Dontrelle Inman,dontrelle inman,WR,WR,1989-01-31,,Active
2292,14285,Chris Matthews,chris matthews,WR,WR,1989-10-06,,Injured Reserve
2293,17486,Demitrius Bronson,demitrius bronson,RB,RB,1990-03-06,,Inactive
2294,17458,Horace Miller,horace miller,ILB,FRONT7,1991-11-11,,Inactive
2295,17257,Kevin Smith,kevin smith,WR,WR,1991-12-21,,Inactive
2296,15544,Terrance Parks,terrance parks,SS,DB,1990-04-14,,Inactive
2297,2310051,Glenn Winston,glenn winston,RB,RB,1989-04-29,,Inactive
2298,2324064,Jeremy Towns,jeremy towns,DT,FRONT7,1989-03-09,,Inactive
2299,17491,Kevin Fogg,kevin fogg,CB,DB,1991-08-31,,Inactive
2300,15549,Chandler Fenner,chandler fenner,CB,DB,1990-07-06,,Inactive
2301,17470,Al Louis-Jean,al louis jean,CB,DB,1993-10-13,,Inactive
2302,2469737,T.J. Fatinikun,tj fatinikun,DE,FRONT7,1991-07-28,,Inactive
2303,2467210,Josh Harris,josh harris,RB,RB,1991-01-22,,Inactive
2304,2476373,Jerome Cunningham,jerome cunningham,TE,TE,1991-05-25,,Active
2306,2969939,Jameis Winston,jameis winston,QB,QB,1994-01-06,NYG,Active
2307,2576980,Marcus Mariota,marcus mariota,QB,QB,1993-10-30,WAS,Active
2308,2980100,Dante Fowler,dante fowler,LB,FRONT7,1994-08-03,SEA,Active
2309,2976499,Amari Cooper,amari cooper,WR,WR,1994-06-17,,Active
2311,2971622,Leonard Williams,leonard williams,DE,FRONT7,1994-06-20,SEA,Active
2312,3042435,Kevin White,kevin white,WR,WR,1992-06-25,,Active
2313,2512400,Vic Beasley,vic beasley,DE,FRONT7,1992-07-08,,Inactive
2315,2977644,Todd Gurley,todd gurley,RB,RB,1994-08-03,,Active
2316,2576283,Trae Waynes,trae waynes,CB,DB,1992-07-25,CIN,Active
2317,2578384,Danny Shelton,danny shelton,DT,FRONT7,1993-08-20,,Active
2319,2576623,DeVante Parker,devante parker,WR,WR,1993-01-20,,Active
2320,2576434,Melvin Gordon,melvin gordon,RB,RB,1993-04-13,,Active
2321,2511523,Kevin Johnson,kevin johnson,CB,DB,1992-08-05,,Injured Reserve
2322,2971275,Arik Armstead,arik armstead,DE,FRONT7,1993-11-15,JAX,Active
2323,2578378,Marcus Peters,marcus peters,CB,DB,1993-01-09,,Active
2325,2971618,Nelson Agholor,nelson agholor,WR,WR,1993-05-24,,Active
2327,2576702,Bud Dupree,bud dupree,LB,FRONT7,1993-02-12,LAC,Active
2328,2577371,Shane Ray,shane ray,LB,FRONT7,1993-05-18,,Active
2330,2978313,Shaq Thompson,shaq thompson,LB,FRONT7,1994-04-21,BUF,Active
2331,2972460,Breshad Perriman,breshad perriman,WR,WR,1993-09-10,,Active
2332,2513035,Byron Jones,byron jones,CB,DB,1992-09-26,,Active
2334,2579604,Phillip Dorsett,phillip dorsett,WR,WR,1993-01-05,LV,Active
2335,3043258,Damarious Randall,damarious randall,CB,DB,1992-08-29,,Active
2336,2576482,Stephone Anthony,stephone anthony,LB,FRONT7,1992-07-28,,Active
2337,2971698,Malcom Brown,malcom brown,DT,FRONT7,1994-02-02,,Active
2338,2979841,Landon Collins,landon collins,DB,DB,1994-01-10,,Active
2340,2969921,Mario Edwards,mario edwards,DE,FRONT7,1994-01-25,HOU,Inactive
2341,2976516,T.J. Yeldon,tj yeldon,RB,RB,1993-10-02,,Inactive
2342,2576395,Devin Smith,devin smith,WR,WR,1992-03-03,,Active
2343,2577446,Preston Smith,preston smith,LB,FRONT7,1992-11-17,,Active
2344,2969924,Eddie Goldman,eddie goldman,DT,FRONT7,1994-01-06,,Active
2345,2971433,Dorial Green-Beckham,dorial green beckham,WR,WR,1993-04-12,,Inactive
2346,2977609,Devin Funchess,devin funchess,TE,TE,1994-05-21,,Active
2347,2577292,Jalen Collins,jalen collins,CB,DB,1993-03-20,,Inactive
2348,2577429,Benardrick McKinney,benardrick mckinney,LB,FRONT7,1992-11-19,,Active
2349,2509488,Hau'oli Kikaha,hau oli kikaha,DE,FRONT7,1992-07-24,,Inactive
2350,2510863,Eric Kendricks,eric kendricks,LB,FRONT7,1992-02-29,LAR,Active
2351,2509844,Jaquiski Tartt,jaquiski tartt,DB,DB,1992-02-18,,Active
2352,2576002,Eric Rowe,eric rowe,DB,DB,1992-10-03,,Active
2353,2579621,Denzel Perryman,denzel perryman,LB,FRONT7,1992-12-05,LAC,Inactive
2355,2969920,Ronald Darby,ronald darby,CB,DB,1994-01-02,,Active
2356,3052511,Nate Orchard,nate orchard,DE,FRONT7,1993-01-05,,Active
2357,2577466,Jordan Phillips,jordan phillips,DE,FRONT7,1992-09-21,,Active
2359,2576336,Ameer Abdullah,ameer abdullah,RB,RB,1993-06-13,JAX,Active
2360,2970726,Maxx Williams,maxx williams,TE,TE,1994-04-12,,Active
2361,2577390,Senquez Golson,senquez golson,CB,DB,1993-07-07,,Inactive
2363,2971432,Markus Golden,markus golden,LB,FRONT7,1991-03-13,,Active
2365,3040479,Randy Gregory,randy gregory,DE,FRONT7,1992-11-23,,Active
2367,3125961,Quinten Rollins,quinten rollins,CB,DB,1992-07-15,,Inactive
2368,2576242,Frank Clark,frank clark,DE,FRONT7,1993-06-14,,Active
2369,2577139,Jordan Richards,jordan richards,DB,DB,1993-01-23,BAL,Active
2370,2982861,D'Joun Smith,d joun smith,CB,DB,1992-09-23,,Inactive
2373,2512593,Clive Walford,clive walford,TE,TE,1991-10-01,,Active
2374,2577327,Tyler Lockett,tyler lockett,WR,WR,1992-09-28,,Active
2375,3043263,Jaelen Strong,jaelen strong,WR,WR,1994-01-25,,Inactive
2378,2979477,Tevin Coleman,tevin coleman,RB,RB,1993-04-16,,Active
2379,2510866,Owamagbe Odighizuwa,owamagbe odighizuwa,DE,FRONT7,1992-04-01,,Inactive
2380,2575660,Garrett Grayson,garrett grayson,QB,QB,1991-05-29,,Inactive
2381,2578533,Chris Conley,chris conley,WR,WR,1992-10-25,,Active
2382,2969962,Duke Johnson,duke johnson,RB,RB,1993-09-23,,Active
2383,2977661,P.J. Williams,pj williams,CB,DB,1993-06-01,,Active
2384,2979652,Eli Harold,eli harold,LB,FRONT7,1994-01-20,,Inactive
2385,2978256,Alex Carter,alex carter,CB,DB,1994-10-19,,Inactive
2387,2576646,Lorenzo Mauldin,lorenzo mauldin,LB,FRONT7,1992-10-01,,Inactive
2388,2510713,Craig Mager,craig mager,CB,DB,1992-06-11,,Inactive
2389,2514270,Jordan Hicks,jordan hicks,LB,FRONT7,1992-06-27,,Active
2390,2582410,Tyler Kroft,tyler kroft,TE,TE,1992-10-15,,Active
2391,2508176,David Johnson,david johnson,RB,RB,1991-12-16,,Active
2392,2574549,Sammie Coates,sammie coates,WR,WR,1993-03-31,,Inactive
2393,2976560,Danielle Hunter,danielle hunter,DE,FRONT7,1994-10-29,HOU,Active
2394,2517017,Sean Mannion,sean mannion,QB,QB,1992-04-25,,Active
2395,2511690,Carl Davis,carl davis,DT,FRONT7,1992-03-02,,Active
2397,2576389,Jeff Heuerman,jeff heuerman,TE,TE,1992-11-24,,Active
2398,2517752,Henry Anderson,henry anderson,DE,FRONT7,1991-08-03,,Active
2399,2577134,Ty Montgomery,ty montgomery,RB,RB,1993-01-22,,Active
2400,2980105,Matt Jones,matt jones,RB,RB,1993-03-07,,Inactive
2401,2578408,Xavier Cooper,xavier cooper,DT,FRONT7,1991-11-30,,Inactive
2402,2514217,Geneo Grissom,geneo grissom,DE,FRONT7,1992-06-04,,Inactive
2403,3045287,Steven Nelson,steven nelson,CB,DB,1993-01-22,,Active
2404,2971555,Paul Dawson,paul dawson,LB,FRONT7,1993-01-13,,Inactive
2405,2574582,Angelo Blackson,angelo blackson,DE,FRONT7,1992-11-14,,Active
2406,2574519,Trey Flowers,trey flowers,LB,FRONT7,1993-08-16,,Inactive
2408,2466005,Bryce Petty,bryce petty,QB,QB,1991-05-31,,Injured Reserve
2409,2578381,James Sample,james sample,FS,DB,1992-06-23,,Inactive
2410,2576716,Jamison Crowder,jamison crowder,WR,WR,1993-06-17,,Active
2411,2515416,Jeremy Langford,jeremy langford,RB,RB,1991-12-06,,Inactive
2412,2518678,Justin Hardy,justin hardy,WR,WR,1991-12-18,,Active
2413,2515931,Jalston Fowler,jalston fowler,FB,RB,1990-07-26,,Inactive
2414,2519211,Clayton Geathers,clayton geathers,DB,DB,1992-06-01,,Active
2418,2574579,Gabe Wright,gabe wright,DT,FRONT7,1992-04-03,WAS,Active
2420,2511090,Ibraheim Campbell,ibraheim campbell,DB,DB,1992-05-13,,Active
2421,2507719,Rodney Gunter,rodney gunter,DE,FRONT7,1992-01-19,,Injured Reserve
2422,2514206,Blake Bell,blake bell,TE,TE,1991-08-07,,Active
2423,2578565,Ramik Wilson,ramik wilson,LB,FRONT7,1992-08-19,,Active
2425,2971605,Josh Shaw,josh shaw,SS,DB,1992-03-27,,Inactive
2426,2576385,Doran Grant,doran grant,CB,DB,1992-11-30,,Inactive
2427,3043168,Za'Darius Smith,za darius smith,LB,FRONT7,1992-09-08,ATL,Active
2428,3052066,Vince Mayle,vince mayle,TE,TE,1991-06-12,,Injured Reserve
2429,2976541,Kwon Alexander,kwon alexander,LB,FRONT7,1994-08-03,,Active
2430,2577253,Javorius Allen,javorius allen,RB,RB,1991-08-27,,Active
2431,3025433,Mike Davis,mike davis,RB,RB,1993-02-19,,Active
2432,3040207,Damien Wilson,damien wilson,LB,FRONT7,1993-05-28,,Active
2434,2515337,Jake Ryan,jake ryan,LB,FRONT7,1992-02-27,,Active
2436,3055912,DeAndre Smelter,deandre smelter,WR,WR,1991-12-03,,Inactive
2439,3043238,Marcus Hardison,marcus hardison,DT,FRONT7,1992-02-14,,Inactive
2440,2567992,Tray Walker,tray walker,CB,DB,1992-08-05,,Inactive
2441,2576303,David Cobb,david cobb,RB,RB,1993-06-03,,Inactive
2442,2576785,Rashad Greene,rashad greene,WR,WR,1992-09-23,,Inactive
2443,2577219,Ben Heeney,ben heeney,LB,FRONT7,1992-05-13,,Injured Reserve
2444,3046428,Martrell Spaight,martrell spaight,LB,FRONT7,1993-08-05,,Inactive
2445,2582132,Adrian Amos,adrian amos,DB,DB,1993-04-29,,Active
2446,2508256,MyCole Pruitt,mycole pruitt,TE,TE,1992-03-24,,Active
2447,2577581,Mykkele Thompson,mykkele thompson,FS,DB,1993-04-22,,Inactive
2448,2575606,Bobby McCain,bobby mccain,CB,DB,1993-08-18,,Active
2449,2976212,Stefon Diggs,stefon diggs,WR,WR,1993-11-29,WAS,Active
2450,2577189,Brett Hundley,brett hundley,QB,QB,1993-06-15,,Active
2451,2520845,Davis Tull,davis tull,OLB,FRONT7,1991-11-12,,Active
2452,2573300,Jay Ajayi,jay ajayi,RB,RB,1993-06-15,,Injured Reserve
2453,2576327,Cedric Thompson,cedric thompson,SS,DB,1993-02-10,,Active
2454,2517779,David Parry,david parry,DT,FRONT7,1992-03-07,,Inactive
2456,2508212,Kyle Emanuel,kyle emanuel,LB,FRONT7,1991-08-16,,Inactive
2457,2517230,Tyeler Davison,tyeler davison,DT,FRONT7,1992-09-23,,Active
2458,2576817,Karlos Williams,karlos williams,RB,RB,1993-05-04,,Inactive
2459,2515418,Tony Lippett,tony lippett,CB,DB,1992-07-02,,Inactive
2460,2574576,C.J. Uzomah,cj uzomah,TE,TE,1993-01-14,,Active
2461,2589809,Shaquille Riddick,shaquille riddick,LB,FRONT7,1993-03-12,,Inactive
2462,2515759,J.J. Nelson,jj nelson,WR,WR,1992-04-24,,Active
2463,2979590,Jesse James,jesse james,TE,TE,1994-06-04,,Active
2464,2516039,Neiron Ball,neiron ball,LB,FRONT7,1992-08-20,,Inactive
2465,2514150,Kenny Bell,kenny bell,WR,WR,1992-02-25,,Inactive
2466,2511687,Ryan Russell,ryan russell,DE,FRONT7,1992-01-17,,Inactive
2467,2972135,Lorenzo Doss,lorenzo doss,CB,DB,1994-04-22,,Inactive
2470,2578561,Damian Swann,damian swann,CB,DB,1992-12-04,,Inactive
2471,2515270,Michael Burton,michael burton,FB,RB,1992-02-01,CLE,Active
2472,2972400,David Mayo,david mayo,LB,FRONT7,1993-08-18,,Active
2473,2588098,Tye Smith,tye smith,CB,DB,1993-05-03,,Active
2474,2574591,Nick Boyle,nick boyle,TE,TE,1993-02-17,,Active
2475,3001171,D.J. Alexander,dj alexander,LB,FRONT7,1991-09-30,,Active
2476,2508079,James O'Shaughnessy,james o shaughnessy,TE,TE,1992-01-14,,Active
2477,3043097,Cameron Artis-Payne,cameron artis payne,RB,RB,1990-06-23,,Inactive
2478,2515420,Keith Mumphery,keith mumphery,WR,WR,1992-06-05,,Inactive
2479,2576635,Deiontrez Mount,deiontrez mount,LB,FRONT7,1993-02-26,,Inactive
2480,2516295,Matthew Wells,matthew wells,ILB,FRONT7,1990-11-26,,Inactive
2481,3048702,Max Valles,max valles,LB,FRONT7,1994-08-05,,Inactive
2482,2576371,Michael Bennett,michael bennett,DT,FRONT7,1993-02-24,,Inactive
2483,2577889,Kyshoen Jarrett,kyshoen jarrett,FS,DB,1993-05-04,,Inactive
2485,2516957,Kaelin Clay,kaelin clay,WR,WR,1992-01-03,,Inactive
2487,2513030,Geremy Davis,geremy davis,WR,WR,1992-01-10,,Active
2488,2576396,Evan Spencer,evan spencer,WR,WR,1993-05-26,,Inactive
2489,2576504,Tony Steward,tony steward,LB,FRONT7,1992-09-19,,Inactive
2490,2576621,Charles Gaines,charles gaines,CB,DB,1992-10-03,,Injured Reserve
2492,2577237,JaCorey Shepherd,jacorey shepherd,CB,DB,1993-03-29,,Inactive
2493,2980071,Darius Philon,darius philon,DT,FRONT7,1994-01-22,,Active
2494,2576645,B.J. Dubose,bj dubose,DE,FRONT7,1992-01-19,,Inactive
2495,2576804,Nick O'Leary,nick o leary,TE,TE,1992-08-31,,Active
2496,2516316,Malcolm Johnson,malcolm johnson,FB,RB,1992-08-11,,Active
2497,2512151,Randall Evans,randall evans,DB,DB,1991-12-26,,Inactive
2498,2517248,Derron Smith,derron smith,SS,DB,1992-02-04,,Inactive
2499,2510611,Randall Telfer,randall telfer,TE,TE,1992-05-16,,Inactive
2500,2516417,Leterrius Walton,leterrius walton,DE,FRONT7,1992-03-31,,Active
2501,2577553,Quandre Diggs,quandre diggs,DB,DB,1993-01-22,,Active
2502,2514129,Bud Sasser,bud sasser,WR,WR,,,Active
2503,3046413,A.J. Derby,aj derby,TE,TE,1991-09-20,,Inactive
2504,2512544,Darius Kilgo,darius kilgo,DT,FRONT7,1991-12-14,,Active
2505,2576925,Darren Waller,darren waller,TE,TE,1992-09-13,CAR,Active
2506,2577419,Josh Robinson,josh robinson,RB,RB,1992-08-24,,Inactive
2507,2577467,Aaron Ripkowski,aaron ripkowski,FB,RB,1992-12-20,,Inactive
2508,2578542,Amarlo Herrera,amarlo herrera,LB,FRONT7,1991-09-20,,Inactive
2510,2468550,Obum Gwacham,obum gwacham,LB,FRONT7,1991-03-20,,Inactive
2511,2574023,Christian Ringo,christian ringo,DT,FRONT7,1992-03-10,,Active
2512,2514799,Reshard Cliett,reshard cliett,OLB,FRONT7,1992-04-29,,Active
2513,2579601,Anthony Chickillo,anthony chickillo,LB,FRONT7,1992-12-10,,Injured Reserve
2514,2582311,Kennard Backman,kennard backman,TE,TE,1993-02-26,,Inactive
2515,2515893,Kristjan Sokoli,kristjan sokoli,DT,FRONT7,1991-09-24,,Inactive
2517,2580666,Christian Covington,christian covington,DT,FRONT7,1993-10-16,LAC,Active
2518,2510601,Hayes Pullard,hayes pullard,LB,FRONT7,1992-04-18,,Inactive
2519,2513770,Neal Sterling,neal sterling,TE,TE,1992-01-14,,Inactive
2520,2447736,Andre Debose,andre debose,WR,WR,1990-09-12,,Inactive
2522,2568060,Deon Simon,deon simon,NT,FRONT7,1990-07-06,,Inactive
2523,2512999,Bryce Hager,bryce hager,LB,FRONT7,1992-05-04,,Inactive
2526,2515577,Martin Ifedi,martin ifedi,DE,FRONT7,1991-09-04,,Active
2528,2579846,Ben Koyack,ben koyack,TE,TE,1993-04-09,,Active
2529,2514123,Marcus Murphy,marcus murphy,RB,RB,1991-10-03,,Inactive
2530,2517262,Joey Iosefa,joey iosefa,RB,RB,1991-06-19,,Inactive
2531,3137087,Edmond Robinson,edmond robinson,LB,FRONT7,1992-02-23,SEA,Active
2532,2513351,Da'Ron Brown,da ron brown,WR,WR,1991-09-21,,Active
2533,2567965,Dezmin Lewis,dezmin lewis,WR,WR,1992-12-05,,Inactive
2534,2577288,Kenny Hilliard,kenny hilliard,RB,RB,1991-10-03,,Inactive
2535,2576030,Mark Nzeocha,mark nzeocha,LB,FRONT7,1990-01-19,,Active
2537,3052686,Mario Alford,mario alford,WR,WR,1992-02-25,,Inactive
2538,2970179,Gerod Holliman,gerod holliman,FS,DB,1992-12-07,,Active
2540,2576969,Ifo Ekpre-Olomu,ifo ekpre olomu,CB,DB,1993-07-10,,Inactive
2541,2513908,Dexter McDonald,dexter mcdonald,CB,DB,1991-11-30,,Inactive
2544,2566041,Tre McBride,tre mcbride,WR,WR,1992-12-01,,Inactive
2545,3046704,Geoff Swaim,geoff swaim,TE,TE,1993-09-16,,Active
2546,2515490,Darryl Roberts,darryl roberts,CB,DB,1990-11-26,,Active
2547,2517020,Ryan Murphy,ryan murphy,SS,DB,1992-10-14,,Inactive
2548,2509574,Akeem King,akeem king,CB,DB,1992-08-29,,Active
2549,2511109,Trevor Siemian,trevor siemian,QB,QB,1991-12-26,,Active
2550,2515587,Taurean Nixon,taurean nixon,CB,DB,1991-02-07,,Inactive
2551,2515325,Josh Furman,josh furman,SS,DB,1991-11-01,,Active
2552,2578470,Xzavier Dickson,xzavier dickson,ILB,FRONT7,1992-09-11,,Active
2553,2577661,Rory Anderson,rory anderson,TE,TE,1992-10-02,,Active
2555,2512192,Gerald Christian,gerald christian,TE,TE,1991-08-26,,Inactive
2556,2577283,Terrence Magee,terrence magee,RB,RB,1993-03-16,,Inactive
2557,2527708,Jerry Lovelocke,jerry lovelocke,QB,QB,1992-10-08,,Active
2558,2517788,A.J. Tarpley,aj tarpley,LB,FRONT7,1992-04-30,,Inactive
2559,3039924,E.J. Bibbs,ej bibbs,TE,TE,1991-08-28,,Injured Reserve
2560,2521161,Zach Zenner,zach zenner,RB,RB,1991-09-13,,Active
2561,,Anthony Boone,anthony boone,QB,QB,1991-10-29,,Active
2562,2986739,John Crockett,john crockett,RB,RB,1992-02-16,,Inactive
2563,2517002,Tony Washington,tony washington,OLB,FRONT7,1992-06-01,,Active
2564,2447781,Duron Carter,duron carter,WR,WR,1991-03-22,,Inactive
2565,,Jean Sifrin,jean sifrin,TE,TE,1987-07-23,,Active
2566,2969294,Tyler Varga,tyler varga,RB,RB,1993-09-24,,Inactive
2567,2516976,Bryan Bennett,bryan bennett,QB,QB,1992-03-06,,Active
2568,2566598,Zach Hodges,zach hodges,ILB,FRONT7,1991-10-31,,Inactive
2569,,Jake Waters,jake waters,QB,QB,1992-03-20,,Active
2570,3165703,Donatella Luckett,donatella luckett,WR,WR,1991-02-01,,Active
2571,2512509,Jeff Luc,jeff luc,TE,TE,1992-02-14,,Inactive
2572,2577707,Justin Coleman,justin coleman,CB,DB,1993-03-27,,Active
2573,2579839,DaVaris Daniels,davaris daniels,WR,WR,1992-12-18,,Active
2574,2512212,Duplicate Player,duplicate player,DE,FRONT7,1991-12-14,,Inactive
2575,2576268,Taiwan Jones,taiwan jones,LB,FRONT7,1993-12-01,,Inactive
2576,2512115,Cody Fajardo,cody fajardo,QB,QB,1992-03-29,,Active
2577,2575955,Devante Davis,devante davis,WR,WR,1992-10-13,,Active
2578,2514269,John Harris,john harris,WR,WR,,,Active
2579,2515545,Mike Hull,mike hull,LB,FRONT7,1991-05-25,,Inactive
2580,2574420,Titus Davis,titus davis,WR,WR,1993-01-03,,Active
2581,2577845,Jahwan Edwards,jahwan edwards,RB,RB,1992-07-27,,Active
2582,,Cole Stoudt,cole stoudt,QB,QB,1992-10-23,,Active
2583,2587819,Tyrell Williams,tyrell williams,WR,WR,1992-02-12,,Active
2584,2516901,Austin Hill,austin hill,WR,WR,1991-07-17,,Inactive
2585,2576237,Thomas Rawls,thomas rawls,RB,RB,1993-08-03,,Inactive
2586,2516344,Dylan Thompson,dylan thompson,QB,QB,1991-10-25,,Inactive
2587,2514542,Dres Anderson,dres anderson,WR,WR,1992-07-20,,Active
2588,2570986,Malcolm Brown,malcolm brown,RB,RB,1993-05-15,,Active
2589,2519069,Ryan Delaire,ryan delaire,DE,FRONT7,1992-01-17,,Inactive
2590,2976208,Yannik Cudjoe-Virgil,yannik cudjoe virgil,LB,FRONT7,1992-11-28,,Inactive
2592,2576492,Grady Jarrett,grady jarrett,DT,FRONT7,1993-04-28,CHI,Active
2593,2512996,Antwan Goodley,antwan goodley,WR,WR,1991-09-06,,Inactive
2594,2465679,Brandon Wegher,brandon wegher,RB,RB,1990-12-09,,Inactive
2595,2574931,Tim Semisch,tim semisch,TE,TE,1991-09-18,,Active
2596,2972765,Wes Saxton,wes saxton,TE,TE,1993-08-13,,Inactive
2597,2516006,Michael Dyer,michael dyer,RB,RB,1990-10-13,,Active
2598,2581598,Terrell Watson,terrell watson,RB,RB,1993-08-22,,Inactive
2599,2574474,Bronson Hill,bronson hill,RB,RB,1993-01-02,,Inactive
2600,2517786,Ricky Seale,ricky seale,RB,RB,1992-01-08,,Active
2601,2577480,Andre Davis,andre davis,WR,WR,1993-09-01,,Inactive
2602,2577808,Darius Jennings,darius jennings,WR,WR,1992-06-28,,Active
2603,2578322,Shane Wynn,shane wynn,WR,WR,1992-11-15,,Inactive
2604,2515609,Manasseh Garner,manasseh garner,WR,WR,1992-03-11,,Inactive
2605,2511529,Merrill Noel,merrill noel,DB,DB,1991-09-10,,Inactive
2606,2577574,Cedric Reed,cedric reed,DE,FRONT7,1992-10-09,,Inactive
2607,2511676,Landon Feichter,landon feichter,SS,DB,1991-08-22,,Active
2608,2577029,Dylan Wynn,dylan wynn,DE,FRONT7,1993-06-01,,Inactive
2609,13309,RJ Archer,rj archer,QB,QB,1987-08-05,,Inactive
2610,2576502,Robert Smith,robert smith,FS,DB,1992-12-22,,Active
2611,2578394,Kasen Williams,kasen williams,WR,WR,1992-12-05,,Inactive
2612,2577293,Ronald Martin,ronald martin,SS,DB,1993-02-26,,Inactive
2613,3895228,Tyrell Adams,tyrell adams,LB,FRONT7,1992-04-11,,Active
2614,2577757,T.Y. McGill,ty mcgill,DT,FRONT7,1992-11-23,,Active
2615,2273426,Doug McNeil,doug mcneil,WR,WR,1988-07-22,,Inactive
2616,2471622,Jeremy Crayton,jeremy crayton,CB,DB,,,Active
2617,2612151,Alex Singleton,alex singleton,LB,FRONT7,1993-12-07,DEN,Active
2618,,Duplicate Player,duplicate player,DL,FRONT7,1990-02-21,,Inactive
2620,2512235,Jake Heaps,jake heaps,QB,QB,1991-06-19,,Active
2621,2577023,Terron Ward,terron ward,RB,RB,1992-02-15,,Inactive
2622,2515615,Warren Herring,warren herring,DT,FRONT7,1992-01-11,,Active
2623,2574553,Robenson Therezie,robenson therezie,SS,DB,1991-08-05,,Injured Reserve
2624,2574087,Derek Akunne,derek akunne,OLB,FRONT7,1993-08-17,,Inactive
2625,2516019,Jonathon Mincy,jonathon mincy,FS,DB,1992-09-05,,Inactive
2626,2514500,Kevin White,kevin white,CB,DB,1992-06-25,,Active
2627,2575583,Joey Mbu,joey mbu,DT,FRONT7,1993-03-28,,Inactive
2628,2517537,Boris Anyama,boris anyama,ILB,FRONT7,1991-09-13,,Active
2629,2582016,Sam Meredith,sam meredith,DE,FRONT7,1993-01-31,,Active
2630,2577718,Jordan Williams,jordan williams,LB,FRONT7,1993-03-23,,Inactive
2631,2577585,Durell Eskridge,durell eskridge,S,DB,1991-12-17,,Inactive
2632,2613133,Desmond Martin,desmond martin,RB,RB,1992-03-20,,Active
2633,2972282,Trey Williams,trey williams,RB,RB,1992-12-11,,Injured Reserve
2634,2512191,Mack Brown,mack brown,RB,RB,1991-09-24,,Inactive
2635,3078581,Vernon Johnson,vernon johnson,WR,WR,1992-04-17,,Active
2636,2512506,Jarred Haggins,jarred haggins,WR,WR,1992-01-17,,Active
2637,2516722,Casey Pierce,casey pierce,TE,TE,1991-08-21,,Inactive
2638,2520767,Reggie Bell,reggie bell,WR,WR,1992-05-06,,Inactive
2639,2511102,Tony Jones,tony jones,WR,WR,1992-03-21,,Active
2640,2510547,Isaiah Johnson,isaiah johnson,FS,DB,1992-05-16,,Inactive
2641,2517374,Brian Suite,brian suite,SS,DB,1992-04-21,,Active
2642,2511350,Houston Bates,houston bates,LB,FRONT7,1990-12-20,,Physically Unable to Perform
2643,2578692,Deshazor Everett,deshazor everett,DB,DB,1992-02-22,WAS,Active
2644,2575025,Terrance Plummer,terrance plummer,LB,FRONT7,1993-06-20,,Inactive
2645,2516049,Quinton Dunbar,quinton dunbar,CB,DB,1992-07-22,,Active
2646,2576487,Corey Crawford,corey crawford,DE,FRONT7,1991-12-01,,Inactive
2647,2577599,Dyshawn Davis,dyshawn davis,OLB,FRONT7,1992-07-14,,Active
2648,2514512,Tajh Hasson,tajh hasson,CB,DB,1992-06-12,,Active
2649,2576045,Kyle Brindza,kyle brindza,K,K,1993-01-13,,Inactive
2651,2088468,Phillip Sims,phillip sims,QB,QB,1992-08-15,,Active
2652,2577239,Dreamius Smith,dreamius smith,RB,RB,1992-09-08,,Inactive
2653,2508328,Brian Parker,brian parker,TE,TE,1992-05-30,,Inactive
2654,2577578,Jaxon Shipley,jaxon shipley,WR,WR,1992-07-17,,Inactive
2655,2518789,Nick Dzubnar,nick dzubnar,LB,FRONT7,1991-08-15,,Active
2656,2511087,Chi Chi Ariguzo,chi chi ariguzo,ILB,FRONT7,1992-06-23,,Inactive
2657,2582441,John Lowdermilk,john lowdermilk,CB,DB,1992-04-17,,Inactive
2658,2517946,Ryan Mueller,ryan mueller,FB,RB,1991-04-30,,Active
2659,2576460,Manny Asprilla,manny asprilla,CB,DB,1993-04-04,,Active
2660,2576384,Curtis Grant,curtis grant,OLB,FRONT7,1992-12-28,,Inactive
2661,2512124,Brock Hekking,brock hekking,OLB,FRONT7,1991-10-06,,Inactive
2662,2515429,Cameron Botticelli,cameron botticelli,DE,FRONT7,1991-10-19,,Active
2663,2570378,Gordon Hill,gordon hill,S,DB,1993-02-25,,Active
2664,3892576,Cariel Brooks,cariel brooks,CB,DB,1991-04-24,,Inactive
2665,17015,Jimmy Legree,jimmy legree,CB,DB,1991-01-13,,Inactive
2666,3059553,C.J. Roberts,cj roberts,CB,DB,1991-09-08,,Active
2667,3894939,Harold Jones-Quartey,harold jones quartey,SS,DB,1993-08-06,,Inactive
2668,2508191,Xavier Williams,xavier williams,DT,FRONT7,1992-01-18,,Active
2669,2513206,Alani Fua,alani fua,LB,FRONT7,1992-01-01,,Injured Reserve
2670,2519377,Edwin Jackson,edwin jackson,ILB,FRONT7,1991-12-19,,Inactive
2671,2998120,Josh Lambo,josh lambo,K,K,1990-11-19,,Active
2672,2507242,Damarr Aultman,damarr aultman,WR,WR,1992-01-13,,Active
2673,2577667,Damiere Byrd,damiere byrd,WR,WR,1993-01-27,,Active
2674,3059606,Paul Browning,paul browning,WR,WR,1992-08-05,,Active
2676,2517389,Zach Vigil,zach vigil,LB,FRONT7,1991-03-28,,Inactive
2677,3059880,Neville Hewitt,neville hewitt,LB,FRONT7,1993-04-06,,Active
2678,2578539,Ray Drew,ray drew,DE,FRONT7,1992-09-24,,Active
2679,2519038,Dean Marlowe,dean marlowe,DB,DB,1992-07-25,,Active
2680,2568870,Arthur Miley,arthur miley,DE,FRONT7,1993-03-03,,Active
2681,2575611,Terry Redden,terry redden,DT,FRONT7,1993-08-23,,Active
2682,,Christion Jones,christion jones,WR,WR,1992-12-20,,Inactive
2683,3893609,Andrew Franks,andrew franks,K,K,1993-01-11,,Inactive
2684,15753,Corbin Louks,corbin louks,WR,WR,1989-04-10,,Active
2685,2515662,Jordan Taylor,jordan taylor,WR,WR,1992-02-18,,Inactive
2686,3144062,Khari Lee,khari lee,TE,TE,1992-01-16,,Inactive
2687,2581319,Chandler Worthy,chandler worthy,WR,WR,1993-09-15,,Inactive
2689,17497,Todd Davis,todd davis,LB,FRONT7,1992-05-17,,Injured Reserve
2690,2974300,Zaire Anderson,zaire anderson,ILB,FRONT7,1992-08-18,,Inactive
2691,2514227,Chuka Ndulue,chuka ndulue,DT,FRONT7,1992-03-25,,Inactive
2692,2475202,Tevrin Brandon,tevrin brandon,CB,DB,1990-12-09,,Inactive
2693,2981913,Danny Mason,danny mason,OLB,FRONT7,1990-10-14,,Active
2694,2516283,Carlos Thompson,carlos thompson,LB,FRONT7,1992-02-16,,Injured Reserve
2695,2516070,Lynden Trail,lynden trail,OLB,FRONT7,1991-03-19,,Inactive
2696,2515405,Kurtis Drummond,kurtis drummond,SS,DB,1992-01-29,,Inactive
2697,2578554,Corey Moore,corey moore,FS,DB,1993-01-28,,Inactive
2698,2971811,Abou Toure,abou toure,RB,RB,1991-02-24,,Inactive
2699,2520698,Cameron Meredith,cameron meredith,WR,WR,1992-09-21,,Inactive
2700,2513009,Levi Norwood,levi norwood,WR,WR,1992-06-16,,Inactive
2701,2470379,AJ Cruz,aj cruz,WR,WR,1991-02-20,,Inactive
2702,14372,John Chiles,john chiles,WR,WR,1988-10-09,,Inactive
2703,2514461,Ezell Ruffin,ezell ruffin,WR,WR,1992-03-17,,Active
2704,2514468,Jonathan Anderson,jonathan anderson,LB,FRONT7,1991-10-27,,Inactive
2705,2510861,Anthony Jefferson,anthony jefferson,S,DB,1992-05-11,,Active
2706,2511658,Terry Williams,terry williams,NT,FRONT7,1992-04-15,,Inactive
2707,2578388,John Timu,john timu,LB,FRONT7,1992-08-27,,Inactive
2708,2574801,Junior Sylvestre,junior sylvestre,ILB,FRONT7,1991-12-27,,Active
2709,2577861,Eric Patterson,eric patterson,CB,DB,1993-02-05,,Inactive
2710,2574757,Donald Celiscar,donald celiscar,CB,DB,1991-10-14,,Active
2711,2565969,Taylor Heinicke,taylor heinicke,QB,QB,1993-03-15,,Active
2712,2573314,Blake Renaud,blake renaud,RB,RB,1992-10-06,,Inactive
2713,2517237,Josh Harper,josh harper,WR,WR,1991-12-01,,Active
2714,2468368,Gabe Holmes,gabe holmes,TE,TE,1991-03-29,,Inactive
2715,2509739,Gary Wilkins,gary wilkins,OLB,FRONT7,1992-02-02,,Active
2716,3895392,SaQwan Edwards,saqwan edwards,CB,DB,1992-05-13,,Inactive
2717,2516060,Leon Orr,leon orr,DT,FRONT7,1992-02-11,,Inactive
2718,2510865,Tevin McDonald,tevin mcdonald,FS,DB,1992-07-17,,Inactive
2719,2577814,Anthony Harris,anthony harris,DB,DB,1991-10-09,,Active
2720,2265764,Brian Peters,brian peters,LB,FRONT7,1988-10-31,,Inactive
2721,2978196,Chris Harper,chris harper,WR,WR,1993-12-07,,Inactive
2722,2513911,Jimmay Mundine,jimmay mundine,TE,TE,1991-11-12,,Inactive
2723,2507284,RJ Harris,rj harris,WR,WR,1992-06-03,,Inactive
2724,3051905,Brandon King,brandon king,LB,FRONT7,1993-06-08,,Active
2725,3060026,Jimmy Jean,jimmy jean,S,DB,1989-04-01,,Active
2726,2512652,Henry Coley,henry coley,OLB,FRONT7,1992-04-29,,Active
2727,2497566,Travis Manning,travis manning,CB,DB,1990-12-30,,Active
2728,2580065,Ashaad Mabry,ashaad mabry,DT,FRONT7,1992-11-04,,Active
2729,2515934,Corey Grant,corey grant,RB,RB,1991-12-19,,Inactive
2730,2574812,Kenneth Harper,kenneth harper,RB,RB,1993-01-30,,Active
2731,2576408,Akeem Hunt,akeem hunt,RB,RB,1993-02-22,,Inactive
2732,2517011,Connor Hamlett,connor hamlett,TE,TE,1992-04-12,,Inactive
2733,2967895,Kasey Closs,kasey closs,WR,WR,1992-04-07,,Active
2734,2513154,Todd Thomas,todd thomas,ILB,FRONT7,1991-04-27,,Active
2735,2579598,Thurston Armbrister,thurston armbrister,LB,FRONT7,1992-12-25,,Inactive
2736,2514374,Nordly Capi,nordly capi,DE,FRONT7,1992-07-11,,Inactive
2737,2577606,Eric Crume,eric crume,DT,FRONT7,1993-10-18,,Active
2738,15740,Ikponmwosa Igbinosun,ikponmwosa igbinosun,DE,FRONT7,1990-09-10,,Inactive
2739,2511514,Desmond Cooper,desmond cooper,FS,DB,1992-03-12,,Active
2740,2513059,Camaron Beard,camaron beard,DT,FRONT7,1991-08-13,,Active
2741,2515345,Richard Ash,richard ash,DT,FRONT7,1992-08-04,,Injured Reserve
2742,3051898,Nick Marshall,nick marshall,CB,DB,1992-06-30,,Inactive
2743,2517026,Duplicate Player,duplicate player,LB,FRONT7,1987-12-28,,Inactive
2744,2577073,Cole Farrand,cole farrand,OLB,FRONT7,1992-09-25,,Active
2745,2515534,Brad Bars,brad bars,DE,FRONT7,1992-04-24,,Inactive
2746,2519094,Justin Halley,justin halley,S,DB,1992-01-11,,Active
2747,2473037,Jason Myers,jason myers,K,K,1991-05-12,SEA,Active
2748,2565602,Kevin Monangai,kevin monangai,RB,RB,1993-03-04,,Inactive
2749,2576414,Raheem Mostert,raheem mostert,RB,RB,1992-04-09,,Active
2750,2580216,DeAndre Carter,deandre carter,WR,WR,1993-04-10,,Active
2751,2519013,Daniel Brown,daniel brown,TE,TE,1992-05-26,,Inactive
2752,2469123,Trent Steelman,trent steelman,WR,WR,1989-11-14,,Active
2753,3892271,Rasheed Bailey,rasheed bailey,WR,WR,1993-07-29,,Active
2754,2574603,Michael Johnson,michael johnson,WR,WR,1991-09-10,,Active
2755,2511973,Eric Tomlinson,eric tomlinson,TE,TE,1992-04-22,,Active
2756,2515408,Andrew Gleichert,andrew gleichert,TE,TE,1992-01-13,,Active
2757,17239,Micajah Reynolds,micajah reynolds,DT,FRONT7,1991-01-24,,Active
2758,2576253,Brennen Beyer,brennen beyer,ILB,FRONT7,1992-11-25,,Inactive
2759,2515955,Nick Perry,nick perry,FS,DB,1991-12-07,,Active
2760,2573986,Travis Raciti,travis raciti,NT,FRONT7,1992-05-21,,Active
2761,2565759,Denzel Rice,denzel rice,CB,DB,1993-03-31,,Inactive
2762,2580894,Diaheem Watkins,diaheem watkins,ILB,FRONT7,1993-04-24,,Active
2763,2515736,Dasman McCullum,dasman mccullum,OLB,FRONT7,1992-04-14,,Active
2764,3924754,Alfy Hill,alfy hill,DE,FRONT7,1991-07-18,,Active
2766,2574010,Alonzo Harris,alonzo harris,RB,RB,1992-11-09,,Inactive
2767,3922022,Jawon Chisholm,jawon chisholm,RB,RB,1991-09-19,,Active
2768,2514166,Braylon Heard,braylon heard,RB,RB,1991-10-11,,Active
2769,2512892,Larry Pinkard,larry pinkard,WR,WR,1992-02-25,,Inactive
2770,2507292,Harold Spears,harold spears,TE,TE,1992-03-09,,Active
2771,2514119,Jimmie Hunt,jimmie hunt,WR,WR,1990-09-04,,Active
2772,2573419,Mitchell Henry,mitchell henry,TE,TE,1992-12-11,,Inactive
2773,2516059,Tyler Murphy,tyler murphy,WR,WR,1992-01-12,,Inactive
2774,2512378,Shakim Phillips,shakim phillips,WR,WR,1992-03-19,,Inactive
2775,2577297,Jermauria Rasco,jermauria rasco,OLB,FRONT7,1992-10-05,,Inactive
2776,17158,Tay Glover-Wright,tay glover wright,CB,DB,1992-06-28,,Inactive
2777,2592714,Tavarus Dantzler,tavarus dantzler,OLB,FRONT7,1991-09-10,,Active
2778,2577145,James Vaughters,james vaughters,LB,FRONT7,1993-06-27,,Active
2779,2969954,Ladarius Gunter,ladarius gunter,CB,DB,1992-05-13,,Inactive
2780,15266,Ian Wild,ian wild,S,DB,1990-03-13,,Inactive
2781,2466953,Shayon Green,shayon green,OLB,FRONT7,1991-07-09,,Inactive
2782,2575185,Dominique Davis,dominique davis,DE,FRONT7,1990-06-18,,Active
2783,2576430,Kenzel Doe,kenzel doe,WR,WR,1992-06-06,,Active
2784,2511832,Jameill Showers,jameill showers,SS,DB,1991-09-06,,Injured Reserve
2785,2568174,Gus Johnson,gus johnson,RB,RB,1993-08-10,,Active
2786,3423412,Jarryd Hayne,jarryd hayne,RB,RB,1988-02-15,,Inactive
2787,2575916,David Porter,david porter,WR,WR,1992-12-21,,Active
2788,2516768,Nick Harwell,nick harwell,WR,WR,1991-01-21,,Inactive
2789,3052735,Lucky Whitehead,lucky whitehead,WR,WR,1992-06-02,,Injured Reserve
2790,2577080,Nigel King,nigel king,WR,WR,1992-10-09,,Active
2791,2573749,Carlif Taylor,carlif taylor,DT,FRONT7,,,Active
2792,2577110,Tim Scott,tim scott,FS,DB,1993-01-25,,Inactive
2793,2578696,Donnie Baggs,donnie baggs,OLB,FRONT7,1992-12-01,,Active
2794,2567729,Joel Ross,joel ross,CB,DB,1992-06-12,,Inactive
2795,3052407,Dakorey Johnson,dakorey johnson,OLB,FRONT7,1992-01-14,,Active
2796,3734467,Efe Obada,efe obada,DE,FRONT7,1992-04-13,,Active
2797,2271986,Shawn Lemon,shawn lemon,OLB,FRONT7,1988-08-25,,Inactive
2798,2515422,Marcus Rush,marcus rush,OLB,FRONT7,1991-06-19,,Inactive
2799,2515410,Mylan Hicks,mylan hicks,CB,DB,1993-01-21,,Active
2800,2515652,Mario Hull,mario hull,WR,WR,1992-08-29,,Active
2801,2515962,DeAndrew White,deandrew white,WR,WR,1991-10-16,,Inactive
2802,2515713,Corey Acosta,corey acosta,K,K,1991-07-12,,Active
2803,2577645,Bradley Marquez,bradley marquez,WR,WR,1992-12-14,,Inactive
2804,2513916,Andrew Turzilli,andrew turzilli,WR,WR,1991-10-13,,Injured Reserve
2805,2514423,Deon Long,deon long,WR,WR,1991-06-14,,Inactive
2806,2577602,Cameron Lynch,cameron lynch,LB,FRONT7,1993-08-04,,Inactive
2807,3070773,Keshaun Malone,keshaun malone,ILB,FRONT7,,,Active
2808,2520308,Jacob Hagen,jacob hagen,FS,DB,1992-03-16,,Active
2809,3045312,Montell Garner,montell garner,CB,DB,1993-02-12,,Inactive
2810,2511710,Louis Trinca-Pasat,louis trinca pasat,DT,FRONT7,1991-09-07,,Inactive
2811,3085243,Matt Longacre,matt longacre,LB,FRONT7,1991-09-21,,Inactive
2812,2510111,Imoan Claiborne,imoan claiborne,CB,DB,1992-07-20,,Active
2813,2512218,Trovon Reed,trovon reed,CB,DB,1990-12-30,,Inactive
2814,2516298,Jay Hughes,jay hughes,CB,DB,1991-11-21,,Active
2815,2516063,Cody Riggs,cody riggs,CB,DB,1991-12-30,,Inactive
2816,3051674,Toby Johnson,toby johnson,DT,FRONT7,1991-09-01,,Inactive
2817,2983134,Daniel Rodriguez,daniel rodriguez,WR,WR,1988-01-08,,Active
2819,2522211,Mike Meyer,mike meyer,K,K,1992-06-02,,Active
2820,2511055,Dominique Brown,dominique brown,RB,RB,1991-12-27,,Active
2821,3085107,Jake Kumerow,jake kumerow,WR,WR,1992-02-17,,Inactive
2822,2576491,Adam Humphries,adam humphries,WR,WR,1993-06-24,,Active
2823,2581464,Rannell Hall,rannell hall,WR,WR,1993-01-30,,Inactive
2824,3894952,Donteea Dye,donteea dye,WR,WR,1993-08-20,,Inactive
2825,2514179,Trevor Roach,trevor roach,ILB,FRONT7,1992-03-06,,Inactive
2826,2525933,Troy Hill,troy hill,CB,DB,1991-08-29,,Active
2827,2576508,DeShawn Williams,deshawn williams,DT,FRONT7,1992-12-29,,Active
2828,2516980,Erick Dargan,erick dargan,S,DB,1992-07-28,,Active
2829,2515208,Al-Hajj Shabazz,al hajj shabazz,CB,DB,1992-08-02,,Inactive
2830,3908873,Caushaud Lyons,caushaud lyons,DT,FRONT7,1993-01-03,,Inactive
2831,2515836,Jude Adjei-Barimah,jude adjei barimah,CB,DB,1992-07-21,,Inactive
2832,2575911,Chris Hackett,chris hackett,FS,DB,1993-08-03,,Inactive
2833,2576461,Josh Keyes,josh keyes,LB,FRONT7,1993-01-23,,Inactive
2834,3165701,Tom Obarski,tom obarski,K,K,1993-03-12,,Inactive
2835,2970515,Paul Lasike,paul lasike,RB,RB,1990-06-18,,Inactive
2836,2987210,Kenny Cook,kenny cook,WR,WR,1992-05-20,,Active
2837,16563,Travis Harvey,travis harvey,WR,WR,1990-05-18,,Inactive
2838,3892580,Trevor Harman,trevor harman,WR,WR,1991-10-22,,Active
2839,2574282,Justin March-Lillard,justin march lillard,LB,FRONT7,1993-07-05,,Active
2840,2514527,Kenneth Penny,kenneth penny,CB,DB,1991-05-23,,Active
2841,3039977,Kevin Short,kevin short,CB,DB,1992-03-23,,Active
2842,2572965,Andrae Kirk,andrae kirk,OLB,FRONT7,1993-08-27,,Active
2843,2515838,Gabe Martin,gabe martin,OLB,FRONT7,1992-06-05,,Inactive
2844,3894940,Brandon Person,brandon person,SS,DB,1991-08-09,,Inactive
2845,2578588,Tevin Westbrook,tevin westbrook,TE,TE,1993-01-17,,Inactive
2846,3893001,Marquez Clark,marquez clark,WR,WR,1991-09-26,,Active
2847,3144642,Michael Lee,michael lee,CB,DB,1991-06-06,,Inactive
2848,2510612,Kyle Prater,kyle prater,WR,WR,1992-06-21,,Inactive
2849,2512398,Tavaris Barnes,tavaris barnes,DE,FRONT7,1991-11-02,,Injured Reserve
2850,2578316,Bobby Richardson,bobby richardson,DT,FRONT7,1992-11-20,,Inactive
2851,2516320,Kaleb Eulls,kaleb eulls,DT,FRONT7,1991-06-28,,Injured Reserve
2852,2970409,Markus Pierce-Brewster,markus pierce brewster,DE,FRONT7,1991-09-05,,Active
2853,2267296,Delvin Breaux,delvin breaux,CB,DB,1989-10-25,,Inactive
2854,3169405,Kenneth Horsley,kenneth horsley,DT,FRONT7,,,Active
2855,2576391,Steve Miller,steve miller,DE,FRONT7,,,Active
2856,2514544,Brian Blechen,brian blechen,OLB,FRONT7,1991-09-30,,Inactive
2857,2509486,Andrew Hudson,andrew hudson,ILB,FRONT7,1992-06-01,,Active
2858,2517402,B.J. Larsen,bj larsen,DE,FRONT7,1989-01-31,,Active
2859,2574009,Justin Hamilton,justin hamilton,DT,FRONT7,1993-07-27,,Active
2860,2515641,Bryce Callahan,bryce callahan,CB,DB,1991-10-23,,Active
2861,2972442,Jacoby Glenn,jacoby glenn,CB,DB,1993-08-04,,Injured Reserve
2862,3040564,Tony Johnson,tony johnson,K,K,1991-09-09,,Inactive
2863,2574756,Justin Currie,justin currie,SS,DB,1993-09-19,,Inactive
2864,2507413,Mike Reilly,mike reilly,OLB,FRONT7,1991-12-14,,Inactive
2865,3124451,Julian Howsare,julian howsare,RB,RB,1992-09-11,,Inactive
2866,2582133,Deion Barnes,deion barnes,OLB,FRONT7,1993-01-20,,Inactive
2867,2577494,Mike McFarland,mike mcfarland,TE,TE,1991-11-15,,Inactive
2868,3052993,Cameron McLeod,cameron mcleod,DE,FRONT7,1992-09-15,,Active
2869,17474,C.J. Goodwin,cj goodwin,CB,DB,1990-02-04,,Active
2870,2582456,Ray Hamilton,ray hamilton,TE,TE,1992-10-28,,Active
2871,2970698,Isaac Fruechte,isaac fruechte,WR,WR,1991-03-07,,Inactive
2872,2468651,Quayshawne Buckley,quayshawne buckley,DT,FRONT7,1991-08-25,,Active
2873,2576329,Derrick Wells,derrick wells,S,DB,1993-07-08,,Active
2874,2577644,Leon Mackey,leon mackey,DE,FRONT7,1989-02-28,,Inactive
2875,2577743,Tony Creecy,tony creecy,RB,RB,1992-05-22,,Active
2876,2469745,Ed Williams,ed williams,WR,WR,1991-03-14,,Inactive
2877,17471,Kyle Sebetic,kyle sebetic,CB,DB,1991-06-27,,Inactive
2878,15523,Jean Fanor,jean fanor,FS,DB,1989-06-17,,Inactive
2879,2984816,Isiah Ferguson,isiah ferguson,WR,WR,1991-01-08,,Active
2880,2576901,Zach Laskey,zach laskey,RB,RB,1992-07-08,,Active
2881,2516911,Tyler Slavin,tyler slavin,WR,WR,1992-01-29,,Inactive
2882,2511098,Jimmy Hall,jimmy hall,OLB,FRONT7,1991-11-18,,Inactive
2883,2512702,Chase Williams,chase williams,ILB,FRONT7,1991-10-16,CLE,Active
2884,2509499,Josh Shirley,josh shirley,LB,FRONT7,1992-01-04,,Inactive
2885,3053794,Robertson Daniel,robertson daniel,CB,DB,1991-10-02,,Inactive
2886,2511683,Justin Sinz,justin sinz,TE,TE,1991-11-03,,Active
2887,2574545,Quan Bray,quan bray,WR,WR,1993-04-28,,Inactive
2888,2576233,Raymon Taylor,raymon taylor,CB,DB,1992-07-24,,Active
2889,2512459,Jordan DeWalt-Ondijo,jordan dewalt ondijo,OLB,FRONT7,1991-05-19,,Active
2890,2570993,George Farmer,george farmer,WR,WR,1993-07-04,,Inactive
2891,2981502,Deontay Greenberry,deontay greenberry,DE,FRONT7,1994-03-07,,Active
2892,2512197,Rodney Smith,rodney smith,RB,RB,1992-01-10,,Active
2893,2580002,Triston Wade,triston wade,S,DB,1993-05-19,,Active
2894,2512419,Josh Watson,josh watson,LB,FRONT7,1996-05-20,,Active
2895,2510552,Quayshawn Nealy,quayshawn nealy,OLB,FRONT7,1991-08-05,,Inactive
2896,2507931,Keenan Lambert,keenan lambert,S,DB,1992-02-28,,Inactive
2898,3044687,Cameron Clear,cameron clear,TE,TE,1993-02-25,,Active
2899,14692,Jalil Carter,jalil carter,CB,DB,1989-07-18,,Inactive
2900,,Terrence Franks,terrence franks,RB,RB,1992-05-12,,Active
2903,,Shane Carden,shane carden,QB,QB,1991-11-06,,Active
2904,2512449,Issac Blakeney,issac blakeney,WR,WR,1992-11-18,,Inactive
2905,,Josh Reese,josh reese,WR,WR,1991-01-03,,Active
2906,,Bell Braylon,bell braylon,WR,WR,,,Active
2907,2507340,Ben Edwards,ben edwards,WR,WR,1992-04-10,,Inactive
2908,3895385,Austin Willis,austin willis,WR,WR,1992-04-13,,Inactive
2909,,Beau Gardner,beau gardner,TE,TE,1989-12-27,,Active
2910,,Tyler Rutenbeck,tyler rutenbeck,WR,WR,1991-09-15,,Active
2911,2574044,Justin Manton,justin manton,K,K,1992-06-28,,Active
2912,3893002,Joshua Stangby,joshua stangby,WR,WR,1990-09-24,,Inactive
2913,,Gavin Lutman,gavin lutman,WR,WR,1991-03-27,,Active
2914,,Luke Lundy,luke lundy,RB,RB,1988-08-23,,Active
2915,,Taylor Pontius,taylor pontius,K,K,,,Inactive
2916,2506632,Ify Umodu,ify umodu,WR,WR,1992-07-22,,Active
2917,,Brian Vogler,brian vogler,TE,TE,1992-03-07,,Active
2918,,Demetrius Wilson,demetrius wilson,WR,WR,1991-05-01,,Active
2919,,Tyler McDonald,tyler mcdonald,WR,WR,1991-05-09,,Inactive
2920,,Jeret Smith,jeret smith,WR,WR,1993-02-05,,Active
2921,,Taylor Sloat,taylor sloat,TE,TE,,,Active
2922,,Devin Mahina,devin mahina,TE,TE,1989-01-06,,Active
2923,,Connor Neighbors,connor neighbors,RB,RB,1991-12-13,,Active
2924,,Duplicate Player,duplicate player,TE,TE,1993-02-05,,Inactive
2925,,Darius Davis,darius davis,WR,WR,,,Active
2926,,Earnest Pettway,earnest pettway,TE,TE,,,Inactive
2927,,Keshawn Hill,keshawn hill,RB,RB,1993-03-17,,Active
2928,3894752,John Peters,john peters,TE,TE,1992-04-29,,Inactive
2929,,Adrian Coxson,adrian coxson,WR,WR,1991-08-14,,Active
2930,,Justin Tukes,justin tukes,TE,TE,1991-11-13,,Active
2931,2576608,Deshon Foxx,deshon foxx,WR,WR,1992-11-27,,Active
2932,,Eric Frohnapfel,eric frohnapfel,TE,TE,1992-10-19,,Active
2933,,Corey Knox,corey knox,RB,RB,1989-10-13,,Active
2934,,Jonathon Rumph,jonathon rumph,WR,WR,1991-10-24,,Active
2935,,Ricky Collins,ricky collins,WR,WR,1992-03-05,,Active
2936,,Rasheed Williams,rasheed williams,RB,RB,,,Active
2937,,Damond Powell,damond powell,WR,WR,1992-10-31,,Active
2938,,Cam Worthy,cam worthy,WR,WR,1992-04-06,,Active
2939,,Javess Blue,javess blue,WR,WR,1992-12-30,,Active
2940,3039722,Des Lawrence,des lawrence,WR,WR,1994-11-30,,Active
2941,,Milton Williams,milton williams,WR,WR,1994-03-07,,Active
2942,3057760,Joe Don Duncan,joe don duncan,RB,RB,1990-09-17,,Inactive
2943,,Mark Weisman,mark weisman,RB,RB,1991-10-28,,Active
2944,2576179,Matt LaCosse,matt lacosse,TE,TE,1992-09-21,NE,Active
2945,,Lee Ward,lee ward,RB,RB,1991-11-07,,Active
2946,2509475,Diandre Campbell,diandre campbell,WR,WR,1991-12-19,,Inactive
2947,,Clay Burton,clay burton,TE,TE,1992-10-22,,Active
2948,2576403,Brandon Cottom,brandon cottom,RB,RB,1992-12-21,,Active
2949,,Synjyn Days,synjyn days,RB,RB,1991-10-09,,Active
2950,,Jack Tabb,jack tabb,TE,TE,1992-07-29,,Inactive
2952,2515330,Ray Vinopal,ray vinopal,SS,DB,1991-11-05,,Inactive
2954,2513043,BJ McBryde,bj mcbryde,DT,FRONT7,1991-10-10,,Inactive
2955,3928276,CJ Conway,cj conway,CB,DB,,,Inactive
2957,,Ernst Brun,ernst brun,TE,TE,1990-12-04,,Active
2959,2587811,Sage Harold,sage harold,OLB,FRONT7,1991-11-13,,Active
2960,2512641,DreQuan Hoskey,drequan hoskey,CB,DB,1992-07-19,,Active
2962,2574271,Zach D'Orazio,zach d orazio,WR,WR,1991-05-28,,Active
2968,2514245,Julian Wilson,julian wilson,CB,DB,1991-10-25,,Inactive
2969,2516079,Michael Bennett,michael bennett,WR,WR,1991-12-19,,Inactive
2970,2578685,Floyd Raven,floyd raven,SS,DB,1992-12-31,,Inactive
2971,,Anthony Ezeakunne,anthony ezeakunne,TE,TE,,,Inactive
2973,2507913,Joe Rankin,joe rankin,CB,DB,1989-11-05,,Active
2974,2574637,De'Ante Saunders,de ante saunders,S,DB,1992-09-19,,Inactive
2978,2516110,Mike Thornton,mike thornton,DT,FRONT7,1992-01-01,,Active
2979,2515260,Jarrod West,jarrod west,WR,WR,1992-05-14,,Inactive
2980,2576643,Eli Rogers,eli rogers,WR,WR,1992-12-23,,Inactive
2981,,Ross Scheuerman,ross scheuerman,RB,RB,1993-03-05,,Active
2983,2525492,Curtis Riley,curtis riley,DB,DB,1992-07-18,,Inactive
2987,2516908,Dan Pettinato,dan pettinato,DE,FRONT7,1992-04-24,,Active
2988,2574530,Tevin Mitchel,tevin mitchel,CB,DB,1992-08-03,,Active
2993,2575453,Rakeem Nunez-Roches,rakeem nunez roches,DT,FRONT7,1993-07-03,TB,Active
2996,,Logan Stokes,logan stokes,TE,TE,1992-12-04,,Active
2997,3892401,Qumain Black,qumain black,CB,DB,1992-05-28,,Active
3000,2579622,Olsen Pierre,olsen pierre,DT,FRONT7,1991-08-27,,Active
3001,2511568,Kyle Woestmann,kyle woestmann,OLB,FRONT7,1991-10-20,,Active
3003,2582398,Kevin Snyder,kevin snyder,ILB,FRONT7,1992-07-25,,Inactive
3004,2577627,Josh Francis,josh francis,OLB,FRONT7,1990-11-30,,Inactive
3005,3042645,Lavon Hooks,lavon hooks,DT,FRONT7,1992-01-23,,Active
3007,2517976,Avius Capers,avius capers,WR,WR,1992-05-30,,Inactive
3015,,Zack Wagenmann,zack wagenmann,OLB,FRONT7,1992-08-08,,Inactive
3016,2574557,Jermaine Whitehead,jermaine whitehead,FS,DB,1993-03-12,,Active
3018,,Tyrequek Zimmerman,tyrequek zimmerman,FS,DB,1992-09-29,,Inactive
3019,,James Butler,james butler,WR,WR,,,Inactive
3020,,Dan Light,dan light,TE,TE,1993-05-05,,Active
3021,,Devin Gardner,devin gardner,WR,WR,1991-12-14,,Active
3022,2613234,De'Vante Bausby,de vante bausby,CB,DB,1993-01-15,,Active
3023,2572986,Damian Parms,damian parms,SS,DB,1992-10-28,,Inactive
3025,,LT Smith,lt smith,WR,WR,,,Inactive
3026,,Mike Hartline,mike hartline,QB,QB,,,Inactive
3027,,Boobie Dixon,boobie dixon,RB,RB,,,Inactive
3029,3933623,S Green,s green,OLB,FRONT7,,,Inactive
3030,,Kai De La Cruz,kai de la cruz,WR,WR,,,Inactive
3031,,Arthur Williams,arthur williams,WR,WR,,,Inactive
3032,,Lavance Taylor,lavance taylor,RB,RB,,,Inactive
3033,,Adam Drake,adam drake,WR,WR,,,Inactive
3036,2470916,Matt Lengel,matt lengel,TE,TE,1990-12-27,,Active
3040,2577162,David Irving,david irving,DE,FRONT7,1993-08-18,,Inactive
3041,3936647,Ross Travis,ross travis,TE,TE,1993-01-09,,Active
3043,2512523,Will Tye,will tye,TE,TE,1991-11-04,,Inactive
3045,3048976,Gannon Sinclair,gannon sinclair,TE,TE,1993-02-05,,Active
3048,2531358,Chris Manhertz,chris manhertz,TE,TE,1992-04-10,NYG,Active
3050,,Myles White,myles white,WR,WR,1990-03-03,NYJ,Active
3052,,Kendrick Ings,kendrick ings,WR,WR,1990-06-17,,Active
3063,2511952,Jordan Leslie,jordan leslie,WR,WR,1991-10-31,,Inactive
3064,2468807,Derrick Lott,derrick lott,DT,FRONT7,1990-06-18,,Active
3069,2577264,J.R. Tavai,jr tavai,LB,FRONT7,1993-09-23,,Inactive
3072,2575572,Derrick Mathews,derrick mathews,OLB,FRONT7,1992-09-25,,Inactive
3078,3153437,Jamel Johnson,jamel johnson,WR,WR,1991-07-09,,Active
3100,2516203,Ronnie Shields,ronnie shields,TE,TE,1991-12-15,,Inactive
3102,2511701,BJ Lowery,bj lowery,CB,DB,1991-08-31,,Inactive
3106,14275,Jerrod Johnson,jerrod johnson,QB,QB,1988-07-12,,Inactive
3108,2976500,Travell Dixon,travell dixon,CB,DB,1991-02-17,,Inactive
3118,2470860,Dexter McCoil,dexter mccoil,SS,DB,1991-09-05,,Inactive
3144,4010714,Erik Harris,erik harris,DB,DB,1990-04-02,,Active
3146,13024,Swayze Waters,swayze waters,K,K,1987-05-18,,Inactive
3148,3966261,Anthony Dable,anthony dable,WR,WR,1988-09-25,,Active
3149,2474999,Aaron Grymes,aaron grymes,CB,DB,1991-03-01,,Inactive
3150,2575416,Xavier Rush,xavier rush,WR,WR,1992-12-30,,Active
3151,2309552,Cleyon Laing,cleyon laing,DT,FRONT7,1990-11-25,,Inactive
3154,16573,Freddie Bishop,freddie bishop,OLB,FRONT7,1990-02-25,,Inactive
3155,3051889,Laquon Treadwell,laquon treadwell,WR,WR,1995-06-14,IND,Active
3156,3051389,Joey Bosa,joey bosa,LB,FRONT7,1995-07-11,,Active
3157,3052876,William Fuller,william fuller,WR,WR,1994-04-16,,Active
3160,3045373,Jalen Ramsey,jalen ramsey,CB,DB,1994-10-24,PIT,Active
3161,2573079,Carson Wentz,carson wentz,QB,QB,1992-12-30,MIN,Active
3163,3046779,Jared Goff,jared goff,QB,QB,1994-10-14,DET,Active
3164,3051392,Ezekiel Elliott,ezekiel elliott,RB,RB,1995-07-22,,Active
3166,3047566,Myles Jack,myles jack,LB,FRONT7,1995-09-03,,Active
3167,3052896,Jaylon Smith,jaylon smith,LB,FRONT7,1995-06-14,,Active
3168,3057986,Christian Hackenberg,christian hackenberg,QB,QB,1995-02-14,,Injured Reserve
3170,2977881,Paxton Lynch,paxton lynch,QB,QB,1994-02-12,,Inactive
3171,2576261,Connor Cook,connor cook,QB,QB,1993-01-29,,Inactive
3172,2971282,DeForest Buckner,deforest buckner,DT,FRONT7,1994-03-17,IND,Active
3174,3043136,Leonard Floyd,leonard floyd,LB,FRONT7,1992-09-08,,Active
3176,2979855,Reggie Ragland,reggie ragland,LB,FRONT7,1993-09-24,,Active
3177,2978929,Corey Coleman,corey coleman,WR,WR,1994-07-06,,Active
3178,2576019,Josh Doctson,josh doctson,WR,WR,1992-12-03,,Active
3180,3051886,Robert Nkemdiche,robert nkemdiche,DT,FRONT7,1994-09-19,,Active
3181,3054962,Keanu Neal,keanu neal,LB,FRONT7,1995-07-26,,Inactive
3182,2977679,Shaq Lawson,shaq lawson,DE,FRONT7,1994-06-17,,Active
3183,2971883,Vernon Butler,vernon butler,DT,FRONT7,1994-06-14,,Inactive
3184,3061106,William Jackson,william jackson,CB,DB,1992-10-27,,Inactive
3186,3122752,Kenny Clark,kenny clark,DE,FRONT7,1995-10-04,DAL,Active
3188,2970204,Sheldon Rankins,sheldon rankins,DT,FRONT7,1994-04-02,HOU,Active
3189,3040506,Eli Apple,eli apple,CB,DB,1995-08-09,,Active
3190,3051398,Darron Lee,darron lee,LB,FRONT7,1994-10-18,,Active
3191,2976639,Karl Joseph,karl joseph,DB,DB,1993-09-08,,Inactive
3192,3051921,Artie Burns,artie burns,DB,DB,1995-05-01,,Active
3194,3054955,Vernon Hargreaves,vernon hargreaves,DB,DB,1995-06-03,,Active
3195,2976313,Noah Spence,noah spence,DE,FRONT7,1994-01-08,,Active
3196,2977682,Kevin Dodd,kevin dodd,OLB,FRONT7,1992-07-14,,Inactive
3197,2977740,Emmanuel Ogbah,emmanuel ogbah,DE,FRONT7,1993-11-06,KC,Active
3198,3043078,Derrick Henry,derrick henry,RB,RB,1994-01-04,BAL,Active
3199,2976316,Michael Thomas,michael thomas,WR,WR,1993-03-03,,Active
3200,2976592,Sterling Shepard,sterling shepard,WR,WR,1993-02-10,NYJ,Active
3201,2978887,Roberto Aguayo,roberto aguayo,K,K,1994-05-17,,Inactive
3202,3043275,Austin Hooper,austin hooper,TE,TE,1994-10-29,ATL,Active
3203,2570987,Braxton Miller,braxton miller,WR,WR,1992-11-30,,Inactive
3204,2980148,C.J. Prosise,cj prosise,RB,RB,1994-05-20,,Active
3205,2577243,Cody Kessler,cody kessler,QB,QB,1993-05-11,,Active
3206,2977819,Joe Schobert,joe schobert,LB,FRONT7,1993-11-06,,Active
3207,3051775,Andrew Billings,andrew billings,DT,FRONT7,1995-03-06,ARI,Active
3208,2971888,Kenneth Dixon,kenneth dixon,RB,RB,1994-01-21,,Active
3209,3122866,Devontae Booker,devontae booker,RB,RB,1992-05-27,,Active
3210,2976299,Cardale Jones,cardale jones,QB,QB,1992-09-29,,Inactive
3211,2971589,Paul Perkins,paul perkins,RB,RB,1994-11-16,,Active
3212,2972090,Kalan Reed,kalan reed,CB,DB,1993-12-29,,Inactive
3213,2575910,Trevone Boykin,trevone boykin,QB,QB,1993-08-22,,Inactive
3214,3046439,Hunter Henry,hunter henry,TE,TE,1994-12-07,NE,Active
3215,2978935,Xavien Howard,xavien howard,DB,DB,1993-07-04,,Inactive
3216,3042874,Kamalei Correa,kamalei correa,LB,FRONT7,1994-04-27,,Inactive
3217,3115914,Jihad Ward,jihad ward,DE,FRONT7,1994-05-11,NYG,Active
3218,3054857,A'Shawn Robinson,a shawn robinson,DT,FRONT7,1995-03-21,TB,Active
3220,3115312,Jarran Reed,jarran reed,DT,FRONT7,1992-12-16,SEA,Active
3222,2976545,Deion Jones,deion jones,LB,FRONT7,1994-11-04,,Active
3223,3043215,Su'a Cravens,su a cravens,SS,DB,1995-07-07,,Inactive
3224,3045120,Mackensie Alexander,mackensie alexander,CB,DB,1993-11-12,,Inactive
3225,3045144,Tyler Boyd,tyler boyd,WR,WR,1994-11-15,,Active
3227,3045128,T.J. Green,tj green,DB,DB,1995-03-15,HOU,Active
3228,2976210,Sean Davis,sean davis,DB,DB,1993-10-23,NE,Active
3229,2979849,Cyrus Jones,cyrus jones,CB,DB,1993-11-29,,Active
3230,3051388,Vonn Bell,vonn bell,DB,DB,1994-12-12,,Active
3231,2572841,James Bradberry,james bradberry,CB,DB,1993-08-04,,Active
3232,2971498,Adam Gotsis,adam gotsis,DE,FRONT7,1992-09-23,,Active
3233,2574056,Kevin Byard,kevin byard,DB,DB,1993-08-17,NE,Active
3234,2614825,Carl Nassib,carl nassib,DE,FRONT7,1993-04-12,,Active
3236,3040471,Maliek Collins,maliek collins,DT,FRONT7,1995-04-08,CLE,Active
3237,2971364,Will Redmond,will redmond,DB,DB,1993-12-28,,Active
3238,3053044,Yannick Ngakoue,yannick ngakoue,DE,FRONT7,1995-03-31,,Active
3239,2980444,Bronson Kaufusi,bronson kaufusi,TE,TE,1991-07-06,GB,Active
3240,2573317,Darian Thompson,darian thompson,DB,DB,1993-09-22,DAL,Active
3241,2980097,Jonathan Bullard,jonathan bullard,DE,FRONT7,1993-10-22,DAL,Inactive
3242,2979843,Kenyan Drake,kenyan drake,RB,RB,1994-01-26,,Active
3243,2980150,KeiVarae Russell,keivarae russell,DB,DB,1993-10-19,,Active
3244,2576257,Shilique Calhoun,shilique calhoun,LB,FRONT7,1992-03-20,,Active
3246,3042436,Daryl Worley,daryl worley,CB,DB,1995-02-22,,Active
3249,2976317,Adolphus Washington,adolphus washington,DT,FRONT7,1994-11-24,,Inactive
3251,2977647,Jordan Jenkins,jordan jenkins,DE,FRONT7,1994-07-01,,Inactive
3252,3045465,Kendall Fuller,kendall fuller,CB,DB,1995-02-13,,Active
3253,2982804,Leonte Carroo,leonte carroo,WR,WR,1994-01-24,,Inactive
3254,2971816,Nick Vigil,nick vigil,LB,FRONT7,1993-08-20,,Active
3255,2574229,Kyler Fackrell,kyler fackrell,LB,FRONT7,1991-11-25,,Active
3256,2983055,Javon Hargrave,javon hargrave,DT,FRONT7,1993-02-07,GB,Active
3257,2578570,Jacoby Brissett,jacoby brissett,QB,QB,1992-12-11,ARI,Active
3258,2576399,Nick Vannett,nick vannett,TE,TE,1993-03-06,BAL,Active
3260,2974333,Vincent Valentine,vincent valentine,NT,FRONT7,1994-02-23,,Inactive
3262,2969860,Justin Simmons,justin simmons,DB,DB,1993-11-19,,Active
3263,2976623,Charles Tapper,charles tapper,DE,FRONT7,1993-05-07,,Inactive
3264,2976306,Joshua Perry,joshua perry,ILB,FRONT7,1994-04-26,,Inactive
3265,2976194,Sheldon Day,sheldon day,DT,FRONT7,1994-07-01,,Active
3266,2976244,Tavon Young,tavon young,CB,DB,1994-03-14,,Inactive
3268,2970716,Eric Murray,eric murray,DB,DB,1994-01-07,JAX,Active
3269,2576581,Chris Moore,chris moore,WR,WR,1993-06-16,BAL,Active
3270,2576489,B.J. Goodson,bj goodson,LB,FRONT7,1993-05-29,,Injured Reserve
3271,2573401,Tyler Higbee,tyler higbee,TE,TE,1993-01-01,LAR,Active
3272,2575164,Miles Killebrew,miles killebrew,DB,DB,1993-05-10,TB,Active
3273,2578553,Malcolm Mitchell,malcolm mitchell,WR,WR,1993-07-20,,Inactive
3274,2581818,Nick Kwiatkoski,nick kwiatkoski,LB,FRONT7,1993-05-26,,Active
3275,2971023,Ricardo Louis,ricardo louis,WR,WR,1994-03-23,,Inactive
3276,3040180,De'Vondre Campbell,de vondre campbell,LB,FRONT7,1993-07-01,,Active
3277,2971725,Hassan Ridgeway,hassan ridgeway,DT,FRONT7,1994-11-02,,Active
3278,3048897,Pharoh Cooper,pharoh cooper,WR,WR,1995-03-07,,Active
3279,2577740,Juston Burris,juston burris,DB,DB,1993-08-04,,Active
3280,2573974,Tyler Ervin,tyler ervin,RB,RB,1993-10-07,,Inactive
3281,4002046,David Onyemata,david onyemata,DT,FRONT7,1992-11-13,NYJ,Inactive
3284,2969944,Deon Bush,deon bush,DB,DB,1993-08-14,,Active
3285,2971051,Antonio Morrison,antonio morrison,ILB,FRONT7,1994-12-06,,Inactive
3286,3043116,Demarcus Robinson,demarcus robinson,WR,WR,1994-09-21,SF,Inactive
3287,2986767,Deiondre' Hall,deiondre hall,SS,DB,1994-05-31,,Inactive
3289,2971550,Derrick Kindred,derrick kindred,FS,DB,1993-12-15,,Inactive
3291,2978273,Blake Martinez,blake martinez,LB,FRONT7,1994-01-09,,Active
3292,2977625,Willie Henry,willie henry,DT,FRONT7,1994-03-20,,Active
3293,3042718,Rashard Robinson,rashard robinson,CB,DB,1995-07-23,,Inactive
3294,2577417,Dak Prescott,dak prescott,QB,QB,1993-07-29,DAL,Active
3295,2974348,Dean Lowry,dean lowry,DE,FRONT7,1994-06-09,NYG,Active
3296,2566659,Seth DeValve,seth devalve,TE,TE,1993-01-29,,Inactive
3297,2982828,Tajae Sharpe,tajae sharpe,WR,WR,1994-12-23,,Inactive
3298,2976596,Zack Sanchez,zack sanchez,CB,DB,1993-10-11,,Inactive
3299,2567711,Ronald Blair,ronald blair,DE,FRONT7,1993-01-21,NYJ,Active
3300,2577654,DeAndre Washington,deandre washington,RB,RB,1993-02-22,,Inactive
3303,3961466,Matthew Judon,matthew judon,LB,FRONT7,1992-08-15,SF,Active
3304,2577078,Quinton Jefferson,quinton jefferson,DT,FRONT7,1993-03-31,,Active
3306,3060022,Jordan Howard,jordan howard,RB,RB,1994-11-02,,Active
3308,2976263,Matt Ioannidis,matt ioannidis,DT,FRONT7,1994-01-11,,Active
3309,3042429,Wendell Smallwood,wendell smallwood,RB,RB,1994-01-20,WAS,Active
3310,2971588,Jordan Payton,jordan payton,WR,WR,1993-09-01,,Inactive
3312,2980077,Jonathan Williams,jonathan williams,RB,RB,1994-02-02,,Active
3313,2575171,LeShaun Sims,leshaun sims,CB,DB,1993-09-18,,Inactive
3315,2976629,K.J. Dillon,kj dillon,FS,DB,1994-05-11,,Inactive
3316,2577354,Kentrell Brothers,kentrell brothers,ILB,FRONT7,1993-02-08,,Active
3318,2577128,Kevin Hogan,kevin hogan,QB,QB,1992-10-20,,Active
3319,2573343,Trevor Davis,trevor davis,WR,WR,1993-07-04,,Active
3321,3116406,Tyreek Hill,tyreek hill,WR,WR,1994-03-01,,Active
3322,2977670,DJ Reader,dj reader,DT,FRONT7,1994-07-01,NYG,Active
3323,3960454,Marqui Christian,marqui christian,DB,DB,1994-10-27,,Active
3325,2567868,Antwione Williams,antwione williams,OLB,FRONT7,1993-05-26,,Inactive
3327,3046409,Alex Collins,alex collins,RB,RB,1994-08-26,,Active
3328,3042910,Rashard Higgins,rashard higgins,WR,WR,1994-10-07,,Active
3329,2972550,Trey Caldwell,trey caldwell,CB,DB,1993-12-04,,Inactive
3331,2971929,Jatavis Brown,jatavis brown,LB,FRONT7,1994-02-18,,Injured Reserve
3332,2974317,Andy Janovich,andy janovich,FB,RB,1993-05-23,,Active
3333,2580330,Temarrick Hemingway,temarrick hemingway,TE,TE,1993-07-30,WAS,Active
3334,2971478,D.J. White,dj white,CB,DB,1993-09-09,,Active
3336,4002672,Moritz Bohringer,moritz bohringer,TE,TE,1993-10-16,,Active
3337,2982949,Tyrone Holmes,tyrone holmes,DE,FRONT7,1993-09-10,,Inactive
3338,2970457,Keenan Reynolds,keenan reynolds,WR,WR,1993-12-13,,Inactive
3339,3116368,Devante Bond,devante bond,LB,FRONT7,1993-07-03,,Active
3340,2978727,Jerell Adams,jerell adams,TE,TE,1992-12-31,,Active
3341,2566034,DeAndre Houston-Carson,deandre houston carson,DB,DB,1993-04-13,,Active
3342,2577641,Jakeem Grant,jakeem grant,WR,WR,1992-10-30,,Active
3343,2979501,Nate Sudfeld,nate sudfeld,QB,QB,1993-10-07,,Active
3344,2580052,David Morgan,david morgan,TE,TE,1993-05-19,,Inactive
3345,2977756,Anthony Brown,anthony brown,CB,DB,1993-12-15,,Inactive
3346,2576678,Josh Forrest,josh forrest,DE,FRONT7,1992-02-24,,Inactive
3347,2582424,Jake Rudock,jake rudock,QB,QB,1993-01-21,,Injured Reserve
3348,2971544,Kolby Listenbee,kolby listenbee,WR,WR,1994-01-25,,Inactive
3350,2575663,Cory James,cory james,OLB,FRONT7,1993-05-22,,Inactive
3352,2576229,Blake Countess,blake countess,DB,DB,1993-08-08,,Active
3353,2974365,Dan Vitale,dan vitale,FB,RB,1993-10-26,,Injured Reserve
3354,2576450,Derek Watt,derek watt,FB,RB,1992-11-07,,Active
3355,2980378,Cody Core,cody core,WR,WR,1994-04-17,,Active
3357,2574511,Brandon Allen,brandon allen,QB,QB,1992-09-05,,Active
3358,2582150,Anthony Zettel,anthony zettel,DE,FRONT7,1992-08-09,,Injured Reserve
3359,3929954,Dadi Nicolas,dadi nicolas,OLB,FRONT7,1992-09-29,,Inactive
3360,2979595,Jordan Lucas,jordan lucas,DB,DB,1993-08-02,,Inactive
3361,2974631,Harlan Miller,harlan miller,CB,DB,1994-06-20,,Inactive
3362,2574630,Jeff Driskel,jeff driskel,QB,QB,1993-04-23,,Active
3363,3050851,Kamu Grugier-Hill,kamu grugier hill,LB,FRONT7,1994-05-16,,Active
3364,2979655,Maurice Canady,maurice canady,CB,DB,1994-05-26,,Active
3366,3043120,Kelvin Taylor,kelvin taylor,RB,RB,1993-09-28,,Inactive
3367,2972505,Kavon Frazier,kavon frazier,DB,DB,1994-08-11,LV,Active
3368,2979533,Aaron Burbridge,aaron burbridge,WR,WR,1993-12-23,,Inactive
3369,2987743,Elandon Roberts,elandon roberts,LB,FRONT7,1994-04-22,,Active
3371,2980197,Darius Jackson,darius jackson,RB,RB,1993-12-01,,Active
3372,2990959,Rico Gathers,rico gathers,TE,TE,1994-01-07,,Inactive
3373,2971248,Will Parks,will parks,DB,DB,1994-07-29,,Active
3374,2971603,Kevon Seymour,kevon seymour,CB,DB,1993-11-30,,Active
3375,2578367,Travis Feeney,travis feeney,OLB,FRONT7,1992-11-18,,Inactive
3377,2577203,Aaron Wallace,aaron wallace,OLB,FRONT7,1993-07-08,,Inactive
3378,2517676,Brandon Doughty,brandon doughty,QB,QB,1991-10-06,,Inactive
3380,2577190,Devin Lucien,devin lucien,WR,WR,1993-06-26,,Active
3381,2567970,Jonathan Woodard,jonathan woodard,DE,FRONT7,1993-09-19,,Active
3382,2972362,Stephen Weatherly,stephen weatherly,LB,FRONT7,1994-03-19,,Inactive
3384,3040026,Demarcus Ayers,demarcus ayers,WR,WR,1994-07-07,,Inactive
3385,2973052,Daniel Braverman,daniel braverman,WR,WR,1993-09-28,,Inactive
3386,3047558,Thomas Duarte,thomas duarte,TE,TE,1995-03-30,,Inactive
3387,2969870,Steven Daniels,steven daniels,OLB,FRONT7,1992-12-12,,Active
3388,2976540,Jalen Mills,jalen mills,CB,DB,1994-04-06,DET,Active
3391,3002265,Dwayne Washington,dwayne washington,RB,RB,1994-04-24,,Active
3392,2576873,Daniel Lasco,daniel lasco,RB,RB,1992-10-09,,Inactive
3393,2971574,Devin Fuller,devin fuller,WR,WR,1994-01-29,,Active
3394,2585785,Trevor Bates,trevor bates,ILB,FRONT7,1993-08-28,,Inactive
3395,2980111,Alex McCalister,alex mccalister,DE,FRONT7,1993-10-17,,Inactive
3396,2576498,Charone Peake,charone peake,WR,WR,1992-10-16,,Inactive
3397,2971062,Keith Marshall,keith marshall,RB,RB,1994-02-16,,Active
3398,2978201,Kenny Lawler,kenny lawler,WR,WR,1994-06-25,,Active
3399,3045130,Jayron Kearse,jayron kearse,DB,DB,1994-02-11,,Active
3400,3042455,Clayton Fejedelem,clayton fejedelem,DB,DB,1993-06-02,,Active
3401,2976249,Tyler Matakevich,tyler matakevich,LB,FRONT7,1992-12-22,,Active
3402,2977667,Zac Brooks,zac brooks,RB,RB,1993-02-01,,Active
3404,2994680,Prince Charles Charles Iworah,prince charles charles iworah,CB,DB,1993-03-11,,Inactive
3405,3056472,Scooby Wright,scooby wright,ILB,FRONT7,1994-08-28,,Inactive
3406,3043184,Joe Walker,joe walker,LB,FRONT7,1992-12-11,,Active
3407,3039705,Beau Sandland,beau sandland,TE,TE,1993-02-23,,Active
3409,2971375,Beniquez Brown,beniquez brown,OLB,FRONT7,1993-04-29,,Active
3410,2576773,Jake Coker,jake coker,QB,QB,1992-09-22,,Active
3411,2582431,Jordan Lomax,jordan lomax,FS,DB,1993-10-13,,Active
3412,,Devon Johnson,devon johnson,RB,RB,1993-07-28,,Active
3413,2577652,Delvon Simmons,delvon simmons,DT,FRONT7,1992-11-30,,Active
3414,2577263,Anthony Sarao,anthony sarao,ILB,FRONT7,1993-04-29,,Active
3415,2971027,Jonathan Jones,jonathan jones,DB,DB,1993-09-20,PHI,Active
3416,2982870,Cre'Von LeBlanc,cre von leblanc,DB,DB,1994-07-25,,Inactive
3417,2576809,Terrance Smith,terrance smith,LB,FRONT7,1993-05-03,,Active
3418,2980068,Mekale McKay,mekale mckay,WR,WR,1993-08-04,,Active
3419,2577719,Curt Maggitt,curt maggitt,OLB,FRONT7,1993-02-04,,Inactive
3420,2980238,Alonzo Russell,alonzo russell,WR,WR,1992-09-29,,Inactive
3421,2578530,Sterling Bailey,sterling bailey,DE,FRONT7,1992-09-13,,Active
3423,2574808,Robbie Chosen,robbie chosen,WR,WR,1993-05-09,,Active
3424,2972273,De'Vante Harris,de vante harris,CB,DB,1993-06-30,,Inactive
3425,,D.J. Pettway,dj pettway,DE,FRONT7,1992-09-19,,Active
3426,2979612,Ken Crawley,ken crawley,CB,DB,1993-02-08,,Active
3427,2980380,Trae Elston,trae elston,SS,DB,1994-02-16,,Inactive
3428,2576467,Mehdi Abdesmad,mehdi abdesmad,DE,FRONT7,1991-09-28,,Inactive
3429,2576266,Darien Harris,darien harris,OLB,FRONT7,1993-03-31,,Active
3430,2577828,David Dean,david dean,DT,FRONT7,1993-02-16,,Active
3431,2576428,Michael Caputo,michael caputo,OLB,FRONT7,1992-10-26,,Active
3433,2977800,Alex Erickson,alex erickson,WR,WR,1992-11-06,,Active
3434,,Ian Wells,ian wells,CB,DB,1993-07-14,,Active
3436,2576378,Jeremy Cash,jeremy cash,OLB,FRONT7,1992-12-09,,Inactive
3437,2576654,Lloyd Carrington,lloyd carrington,CB,DB,1993-04-08,,Active
3438,2979605,Trevor Williams,trevor williams,CB,DB,1993-09-15,,Inactive
3440,2575214,Josh Woodrum,josh woodrum,QB,QB,1992-11-07,,Active
3442,2576770,Lamarcus Brutus,lamarcus brutus,SS,DB,1993-02-10,,Active
3443,2970472,Chris Swain,chris swain,FB,RB,1992-11-17,,Active
3444,2970181,James Burgess,james burgess,LB,FRONT7,1994-03-09,,Active
3445,2971718,Marcus Johnson,marcus johnson,WR,WR,1994-08-05,,Active
3446,2576267,Joel Heath,joel heath,DE,FRONT7,1993-06-18,,Active
3447,2971719,Cayleb Jones,cayleb jones,WR,WR,1993-03-21,,Active
3448,2576801,Giorgio Newberry,giorgio newberry,DE,FRONT7,1991-11-26,,Active
3450,2574581,Devaunte Sigler,devaunte sigler,DT,FRONT7,1992-05-02,,Active
3451,2971573,Ka'imi Fairbairn,ka imi fairbairn,K,K,1994-01-29,HOU,Active
3453,2576165,Josh Ferguson,josh ferguson,RB,RB,1993-05-23,,Active
3454,2977751,Danny Anthrop,danny anthrop,WR,WR,1993-05-29,,Active
3455,,Gerald Dixon,gerald dixon,DT,FRONT7,1993-03-30,,Active
3456,2576446,Joel Stave,joel stave,QB,QB,1992-05-16,,Injured Reserve
3457,2579623,Rashawn Scott,rashawn scott,WR,WR,1992-01-29,,Inactive
3460,2969886,Ross Martin,ross martin,K,K,1993-07-03,,Active
3461,2971435,Russell Hansbrough,russell hansbrough,RB,RB,1993-11-19,,Inactive
3462,3124788,Jared Dangerfield,jared dangerfield,WR,WR,1992-08-09,,Active
3463,2974212,Jhurell Pressley,jhurell pressley,RB,RB,1992-05-20,,Inactive
3464,3044716,Marquez North,marquez north,WR,WR,1995-04-21,,Active
3465,2969241,Ben Braunecker,ben braunecker,TE,TE,1994-02-07,,Active
3466,2577803,Andrew Williamson,andrew williamson,SS,DB,1992-11-18,,Active
3467,2578718,Taylor Bertolet,taylor bertolet,K,K,1992-10-24,,Inactive
3469,2971032,Cassanova McKinzy,cassanova mckinzy,OLB,FRONT7,1992-11-17,,Active
3470,2975817,Paul McRoberts,paul mcroberts,WR,WR,1992-11-15,,Inactive
3471,2570994,Aaron Green,aaron green,RB,RB,1992-10-15,,Inactive
3472,2970038,David Grinnage,david grinnage,TE,TE,1994-02-24,,Inactive
3473,3057899,Justin Zimmer,justin zimmer,DT,FRONT7,1992-10-23,,Active
3474,2970694,Briean Boddy-Calhoun,briean boddy calhoun,CB,DB,1993-01-21,TEN,Active
3475,2575381,Keyarris Garrett,keyarris garrett,WR,WR,1992-09-26,,Active
3476,3056906,Johnny Holton,johnny holton,WR,WR,1990-08-22,,Active
3478,2575655,DeAndre Elliott,deandre elliott,CB,DB,1992-11-21,,Inactive
3479,2577278,Antwaun Woods,antwaun woods,DT,FRONT7,1993-01-03,,Inactive
3480,2970620,V'Angelo Bentley,v angelo bentley,CB,DB,1993-11-04,,Active
3481,2582138,Kyle Carter,kyle carter,TE,TE,1992-12-17,,Inactive
3482,2980151,Elijah Shumate,elijah shumate,SS,DB,1994-01-12,,Active
3483,2577766,Mike Rose,mike rose,DE,FRONT7,1992-07-23,,Active
3484,2576952,Nelson Spruce,nelson spruce,WR,WR,1992-12-05,,Inactive
3485,3144999,Henry Krieger-Coble,henry krieger coble,TE,TE,1992-06-12,,Inactive
3486,2980137,Chris Brown,chris brown,WR,WR,1993-12-08,,Active
3487,3961462,Michael Jordan,michael jordan,CB,DB,1992-10-21,,Inactive
3488,2978124,D.J. Foster,dj foster,RB,RB,1993-11-22,,Inactive
3490,2582419,Marshall Koehn,marshall koehn,K,K,1992-08-29,,Inactive
3491,2971289,Byron Marshall,byron marshall,RB,RB,1994-02-13,,Inactive
3492,3051400,Jalin Marshall,jalin marshall,WR,WR,1995-07-21,,Inactive
3493,3060800,Darius Latham,darius latham,NT,FRONT7,1994-11-09,,Inactive
3494,2517397,Jason Fanaika,jason fanaika,OLB,FRONT7,1992-06-17,,Active
3495,2576822,Mike Bercovici,mike bercovici,QB,QB,1993-02-09,,Active
3496,2576854,Stephen Anderson,stephen anderson,TE,TE,1993-01-30,,Active
3497,2572850,Darion Griswold,darion griswold,TE,TE,1992-12-23,,Active
3498,2973670,Greg Milhouse,greg milhouse,DT,FRONT7,1994-07-15,,Active
3499,2976504,Dillon Lee,dillon lee,OLB,FRONT7,1993-01-15,,Active
3500,2577123,Devon Cajuste,devon cajuste,WR,WR,1993-01-31,,Active
3501,2976605,Eric Striker,eric striker,OLB,FRONT7,1993-10-01,,Active
3502,2980147,Romeo Okwara,romeo okwara,LB,FRONT7,1995-06-17,,Active
3503,3115913,Geronimo Allison,geronimo allison,WR,WR,1994-01-18,,Active
3504,2577793,Steven Scheu,steven scheu,TE,TE,1992-07-07,,Active
3505,2578446,Dom Williams,dom williams,WR,WR,1992-12-11,,Active
3506,2577892,Ryan Malleck,ryan malleck,TE,TE,1993-07-22,,Inactive
3509,2977698,Glenn Gronkowski,glenn gronkowski,FB,RB,1993-03-25,,Inactive
3510,2970420,Ron Thompson,ron thompson,DE,FRONT7,1993-08-02,,Inactive
3511,2978281,Aziz Shittu,aziz shittu,DT,FRONT7,1994-07-27,,Inactive
3512,2565903,Victor Ochi,victor ochi,OLB,FRONT7,1993-10-02,,Inactive
3513,2575997,Jared Norris,jared norris,LB,FRONT7,1993-07-19,,Active
3514,2512657,Jake McGee,jake mcgee,TE,TE,1991-09-19,,Active
3515,2970712,K.J. Maye,kj maye,WR,WR,1994-02-25,,Active
3516,2474890,Mitch Mathews,mitch mathews,WR,WR,1991-04-15,,Active
3517,3125354,Hunter Sharp,hunter sharp,WR,WR,1994-04-25,,Inactive
3518,2576478,Connor Wujciak,connor wujciak,DT,FRONT7,1992-09-24,,Active
3519,3125745,Roger Lewis,roger lewis,WR,WR,1993-11-27,,Inactive
3520,2577051,Jay Lee,jay lee,WR,WR,1993-06-29,,Active
3524,2577118,Marquise Williams,marquise williams,QB,QB,1992-10-05,,Active
3526,2574891,Roy Robertson-Harris,roy robertson harris,DE,FRONT7,1993-07-23,NYG,Inactive
3527,2977742,Kevin Peterson,kevin peterson,CB,DB,1994-03-22,ARI,Active
3528,2577421,Taveze Calhoun,taveze calhoun,CB,DB,1992-12-26,,Inactive
3529,,Nile Lawrence-Stample,nile lawrence stample,NT,FRONT7,1992-07-14,,Active
3530,3052651,Dominique Alexander,dominique alexander,OLB,FRONT7,1995-04-20,,Inactive
3531,2975527,Marshaun Coprich,marshaun coprich,RB,RB,1994-08-10,,Active
3532,2575553,Kenneth Farrow,kenneth farrow,RB,RB,1993-03-07,,Inactive
3533,,Terrell Chestnut,terrell chestnut,CB,DB,1991-12-10,,Active
3534,2981514,Adrian McDonald,adrian mcdonald,SS,DB,1994-03-18,,Active
3535,2581823,Shaq Petteway,shaq petteway,ILB,FRONT7,1993-02-02,,Active
3536,,Tyler Marcordes,tyler marcordes,OLB,FRONT7,1992-10-09,,Active
3537,2574558,Chris Landrum,chris landrum,OLB,FRONT7,1992-09-14,,Inactive
3538,2577018,Larry Scott,larry scott,CB,DB,1993-03-05,,Active
3539,,Carlos Wray,carlos wray,DE,FRONT7,1993-10-03,,Active
3540,3045565,Jamaal Jones,jamaal jones,WR,WR,1993-01-31,,Active
3542,2979200,DeAndre Reaves,deandre reaves,WR,WR,1992-04-30,,Active
3546,2980383,Mike Hilton,mike hilton,CB,DB,1994-03-09,,Active
3547,3125253,Braedon Bowman,braedon bowman,TE,TE,1994-01-30,,Inactive
3548,2574024,Jamal Robinson,jamal robinson,WR,WR,1993-01-13,,Active
3550,2970661,Jarrod Wilson,jarrod wilson,DB,DB,1994-02-09,,Active
3551,2577244,Max Wittek,max wittek,QB,QB,1993-07-01,,Active
3552,3933497,Wendall Williams,wendall williams,WR,WR,1990-09-18,,Inactive
3553,2581513,Johnny Maxey,johnny maxey,DT,FRONT7,1993-10-19,,Inactive
3554,,David Reeves,david reeves,TE,TE,1992-12-15,,Active
3555,2979681,Canaan Severin,canaan severin,WR,WR,1993-03-16,,Active
3556,,Christian Powell,christian powell,RB,RB,1994-03-03,,Active
3557,2972286,Brandon Williams,brandon williams,CB,DB,1992-09-09,NYG,Inactive
3558,3044859,Chris Jones,chris jones,DT,FRONT7,1994-07-03,KC,Active
3559,2574666,Ryan Smith,ryan smith,CB,DB,1993-09-07,,Active
3560,2979591,Austin Johnson,austin johnson,DT,FRONT7,1994-05-08,BUF,Active
3561,2981998,Bryce Williams,bryce williams,TE,TE,1993-02-24,,Active
3562,2976308,Tyvis Powell,tyvis powell,SS,DB,1994-02-16,,Active
3563,2982803,Steve Longa,steve longa,OLB,FRONT7,1994-09-29,,Active
3564,2577245,Tre Madden,tre madden,RB,RB,1993-08-16,,Inactive
3565,2582034,Keith Baxter,keith baxter,CB,DB,1992-06-04,,Active
3566,2977936,Jake Ganus,jake ganus,OLB,FRONT7,1993-03-22,,Active
3567,,Theiren Cockran,theiren cockran,DT,FRONT7,1992-09-10,,Active
3568,2591718,Marken Michel,marken michel,WR,WR,1993-07-06,,Active
3569,2589340,Denzell Perine,denzell perine,DE,FRONT7,1993-03-28,,Active
3570,2577089,Brandon Ross,brandon ross,RB,RB,1992-11-09,,Active
3571,,Eric Rawls,eric rawls,CB,DB,,,Active
3572,2573098,Andrew Bonnet,andrew bonnet,FB,RB,1992-12-27,,Active
3573,2577692,Brandon Wilds,brandon wilds,RB,RB,1993-07-22,,Inactive
3574,2968266,John Lunsford,john lunsford,K,K,1993-11-14,,Active
3575,2978064,Bryson Albright,bryson albright,OLB,FRONT7,1994-03-15,,Inactive
3578,,Claudell Louis,claudell louis,DE,FRONT7,1990-10-27,,Active
3579,,Marshall Morgan,marshall morgan,K,K,1993-11-28,,Active
3580,2970411,Julian Whigham,julian whigham,CB,DB,1994-08-10,,Active
3582,2983209,Chester Rogers,chester rogers,WR,WR,1994-01-12,,Active
3583,2979507,Tevaun Smith,tevaun smith,WR,WR,1993-01-30,,Inactive
3584,2577081,Marcus Leak,marcus leak,WR,WR,1992-11-19,,Active
3586,,Daniel Davie,daniel davie,CB,DB,1993-08-04,,Active
3587,2576878,Stefan McClure,stefan mcclure,SS,DB,1993-01-31,,Inactive
3588,4010885,Michael Miller,michael miller,TE,TE,1991-09-23,,Active
3589,2576895,Chris Milton,chris milton,DB,DB,1992-09-15,MIA,Active
3591,3127201,Darius White,darius white,CB,DB,1993-12-12,,Active
3592,2570484,Isaiah Johnson,isaiah johnson,FS,DB,1992-10-14,,Inactive
3593,,Anthony Kelly,anthony kelly,WR,WR,1993-04-14,,Active
3594,3051902,Peyton Barber,peyton barber,RB,RB,1994-06-27,,Active
3595,2586700,Alan Cross,alan cross,FB,RB,1993-07-02,,Inactive
3596,2514375,Kivon Cartwright,kivon cartwright,TE,TE,1992-03-03,,Active
3597,3121601,DaVonte Lambert,davonte lambert,DT,FRONT7,1994-06-23,,Inactive
3599,4002656,Dez Stewart,dez stewart,WR,WR,1993-04-18,,Inactive
3600,2984056,Channing Ward,channing ward,DT,FRONT7,1992-09-17,,Inactive
3604,4010743,Elie Bouka,elie bouka,CB,DB,1992-08-15,,Active
3605,2579840,Matthias Farley,matthias farley,DB,DB,1992-07-15,,Active
3606,2577257,Amir Carlisle,amir carlisle,WR,WR,1992-09-24,,Active
3607,4010744,Trevon Hartfield,trevon hartfield,CB,DB,1991-11-17,,Inactive
3608,2976531,Lamar Louis,lamar louis,OLB,FRONT7,1993-10-02,,Inactive
3609,,Chris King,chris king,WR,WR,1993-12-13,,Active
3612,2567213,Hakeem Valles,hakeem valles,TE,TE,1992-11-23,,Inactive
3613,2973033,Ronald Zamort,ronald zamort,CB,DB,1991-11-10,,Inactive
3614,2574918,Tommylee Lewis,tommylee lewis,WR,WR,1992-10-24,,Active
3615,2977614,Sione Houma,sione houma,RB,RB,1994-06-21,,Active
3616,2578754,Mitchell Loewen,mitchell loewen,DE,FRONT7,1993-02-14,,Active
3617,2574027,Dominique Tovell,dominique tovell,OLB,FRONT7,1992-06-15,,Active
3618,2586438,Jeff Schoettmer,jeff schoettmer,ILB,FRONT7,1993-07-08,,Active
3620,2971271,Bralon Addison,bralon addison,WR,WR,1993-10-12,,Inactive
3621,2972065,Jordan Williams-Lambert,jordan williams lambert,WR,WR,1994-05-09,,Active
3622,2977874,Mose Frazier,mose frazier,WR,WR,1993-08-30,,Inactive
3623,2574163,Vontarrius Dora,vontarrius dora,OLB,FRONT7,1992-09-07,,Active
3624,,Antonio Glover,antonio glover,SS,DB,1993-03-31,,Active
3625,3123078,Calvin Heurtelou,calvin heurtelou,NT,FRONT7,1993-04-10,,Active
3627,3957452,Shaneil Jenkins,shaneil jenkins,DE,FRONT7,1994-02-07,,Inactive
3628,2576842,David Moala,david moala,DT,FRONT7,1992-12-30,,Active
3630,2976594,Durron Neal,durron neal,WR,WR,1993-11-03,,Active
3632,2969887,Dwayne Norman,dwayne norman,OLB,FRONT7,1993-09-23,,Active
3633,3134288,Kyle Peko,kyle peko,DT,FRONT7,1993-07-23,,Active
3634,2973405,Kalif Raymond,kalif raymond,WR,WR,1994-08-08,CHI,Active
3635,2577469,Frank Shannon,frank shannon,ILB,FRONT7,1992-10-31,,Active
3636,2565690,Sadat Sulleyman,sadat sulleyman,DE,FRONT7,1992-10-25,,Active
3637,2576040,Eddie Yarbrough,eddie yarbrough,DE,FRONT7,1993-04-24,MIN,Active
3638,4012549,John Tidwell,john tidwell,CB,DB,1993-03-25,,Active
3639,,Duplicate Player,duplicate player,WR,WR,1994-05-09,,Inactive
3640,2510605,Soma Vainuku,soma vainuku,RB,RB,1992-05-28,,Active
3641,2978316,Cleveland Wallace,cleveland wallace,CB,DB,1994-01-24,,Active
3642,3051940,Ufomba Kamalu,ufomba kamalu,OLB,FRONT7,1992-11-02,,Active
3643,2567725,Doug Middleton,doug middleton,DB,DB,1993-09-25,SF,Active
3644,2576280,Lawrence Thomas,lawrence thomas,RB,RB,1993-04-16,,Inactive
3646,2977646,Quayvon Hicks,quayvon hicks,RB,RB,1994-07-17,,Active
3647,,Terrell Lathan,terrell lathan,DT,FRONT7,1993-08-02,,Active
3648,2574404,Matt Weiser,matt weiser,TE,TE,1992-10-07,,Active
3649,,Michael Cooper,michael cooper,TE,TE,1992-10-21,,Inactive
3650,2576868,Maurice Harris,maurice harris,WR,WR,1992-11-11,,Inactive
3651,2979858,Geno Matias-Smith,geno matias smith,SS,DB,1994-05-09,,Active
3652,3123986,Mike Thomas,mike thomas,WR,WR,1994-08-16,,Active
3653,2184059,Brandon Williams,brandon williams,TE,TE,1987-10-12,,Inactive
3655,,Reggie Diggs,reggie diggs,WR,WR,1993-05-08,,Active
3656,,Ejiro Ederaine,ejiro ederaine,OLB,FRONT7,1993-11-18,,Inactive
3657,2575408,Rob Kelley,rob kelley,RB,RB,1992-10-03,,Inactive
3658,2576236,Joe Kerridge,joe kerridge,FB,RB,1992-09-17,,Inactive
3659,2585962,Anthony Lanier,anthony lanier,DE,FRONT7,1993-05-08,,Inactive
3660,2578583,Valdez Showers,valdez showers,WR,WR,1993-06-28,,Active
3661,3115434,Cory Johnson,cory johnson,NT,FRONT7,1992-04-10,,Active
3662,2565729,Devonte Johnson,devonte johnson,CB,DB,1993-01-03,,Active
3664,2572861,J.D. McKissic,jd mckissic,RB,RB,1993-08-15,,Inactive
3665,3045304,Ivan McLennan,ivan mclennan,OLB,FRONT7,1993-06-29,,Inactive
3666,,David Mims,david mims,CB,DB,1993-08-06,,Inactive
3667,2982866,Sharrod Neasman,sharrod neasman,DB,DB,1991-10-14,,Active
3668,2578377,Joshua Perkins,joshua perkins,TE,TE,1993-08-05,NYJ,Active
3669,2980115,Brian Poole,brian poole,CB,DB,1992-10-20,IND,Active
3670,2570204,Will Ratelle,will ratelle,FB,RB,1993-03-01,,Active
3672,2576762,David Richards,david richards,WR,WR,1993-05-04,,Inactive
3673,2971728,Nick Rose,nick rose,K,K,1994-05-05,,Inactive
3674,4011310,Jordan Sefon,jordan sefon,CB,DB,1993-07-25,,Inactive
3676,2982880,Trevon Coley,trevon coley,DT,FRONT7,1994-07-13,,Active
3677,,Cavellis Luckett,cavellis luckett,ILB,FRONT7,1992-12-06,,Active
3678,2985659,Wil Lutz,wil lutz,K,K,1994-07-07,DEN,Active
3679,,Mario Ojemudia,mario ojemudia,DE,FRONT7,1994-05-30,,Inactive
3680,2576761,Patrick Onwuasor,patrick onwuasor,LB,FRONT7,1992-08-22,,Active
3681,2972144,Michael Pierce,michael pierce,DT,FRONT7,1992-11-06,,Active
3683,2982305,Don Cherry,don cherry,ILB,FRONT7,1994-09-27,,Active
3684,,Derek Keaton,derek keaton,WR,WR,1994-04-10,,Inactive
3686,3150065,Joe Sommers,joe sommers,TE,TE,1993-03-03,,Inactive
3687,2971381,Ryan Brown,ryan brown,DE,FRONT7,1994-06-10,,Active
3688,2972283,Tra Carson,tra carson,RB,RB,1992-10-24,,Active
3690,3124785,Antwane Grant,antwane grant,WR,WR,1992-08-14,,Inactive
3691,2576437,Darius Hillary,darius hillary,CB,DB,1993-04-05,,Inactive
3694,3133389,Mikell Everette,mikell everette,CB,DB,1992-10-22,,Inactive
3695,2970262,J.P. Holtz,jp holtz,TE,TE,1993-08-28,,Active
3696,2969958,Tracy Howard,tracy howard,FS,DB,1994-04-29,,Inactive
3697,,Kyle Rose,kyle rose,NT,FRONT7,1992-10-02,,Inactive
3698,,Patrick Skov,patrick skov,FB,RB,1992-07-21,,Inactive
3699,3039922,Rodney Coe,rodney coe,DT,FRONT7,1993-05-18,,Inactive
3700,2576260,Arjen Colquhoun,arjen colquhoun,CB,DB,1992-10-13,,Inactive
3701,2974590,Ed Eagan,ed eagan,WR,WR,1993-06-19,,Inactive
3702,2982761,Andy Jones,andy jones,WR,WR,1994-06-28,NYG,Inactive
3703,2978411,Deon King,deon king,OLB,FRONT7,1993-07-02,,Inactive
3705,2981866,Jeremiah McKinnon,jeremiah mckinnon,CB,DB,1993-06-29,,Inactive
3706,2580064,Jason Neill,jason neill,OLB,FRONT7,1992-10-28,,Inactive
3708,,Kyle Kragen,kyle kragen,OLB,FRONT7,1993-02-01,,Inactive
3709,2971880,Adairius Barnes,adairius barnes,CB,DB,1994-04-30,,Inactive
3710,3060950,Jace Billingsley,jace billingsley,WR,WR,1993-05-17,,Inactive
3711,2970000,Quinshad Davis,quinshad davis,WR,WR,1994-05-24,,Inactive
3712,2566996,Adam Fuehne,adam fuehne,TE,TE,1993-03-23,,Inactive
3713,2582086,Deonte Gibson,deonte gibson,DE,FRONT7,1993-02-22,,Active
3714,2579163,Charles Washington,charles washington,DB,DB,1993-03-10,,Active
3715,2982151,Cole Wick,cole wick,TE,TE,1993-11-30,,Inactive
3716,2971881,Kentrell Brice,kentrell brice,FS,DB,1994-08-11,,Inactive
3717,3078660,Joe Callahan,joe callahan,QB,QB,1993-06-04,,Inactive
3718,2577071,Makinton Dorleant,makinton dorleant,CB,DB,1992-10-06,,Inactive
3720,2576755,Reggie Gilbert,reggie gilbert,LB,FRONT7,1993-04-01,,Active
3721,2575523,Josh Hawkins,josh hawkins,CB,DB,1993-01-23,,Inactive
3722,3042945,Don Jackson,don jackson,RB,RB,1993-09-07,,Inactive
3724,2593183,Randall Jette,randall jette,CB,DB,1993-03-27,,Active
3725,,Tyler Kuder,tyler kuder,NT,FRONT7,1992-06-03,,Active
3727,,Dennis Parks,dennis parks,WR,WR,1994-07-27,,Active
3728,3040661,Brian Price,brian price,DT,FRONT7,1994-06-24,,Injured Reserve
3729,2969976,Herb Waters,herb waters,WR,WR,1992-11-10,,Inactive
3730,2586703,Tevin Jones,tevin jones,WR,WR,1992-12-26,,Active
3731,2970397,Eric Lee,eric lee,DE,FRONT7,1994-08-06,,Inactive
3732,2577014,Richard Mullaney,richard mullaney,WR,WR,1993-02-23,,Active
3733,2970012,Shakeel Rashad,shakeel rashad,ILB,FRONT7,1994-03-17,,Active
3734,2576885,Brennan Scarlett,brennan scarlett,LB,FRONT7,1993-07-31,,Active
3735,2971734,Duke Thomas,duke thomas,CB,DB,1994-05-21,,Active
3737,2971704,Shiro Davis,shiro davis,ILB,FRONT7,1992-10-10,,Inactive
3739,2969220,Vernon Harris,vernon harris,CB,DB,1994-06-25,,Active
3740,3084848,Tre Jones,tre jones,CB,DB,,,Inactive
3741,2980475,Shakiel Randolph,shakiel randolph,SS,DB,1994-02-14,,Inactive
3742,2577919,Brandon Chubb,brandon chubb,OLB,FRONT7,1993-10-21,,Active
3743,3059620,Morgan Fox,morgan fox,DE,FRONT7,1994-09-12,,Active
3744,2574521,Rohan Gaines,rohan gaines,SS,DB,1993-04-01,,Inactive
3745,2576660,Nicholas Grigsby,nicholas grigsby,OLB,FRONT7,1992-07-02,,Inactive
3746,2972350,Darreon Herring,darreon herring,ILB,FRONT7,1993-11-23,,Inactive
3747,2978304,Cory Littleton,cory littleton,LB,FRONT7,1993-11-18,,Active
3749,2978349,Kache Palacio,kache palacio,ILB,FRONT7,1994-01-30,,Inactive
3750,2577709,Brian Randolph,brian randolph,FS,DB,1992-10-20,,Inactive
3751,3042619,Winston Rose,winston rose,CB,DB,1993-11-29,,Active
3752,2577337,Ian Seau,ian seau,DE,FRONT7,1992-12-04,,Active
3754,2982198,Akil Blount,akil blount,OLB,FRONT7,1994-07-02,,Inactive
3757,2972899,Tyler Gray,tyler gray,OLB,FRONT7,1993-02-17,,Inactive
3758,2577076,A.J. Hendy,aj hendy,SS,DB,1993-04-08,,Inactive
3759,,Gabe Hughes,gabe hughes,TE,TE,1993-10-15,,Inactive
3760,2576703,Farrington Huguenin,farrington huguenin,OLB,FRONT7,1992-05-08,,Active
3761,2576665,Lafayette Pitts,lafayette pitts,DB,DB,1992-09-24,,Active
3762,2976250,Brandon Shippen,brandon shippen,WR,WR,1994-05-17,,Active
3763,2577392,Woodrow Hamilton,woodrow hamilton,DT,FRONT7,1992-12-20,NYG,Active
3764,2576599,Andrew Adams,andrew adams,DB,DB,1992-10-28,,Active
3765,2972896,Donte Deayon,donte deayon,CB,DB,1994-01-28,,Active
3766,2578305,Michael Hunter,michael hunter,CB,DB,1993-04-19,,Inactive
3768,2978216,Darius Powe,darius powe,WR,WR,1994-03-15,,Inactive
3769,3116153,Tarow Barney,tarow barney,NT,FRONT7,1994-06-08,,Inactive
3770,2577153,Quenton Bundrage,quenton bundrage,WR,WR,1991-09-13,,Active
3771,,Helva Matungulu,helva matungulu,DE,FRONT7,1992-04-10,,Inactive
3772,,Julien Obioha,julien obioha,DE,FRONT7,1994-07-07,,Active
3773,3120366,Claude Pelon,claude pelon,DE,FRONT7,1992-11-27,,Inactive
3774,3057863,Jason Vander Laan,jason vander laan,TE,TE,1992-09-22,,Inactive
3776,2582402,Quentin Gause,quentin gause,ILB,FRONT7,1992-10-30,,Inactive
3780,3016887,Cedric O'Neal,cedric o neal,RB,RB,1994-01-29,,Active
3781,2573091,C.J. Smith,cj smith,CB,DB,1993-05-10,,Inactive
3782,3046426,Myke Tavarres,myke tavarres,OLB,FRONT7,1992-11-18,,Inactive
3783,2577286,Paul Turner,paul turner,WR,WR,1993-05-10,,Inactive
3784,2978355,Destiny Vaeao,destiny vaeao,DE,FRONT7,1994-01-15,,Inactive
3785,2982857,Brandin Bryant,brandin bryant,DT,FRONT7,1993-09-16,,Active
3787,2589334,Lars Koht,lars koht,DE,FRONT7,1993-08-16,,Inactive
3788,2577684,Tanner McEvoy,tanner mcevoy,WR,WR,1993-01-26,,Inactive
3789,,David Perkins,david perkins,DE,FRONT7,1993-01-13,,Inactive
3790,,Kevin Anderson,kevin anderson,OLB,FRONT7,1993-04-05,,Active
3791,2511318,Jered Bell,jered bell,S,DB,1992-01-19,,Inactive
3792,3043228,Demetrius Cherry,demetrius cherry,DE,FRONT7,1992-06-21,,Active
3793,2573947,Lenny Jones,lenny jones,DE,FRONT7,1991-08-08,,Active
3794,2979851,Darren Lake,darren lake,NT,FRONT7,1993-12-28,,Inactive
3797,2978219,Bryce Treggs,bryce treggs,WR,WR,1994-04-30,,Inactive
3799,2577517,David Glidden,david glidden,WR,WR,1992-07-10,,Inactive
3800,2576421,Frankie Williams,frankie williams,CB,DB,1993-03-28,,Inactive
3802,2986501,Chris Hubert,chris hubert,WR,WR,1993-05-08,,Inactive
3803,2575965,Elijhaa Penny,elijhaa penny,RB,RB,1993-08-17,,Active
3804,2968269,Darrin Peterson,darrin peterson,WR,WR,1994-07-14,,Inactive
3805,3135726,Jon Brown,jon brown,K,K,1992-12-07,,Active
3807,3059866,Corey Tindal,corey tindal,CB,DB,1991-10-12,,Inactive
3808,3916678,Rolan Milligan,rolan milligan,DB,DB,1994-08-16,IND,Active
3809,,Demetris Anderson,demetris anderson,NT,FRONT7,1992-04-12,,Active
3810,2972811,Brandon Burks,brandon burks,RB,RB,1993-11-01,,Inactive
3811,3137094,Alstevis Squirewell,alstevis squirewell,RB,RB,1992-09-17,,Active
3813,2578317,Tre Roberson,tre roberson,CB,DB,1992-10-22,,Active
3814,2576049,Ishaq Williams,ishaq williams,DE,FRONT7,1993-02-22,,Inactive
3815,2573948,Bryson Keeton,bryson keeton,CB,DB,1993-02-24,,Inactive
3816,4012719,Brandon Brown-Dukes,brandon brown dukes,RB,RB,1992-04-29,,Active
3817,4012737,Marcus Tucker,marcus tucker,WR,WR,1992-06-24,,Inactive
3818,2577651,Pete Robertson,pete robertson,OLB,FRONT7,1992-12-12,,Active
3819,2578390,Taniela Tupou,taniela tupou,FB,RB,1992-12-13,,Inactive
3820,2979171,Micah Awe,micah awe,ILB,FRONT7,1994-01-04,,Active
3821,2977687,Travis Britz,travis britz,DT,FRONT7,1994-01-26,,Inactive
3824,2577731,Alex Ellis,alex ellis,TE,TE,1993-02-10,,Active
3825,,Iosia Iosia,iosia iosia,DE,FRONT7,1991-12-28,,Active
3827,3068939,Aldrick Rosas,aldrick rosas,K,K,1994-12-30,,Active
3828,3053027,Marwin Evans,marwin evans,FS,DB,1993-04-10,,Inactive
3829,3128660,Ryan Langford,ryan langford,ILB,FRONT7,1993-06-10,,Active
3832,4012556,C.J. Ham,cj ham,FB,RB,1993-07-22,,Active
3833,2973474,Matt Smalley,matt smalley,CB,DB,1994-05-06,,Inactive
3834,2577664,K.J. Brent,kj brent,WR,WR,1993-08-06,,Inactive
3836,2471470,James Cowser,james cowser,OLB,FRONT7,1990-09-13,,Inactive
3837,3140596,Kenneth Durden,kenneth durden,CB,DB,1992-05-16,,Inactive
3838,3056354,Antonio Hamilton,antonio hamilton,CB,DB,1993-01-24,,Active
3839,2566345,Drew Iddings,drew iddings,DE,FRONT7,1993-03-16,,Inactive
3840,2969896,Max McCaffrey,max mccaffrey,WR,WR,1994-05-17,,Inactive
3841,2969422,Tony McRae,tony mcrae,CB,DB,1993-05-03,,Inactive
3842,2566643,Ryan O'Malley,ryan o malley,TE,TE,1993-07-24,,Inactive
3843,2579164,Kyrie Wilson,kyrie wilson,ILB,FRONT7,1992-11-05,,Inactive
3845,2578483,Jabriel Washington,jabriel washington,OLB,FRONT7,1993-03-17,,Inactive
3846,3115315,Duke Williams,duke williams,WR,WR,1993-05-13,,Active
3847,,Uani' Unga,uani unga,ILB,FRONT7,1987-12-28,,Inactive
3848,2577275,Greg Townsend,greg townsend,DE,FRONT7,1992-12-11,,Active
3849,2977884,Wynton McManis,wynton mcmanis,LB,FRONT7,1994-09-20,MIA,Active
3850,,Louis Palmer,louis palmer,DE,FRONT7,1994-12-08,,Inactive
3852,2978308,Jaydon Mickens,jaydon mickens,WR,WR,1994-04-21,,Active
3854,4002763,Sam Brown,sam brown,CB,DB,1992-07-30,,Active
3855,,Jared Barber,jared barber,ILB,FRONT7,1992-10-20,,Inactive
3856,2512458,Braxton Deaver,braxton deaver,TE,TE,1992-05-08,,Inactive
3858,2582387,Miles Shuler,miles shuler,WR,WR,1993-09-26,,Inactive
3859,2580343,Jalen Simmons,jalen simmons,RB,RB,1992-04-01,,Active
3860,2576600,Kenton Adeyemi,kenton adeyemi,DE,FRONT7,1992-01-13,,Inactive
3861,3059552,Kieren Duncan,kieren duncan,WR,WR,1993-10-12,,Inactive
3863,2574378,Joe Licata,joe licata,QB,QB,1992-11-16,,Inactive
3864,3057850,Jake Lampman,jake lampman,WR,WR,1993-06-11,,Inactive
3865,3124889,Chris Edwards,chris edwards,DB,DB,1992-12-23,,Inactive
3866,2973604,Joe Hansley,joe hansley,WR,WR,1994-02-07,,Inactive
3867,2577642,Branden Jackson,branden jackson,DE,FRONT7,1992-11-11,,Inactive
3868,2972091,Jalen Richard,jalen richard,RB,RB,1993-10-15,LV,Active
3871,,Sam Bergen,sam bergen,FB,RB,1992-03-06,,Inactive
3872,,Bennett Okotcha,bennett okotcha,CB,DB,1993-02-07,,Active
3873,3927739,Ben Roberts,ben roberts,WR,WR,1992-09-07,,Inactive
3874,,Michael Smith,michael smith,DT,FRONT7,1992-12-18,,Inactive
3876,2981875,Michael Wakefield,michael wakefield,OLB,FRONT7,1994-01-12,,Inactive
3877,,Kelsey Young,kelsey young,RB,RB,1993-05-04,,Inactive
3878,2576449,Austin Traylor,austin traylor,TE,TE,1993-09-03,,Inactive
3879,2981210,Jimmy Pruitt,jimmy pruitt,CB,DB,1992-11-28,,Active
3880,2577567,M.J. McFarland,mj mcfarland,TE,TE,1992-07-25,,Active
3881,2580324,Mariel Cooper,mariel cooper,CB,DB,1993-01-10,,Active
3883,2577106,Romar Morris,romar morris,RB,RB,1992-10-21,,Active
3884,2579841,Jarrett Grace,jarrett grace,ILB,FRONT7,1992-10-08,,Inactive
3885,2977608,James Ross,james ross,ILB,FRONT7,1994-06-26,,Inactive
3886,3116598,Javien Elliott,javien elliott,CB,DB,1993-07-18,,Active
3887,,Ben McCord,ben mccord,TE,TE,1992-06-30,,Inactive
3889,2974198,Marquis Bundy,marquis bundy,WR,WR,1994-08-05,,Inactive
3890,2971374,Devon Bell,devon bell,K,K,1993-07-04,,Active
3891,2572846,Kyle Coleman,kyle coleman,FB,RB,1993-09-30,,Active
3892,2988610,Jarvis Turner,jarvis turner,WR,WR,1993-11-02,,Inactive
3893,2989641,Reece Horn,reece horn,WR,WR,1993-02-01,,Active
3894,2987440,Garrett Griffin,garrett griffin,TE,TE,1994-03-04,,Active
3895,2578369,Marvin Hall,marvin hall,WR,WR,1993-04-10,,Active
3896,,Benson Browne,benson browne,TE,TE,1992-09-29,,Inactive
3897,2576272,Paul Lang,paul lang,TE,TE,1992-05-24,,Inactive
3898,,Bryce Cheek,bryce cheek,CB,DB,1993-08-28,,Inactive
3901,,Brandon Johnson,brandon johnson,RB,RB,1993-04-02,,Inactive
3903,2988562,Warren Gatewood,warren gatewood,CB,DB,1994-03-30,,Active
3904,2969052,Ra'Zahn Howard,ra zahn howard,NT,FRONT7,1994-08-08,,Inactive
3905,,Mandel Dixon,mandel dixon,TE,TE,1993-04-21,,Inactive
3908,2326150,Eric Wallace,eric wallace,TE,TE,1988-12-13,,Active
3909,2582139,Sam Ficken,sam ficken,K,K,1992-12-14,,Active
3911,4036547,Rashaun Simonise,rashaun simonise,WR,WR,1995-05-31,,Inactive
3912,2986701,Darnell Sankey,darnell sankey,ILB,FRONT7,1994-10-11,,Inactive
3914,12913,Dobson Collins,dobson collins,WR,WR,1987-07-12,,Inactive
3915,2576345,Jack Gangwish,jack gangwish,DE,FRONT7,1993-01-06,,Inactive
3916,2577807,David Watford,david watford,WR,WR,1993-06-16,,Active
3917,2577473,Kendal Thompson,kendal thompson,WR,WR,1992-05-14,,Inactive
3918,2577114,TJ Thorpe,tj thorpe,WR,WR,1993-05-26,,Inactive
3920,4037285,Harvey Binford,harvey binford,WR,WR,1991-01-20,,Inactive
3921,2309428,Nick Truesdell,nick truesdell,TE,TE,1990-03-14,,Active
3922,2973769,Montario Hunter,montario hunter,WR,WR,1991-11-23,,Inactive
3923,4038380,Franky Okafor,franky okafor,WR,WR,1993-07-28,,Inactive
3924,2971428,Clayton Echard,clayton echard,TE,TE,1993-04-29,,Inactive
3925,2573308,Lee Hightower,lee hightower,FS,DB,1993-07-28,,Active
3927,,Jamal Golden,jamal golden,SS,DB,1993-03-04,,Inactive
3929,4040172,Terry Williams,terry williams,RB,RB,,,Inactive
3930,,Kevin White,kevin white,CB,DB,1992-07-15,,Inactive
3933,2977211,Malcolm Jackson,malcolm jackson,CB,DB,1994-02-04,,Inactive
3934,2983319,Troymaine Pope,troymaine pope,RB,RB,1993-11-26,,Active
3935,,Alex Chisum,alex chisum,WR,WR,,,Inactive
3936,3084893,Tom Lally,tom lally,DE,FRONT7,1993-10-02,,Inactive
3938,,Zamir Carlis,zamir carlis,DT,FRONT7,1990-03-14,,Active
3939,,Zach Colvin,zach colvin,DT,FRONT7,1993-01-23,,Inactive
3940,,Chase Price,chase price,RB,RB,1993-06-24,,Inactive
3941,2970130,Tylor Harris,tylor harris,DT,FRONT7,1994-02-16,,Active
3944,,Khaynin Mosley-Smith,khaynin mosley smith,DT,FRONT7,1991-07-18,,Inactive
3945,2512186,Darius White,darius white,WR,WR,,,Inactive
3946,4043720,Jake Ceresna,jake ceresna,DE,FRONT7,1994-07-09,,Active
3948,2513048,Andrew Opoku,andrew opoku,WR,WR,1990-11-11,,Inactive
3950,4006388,Joe Powell,joe powell,SS,DB,1994-02-25,,Active
3951,,Justin Berger,justin berger,WR,WR,1991-11-22,,Inactive
3953,,Austin Trainor,austin trainor,QB,QB,,,Inactive
3954,3089089,Jake Metz,jake metz,DE,FRONT7,1991-03-16,,Active
3957,2515957,Blake Sims,blake sims,QB,QB,1992-01-03,,Active
3958,2577505,Jimmy Bean,jimmy bean,DE,FRONT7,1993-11-08,,Active
3969,3115364,Leonard Fournette,leonard fournette,RB,RB,1995-01-18,,Active
3973,3122132,Myles Garrett,myles garrett,DE,FRONT7,1995-12-29,LAR,Inactive
3976,3039707,Mitchell Trubisky,mitchell trubisky,QB,QB,1994-08-20,TEN,Active
3978,2567767,Jacob Huesman,jacob huesman,QB,QB,1993-02-27,,Active
3986,4084949,Jeff Richards,jeff richards,CB,DB,1991-01-03,,Inactive
3990,2323439,Adam Bighill,adam bighill,ILB,FRONT7,1988-10-16,,Inactive
3991,2470344,Alex Bazzie,alex bazzie,OLB,FRONT7,1990-08-05,,Active
4001,4081021,Jeff Knox,jeff knox,OLB,FRONT7,1992-02-22,,Active
4004,2575435,Chris Briggs,chris briggs,TE,TE,1992-11-09,,Inactive
4015,2475164,Boseko Lokombo,boseko lokombo,OLB,FRONT7,1990-10-15,,Active
4017,3122840,Deshaun Watson,deshaun watson,QB,QB,1995-09-14,CLE,Active
4018,3116385,Joe Mixon,joe mixon,RB,RB,1996-07-24,,Active
4026,3129302,DeShone Kizer,deshone kizer,QB,QB,1995-01-03,,Active
4029,3116593,Dalvin Cook,dalvin cook,RB,RB,1995-08-10,,Active
4030,3054844,Reuben Foster,reuben foster,LB,FRONT7,1994-04-04,,Active
4031,2971668,Travis Wilson,travis wilson,TE,TE,1993-12-14,,Active
4032,3054840,Jonathan Allen,jonathan allen,DT,FRONT7,1995-01-16,CIN,Active
4033,3123076,David Njoku,david njoku,TE,TE,1996-07-10,LAC,Inactive
4034,3117251,Christian McCaffrey,christian mccaffrey,RB,RB,1996-06-07,SF,Active
4035,3054850,Alvin Kamara,alvin kamara,RB,RB,1995-07-25,NO,Active
4036,3042778,Corey Davis,corey davis,WR,WR,1995-01-11,,Active
4037,3116165,Chris Godwin,chris godwin,WR,WR,1996-02-27,TB,Active
4038,3052177,John Ross,john ross,WR,WR,1995-11-27,,Active
4039,2977187,Cooper Kupp,cooper kupp,WR,WR,1993-06-15,SEA,Active
4040,3120348,JuJu Smith-Schuster,juju smith schuster,WR,WR,1996-11-22,,Active
4042,3912576,Joe Williams,joe williams,RB,RB,1993-09-04,,Active
4046,3139477,Patrick Mahomes,patrick mahomes,QB,QB,1995-09-17,KC,Active
4047,2566602,Jacob Lindsey,jacob lindsey,OLB,FRONT7,1993-06-24,,Active
4049,2578482,Bradley Sylve,bradley sylve,CB,DB,1993-01-29,,Active
4050,4217370,Cyril Grayson,cyril grayson,WR,WR,1993-12-05,,Active
4051,2977665,Chad Kelly,chad kelly,QB,QB,1994-03-26,,Active
4054,2998565,Mo Alie-Cox,mo alie cox,TE,TE,1993-09-19,IND,Active
4055,3043080,O.J. Howard,oj howard,TE,TE,1994-11-19,,Active
4056,3115962,Jabrill Peppers,jabrill peppers,DB,DB,1995-10-04,,Active
4057,3051391,Gareon Conley,gareon conley,CB,DB,1995-06-29,,Active
4058,3117258,Solomon Thomas,solomon thomas,DT,FRONT7,1995-12-20,TEN,Active
4059,3121421,Marshon Lattimore,marshon lattimore,CB,DB,1996-05-19,,Active
4061,3052600,Davis Webb,davis webb,QB,QB,1995-01-22,,Active
4063,2980504,Haason Reddick,haason reddick,LB,FRONT7,1994-09-22,,Active
4065,3115336,Derek Barnett,derek barnett,DE,FRONT7,1996-06-25,CLE,Active
4066,3051876,Evan Engram,evan engram,TE,TE,1994-09-02,DEN,Active
4067,3054951,Jarrad Davis,jarrad davis,LB,FRONT7,1994-11-16,,Active
4068,3045138,Mike Williams,mike williams,WR,WR,1994-10-04,,Active
4069,3152371,Takk McKinley,takk mckinley,DE,FRONT7,1995-11-02,,Active
4070,3045282,T.J. Watt,tj watt,LB,FRONT7,1994-10-11,PIT,Active
4071,3126356,Marlon Humphrey,marlon humphrey,CB,DB,1996-07-08,BAL,Active
4072,3042717,Tre'Davious White,tre davious white,CB,DB,1995-01-16,,Active
4073,3045210,Taco Charlton,taco charlton,DE,FRONT7,1994-11-07,,Inactive
4074,3121415,Malik Hooker,malik hooker,DB,DB,1996-04-02,DAL,Active
4075,3051852,Charles Harris,charles harris,LB,FRONT7,1995-03-06,,Active
4077,3115373,Jamal Adams,jamal adams,SS,DB,1995-10-17,MIN,Inactive
4078,3120347,Adoree' Jackson,adoree jackson,DB,DB,1995-09-18,,Active
4079,3052170,Kevin King,kevin king,CB,DB,1995-05-05,,Active
4080,3059722,Zay Jones,zay jones,WR,WR,1995-03-30,,Active
4081,3127287,Budda Baker,budda baker,DB,DB,1996-01-10,ARI,Active
4082,3121427,Curtis Samuel,curtis samuel,WR,WR,1996-08-11,,Active
4083,3127299,Sidney Jones,sidney jones,CB,DB,1996-05-21,,Active
4084,3040037,Tyus Bowser,tyus bowser,LB,FRONT7,1995-05-23,,Active
4085,4198676,Adam Shaheen,adam shaheen,TE,TE,1994-10-24,,Inactive
4086,3045377,DeMarcus Walker,demarcus walker,DE,FRONT7,1994-09-30,,Active
4087,3115257,Teez Tabor,teez tabor,DB,DB,1995-12-31,,Active
4088,3121660,Quincy Wilson,quincy wilson,CB,DB,1996-08-16,,Active
4089,3918639,Gerald Everett,gerald everett,TE,TE,1994-06-25,,Active
4090,3121423,Raekwon McMillan,raekwon mcmillan,LB,FRONT7,1996-11-17,,Active
4091,3122882,Marcus Williams,marcus williams,DB,DB,1996-09-08,,Active
4092,2979860,Dalvin Tomlinson,dalvin tomlinson,DT,FRONT7,1994-02-28,LAC,Active
4093,2980110,Marcus Maye,marcus maye,DB,DB,1993-03-09,,Active
4095,3134681,Malik McDowell,malik mcdowell,DT,FRONT7,1996-06-20,,Active
4096,3895859,Justin Evans,justin evans,SS,DB,1995-08-26,,Active
4097,2976495,Ryan Anderson,ryan anderson,LB,FRONT7,1994-08-12,,Active
4098,3059915,Kareem Hunt,kareem hunt,RB,RB,1995-08-06,,Active
4099,3042725,Duke Riley,duke riley,LB,FRONT7,1994-08-09,,Active
4100,3054862,Tim Williams,tim williams,LB,FRONT7,1993-11-12,,Active
4101,2977615,Chris Wormley,chris wormley,DT,FRONT7,1993-10-25,,Active
4103,3051807,Daeshon Hall,daeshon hall,DE,FRONT7,1995-06-14,,Active
4105,3052434,Jordan Willis,jordan willis,DE,FRONT7,1995-05-02,,Active
4106,3050122,Larry Ogunjobi,larry ogunjobi,DT,FRONT7,1994-06-03,,Active
4107,3052101,Chidobe Awuzie,chidobe awuzie,CB,DB,1995-05-24,BAL,Active
4108,3040561,Carlos Henderson,carlos henderson,WR,WR,1994-12-19,,Active
4109,3051716,Josh Jones,josh jones,DB,DB,1994-09-20,,Inactive
4110,3051750,Zach Cunningham,zach cunningham,LB,FRONT7,1994-12-02,,Active
4111,3125116,D'Onta Foreman,d onta foreman,RB,RB,1996-04-24,,Active
4112,3052977,Tarell Basham,tarell basham,DE,FRONT7,1994-03-18,,Active
4113,3042476,Dawuane Smoot,dawuane smoot,DE,FRONT7,1995-03-02,,Active
4114,2982313,Tanoh Kpassagnon,tanoh kpassagnon,DE,FRONT7,1994-06-14,TEN,Inactive
4117,3049268,Derek Rivers,derek rivers,DE,FRONT7,1994-05-09,,Active
4118,3043107,Alex Anzalone,alex anzalone,LB,FRONT7,1994-09-22,TB,Active
4119,3054860,ArDarius Stewart,ardarius stewart,WR,WR,1993-12-08,,Inactive
4120,2974247,Obi Melifonwu,obi melifonwu,DB,DB,1994-04-05,,Active
4121,3047570,Eddie Vanderdoes,eddie vanderdoes,DT,FRONT7,1994-10-13,SF,Active
4124,3122630,Ahkello Witherspoon,ahkello witherspoon,CB,DB,1995-03-21,,Active
4125,3059760,Taywan Taylor,taywan taylor,WR,WR,1995-03-02,,Active
4126,2971586,Fabian Moreau,fabian moreau,CB,DB,1994-04-09,WAS,Active
4127,2979520,C.J. Beathard,cj beathard,QB,QB,1993-11-16,,Active
4128,3066052,Chad Williams,chad williams,WR,WR,1994-10-19,,Active
4129,3045207,Jourdan Lewis,jourdan lewis,CB,DB,1995-08-31,JAX,Active
4130,3043144,Brendan Langley,brendan langley,WR,WR,1994-10-16,,Inactive
4131,2974858,Kenny Golladay,kenny golladay,WR,WR,1993-11-03,,Active
4132,3051894,Montravius Adams,montravius adams,DT,FRONT7,1995-07-24,,Active
4133,3046292,John Johnson,john johnson,DB,DB,1995-12-19,,Active
4134,3045136,Cordrea Tankersley,cordrea tankersley,CB,DB,1993-11-19,,Active
4135,3052743,Trey Hendrickson,trey hendrickson,DE,FRONT7,1994-12-05,BAL,Active
4136,3943270,Rasul Douglas,rasul douglas,CB,DB,1994-08-29,WAS,Active
4137,3045147,James Conner,james conner,RB,RB,1995-05-05,ARI,Inactive
4138,3044724,Cameron Sutton,cameron sutton,CB,DB,1995-02-27,,Active
4139,2977629,Amara Darboh,amara darboh,WR,WR,1994-02-01,,Active
4140,3054026,Shaquill Griffin,shaquill griffin,CB,DB,1995-07-20,,Active
4141,3045214,Delano Hill,delano hill,DB,DB,1995-11-26,,Active
4142,3039721,Nazair Jones,nazair jones,DT,FRONT7,1994-12-13,,Inactive
4143,3042733,Kendell Beckwith,kendell beckwith,ILB,FRONT7,1994-12-02,,Inactive
4144,3054212,Jonnu Smith,jonnu smith,TE,TE,1995-08-22,GB,Active
4145,2977798,Vince Biegel,vince biegel,LB,FRONT7,1993-07-02,,Inactive
4146,3892889,Dede Westbrook,dede westbrook,WR,WR,1993-11-21,,Active
4147,3116389,Samaje Perine,samaje perine,RB,RB,1995-09-16,CIN,Active
4148,3051911,Carl Lawson,carl lawson,DE,FRONT7,1995-06-29,,Active
4149,2980453,Jamaal Williams,jamaal williams,RB,RB,1995-04-03,,Active
4150,3045127,Wayne Gallman,wayne gallman,RB,RB,1994-10-01,,Active
4151,3045225,Jake Butt,jake butt,TE,TE,1995-07-11,,Injured Reserve
4152,3139605,Marlon Mack,marlon mack,RB,RB,1996-03-07,,Active
4153,3045118,Jordan Leggett,jordan leggett,TE,TE,1995-01-31,,Inactive
4157,3066158,Tarik Cohen,tarik cohen,RB,RB,1995-07-26,,Active
4158,3054847,Eddie Jackson,eddie jackson,DB,DB,1993-12-10,,Active
4159,2977635,Ryan Glasgow,ryan glasgow,DT,FRONT7,1993-09-30,,Injured Reserve
4160,3115330,Josh Malone,josh malone,WR,WR,1996-03-21,,Active
4161,3126176,Howard Wilson,howard wilson,CB,DB,1995-10-30,,Active
4162,3039725,Ryan Switzer,ryan switzer,WR,WR,1994-11-04,,Active
4163,3044729,Jalen Reeves-Maybin,jalen reeves maybin,LB,FRONT7,1995-01-31,,Active
4164,3059945,Michael Roberts,michael roberts,TE,TE,1994-05-07,,Inactive
4166,2977681,Carlos Watkins,carlos watkins,DE,FRONT7,1993-12-05,,Active
4168,4058825,Grover Stewart,grover stewart,DT,FRONT7,1993-10-20,IND,Active
4169,2977631,Jehu Chesson,jehu chesson,WR,WR,1993-12-29,,Inactive
4170,3045527,Samson Ebukam,samson ebukam,DE,FRONT7,1995-05-09,ATL,Active
4171,3115306,Josh Reynolds,josh reynolds,WR,WR,1995-02-16,,Active
4172,3045212,Ben Gedeon,ben gedeon,LB,FRONT7,1994-10-16,,Inactive
4173,2979523,Jaleel Johnson,jaleel johnson,DT,FRONT7,1994-07-12,,Active
4174,2980080,Deatrich Wise,deatrich wise,DE,FRONT7,1994-07-26,WAS,Active
4175,3066074,Chad Hansen,chad hansen,WR,WR,1995-01-18,,Active
4177,2991662,Mack Hollins,mack hollins,WR,WR,1993-09-16,NE,Active
4178,3047519,Donnel Pumphrey,donnel pumphrey,RB,RB,1994-12-06,,Inactive
4179,3044720,Joshua Dobbs,joshua dobbs,QB,QB,1995-01-26,DET,Active
4180,2969961,Rayshawn Jenkins,rayshawn jenkins,DB,DB,1994-01-25,PIT,Active
4181,3052125,Tedric Thompson,tedric thompson,DB,DB,1995-01-20,CLE,Active
4182,3134683,Montae Nicholson,montae nicholson,SS,DB,1995-12-04,,Active
4183,2972236,Nathan Peterman,nathan peterman,QB,QB,1994-05-04,,Active
4184,3045466,Bucky Hodges,bucky hodges,TE,TE,1995-08-08,,Active
4186,3039723,T.J. Logan,tj logan,RB,RB,1994-09-03,,Active
4187,3125403,Brian Hill,brian hill,RB,RB,1995-11-09,,Active
4188,2976099,Damontae Kazee,damontae kazee,DB,DB,1993-06-05,,Active
4189,2975863,Eric Saubert,eric saubert,TE,TE,1994-05-09,SEA,Active
4191,3046287,Matt Milano,matt milano,LB,FRONT7,1994-07-28,,Active
4192,3051929,Corn Elder,corn elder,CB,DB,1994-10-09,,Active
4195,3050478,Jake Elliott,jake elliott,K,K,1995-01-21,PHI,Active
4197,3128724,Isaiah McKenzie,isaiah mckenzie,WR,WR,1995-04-09,,Active
4198,3061612,Jamal Agnew,jamal agnew,WR,WR,1995-04-03,,Active
4199,3042519,Aaron Jones,aaron jones,RB,RB,1994-12-02,MIN,Active
4200,3052470,DeAngelo Yancey,deangelo yancey,WR,WR,1994-11-18,,Active
4201,2985844,Treston Decoud,treston decoud,CB,DB,1993-08-01,,Inactive
4202,2976259,Nate Hairston,nate hairston,CB,DB,1994-06-30,,Active
4203,3045251,Anthony Walker,anthony walker,LB,FRONT7,1995-08-08,,Active
4204,2980639,Blair Brown,blair brown,OLB,FRONT7,1994-05-27,,Inactive
4205,2969922,Ukeme Eligwe,ukeme eligwe,LB,FRONT7,1994-04-27,,Inactive
4207,3115383,Davon Godchaux,davon godchaux,DT,FRONT7,1994-11-11,NO,Active
4208,3059918,Rodney Adams,rodney adams,WR,WR,1994-09-15,,Active
4210,2974324,Avery Moss,avery moss,DE,FRONT7,1994-09-16,,Active
4211,2584628,Dylan Donahue,dylan donahue,OLB,FRONT7,1992-08-20,,Inactive
4212,3039776,Marquel Lee,marquel lee,LB,FRONT7,1995-10-21,,Active
4213,3040475,Nate Gerry,nate gerry,LB,FRONT7,1995-02-23,,Active
4214,3042417,Shelton Gibson,shelton gibson,WR,WR,1994-03-20,,Active
4215,2971632,Brian Allen,brian allen,CB,DB,1993-10-21,,Active
4216,3040145,Desmond King,desmond king,DB,DB,1994-12-14,,Active
4217,3040151,George Kittle,george kittle,TE,TE,1993-10-09,SF,Active
4218,3040569,Trent Taylor,trent taylor,WR,WR,1994-04-30,,Active
4219,3127586,Jeremy McNichols,jeremy mcnichols,RB,RB,1995-12-26,WAS,Inactive
4220,3047559,Jayon Brown,jayon brown,LB,FRONT7,1995-02-26,,Inactive
4221,2980073,Jeremy Sprinkle,jeremy sprinkle,TE,TE,1994-08-10,,Inactive
4222,3123048,Brad Kaaya,brad kaaya,QB,QB,1995-09-03,,Inactive
4223,3051901,Rudy Ford,rudy ford,DB,DB,1994-11-01,,Active
4224,3045463,Chuck Clark,chuck clark,DB,DB,1995-04-19,DET,Active
4225,3042895,Tanner Vallejo,tanner vallejo,LB,FRONT7,1994-12-16,,Active
4226,4212884,Alex Armah,alex armah,FB,RB,1994-05-17,,Active
4227,3055899,Harrison Butker,harrison butker,K,K,1995-07-14,KC,Active
4228,3052660,Jordan Evans,jordan evans,LB,FRONT7,1995-01-27,CIN,Inactive
4229,2972331,Mason Schreck,mason schreck,TE,TE,1993-11-04,,Active
4230,2982632,Brandon Wilson,brandon wilson,DB,DB,1994-07-27,,Active
4231,3054950,Caleb Brantley,caleb brantley,DE,FRONT7,1994-09-02,,Inactive
4232,3051711,Matthew Dayes,matthew dayes,RB,RB,1994-09-03,,Inactive
4233,3043234,Zane Gonzalez,zane gonzalez,K,K,1995-05-07,,Inactive
4234,3121409,Noah Brown,noah brown,WR,WR,1996-01-06,,Active
4235,3895487,Jordan Carrell,jordan carrell,DT,FRONT7,1994-06-30,,Active
4236,3043112,Joey Ivie,joey ivie,DT,FRONT7,1995-01-22,,Active
4237,3045378,Marquez White,marquez white,CB,DB,1994-10-29,,Active
4238,3040572,Xavier Woods,xavier woods,DB,DB,1995-07-26,CHI,Active
4239,2968226,De'Angelo Henderson,de angelo henderson,RB,RB,1992-11-24,,Inactive
4240,3892689,Jeremiah Ledbetter,jeremiah ledbetter,DE,FRONT7,1994-06-02,,Active
4241,2980206,Pat O'Connor,pat o connor,DE,FRONT7,1993-11-01,,Active
4243,3115366,Malachi Dupre,malachi dupre,WR,WR,1995-10-12,,Inactive
4244,3918026,Devante Mays,devante mays,RB,RB,1994-05-26,,Inactive
4246,3040198,Jalen Myrick,jalen myrick,CB,DB,1995-02-27,,Inactive
4247,2985288,Marquez Williams,marquez williams,FB,RB,1994-07-16,,Inactive
4248,3043217,Leon McQuay,leon mcquay,FS,DB,1994-11-21,,Inactive
4249,2576666,Ejuan Price,ejuan price,OLB,FRONT7,1993-01-30,,Inactive
4250,3045472,Sam Rogers,sam rogers,FB,RB,1995-04-12,,Active
4251,3041112,Tanzel Smart,tanzel smart,DT,FRONT7,1994-11-06,,Active
4252,3124069,Isaiah Ford,isaiah ford,WR,WR,1996-02-09,,Inactive
4253,3046343,Vincent Taylor,vincent taylor,DT,FRONT7,1994-01-05,,Inactive
4254,3051923,Stacy Coley,stacy coley,WR,WR,1994-05-13,,Inactive
4255,3125073,Elijah Lee,elijah lee,LB,FRONT7,1996-02-08,,Active
4256,2974353,Ifeadi Odenigbo,ifeadi odenigbo,DE,FRONT7,1994-04-08,,Active
4257,3051737,Jack Tocho,jack tocho,FS,DB,1996-02-08,,Active
4259,3051942,Al-Quadin Muhammad,al quadin muhammad,DE,FRONT7,1995-03-28,TB,Active
4261,2977613,Jeremy Clark,jeremy clark,FS,DB,1994-06-29,,Inactive
4262,3051880,Derrick Jones,derrick jones,CB,DB,1994-12-04,,Inactive
4263,3042494,Elijah McGuire,elijah mcguire,RB,RB,1994-06-01,KC,Active
4264,2973027,Treyvon Hester,treyvon hester,DT,FRONT7,1992-09-21,,Active
4265,3116690,Elijah Hood,elijah hood,RB,RB,1995-04-22,,Inactive
4266,3894908,Shalom Luani,shalom luani,SS,DB,1994-08-05,,Active
4268,3052175,Elijah Qualls,elijah qualls,DT,FRONT7,1995-02-11,,Active
4269,3042773,Keion Adams,keion adams,OLB,FRONT7,1995-06-08,,Inactive
4271,3052894,Isaac Rochell,isaac rochell,DE,FRONT7,1995-04-22,,Active
4273,3919596,Chris Carson,chris carson,RB,RB,1994-09-16,,Active
4274,4212909,David Moore,david moore,WR,WR,1995-01-15,CAR,Active
4276,3056913,Mike Tyson,mike tyson,SS,DB,1993-07-27,,Inactive
4277,2971699,Adrian Colbert,adrian colbert,DB,DB,1993-10-06,,Active
4278,3894915,D.J. Jones,dj jones,DT,FRONT7,1995-01-19,DEN,Active
4279,3055105,Pita Taumoepenu,pita taumoepenu,LB,FRONT7,1994-03-09,,Active
4280,3052515,Stevie Tu'ikolovatu,stevie tu ikolovatu,NT,FRONT7,1991-06-28,,Active
4281,2971565,Josh Carraway,josh carraway,OLB,FRONT7,1994-04-13,,Inactive
4283,3052143,Khalfani Muhammad,khalfani muhammad,RB,RB,1994-09-26,,Active
4285,3042373,Robert Davis,robert davis,WR,WR,1995-04-02,,Active
4286,2977645,Josh Harvey-Clemons,josh harvey clemons,LB,FRONT7,1994-02-20,,Active
4287,2971036,Joshua Holsey,joshua holsey,CB,DB,1994-06-23,,Inactive
4289,3128362,Ishmael Zamora,ishmael zamora,WR,WR,1995-11-26,,Active
4292,2972155,Marcelis Branch,marcelis branch,SS,DB,1994-01-19,,Active
4294,2977689,Deante Burton,deante burton,CB,DB,1994-07-12,,Active
4296,2978065,JT Jones,jt jones,OLB,FRONT7,1993-11-12,,Active
4297,3892776,Jarnor Jones,jarnor jones,ILB,FRONT7,1994-04-29,,Active
4301,2979852,Josh Magee,josh magee,WR,WR,1991-10-01,,Inactive
4302,3043147,Quincy Mauger,quincy mauger,SS,DB,1995-03-04,,Active
4303,2971542,Jordan Moore,jordan moore,FS,DB,1993-12-13,,Inactive
4304,3042361,Chris Odom,chris odom,OLB,FRONT7,1994-09-16,,Inactive
4305,3049733,Tyler Renew,tyler renew,RB,RB,1994-10-20,,Active
4306,2975377,Taylor Reynolds,taylor reynolds,CB,DB,1994-02-05,,Active
4307,3049779,Alek Torgersen,alek torgersen,QB,QB,1995-01-13,,Active
4308,3073714,Deron Washington,deron washington,FS,DB,1993-05-03,,Active
4309,3045163,Scott Orndoff,scott orndoff,TE,TE,1993-12-16,,Active
4310,3045143,Terrish Webb,terrish webb,FS,DB,1995-09-07,,Active
4311,3051924,Jermaine Grace,jermaine grace,LB,FRONT7,1993-11-08,,Active
4312,2973601,Kevin Davis,kevin davis,ILB,FRONT7,1993-11-21,,Inactive
4314,3052096,Johnny Mundt,johnny mundt,TE,TE,1994-11-23,PHI,Active
4315,3053000,Casey Sayles,casey sayles,DE,FRONT7,1995-09-04,,Active
4316,2513231,Sae Tautu,sae tautu,OLB,FRONT7,1992-06-30,,Active
4317,3050096,Brandon Banks,brandon banks,DE,FRONT7,1994-07-13,,Inactive
4319,2978109,Zach Pascal,zach pascal,WR,WR,1994-12-18,,Active
4320,3040052,James Quick,james quick,WR,WR,1994-10-06,,Active
4322,2969103,Dalton Crossan,dalton crossan,RB,RB,1994-02-25,,Inactive
4323,3052166,Darrell Daniels,darrell daniels,TE,TE,1994-11-22,,Active
4324,2971233,Trey Griffey,trey griffey,WR,WR,1994-01-19,,Active
4326,3039720,Bug Howard,bug howard,TE,TE,1994-11-28,,Inactive
4327,3115399,Colin Jeter,colin jeter,TE,TE,1995-05-23,,Inactive
4328,3052561,Jerome Lane,jerome lane,WR,WR,1995-03-09,,Active
4330,2971830,JoJo Natson,jojo natson,WR,WR,1994-02-01,,Active
4332,3057998,Garrett Sickels,garrett sickels,DE,FRONT7,1994-09-24,,Inactive
4333,3928942,Jhaustin Thomas,jhaustin thomas,DT,FRONT7,1993-04-13,,Active
4335,3051308,P.J. Walker,pj walker,QB,QB,1995-02-26,,Active
4336,2978879,Christian Brown,christian brown,DE,FRONT7,1993-08-31,,Active
4338,2976222,Levern Jacobs,levern jacobs,WR,WR,1993-01-09,,Inactive
4340,2977620,Ondre Pipkins,ondre pipkins,DE,FRONT7,1994-02-25,,Active
4341,3892785,Fish Smithson,fish smithson,FS,DB,1994-03-18,,Inactive
4342,3051869,Quincy Adeboyejo,quincy adeboyejo,WR,WR,1995-05-26,,Inactive
4344,2973626,C.J. Board,cj board,WR,WR,1993-12-12,,Active
4345,2970256,Bam Bradley,bam bradley,ILB,FRONT7,1994-06-26,,Inactive
4346,3915787,Omarius Bryant,omarius bryant,NT,FRONT7,1994-10-26,,Active
4347,2986883,Daniel Henry,daniel henry,FS,DB,1994-08-30,BAL,Active
4349,3048680,Taquan Mizzell,taquan mizzell,RB,RB,1993-10-21,NYG,Inactive
4350,2978244,Ricky Ortiz,ricky ortiz,FB,RB,1994-04-15,,Active
4351,3134353,Tim Patrick,tim patrick,WR,WR,1993-11-23,NYJ,Inactive
4352,3048402,Donald Payne,donald payne,LB,FRONT7,1994-07-12,,Active
4353,2975417,Patrick Ricard,patrick ricard,FB,RB,1994-05-27,NYG,Active
4355,3915403,Tim White,tim white,WR,WR,1994-07-15,,Inactive
4356,3045122,Ben Boulware,ben boulware,ILB,FRONT7,1994-08-07,,Active
4357,2980098,Bryan Cox,bryan cox,DE,FRONT7,1994-06-25,,Active
4358,3050138,Austin Duke,austin duke,WR,WR,1993-08-03,,Active
4359,3052883,Cole Luke,cole luke,CB,DB,1995-06-30,,Active
4360,3044857,Fred Ross,fred ross,WR,WR,1995-05-19,,Inactive
4361,3057972,Brandon Bell,brandon bell,ILB,FRONT7,1995-01-09,,Inactive
4362,3040470,Cethan Carter,cethan carter,TE,TE,1995-09-05,,Inactive
4363,2979535,Demetrious Cox,demetrious cox,SS,DB,1994-04-20,,Inactive
4364,3060377,Karel Hamilton,karel hamilton,WR,WR,1995-03-30,,Active
4365,3042520,Darrin Laufasa,darrin laufasa,FB,RB,1995-05-06,,Active
4367,2979548,Monty Madaris,monty madaris,WR,WR,1993-09-08,,Active
4368,2978211,Hardy Nickerson,hardy nickerson,LB,FRONT7,1994-01-05,,Active
4371,2979632,Josh Tupou,josh tupou,DT,FRONT7,1994-05-02,NYG,Active
4372,3040644,Jarveon Williams,jarveon williams,RB,RB,1995-01-03,,Inactive
4373,3126338,Stanley Williams,stanley williams,RB,RB,1995-09-30,,Active
4374,4218143,Donatello Brown,donatello brown,CB,DB,1991-05-15,,Inactive
4375,3894927,Johnathan Calvin,johnathan calvin,DT,FRONT7,1993-11-28,,Inactive
4376,3931763,Michael Clark,michael clark,WR,WR,1995-10-26,,Inactive
4377,2973973,Montay Crockett,montay crockett,WR,WR,1993-12-11,,Inactive
4380,4212999,Cody Heiman,cody heiman,ILB,FRONT7,1993-11-19,,Active
4381,2468609,Taysom Hill,taysom hill,TE,TE,1990-08-23,,Active
4382,2972118,Izaah Lunsford,izaah lunsford,DE,FRONT7,1993-10-21,,Active
4384,2974029,Aaron Peck,aaron peck,TE,TE,1994-10-09,,Active
4385,3059488,Kalif Phillips,kalif phillips,RB,RB,1994-03-22,,Active
4386,2972562,Lenzy Pipkins,lenzy pipkins,CB,DB,1993-11-07,,Inactive
4389,2975680,Chase Allen,chase allen,OLB,FRONT7,1993-08-29,,Inactive
4391,2969957,Larry Hope,larry hope,CB,DB,1993-10-19,,Active
4392,2969967,Malcolm Lewis,malcolm lewis,WR,WR,1993-10-27,,Active
4393,2981511,Cameron Malveaux,cameron malveaux,DE,FRONT7,1994-09-22,,Active
4394,2574816,Praise Martin-Oguike,praise martin oguike,OLB,FRONT7,1993-08-30,,Inactive
4395,3058965,Torry McTyer,torry mctyer,CB,DB,1995-04-10,,Active
4396,3046438,Drew Morgan,drew morgan,WR,WR,1994-12-02,,Active
4397,4213004,Joby Saint Fleur,joby saint fleur,DE,FRONT7,1992-11-11,,Active
4398,3045199,De'Veon Smith,de veon smith,RB,RB,1994-11-08,,Inactive
4400,3054859,Maurice Smith,maurice smith,DB,DB,1995-06-14,,Active
4401,3052182,Damore'ea Stringfellow,damore ea stringfellow,WR,WR,1994-10-18,,Active
4402,3042726,Tashawn Bower,tashawn bower,DE,FRONT7,1995-02-18,,Active
4403,3059973,Dylan Bradley,dylan bradley,NT,FRONT7,1995-02-04,,Active
4405,2982936,Caleb Kidder,caleb kidder,DE,FRONT7,1994-02-04,,Active
4406,2977737,Wes Lunt,wes lunt,QB,QB,1993-10-07,,Active
4407,2972904,Sam McCaskill,sam mccaskill,DE,FRONT7,1994-03-18,,Active
4408,3040496,Terrell Newby,terrell newby,RB,RB,1995-07-25,,Active
4409,2979554,Josiah Price,josiah price,TE,TE,1993-07-19,,Active
4410,2980480,Horace Richardson,horace richardson,CB,DB,1993-09-28,,Active
4411,3052632,R.J. Shelton,rj shelton,WR,WR,1994-05-06,,Inactive
4412,3051815,Shaan Washington,shaan washington,ILB,FRONT7,1993-12-29,,Active
4413,3056916,Eric Wilson,eric wilson,LB,FRONT7,1994-09-26,MIN,Active
4414,3051846,Josh Augusta,josh augusta,NT,FRONT7,1994-08-24,,Active
4415,2972342,Adam Butler,adam butler,DT,FRONT7,1994-04-12,LV,Active
4416,2974339,Austin Carr,austin carr,WR,WR,1993-12-25,,Inactive
4418,3040143,LeShun Daniels,leshun daniels,RB,RB,1995-06-04,,Inactive
4419,3046430,Brooks Ellis,brooks ellis,OLB,FRONT7,1995-01-15,,Active
4420,3115443,Cody Hollister,cody hollister,WR,WR,1993-11-18,,Active
4421,3125404,Jacob Hollister,jacob hollister,TE,TE,1993-11-18,,Active
4423,2969018,David Jones,david jones,FS,DB,1993-12-04,,Active
4424,3054031,D.J. Killings,dj killings,CB,DB,1995-08-09,,Inactive
4426,2570996,Harvey Langi,harvey langi,LB,FRONT7,1992-09-24,,Active
4427,4218312,Kenny Moore,kenny moore,CB,DB,1995-08-23,PHI,Active
4429,2976526,Dwayne Thomas,dwayne thomas,CB,DB,1993-08-22,,Active
4430,2976184,Jason Thompson,jason thompson,SS,DB,1994-04-21,,Active
4431,2970724,Damarius Travis,damarius travis,SS,DB,1994-04-19,,Active
4432,3044733,Corey Vereen,corey vereen,DE,FRONT7,1995-06-15,,Inactive
4433,3045642,Xavier Coleman,xavier coleman,CB,DB,1995-01-13,,Inactive
4434,3039738,Brisly Estime,brisly estime,WR,WR,1992-12-10,,Active
4435,3049698,Anthony Firkser,anthony firkser,TE,TE,1995-02-19,,Inactive
4436,2971497,Patrick Gamble,patrick gamble,DE,FRONT7,1994-02-02,,Active
4437,4081808,Connor Harris,connor harris,FB,RB,1993-06-22,,Active
4439,3048663,Breon Borders,breon borders,CB,DB,1995-07-22,,Active
4440,2971696,Paul Boyette,paul boyette,DE,FRONT7,1993-12-16,,Inactive
4442,2981846,Fadol Brown,fadol brown,DE,FRONT7,1993-04-15,,Active
4443,2971281,Pharaoh Brown,pharaoh brown,TE,TE,1994-05-04,IND,Active
4444,3047486,Anthony Cioffi,anthony cioffi,CB,DB,1994-08-26,,Active
4445,2980061,Keon Hatcher,keon hatcher,WR,WR,1994-09-11,,Active
4446,2985457,Chris Humes,chris humes,SS,DB,1994-07-31,,Active
4447,3042721,Rickey Jefferson,rickey jefferson,SS,DB,1994-12-28,,Active
4449,4232830,Nicholas Morrow,nicholas morrow,LB,FRONT7,1995-07-10,,Active
4451,3894883,Isaac Whitney,isaac whitney,WR,WR,1994-06-22,ARI,Inactive
4452,3042370,Xavier Woodson,xavier woodson,OLB,FRONT7,1995-08-06,,Inactive
4453,3056476,Victor Bolden,victor bolden,WR,WR,1995-04-04,,Active
4454,3045523,Kendrick Bourne,kendrick bourne,WR,WR,1995-08-04,ARI,Active
4455,3049916,Matt Breida,matt breida,RB,RB,1995-02-28,,Active
4456,3128348,K.D. Cannon,kd cannon,WR,WR,1995-11-05,,Active
4458,4232831,Zach Franklin,zach franklin,CB,DB,1994-02-14,,Inactive
4459,3052109,Jimmie Gilbert,jimmie gilbert,OLB,FRONT7,1994-11-09,,Active
4460,2968204,Cole Hikutini,cole hikutini,TE,TE,1994-06-11,,Inactive
4461,3050534,Lorenzo Jerome,lorenzo jerome,FS,DB,1995-01-20,,Inactive
4463,3040036,Tyler McCloskey,tyler mccloskey,RB,RB,1994-08-11,,Active
4464,3059989,Nick Mullens,nick mullens,QB,QB,1995-03-21,JAX,Active
4465,2971440,Donavin Newsom,donavin newsom,ILB,FRONT7,1993-10-13,,Active
4466,2976647,Noble Nwachukwu,noble nwachukwu,DT,FRONT7,1994-11-30,,Active
4468,4081127,Antony Auclair,antony auclair,TE,TE,1993-05-28,,Active
4469,2971373,Richie Brown,richie brown,OLB,FRONT7,1994-04-15,,Inactive
4470,2979532,Riley Bullough,riley bullough,ILB,FRONT7,1993-11-23,,Inactive
4471,2979525,Reese Fleming,reese fleming,CB,DB,1993-12-06,,Inactive
4473,2973659,Alex Gray,alex gray,FS,DB,1993-09-15,,Active
4475,3052118,Sefo Liufau,sefo liufau,QB,QB,1994-10-29,,Inactive
4476,2979515,Greg Mabin,greg mabin,CB,DB,1994-06-25,,Active
4477,,Paul Magloire,paul magloire,ILB,FRONT7,1992-12-16,,Inactive
4478,3042884,Jonathan Moxey,jonathan moxey,CB,DB,1995-01-14,,Active
4479,3042890,Thomas Sperbeck,thomas sperbeck,WR,WR,1994-10-21,,Active
4480,3045380,Bobo Wilson,bobo wilson,WR,WR,1995-01-25,,Active
4482,3938889,Gabriel Mass,gabriel mass,DT,FRONT7,1992-03-04,,Active
4483,2967751,Josh Letuligasenoa,josh letuligasenoa,LB,FRONT7,1994-02-02,,Active
4484,3140807,Raysean Pringle,raysean pringle,SS,DB,1993-08-31,,Active
4485,3054030,William Stanback,william stanback,RB,RB,1994-07-06,,Active
4486,2219753,David Talley,david talley,OLB,FRONT7,1994-11-09,,Active
4487,2972063,Aaron Taylor,aaron taylor,S,DB,1993-12-25,,Active
4488,3058833,Devin Chappell,devin chappell,FS,DB,1994-05-14,,Active
4489,2980460,Gehrig Dieter,gehrig dieter,WR,WR,1993-02-24,,Active
4490,3053039,Wyatt Houston,wyatt houston,TE,TE,1994-06-21,CAR,Active
4491,3046399,Marcus Kemp,marcus kemp,WR,WR,1995-08-14,,Active
4492,2977735,Ashton Lampkin,ashton lampkin,CB,DB,1994-01-10,,Active
4494,2974323,Alonzo Moore,alonzo moore,WR,WR,1992-11-10,,Inactive
4495,2982928,J.R. Nelson,jr nelson,CB,DB,1993-11-30,,Inactive
4496,3046342,Jordan Sterns,jordan sterns,FS,DB,1994-05-28,,Active
4497,3051897,Tony Stevens,tony stevens,WR,WR,1995-03-14,,Active
4498,3051859,Aarion Penton,aarion penton,CB,DB,1994-09-03,,Active
4501,3121581,Devaroe Lawrence,devaroe lawrence,DT,FRONT7,1992-10-13,,Active
4503,3916144,Arthur Maulet,arthur maulet,CB,DB,1993-07-13,,Active
4504,2982839,John Robinson-Woodgett,john robinson woodgett,RB,RB,1993-08-01,,Active
4508,2978344,Gabe Marks,gabe marks,WR,WR,1994-08-06,,Active
4509,2969917,Chris Casher,chris casher,OLB,FRONT7,1993-12-30,,Active
4511,2972232,LaTroy Lewis,latroy lewis,OLB,FRONT7,1993-11-09,,Inactive
4512,2971499,Francis Kallon,francis kallon,DE,FRONT7,1994-02-02,,Active
4513,3040065,Keith Kelsey,keith kelsey,ILB,FRONT7,1995-03-17,,Active
4514,2972901,Chanceller James,chanceller james,SS,DB,1994-09-26,,Active
4515,2567879,B.J. Johnson,bj johnson,WR,WR,1993-02-22,,Active
4517,2469470,Ricky Ali'ifua,ricky ali ifua,DT,FRONT7,1991-12-02,,Active
4518,3931761,Emanuel Byrd,emanuel byrd,TE,TE,1994-12-09,,Inactive
4519,3128267,Devine Redding,devine redding,RB,RB,1996-02-05,,Active
4520,2976557,Travin Dural,travin dural,WR,WR,1993-11-19,,Active
4521,3052462,Evan Panfil,evan panfil,DE,FRONT7,1995-03-31,,Inactive
4522,2982809,Carlton Agudosi,carlton agudosi,WR,WR,1994-02-01,,Inactive
4524,2973956,Ironhead Gallon,ironhead gallon,SS,DB,1994-01-18,,Active
4525,3128786,De'Chavon Hayes,de chavon hayes,CB,DB,1992-07-18,,Inactive
4526,4198679,Krishawn Hogan,krishawn hogan,WR,WR,1995-05-12,,Active
4527,3045851,Tre'von Johnson,tre von johnson,OLB,FRONT7,1995-02-10,,Inactive
4528,2976593,Trevor Knight,trevor knight,QB,QB,1993-10-03,,Active
4529,2970264,Ryan Lewis,ryan lewis,CB,DB,1994-04-15,,Inactive
4531,3051806,Ricky Seals-Jones,ricky seals jones,TE,TE,1995-03-15,,Inactive
4532,3045278,Sojourn Shelton,sojourn shelton,CB,DB,1994-12-25,,Inactive
4533,2970017,James Summers,james summers,RB,RB,1994-06-12,,Active
4534,3122879,Pasoni Tasini,pasoni tasini,DE,FRONT7,1993-05-31,,Inactive
4535,3910617,Steven Wroblewski,steven wroblewski,TE,TE,1992-11-20,,Active
4536,2972240,Jason Croom,jason croom,TE,TE,1994-02-28,,Active
4537,2972311,Jordan Johnson,jordan johnson,RB,RB,1994-05-21,,Active
4538,3894931,Marquavius Lewis,marquavius lewis,DT,FRONT7,1992-10-11,,Inactive
4541,2974328,Brandon Reilly,brandon reilly,WR,WR,1993-09-24,,Inactive
4542,3050615,B.T. Sanders,bt sanders,SS,DB,1995-06-29,,Active
4543,4220625,Marcus Sayles,marcus sayles,CB,DB,1994-10-01,,Active
4544,3042428,Daikiel Shorts,daikiel shorts,WR,WR,1994-10-06,,Active
4545,3040071,Keith Towbridge,keith towbridge,TE,TE,1995-05-21,,Active
4547,2970111,Nigel Williams,nigel williams,DT,FRONT7,1993-12-20,,Active
4548,3047969,Joel Bouagnon,joel bouagnon,RB,RB,1995-03-28,,Active
4550,3040186,Hendrick Ekpe,hendrick ekpe,OLB,FRONT7,1995-06-30,,Active
4551,3043841,Tanner Gentry,tanner gentry,WR,WR,1994-12-18,,Active
4552,3043197,Isaiah Irving,isaiah irving,LB,FRONT7,1994-06-09,,Inactive
4555,2971658,Andy Phillips,andy phillips,K,K,1989-05-18,,Active
4556,3066097,Alex Scearce,alex scearce,OLB,FRONT7,1994-06-03,,Active
4557,3045375,Freddie Stevenson,freddie stevenson,FB,RB,1995-04-12,,Active
4558,2970622,B.J. Bello,bj bello,LB,FRONT7,1994-10-31,,Active
4559,2972940,Ladell Fleming,ladell fleming,LB,FRONT7,1994-02-01,,Active
4560,2980419,J.D. Harmon,jd harmon,CB,DB,1994-01-18,,Active
4561,2976220,Alvin Hill,alvin hill,CB,DB,1994-01-28,,Active
4562,2976300,Jamal Marcus,jamal marcus,LB,FRONT7,1994-08-17,,Inactive
4563,2976620,Taylor McNamara,taylor mcnamara,TE,TE,1994-08-12,,Active
4564,3053804,Kai Nacua,kai nacua,DB,DB,1995-03-03,,Active
4565,3052120,Kenneth Olugbode,kenneth olugbode,ILB,FRONT7,1995-09-19,,Active
4566,2986781,Karter Schult,karter schult,DE,FRONT7,1993-12-21,,Active
4567,3045202,Channing Stribling,channing stribling,CB,DB,1994-11-21,,Active
4568,2970085,Woody Baron,woody baron,DT,FRONT7,1993-08-08,,Active
4569,3049891,Brian Brown,brian brown,WR,WR,1994-10-22,,Active
4570,3049574,Kennan Gilchrist,kennan gilchrist,OLB,FRONT7,1994-09-16,,Active
4571,2991767,Blake Jarwin,blake jarwin,TE,TE,1994-07-16,,Active
4572,2974344,Joe Jones,joe jones,LB,FRONT7,1994-02-21,,Active
4573,3042744,Lewis Neal,lewis neal,DT,FRONT7,1995-05-17,,Inactive
4574,2972515,Cooper Rush,cooper rush,QB,QB,1993-11-21,ATL,Active
4576,3051315,Jahad Thomas,jahad thomas,RB,RB,1995-11-06,,Inactive
4577,2976185,Lucas Wacha,lucas wacha,OLB,FRONT7,1993-05-20,,Active
4579,3040468,Josh Banderas,josh banderas,OLB,FRONT7,1995-02-22,DEN,Active
4580,2977685,Dante Barnett,dante barnett,FS,DB,1993-06-14,,Active
4581,2980586,Jerrol Garcia-Williams,jerrol garcia williams,ILB,FRONT7,1993-12-24,,Inactive
4582,3047555,Deon Hollins,deon hollins,OLB,FRONT7,1994-11-05,,Active
4584,3045154,Tyrique Jarrett,tyrique jarrett,NT,FRONT7,1994-02-16,,Inactive
4585,2969894,Anthony Nash,anthony nash,WR,WR,1993-09-20,,Active
4586,3050490,Dontrell Nelson,dontrell nelson,CB,DB,1995-06-25,,Active
4587,2971592,Marcus Rios,marcus rios,CB,DB,1994-10-25,,Inactive
4588,2972092,Kyle Sloter,kyle sloter,QB,QB,1994-02-07,,Active
4589,3045152,Shakir Soto,shakir soto,DE,FRONT7,1994-02-12,,Active
4590,2978946,Orion Stewart,orion stewart,SS,DB,1994-01-10,,Active
4591,3045206,Dymonte Thomas,dymonte thomas,FS,DB,1993-11-30,,Inactive
4593,3059165,Brandon Barnes,brandon barnes,TE,TE,1994-05-31,,Active
4594,2976114,Alex Barrett,alex barrett,DE,FRONT7,1994-03-06,,Active
4595,2970410,Dontez Ford,dontez ford,WR,WR,1994-02-03,,Active
4596,2979825,Tion Green,tion green,RB,RB,1993-12-14,,Inactive
4599,2978279,Michael Rector,michael rector,WR,WR,1993-12-16,,Active
4600,3045194,Noel Thomas,noel thomas,WR,WR,1994-09-18,,Active
4601,2969716,Josh Thornton,josh thornton,CB,DB,1992-11-24,,Active
4602,2975674,Robert Tonyan,robert tonyan,TE,TE,1994-04-30,PIT,Active
4603,2976151,Jeremiah Valoaga,jeremiah valoaga,DE,FRONT7,1994-11-15,,Active
4604,3008150,Eli Ankou,eli ankou,DT,FRONT7,1994-06-08,,Active
4605,2971280,Evan Baylis,evan baylis,TE,TE,1993-11-18,,Active
4606,2986109,Dylan Cole,dylan cole,LB,FRONT7,1994-05-19,,Active
4607,2979985,Zach Conque,zach conque,QB,QB,1994-04-22,,Active
4608,3052088,T.J. Daniel,tj daniel,DE,FRONT7,1994-04-05,,Active
4609,2977636,Matthew Godin,matthew godin,DE,FRONT7,1993-09-30,,Active
4610,2971543,Deante' Gray,deante gray,WR,WR,1994-02-27,,Active
4611,2970625,Justin Hardee,justin hardee,CB,DB,1994-02-07,,Active
4612,2971436,Rickey Hatley,rickey hatley,DT,FRONT7,1994-03-29,,Inactive
4613,2565330,Shaq Hill,shaq hill,WR,WR,1993-05-12,,Active
4614,2988624,Riley McCarron,riley mccarron,WR,WR,1993-06-16,,Inactive
4615,2971997,Dayon Pratt,dayon pratt,OLB,FRONT7,1993-04-23,,Active
4616,2971022,Gimel President,gimel president,OLB,FRONT7,1993-06-04,,Inactive
4617,4220624,Daniel Ross,daniel ross,DT,FRONT7,1993-03-15,,Active
4618,3047516,Malik Smith,malik smith,SS,DB,1995-08-28,,Inactive
4619,2973647,Dee Virgin,dee virgin,DB,DB,1993-10-29,,Active
4620,2976268,Avery Williams,avery williams,OLB,FRONT7,1994-09-02,,Active
4621,2971695,Caleb Bluiett,caleb bluiett,TE,TE,1993-10-06,,Active
4622,3071572,Keelan Cole,keelan cole,WR,WR,1993-04-20,,Active
4623,3930272,Tim Cook,tim cook,RB,RB,1994-04-19,,Active
4624,3055901,P.J. Davis,pj davis,ILB,FRONT7,1995-01-22,,Active
4625,2971636,Hunter Dimick,hunter dimick,OLB,FRONT7,1993-10-29,,Active
4626,2976215,Amba Etta-Tawo,amba etta tawo,WR,WR,1993-11-10,,Active
4628,2982778,Justin Horton,justin horton,OLB,FRONT7,1994-02-25,,Active
4629,3124899,Tueni Lupeamanu,tueni lupeamanu,DT,FRONT7,1995-04-14,,Active
4630,2980384,I'Tavius Mathers,i tavius mathers,RB,RB,1993-11-19,,Active
4631,3049640,Charlie Miller,charlie miller,FS,DB,1994-05-15,,Active
4632,3115911,Carroll Phillips,carroll phillips,DE,FRONT7,1992-09-02,,Active
4633,2979555,Ezra Robinson,ezra robinson,CB,DB,1994-02-19,,Active
4634,2971595,Kenneth Walker,kenneth walker,WR,WR,1994-04-01,,Active
4635,3043216,Justin Davis,justin davis,RB,RB,1995-11-11,,Inactive
4636,2974712,Lenard Tillery,lenard tillery,RB,RB,1993-12-09,,Active
4637,2971986,DaShaun Amos,dashaun amos,CB,DB,1994-09-20,,Inactive
4638,2970137,Josh Banks,josh banks,DT,FRONT7,1994-06-13,,Active
4640,3045119,Jadar Johnson,jadar johnson,FS,DB,1995-06-29,,Active
4641,3048701,Keeon Johnson,keeon johnson,WR,WR,1994-12-31,,Active
4643,3047530,Calvin Munson,calvin munson,LB,FRONT7,1994-12-27,,Active
4644,3122935,Travis Rudolph,travis rudolph,WR,WR,1995-09-15,,Inactive
4645,2979600,Evan Schwan,evan schwan,DE,FRONT7,1994-06-28,,Inactive
4646,2981212,Shane Smith,shane smith,FB,RB,1993-08-21,,Inactive
4647,2980120,Colin Thompson,colin thompson,TE,TE,1993-12-15,,Active
4648,3039916,Nigel Tribune,nigel tribune,CB,DB,1995-08-07,,Active
4650,3957543,Billy Brown,billy brown,TE,TE,1993-03-20,,Active
4651,3045260,Corey Clement,corey clement,RB,RB,1994-11-02,,Active
4652,3049895,Winston Craig,winston craig,DE,FRONT7,1995-07-25,,Active
4653,2971575,Randall Goforth,randall goforth,FS,DB,1994-01-27,,Active
4656,3957450,Tre Sullivan,tre sullivan,SS,DB,1994-12-21,,Inactive
4658,3892777,Jamal Perry,jamal perry,CB,DB,1994-10-23,,Active
4659,2971402,Nelson Adams,nelson adams,DE,FRONT7,1994-02-16,,Active
4660,2971426,Sean Culkin,sean culkin,TE,TE,1993-06-11,,Inactive
4661,3053795,Michael Davis,michael davis,CB,DB,1995-01-06,,Active
4663,3068267,Austin Ekeler,austin ekeler,RB,RB,1995-05-17,WAS,Active
4664,3051368,Nigel Harris,nigel harris,ILB,FRONT7,1994-12-07,,Active
4665,2983314,Eli Jenkins,eli jenkins,QB,QB,1994-08-07,,Active
4666,3049899,Younghoe Koo,younghoe koo,K,K,1994-08-03,,Active
4667,3052414,Charmeachealle Moore,charmeachealle moore,OLB,FRONT7,1993-01-30,,Inactive
4668,3052889,James Onwualu,james onwualu,LB,FRONT7,1994-09-04,,Injured Reserve
4669,3047504,Andre Patton,andre patton,WR,WR,1994-05-28,,Active
4670,3122839,Artavis Scott,artavis scott,WR,WR,1994-10-12,,Active
4671,3892783,Brandon Stewart,brandon stewart,CB,DB,1994-01-29,,Active
4672,3039771,Brad Watson,brad watson,CB,DB,1995-08-20,,Active
4673,2513199,Algernon Brown,algernon brown,FB,RB,1991-11-26,,Active
4674,3115459,Jeremy Liggins,jeremy liggins,DT,FRONT7,1993-03-31,,Active
4675,2980070,Otha Peters,otha peters,ILB,FRONT7,1994-02-27,,Inactive
4676,2971617,Darreus Rogers,darreus rogers,WR,WR,1993-09-03,,Active
4678,3046705,Tyrone Swoopes,tyrone swoopes,TE,TE,1994-11-14,,Active
4679,3042536,Nick Usher,nick usher,OLB,FRONT7,1995-01-22,,Active
4680,2581999,Larry Clark,larry clark,WR,WR,1993-05-08,,Active
4681,3043134,Reggie Davis,reggie davis,WR,WR,1995-11-22,,Inactive
4682,3933340,Randy Allen,randy allen,OLB,FRONT7,1993-08-04,,Active
4683,3042451,Aaron Bailey,aaron bailey,QB,QB,,BAL,Active
4684,3057517,Jaylen Hill,jaylen hill,CB,DB,1994-05-26,,Inactive
4686,2576910,Anthony Harrell,anthony harrell,ILB,FRONT7,1993-03-15,,Active
4687,2976223,Abner Logan,abner logan,LB,FRONT7,1993-07-24,,Active
4688,2976302,Najee Murray,najee murray,CB,DB,1994-04-21,,Active
4689,3051925,Jamal Carter,jamal carter,DB,DB,1994-04-12,,Inactive
4690,2970091,Ken Ekanem,ken ekanem,OLB,FRONT7,1994-04-08,,Active
4691,2973649,Dante Blackmon,dante blackmon,CB,DB,1993-09-28,,Active
4692,2986898,Tyson Graham,tyson graham,SS,DB,1993-12-20,,Active
4694,2976633,Jarrod Harper,jarrod harper,SS,DB,1994-03-28,,Active
4695,3040491,Kevin Maurice,kevin maurice,DT,FRONT7,1993-06-07,,Active
4696,2970090,Trey Edmunds,trey edmunds,RB,RB,1994-12-30,,Active
4697,3049325,Khalid Abdullah,khalid abdullah,RB,RB,1995-05-14,,Active
4698,3049852,Trey Robinson,trey robinson,FS,DB,1994-12-30,,Active
4699,3949031,Kevin Snead,kevin snead,WR,WR,1991-11-22,,Active
4700,3053776,Marcus McWilson,marcus mcwilson,FS,DB,1994-08-09,,Active
4702,3929030,Jeremy Boykins,jeremy boykins,CB,DB,1995-05-29,,Active
4703,2970203,DeAngelo Brown,deangelo brown,NT,FRONT7,1994-02-14,,Active
4704,3040520,Tyler Ferguson,tyler ferguson,QB,QB,1994-01-07,,Active
4705,2974235,John Green,john green,CB,DB,1993-11-12,,Active
4706,3040009,Denzel Johnson,denzel johnson,SS,DB,1994-09-16,,Active
4707,3128756,Akeem Judd,akeem judd,RB,RB,1992-12-11,,Inactive
4708,2972052,KeVonn Mabon,kevonn mabon,WR,WR,1993-10-02,,Active
4710,3116662,Gio Pascascio,gio pascascio,WR,WR,1994-11-10,,Active
4712,3117315,Johnny Ragin,johnny ragin,ILB,FRONT7,1995-02-08,,Active
4713,2582099,C.J. Robbins,cj robbins,DE,FRONT7,1993-07-02,,Active
4714,3932122,Tevin Homer,tevin homer,CB,DB,1995-03-13,,Active
4715,2972022,Darnell Leslie,darnell leslie,DE,FRONT7,1994-05-16,,Active
4717,2969856,Bryce Jones,bryce jones,CB,DB,1994-08-20,,Active
4718,2983509,Dare Ogunbowale,dare ogunbowale,RB,RB,1994-05-04,HOU,Active
4719,3054970,Chris Thompson,chris thompson,WR,WR,1994-05-09,,Inactive
4720,3052502,Dominique Hatfield,dominique hatfield,CB,DB,1994-12-13,,Inactive
4721,3050670,Shakeir Ryan,shakeir ryan,WR,WR,1995-08-11,,Active
4723,2971471,Justin Thomas,justin thomas,WR,WR,1991-09-15,,Active
4724,3045149,Matt Galambos,matt galambos,ILB,FRONT7,1995-03-21,,Active
4725,2973301,Phazahn Odom,phazahn odom,TE,TE,1994-06-08,,Active
4726,3041099,Nico Marley,nico marley,LB,FRONT7,1995-01-05,,Active
4727,2979495,Mitchell Paige,mitchell paige,WR,WR,1993-07-19,,Active
4728,2977804,Bart Houston,bart houston,QB,QB,1992-12-16,,Active
4730,2974307,Sam Cotton,sam cotton,TE,TE,1994-01-27,,Active
4731,2972498,Joe Bacci,joe bacci,FB,RB,1994-04-25,,Active
4732,2971380,A.J. Jefferson,aj jefferson,DE,FRONT7,1993-03-03,,Active
4733,4227184,Alex Gray,alex gray,TE,TE,1991-05-01,,Inactive
4734,2575516,Ezekiel Bigger,ezekiel bigger,OLB,FRONT7,1992-11-06,,Active
4735,3049426,Alex Jenkins,alex jenkins,DE,FRONT7,1993-01-15,,Inactive
4736,2976179,Eric Nzeocha,eric nzeocha,OLB,FRONT7,1993-04-01,,Inactive
4737,2578440,Jordan Simone,jordan simone,SS,DB,1992-07-21,,Active
4738,3053805,Colby Pearson,colby pearson,WR,WR,1995-01-19,,Active
4739,2970711,Jack Lynn,jack lynn,OLB,FRONT7,1993-08-06,,Active
4740,3044776,William Likely,william likely,CB,DB,1994-09-13,,Active
4741,4212989,Dan Arnold,dan arnold,TE,TE,1995-03-15,,Active
4743,2972235,Daniel Gray,daniel gray,CB,DB,,,Active
4744,,Barrett Burns,barrett burns,TE,TE,1994-03-16,BAL,Active
4745,3145559,Daquan Holmes,daquan holmes,FS,DB,,,Active
4746,2978943,Ryan Reid,ryan reid,CB,DB,1994-05-24,,Active
4747,2970133,Stevie Donatell,stevie donatell,TE,TE,1994-03-05,,Active
4749,2977776,Cameron Posey,cameron posey,WR,WR,1993-10-27,,Active
4750,3049249,Lance Lenoir,lance lenoir,WR,WR,1995-02-09,,Active
4751,3058033,Manny Abad,manny abad,CB,DB,,,Active
4752,2971397,Fred Brown,fred brown,WR,WR,1993-12-01,,Active
4755,2977706,Charmeachealle Moore,charmeachealle moore,LB,FRONT7,1993-01-30,,Active
4761,3057876,Brady Sheldon,brady sheldon,LB,FRONT7,1993-02-23,,Active
4765,3042478,Chunky Clements,chunky clements,NT,FRONT7,1994-12-03,,Inactive
4766,2971659,Reggie Porter,reggie porter,CB,DB,1994-07-13,,Inactive
4767,2972420,Dane Evans,dane evans,QB,QB,1993-11-19,,Active
4768,4242607,Adam Zaruba,adam zaruba,TE,TE,1991-03-03,,Inactive
4769,3049736,Tevin Floyd,tevin floyd,LB,FRONT7,,,Inactive
4770,,Duplicate Player,duplicate player,WR,WR,1989-07-27,,Inactive
4772,3933060,Dejaun Butler,dejaun butler,CB,DB,1994-02-02,,Active
4774,3050667,De'Mard Llorens,de mard llorens,RB,RB,1994-02-01,,Active
4775,2517777,David Olson,david olson,QB,QB,,,Inactive
4777,,De'Chavon Hayes,de chavon hayes,RB,RB,1992-07-18,,Active
4778,2979174,Reggie Davis,reggie davis,WR,WR,1995-11-22,,Inactive
4779,3051708,Bra'Lon Cherry,bra lon cherry,WR,WR,1995-07-24,,Active
4780,3049645,Folarin Orimolade,folarin orimolade,OLB,FRONT7,1995-11-23,,Active
4781,2979584,Malik Golden,malik golden,SS,DB,1993-04-27,,Active
4783,2978260,Noor Davis,noor davis,OLB,FRONT7,1994-12-15,,Active
4784,3045379,Levonte Whitfield,levonte whitfield,WR,WR,,,Inactive
4785,,Kermit Whitfield,kermit whitfield,WR,WR,1993-10-08,,Active
4786,2977745,Jhajuan Seales,jhajuan seales,WR,WR,1993-11-26,,Active
4787,2974334,Jordan Westerkamp,jordan westerkamp,WR,WR,1994-06-23,,Active
4788,,Duplicate Player,duplicate player,CB,DB,1994-07-23,,Inactive
4789,4058338,Jarell Carter,jarell carter,CB,DB,1995-08-07,,Active
4790,3045283,Robert Wheelwright,robert wheelwright,WR,WR,,,Active
4791,3049987,Darius Victor,darius victor,RB,RB,1994-03-18,,Active
4792,3048922,Jonathan Walton,jonathan walton,OLB,FRONT7,1994-09-20,,Active
4793,,Peli Anau,peli anau,DE,FRONT7,1993-10-26,,Active
4794,,Tommy Armstrong Jr.,tommy armstrong,QB,QB,,,Inactive
4795,3119465,Siupeli Anau,siupeli anau,DT,FRONT7,,,Inactive
4797,2972140,Josh Rounds,josh rounds,RB,RB,1993-10-11,,Active
4798,3939055,C.J. Germany,cj germany,WR,WR,,,Active
4799,3052751,Jeremy Faulk,jeremy faulk,DT,FRONT7,1993-09-13,,Active
4803,2971581,Nate Iese,nate iese,TE,TE,1994-09-25,,Active
4805,3122122,Pig Howard,pig howard,WR,WR,1993-03-09,,Active
4806,2970183,Brandon Radcliff,brandon radcliff,RB,RB,1993-03-18,,Active
4807,2987239,Mike Estes,mike estes,TE,TE,,,Active
4808,3892697,Maurice Swain,maurice swain,DT,FRONT7,1995-07-25,,Active
4811,2982304,Austin Calitro,austin calitro,LB,FRONT7,1994-01-10,,Active
4812,3052541,Terence Waugh,terence waugh,LB,FRONT7,,,Active
4813,2969915,Marvin Bracy,marvin bracy,WR,WR,1993-12-15,,Active
4814,3912558,De'Quan Hampton,de quan hampton,WR,WR,1994-04-18,,Active
4815,3061572,Brian Riley,brian riley,WR,WR,1995-08-22,,Active
4816,2576972,Christian French,christian french,OLB,FRONT7,1992-08-18,,Active
4817,2977767,Jimmy Herman,jimmy herman,OLB,FRONT7,1993-12-28,,Active
4819,2973627,Keionta Davis,keionta davis,DE,FRONT7,1994-03-01,,Inactive
4820,3049271,David Rivers,david rivers,CB,DB,1994-07-23,,Inactive
4821,3060040,Jamari Staples,jamari staples,WR,WR,1994-09-10,,Active
4822,3044723,Malik Foreman,malik foreman,CB,DB,1995-06-30,,Active
4823,3052797,Keevan Lucas,keevan lucas,WR,WR,1995-04-10,,Active
4824,2574530,Duplicate Player,duplicate player,CB,DB,1992-08-03,,Inactive
4825,12637,Freddie Brown,freddie brown,WR,WR,1986-06-24,,Inactive
4827,2977663,Germone Hopper,germone hopper,WR,WR,1993-10-22,,Active
4828,3049329,Rashard Davis,rashard davis,WR,WR,1995-09-14,,Active
4829,3060347,Daniel Williams,daniel williams,WR,WR,1995-08-06,,Active
4830,2978045,Austin Gearing,austin gearing,LB,FRONT7,1994-07-08,,Active
4831,3050824,Justice Liggins,justice liggins,WR,WR,1994-12-14,,Active
4832,2976147,Andrew Price,andrew price,TE,TE,1993-09-08,,Active
4834,3053997,Rodney Butler,rodney butler,LB,FRONT7,,,Active
4835,3051759,Darrius Sims,darrius sims,RB,RB,1994-10-26,,Active
4837,2984050,Carlos Davis,carlos davis,DT,FRONT7,1993-12-30,,Active
4839,2970710,Mitch Leidner,mitch leidner,QB,QB,1994-01-17,,Active
4840,,Reese Fleming,reese fleming,CB,DB,1993-12-06,,Inactive
4841,4255255,Whitney Richardson,whitney richardson,DE,FRONT7,1992-07-26,,Active
4842,3933013,Tyquwan Glass,tyquwan glass,CB,DB,,,Active
4843,4069948,Willie Mays,willie mays,LB,FRONT7,,,Active
4844,3052304,Elijah Mitchell,elijah mitchell,CB,DB,1995-03-31,,Active
4845,2969946,Antonio Crawford,antonio crawford,CB,DB,1994-02-02,,Active
4847,3039715,Mikey Bart,mikey bart,DE,FRONT7,1995-03-26,,Active
4849,4257567,Armagedon Draughn,armagedon draughn,FS,DB,1994-04-06,,Active
4850,2981213,Christian Tago,christian tago,OLB,FRONT7,1994-01-15,,Active
4853,,Jerod Evans,jerod evans,QB,QB,1994-01-16,,Active
4854,3052056,River Cracraft,river cracraft,WR,WR,1994-11-01,,Inactive
4855,,Simeon Rice,simeon rice,DE,FRONT7,,,Inactive
4859,3042403,Ahmad Thomas,ahmad thomas,ILB,FRONT7,1994-12-15,,Active
4861,2980119,Kent Taylor,kent taylor,TE,TE,1993-11-29,,Active
4863,3886377,Josh Rosen,josh rosen,QB,QB,1997-02-10,,Active
4864,3007919,Jevoni Robinson,jevoni robinson,TE,TE,1992-11-16,,Inactive
4866,3929630,Saquon Barkley,saquon barkley,RB,RB,1997-02-09,PHI,Active
4874,3123306,Chris Bazile,chris bazile,TE,TE,1991-10-25,,Active
4878,4294520,Brandon Zylstra,brandon zylstra,WR,WR,1993-03-25,,Active
4879,,Francis Owusu,francis owusu,WR,WR,1994-12-27,,Inactive
4881,3916387,Lamar Jackson,lamar jackson,QB,QB,1997-01-07,BAL,Active
4886,2971505,Collin Bevins,collin bevins,DE,FRONT7,1994-06-15,,Active
4892,3052587,Baker Mayfield,baker mayfield,QB,QB,1995-04-14,TB,Active
4895,2970192,Lamar Atkins,lamar atkins,WR,WR,1994-02-25,,Active
4901,,Ray Lewis,ray lewis,LB,FRONT7,1975-05-15,,Inactive
4903,16991,Jayrone Elliott,jayrone elliott,LB,FRONT7,1991-11-11,,Active
4906,2512591,Kacy Rodgers,kacy rodgers,SS,DB,1992-04-02,,Active
4909,,Duce Staley,duce staley,RB,RB,,,Inactive
4910,,Quincy McDuffie,quincy mcduffie,WR,WR,1990-09-24,,Active
4913,2516897,Aiulua Fanene,aiulua fanene,DT,FRONT7,,GB,Active
4914,,Glen Coffee,glen coffee,RB,RB,1987-05-01,SF,Active
4915,,Michael Coe,michael coe,CB,DB,1983-12-17,DAL,Active
4916,,Royce LaFrance,royce lafrance,DE,FRONT7,1993-07-17,,Active
4917,,Daryl Virgies,daryl virgies,RB,RB,1993-01-05,,Active
4922,,Garrett Scantling,garrett scantling,WR,WR,,ATL,Active
4923,2970270,Rushel Shell,rushel shell,RB,RB,1993-09-07,,Active
4924,,Zach Terrell,zach terrell,QB,QB,1993-05-01,BAL,Active
4926,,Nick Schuessler,nick schuessler,QB,QB,,PIT,Active
4927,,Deondre Barnett,deondre barnett,DE,FRONT7,1994-04-07,,Inactive
4928,,Anas Hasic,anas hasic,WR,WR,,,Active
4929,,Ahmad Fulwood,ahmad fulwood,WR,WR,,,Active
4930,,Franko House,franko house,TE,TE,1994-09-19,CHI,Active
4931,,Austin Appleby,austin appleby,QB,QB,1993-06-04,,Active
4932,,Nick James,nick james,DT,FRONT7,1993-07-24,,Active
4934,,Jalen Williams,jalen williams,WR,WR,1994-06-21,,Inactive
4935,,Charles Walker,charles walker,DT,FRONT7,,PHI,Active
4936,,Skyler Howard,skyler howard,QB,QB,1994-11-06,SEA,Active
4937,2980808,Al Riles,al riles,WR,WR,1993-09-17,IND,Active
4938,,Speedy Noil,speedy noil,WR,WR,1995-10-14,,Active
4939,,Roderick Henderson,roderick henderson,DT,FRONT7,,TEN,Active
4940,,DeSean Smith,desean smith,TE,TE,1994-11-02,,Active
4941,,Dontre Wilson,dontre wilson,WR,WR,,,Active
4942,3046320,Marcell Ateman,marcell ateman,WR,WR,1994-09-16,,Active
4943,3912547,Sam Darnold,sam darnold,QB,QB,1997-06-05,SEA,Active
4949,3843750,Derrius Guice,derrius guice,RB,RB,1997-06-21,,Active
4950,3895856,Christian Kirk,christian kirk,WR,WR,1996-11-18,SF,Inactive
4951,3115394,DJ Chark,dj chark,WR,WR,1996-09-23,,Active
4955,,Ronald Jones,ronald jones,RB,RB,1997-08-03,,Active
4957,4325329,Moubarak Djeri,moubarak djeri,DE,FRONT7,1995-12-30,,Active
4958,16486,Brett Maher,brett maher,K,K,1989-11-21,,Active
4960,3915189,Roquan Smith,roquan smith,LB,FRONT7,1997-04-08,BAL,Active
4961,,DJ Moore,dj moore,CB,DB,1987-03-22,,Inactive
4962,3128721,Sony Michel,sony michel,RB,RB,1995-02-17,,Active
4963,3925345,Minkah Fitzpatrick,minkah fitzpatrick,DB,DB,1996-11-17,NYJ,Active
4964,3915535,Denzel Ward,denzel ward,CB,DB,1997-04-28,CLE,Active
4965,3124058,Marcus Davenport,marcus davenport,DE,FRONT7,1996-09-04,,Active
4967,3116733,Bradley Chubb,bradley chubb,LB,FRONT7,1996-06-24,BUF,Active
4968,3929950,Tremaine Edmunds,tremaine edmunds,LB,FRONT7,1998-05-02,NYG,Active
4969,3134362,Vita Vea,vita vea,DT,FRONT7,1995-02-05,TB,Active
4971,3691739,Derwin James,derwin james,DB,DB,1996-08-03,LAC,Active
4972,3116407,Mason Rudolph,mason rudolph,QB,QB,1995-07-17,PIT,Active
4973,3924365,Hayden Hurst,hayden hurst,TE,TE,1993-08-24,,Active
4974,3124067,Terrell Edmunds,terrell edmunds,DB,DB,1997-01-20,,Active
4975,3115249,Taven Bryan,taven bryan,DE,FRONT7,1996-03-11,,Active
4976,3925354,Daron Payne,daron payne,DT,FRONT7,1997-05-27,WAS,Active
4978,3126349,Rashaan Evans,rashaan evans,LB,FRONT7,1995-11-08,,Active
4979,3895429,Jaire Alexander,jaire alexander,CB,DB,1997-02-09,,Active
4980,3138677,Leighton Vander Esch,leighton vander esch,LB,FRONT7,1996-02-08,,Active
4981,3925357,Calvin Ridley,calvin ridley,WR,WR,1994-12-20,TEN,Active
4982,3895841,Mike Hughes,mike hughes,CB,DB,1997-02-11,ATL,Active
4983,3915416,DJ Moore,dj moore,WR,WR,1997-04-14,BUF,Active
4984,3918298,Josh Allen,josh allen,QB,QB,1996-05-21,BUF,Active
4985,3139925,Rashaad Penny,rashaad penny,RB,RB,1996-02-02,,Active
4988,3128720,Nick Chubb,nick chubb,RB,RB,1995-12-27,,Active
4990,3056362,Shaquille Leonard,shaquille leonard,LB,FRONT7,1995-07-27,,Active
4992,3127306,Dante Pettis,dante pettis,WR,WR,1995-10-23,SF,Active
4993,3116164,Mike Gesicki,mike gesicki,TE,TE,1995-10-03,CIN,Active
4994,3128774,Kalen Ballage,kalen ballage,RB,RB,1995-12-22,,Active
4995,4045305,Ian Thomas,ian thomas,TE,TE,1996-06-06,LV,Active
4996,3049872,Kyle Lauletta,kyle lauletta,QB,QB,1995-03-17,,Active
4997,3917846,Mark Walton,mark walton,RB,RB,1997-03-29,,Active
4998,3057987,DaeSean Hamilton,daesean hamilton,WR,WR,1995-03-10,,Active
4999,3693166,Josh Sweat,josh sweat,DE,FRONT7,1997-03-29,ARI,Active
5000,3119195,Chase Edmonds,chase edmonds,RB,RB,1996-04-13,,Active
5001,3117256,Dalton Schultz,dalton schultz,TE,TE,1996-07-11,HOU,Active
5002,3045220,Maurice Hurst,maurice hurst,DT,FRONT7,1995-05-09,,Active
5003,3054029,Shaquem Griffin,shaquem griffin,LB,FRONT7,1995-07-20,,Active
5004,3123969,Ito Smith,ito smith,RB,RB,1995-09-11,DAL,Active
5005,4040792,Jaleel Scott,jaleel scott,WR,WR,1995-02-23,,Inactive
5006,3051857,J'Mon Moore,j mon moore,WR,WR,1995-05-23,,Inactive
5007,3915823,Keke Coutee,keke coutee,WR,WR,1997-01-14,,Active
5008,3052897,Durham Smythe,durham smythe,TE,TE,1995-08-09,BAL,Active
5009,3123050,Chris Herndon,chris herndon,TE,TE,1996-02-23,,Active
5010,3127292,Will Dissly,will dissly,TE,TE,1996-07-08,,Active
5012,3116365,Mark Andrews,mark andrews,TE,TE,1995-09-06,BAL,Active
5013,3050487,Anthony Miller,anthony miller,WR,WR,1994-10-09,,Active
5015,3121416,Sam Hubbard,sam hubbard,DE,FRONT7,1995-06-29,,Active
5016,3821576,Malik Jefferson,malik jefferson,LB,FRONT7,1996-11-15,,Inactive
5017,3919512,Jessie Bates,jessie bates,DB,DB,1997-02-26,ATL,Active
5019,3123045,Chad Thomas,chad thomas,DE,FRONT7,1995-10-12,,Active
5020,3116748,B.J. Hill,bj hill,DT,FRONT7,1995-04-20,CIN,Active
5021,3128715,Lorenzo Carter,lorenzo carter,LB,FRONT7,1995-12-10,,Active
5022,3121023,Dallas Goedert,dallas goedert,TE,TE,1995-01-03,PHI,Active
5024,3122449,James Washington,james washington,WR,WR,1996-04-02,,Active
5025,3859006,Ronnie Harrison,ronnie harrison,DB,DB,1997-04-18,MIA,Inactive
5026,3128451,Tre'Quan Smith,tre quan smith,WR,WR,1996-01-07,,Inactive
5028,3115250,Duke Dawson,duke dawson,CB,DB,1996-10-03,,Active
5029,3144984,Josh Jackson,josh jackson,DB,DB,1996-04-03,,Active
5030,3122793,Harold Landry,harold landry,LB,FRONT7,1996-06-05,NE,Active
5031,3051746,Oren Burks,oren burks,LB,FRONT7,1995-03-21,CIN,Active
5032,3128452,Jordan Akins,jordan akins,TE,TE,1992-04-19,,Active
5033,3045132,Dorian O'Daniel,dorian o daniel,LB,FRONT7,1994-09-04,,Active
5035,3122930,Derrick Nnadi,derrick nnadi,DT,FRONT7,1996-05-09,,Active
5036,3931399,Justin Reid,justin reid,DB,DB,1997-02-15,NO,Active
5037,3128740,Breeland Speaks,breeland speaks,DE,FRONT7,1995-12-18,,Active
5038,4036348,Michael Gallup,michael gallup,WR,WR,1996-03-04,,Active
5040,4039278,Tarvarius Moore,tarvarius moore,DB,DB,1996-08-16,,Active
5041,3138826,Fred Warner,fred warner,LB,FRONT7,1996-11-19,SF,Active
5042,3051376,Deadrin Senat,deadrin senat,DT,FRONT7,1994-07-22,,Active
5043,4076951,Nathan Shepherd,nathan shepherd,DT,FRONT7,1993-10-09,NO,Active
5044,3915437,Isaiah Oliver,isaiah oliver,CB,DB,1996-09-30,TEN,Active
5045,3128429,Courtland Sutton,courtland sutton,WR,WR,1995-10-10,DEN,Active
5046,3122672,Royce Freeman,royce freeman,RB,RB,1996-02-24,,Active
5048,3122797,Isaac Yiadom,isaac yiadom,CB,DB,1996-02-20,WAS,Active
5049,3117255,Harrison Phillips,harrison phillips,DT,FRONT7,1996-01-25,NYJ,Active
5050,3115333,Rashaan Gaulden,rashaan gaulden,DB,DB,1995-01-25,,Active
5051,3843769,Donte Jackson,donte jackson,CB,DB,1995-11-08,LAC,Active
5052,3912550,Ronald Jones,ronald jones,RB,RB,1997-08-03,,Active
5054,3916923,Carlton Davis,carlton davis,CB,DB,1996-12-31,NE,Active
5055,3116679,M.J. Stewart,mj stewart,DB,DB,1995-09-16,HOU,Active
5056,3915507,Jerome Baker,jerome baker,LB,FRONT7,1996-12-25,,Active
5057,3040513,Tyquan Lewis,tyquan lewis,DE,FRONT7,1995-01-30,,Active
5058,3047512,Kemoko Turay,kemoko turay,DE,FRONT7,1995-07-11,,Inactive
5059,3912562,Rasheem Green,rasheem green,DE,FRONT7,1997-05-15,,Active
5061,3120358,Uchenna Nwosu,uchenna nwosu,LB,FRONT7,1996-12-28,SEA,Active
5063,3116746,Justin Jones,justin jones,DT,FRONT7,1996-08-28,,Inactive
5064,3042499,Tracy Walker,tracy walker,DB,DB,1995-02-01,,Active
5066,3050754,P.J. Hall,pj hall,DT,FRONT7,1995-04-05,,Active
5067,3843843,Arden Key,arden key,DE,FRONT7,1996-05-03,IND,Active
5068,3916925,Kerryon Johnson,kerryon johnson,RB,RB,1997-06-30,,Active
5069,3047582,Kylie Fitts,kylie fitts,LB,FRONT7,1994-10-11,,Active
5070,3134302,Jordan Lasley,jordan lasley,WR,WR,1996-11-13,,Inactive
5071,3929846,DeShon Elliott,deshon elliott,DB,DB,1997-04-21,PIT,Inactive
5073,3047495,Sebastian Joseph-Day,sebastian joseph day,DT,FRONT7,1995-03-21,PIT,Active
5074,3048692,Micah Kiser,micah kiser,LB,FRONT7,1995-01-25,,Inactive
5075,3052667,Ogbo Okoronkwo,ogbo okoronkwo,LB,FRONT7,1995-04-24,SF,Active
5076,3915381,John Kelly,john kelly,RB,RB,1996-10-04,,Active
5077,3116761,Andrew Brown,andrew brown,DT,FRONT7,1995-12-30,,Active
5078,3047188,Davontae Harris,davontae harris,CB,DB,1995-01-21,,Active
5079,3042785,Darius Phillips,darius phillips,CB,DB,1995-06-26,,Inactive
5080,3895857,Damion Ratley,damion ratley,WR,WR,1995-04-16,,Active
5081,3126204,Genard Avery,genard avery,LB,FRONT7,1995-04-26,,Active
5082,3042496,Simeon Thomas,simeon thomas,CB,DB,1993-09-22,,Inactive
5083,3122800,Kamrin Moore,kamrin moore,FS,DB,1996-10-01,,Inactive
5084,3121552,Natrell Jamerson,natrell jamerson,DB,DB,1995-12-15,LV,Active
5085,3128801,Christian Sam,christian sam,OLB,FRONT7,1996-06-07,,Inactive
5086,3051738,Marquez Valdes-Scantling,marquez valdes scantling,WR,WR,1994-10-10,LAC,Active
5088,3039783,Duke Ejiofor,duke ejiofor,LB,FRONT7,1995-04-24,ATL,Active
5089,3051381,Mike White,mike white,QB,QB,1995-03-25,,Active
5090,3045172,Folorunso Fatukasi,folorunso fatukasi,DT,FRONT7,1995-03-04,LV,Active
5091,3041098,Parry Nickerson,parry nickerson,CB,DB,1994-10-11,,Active
5092,3045264,Troy Fumagalli,troy fumagalli,TE,TE,1995-02-17,,Active
5094,3915486,Ryan Izzo,ryan izzo,TE,TE,1995-12-21,,Active
5095,3051909,Daniel Carlson,daniel carlson,K,K,1995-01-23,NO,Active
5096,3728262,Ray-Ray McCloud,ray ray mccloud,WR,WR,1996-10-15,,Inactive
5098,3057524,Siran Neal,siran neal,CB,DB,1994-08-04,SF,Active
5099,3053047,Jermaine Carter,jermaine carter,LB,FRONT7,1995-01-14,,Active
5100,3051891,Jordan Wilkins,jordan wilkins,RB,RB,1994-07-18,,Active
5101,3728254,Deon Cain,deon cain,WR,WR,1996-08-09,,Active
5102,3120659,Daurice Fountain,daurice fountain,WR,WR,1995-12-22,,Active
5103,3052576,Dylan Cantrell,dylan cantrell,TE,TE,1994-06-29,,Active
5105,3116159,Chris Campbell,chris campbell,CB,DB,1995-11-27,,Active
5107,3116721,Jaylen Samuels,jaylen samuels,RB,RB,1996-07-20,,Active
5108,3052061,Luke Falk,luke falk,QB,QB,1994-12-28,,Active
5109,,Duplicate Player,duplicate player,WR,WR,,,Inactive
5110,3115378,Russell Gage,russell gage,WR,WR,1996-01-22,,Active
5111,4035019,Javon Wims,javon wims,WR,WR,1994-09-11,,Active
5112,3126367,Bo Scarbrough,bo scarbrough,RB,RB,1996-09-29,,Active
5113,4036335,Cedrick Wilson,cedrick wilson,WR,WR,1995-11-20,,Inactive
5115,3048924,David Williams,david williams,RB,RB,1994-06-17,,Inactive
5116,3125232,Nick Bawden,nick bawden,FB,RB,1996-06-22,,Active
5117,4035379,Jordan Thomas,jordan thomas,TE,TE,1996-08-02,,Active
5118,3041097,Tanner Lee,tanner lee,QB,QB,1995-02-14,,Inactive
5119,3124679,Jason Sanders,jason sanders,K,K,1995-11-16,NYJ,Active
5120,3052450,Danny Etling,danny etling,QB,QB,1994-07-22,,Active
5121,3123075,Braxton Berrios,braxton berrios,WR,WR,1995-10-06,NYG,Inactive
5122,3051439,Boston Scott,boston scott,RB,RB,1995-04-27,,Active
5123,4261020,Trenton Cannon,trenton cannon,RB,RB,1994-07-23,,Inactive
5124,3128843,Alex McGough,alex mcgough,QB,QB,1995-11-19,,Active
5125,3125383,Damoun Patterson,damoun patterson,WR,WR,1994-09-16,,Active
5126,3116680,Austin Proehl,austin proehl,WR,WR,1996-06-17,,Active
5127,3115293,Kyle Allen,kyle allen,QB,QB,1996-03-08,BUF,Active
5128,3042749,Logan Woodside,logan woodside,QB,QB,1995-01-27,,Active
5129,3123935,Adonis Jennings,adonis jennings,WR,WR,1995-12-31,,Active
5130,3921564,Auden Tate,auden tate,WR,WR,1997-02-03,,Active
5131,3116136,Justin Jackson,justin jackson,RB,RB,1996-04-22,,Active
5132,3043225,Steven Mitchell,steven mitchell,WR,WR,1994-05-02,,Inactive
5133,3122920,Tyler Conklin,tyler conklin,TE,TE,1995-07-30,DET,Active
5134,3046401,Keith Kirkwood,keith kirkwood,WR,WR,1994-12-26,,Active
5135,3116155,Saeed Blacknall,saeed blacknall,WR,WR,1996-03-17,,Inactive
5136,3932420,Josh Adams,josh adams,RB,RB,1996-10-29,,Active
5137,3122899,Richie James,richie james,WR,WR,1995-09-05,,Active
5138,3140525,Martez Carter,martez carter,RB,RB,1993-03-08,,Active
5139,3115365,Trey Quinn,trey quinn,WR,WR,1995-12-07,,Active
5140,3121616,Jaelon Acklin,jaelon acklin,WR,WR,1995-08-10,,Active
5141,3042445,James Crawford,james crawford,LB,FRONT7,1994-12-02,,Active
5142,3040535,Kurt Benkert,kurt benkert,QB,QB,1995-07-17,,Active
5143,3128800,Demario Richard,demario richard,RB,RB,1996-12-02,,Active
5144,4047769,Malik Williams,malik williams,RB,RB,1996-06-20,,Active
5145,3075100,Luke McNitt,luke mcnitt,FB,RB,1994-04-20,,Active
5147,3123863,Emmanuel Ellerbee,emmanuel ellerbee,LB,FRONT7,1996-11-20,ATL,Inactive
5148,3049469,Dewey Jarvis,dewey jarvis,ILB,FRONT7,1995-04-20,,Inactive
5149,3122169,Emmanuel Smith,emmanuel smith,LB,FRONT7,1995-07-25,,Active
5150,3052477,Heath Harding,heath harding,CB,DB,,ATL,Active
5152,3042873,Mat Boesen,mat boesen,DE,FRONT7,1995-01-31,,Active
5153,3133440,Levi Wallace,levi wallace,CB,DB,1995-06-12,,Inactive
5154,3122168,Trent Sherfield,trent sherfield,WR,WR,1996-02-25,BUF,Active
5155,3044711,Corey Willis,corey willis,WR,WR,1995-05-02,,Active
5156,4032479,Andrew Vollert,andrew vollert,TE,TE,1995-03-15,,Active
5157,3045268,Alec James,alec james,DE,FRONT7,1994-09-30,,Active
5158,4334300,Dennis Gardeck,dennis gardeck,LB,FRONT7,1994-08-09,JAX,Active
5159,3126311,Deatrick Nichols,deatrick nichols,CB,DB,1994-09-08,,Inactive
5160,3123667,A.J. Howard,aj howard,SS,DB,1995-12-23,,Active
5161,3894901,Ezekiel Turner,ezekiel turner,LB,FRONT7,1996-06-09,,Active
5162,3116642,Reggie Bonnafon,reggie bonnafon,RB,RB,1996-01-04,,Active
5163,3127335,Ryan Nall,ryan nall,RB,RB,1995-12-27,,Inactive
5164,3128251,Simmie Cobbs,simmie cobbs,WR,WR,1995-08-25,,Inactive
5165,3139591,Quinton Flowers,quinton flowers,QB,QB,1994-12-02,,Inactive
5166,3056577,Da'Mari Scott,da mari scott,WR,WR,1995-08-08,,Inactive
5167,3124037,Dalton Sturm,dalton sturm,QB,QB,1995-09-15,,Active
5168,3053732,Jordan Chunn,jordan chunn,RB,RB,1995-01-02,,Inactive
5169,3139223,Malik Earl,malik earl,WR,WR,1996-03-08,,Active
5170,3052117,Phillip Lindsay,phillip lindsay,RB,RB,1994-07-24,,Active
5171,3049290,Kevin Rader,kevin rader,TE,TE,1995-04-26,,Inactive
5172,3051458,Alvin Jones,alvin jones,ILB,FRONT7,1994-12-02,,Inactive
5173,3047191,Dalton Keene,dalton keene,DE,FRONT7,1994-04-26,,Active
5174,3128268,Tegray Scales,tegray scales,LB,FRONT7,1996-05-10,,Active
5175,3066147,Jawill Davis,jawill davis,WR,WR,1995-04-06,,Inactive
5176,3059719,Davon Grayson,davon grayson,WR,WR,1995-09-05,,Active
5177,3115259,Aaron Davis,aaron davis,SS,DB,1994-10-18,,Active
5178,3138733,Sean Chandler,sean chandler,DB,DB,1996-04-27,,Active
5179,3044706,Joe Ostman,joe ostman,DE,FRONT7,1995-07-12,,Active
5180,3052451,Danny Ezechukwu,danny ezechukwu,OLB,FRONT7,1994-12-07,,Inactive
5181,3124849,Chandon Sullivan,chandon sullivan,CB,DB,1996-08-07,,Active
5183,3126081,Ola Adeniyi,ola adeniyi,LB,FRONT7,1997-09-12,,Active
5184,3042747,Greg Gilmore,greg gilmore,DT,FRONT7,1994-11-28,,Active
5185,3128390,Allen Lazard,allen lazard,WR,WR,1995-12-11,,Active
5186,3057530,Darius Jackson,darius jackson,DE,FRONT7,1994-11-20,,Active
5187,3125323,Mike Hughes,mike hughes,NT,FRONT7,1996-04-03,,Inactive
5188,3931400,Quenton Meeks,quenton meeks,CB,DB,1996-06-20,,Active
5189,4034949,Eddy Pineiro,eddy pineiro,K,K,1995-09-13,SF,Active
5191,3126489,Taylor Stallworth,taylor stallworth,DT,FRONT7,1995-08-18,,Inactive
5192,3051762,Ralph Webb,ralph webb,RB,RB,1994-11-21,,Inactive
5193,3121649,J.C. Jackson,jc jackson,DB,DB,1995-11-17,,Active
5194,3047488,Matt Flanagan,matt flanagan,TE,TE,1995-03-26,,Inactive
5195,3040146,Akrum Wadley,akrum wadley,RB,RB,1995-03-13,,Active
5196,3115360,Ethan Wolf,ethan wolf,TE,TE,1995-11-07,,Active
5197,4048717,Rico Gafford,rico gafford,WR,WR,1996-05-23,,Active
5198,3121433,Damon Webb,damon webb,SS,DB,1995-11-12,,Active
5199,4036416,Byron Pringle,byron pringle,WR,WR,1993-11-17,,Active
5200,3054854,Dee Liner,dee liner,DE,FRONT7,1993-10-29,,Active
5201,3126113,Terry Swanson,terry swanson,RB,RB,1996-08-06,,Active
5205,3053061,Kingsley Opara,kingsley opara,DL,FRONT7,1994-10-13,,Active
5207,3042452,Marchie Murdock,marchie murdock,WR,WR,1995-01-07,,Active
5208,3060176,Matt Linehan,matt linehan,QB,QB,,,Inactive
5209,3139033,Mike Boone,mike boone,RB,RB,1995-06-30,,Active
5210,3123968,Korey Robertson,korey robertson,WR,WR,1995-06-22,,Active
5211,3049054,Jake Wieneke,jake wieneke,WR,WR,1994-09-14,,Active
5212,3127274,Hercules Mata'afa,hercules mata afa,DE,FRONT7,1995-09-18,,Active
5213,3045261,Garret Dooley,garret dooley,OLB,FRONT7,1994-12-01,,Active
5214,3929847,Holton Hill,holton hill,CB,DB,1997-03-28,,Active
5215,3043146,Tray Matthews,tray matthews,FS,DB,1994-10-18,,Active
5216,3123996,Ervin Philips,ervin philips,WR,WR,,,Inactive
5217,3051861,Jason Reese,jason reese,TE,TE,1995-09-09,,Active
5218,3052926,Demone Harris,demone harris,DE,FRONT7,1995-12-30,,Active
5219,3116632,Antonio Simmons,antonio simmons,DL,FRONT7,1996-02-10,,Active
5220,3045238,Godwin Igwebuike,godwin igwebuike,RB,RB,1994-09-10,,Active
5221,3045203,Mike McCray,mike mccray,OLB,FRONT7,1994-08-03,,Active
5222,3125356,Jalen Davis,jalen davis,CB,DB,1996-02-02,CIN,Inactive
5223,3122167,Caleb Scott,caleb scott,WR,WR,1996-02-26,TEN,Active
5224,4038530,Taj Williams,taj williams,WR,WR,,,Active
5225,3924315,Marcell Frazier,marcell frazier,DE,FRONT7,1994-01-08,,Active
5226,3125114,Poona Ford,poona ford,DT,FRONT7,1995-11-19,LAR,Active
5228,3040507,J.T. Barrett,jt barrett,QB,QB,1995-01-23,,Active
5229,3128687,Henre' Toliver,henre toliver,DB,DB,1996-10-21,,Inactive
5230,3123052,Michael Badgley,michael badgley,K,K,1995-07-28,,Active
5231,3047912,Cole Hunt,cole hunt,TE,TE,1995-05-30,,Active
5232,3040004,Tevin Lawson,tevin lawson,DL,FRONT7,,,Active
5233,3051387,Marcus Baugh,marcus baugh,TE,TE,1994-12-09,,Active
5235,3047536,David Wells,david wells,TE,TE,1995-05-02,,Active
5236,3119232,Kyle Lewis,kyle lewis,WR,WR,1995-04-22,,Active
5237,3050022,Chad Kanoff,chad kanoff,QB,QB,1994-10-06,,Inactive
5238,3053124,Austin Ramesh,austin ramesh,FB,RB,1995-01-31,,Active
5239,3053315,Lamar Jordan,lamar jordan,QB,QB,1994-10-02,,Active
5240,3117250,Daniel Marx,daniel marx,FB,RB,1995-10-07,,Active
5241,3126002,Christian Blake,christian blake,WR,WR,1996-06-08,,Active
5242,3056691,Dontez Byrd,dontez byrd,WR,WR,1995-08-09,,Active
5243,4036341,Detrich Clark,detrich clark,WR,WR,1994-02-15,,Active
5244,4037481,Devin Gray,devin gray,WR,WR,1995-06-15,,Active
5245,3052991,Troy Mangen,troy mangen,TE,TE,1994-07-25,,Active
5246,3042888,Jake Roh,jake roh,TE,TE,1994-09-24,,Active
5247,3059104,David Marvin,david marvin,K,K,1995-04-05,,Active
5248,3051926,Gus Edwards,gus edwards,RB,RB,1995-04-13,,Active
5249,3048682,Andre Levrone,andre levrone,WR,WR,1995-03-09,,Active
5250,3054845,Robert Foster,robert foster,WR,WR,1994-05-07,,Active
5251,3791111,Tyler Davis,tyler davis,K,K,1994-09-29,,Active
5252,3123212,Ray Lawry,ray lawry,RB,RB,1996-09-10,,Active
5253,3128439,Jordan Franks,jordan franks,TE,TE,1996-02-01,,Inactive
5254,3059733,Jimmy Williams,jimmy williams,WR,WR,1995-02-24,,Active
5255,3045763,Teo Redding,teo redding,WR,WR,1994-12-08,,Active
5256,3115251,DeAndre Goolsby,deandre goolsby,TE,TE,1996-06-12,,Inactive
5257,3045169,Tim Boyle,tim boyle,QB,QB,1994-10-03,,Active
5258,4294228,Damon Gibson,damon gibson,WR,WR,,,Inactive
5259,3052163,Lavon Coleman,lavon coleman,RB,RB,1994-12-10,,Inactive
5260,3155188,Vyncint Smith,vyncint smith,WR,WR,1996-06-09,,Active
5261,3045164,Jester Weah,jester weah,WR,WR,1995-02-07,,Active
5262,3123992,Steve Ishmael,steve ishmael,WR,WR,1995-07-18,,Inactive
5263,3931782,Chase Litton,chase litton,QB,QB,1995-10-05,,Active
5264,3123714,Blake Mack,blake mack,TE,TE,1996-04-24,,Active
5265,3040134,Nic Shimonek,nic shimonek,QB,QB,1994-08-22,,Active
5266,3117131,Detrez Newsome,detrez newsome,RB,RB,1994-03-06,,Inactive
5267,4329471,JJ Jones,jj jones,WR,WR,1992-12-06,,Inactive
5268,3039970,Ben Johnson,ben johnson,TE,TE,1994-07-28,,Active
5269,3951441,Codey McElroy,codey mcelroy,TE,TE,1992-12-13,,Active
5270,3044719,Riley Ferguson,riley ferguson,QB,QB,1995-01-19,,Active
5271,3122716,Buddy Howell,buddy howell,RB,RB,1996-03-27,,Active
5272,3975763,Greg Joseph,greg joseph,K,K,1994-08-04,,Active
5273,3121597,Kamryn Pettway,kamryn pettway,RB,RB,1995-12-20,,Active
5274,3121583,Roc Thomas,roc thomas,RB,RB,1995-09-02,,Inactive
5275,3053760,Jeff Badet,jeff badet,WR,WR,1994-09-02,,Active
5276,3121396,Tyler Hoppes,tyler hoppes,TE,TE,1995-05-08,,Active
5277,3059766,Deon Yelder,deon yelder,TE,TE,1995-03-06,,Active
5278,3129453,Jarvion Franklin,jarvion franklin,RB,RB,1995-12-09,,Active
5279,3895789,Quadree Henderson,quadree henderson,WR,WR,1996-09-12,,Inactive
5280,3051719,Pharoah McKever,pharoah mckever,TE,TE,1994-02-04,,Inactive
5281,3045292,Troy Williams,troy williams,QB,QB,,,Inactive
5282,,Duplicate Player,duplicate player,WR,WR,,CHI,Inactive
5283,3916085,Ka'Raun White,ka raun white,WR,WR,1993-07-04,,Active
5284,3122976,Jeff Wilson,jeff wilson,RB,RB,1995-11-16,,Active
5285,3120303,Ross Dwelley,ross dwelley,TE,TE,1995-01-26,,Active
5286,3046412,Austin Allen,austin allen,QB,QB,1994-08-21,,Active
5287,3064518,Brian Bridgewater,brian bridgewater,TE,TE,,,Inactive
5288,3129455,Donnie Ernsberger,donnie ernsberger,TE,TE,1996-10-13,TEN,Inactive
5289,3139456,Cameron Batson,cameron batson,WR,WR,1995-12-20,,Active
5290,3932935,Deontay Burnett,deontay burnett,WR,WR,1997-10-04,,Active
5291,4294247,J.t. Luper,jt luper,WR,WR,,,Inactive
5292,3052122,Devin Ross,devin ross,WR,WR,1995-08-12,,Active
5293,4035853,Jordan Veasy,jordan veasy,WR,WR,1995-06-23,,Active
5294,3139946,Mikah Holder,mikah holder,WR,WR,1996-01-26,,Active
5295,3121398,De'Mornay Pierson-El,de mornay pierson el,WR,WR,1995-12-26,,Active
5296,3042434,Elijah Wellman,elijah wellman,FB,RB,1994-09-20,,Active
5297,3057956,Zach Sieler,zach sieler,DT,FRONT7,1995-09-07,MIA,Active
5300,3134310,Kenny Young,kenny young,LB,FRONT7,1994-11-15,,Active
5301,3054841,Anthony Averett,anthony averett,CB,DB,1994-11-30,,Active
5302,3117922,Bilal Nichols,bilal nichols,DT,FRONT7,1996-09-14,,Active
5303,3124779,Joel Iyiegbuniwe,joel iyiegbuniwe,LB,FRONT7,1995-10-12,,Active
5305,3116667,Trevon Young,trevon young,LB,FRONT7,1995-04-01,,Inactive
5306,3116424,Travin Howard,travin howard,LB,FRONT7,1996-05-10,,Active
5307,3040109,Justin Lawler,justin lawler,LB,FRONT7,1994-12-23,,Active
5308,3120464,Duplicate Player,duplicate player,DE,FRONT7,1996-09-26,LAR,Inactive
5310,3915097,Antonio Callaway,antonio callaway,WR,WR,1997-01-09,,Active
5311,3917872,R.J. McIntosh,rj mcintosh,DT,FRONT7,1996-06-02,,Active
5315,3045267,Leon Jacobs,leon jacobs,LB,FRONT7,1995-10-03,,Active
5317,3117135,Keion Crossen,keion crossen,DB,DB,1996-04-17,,Active
5318,3116187,Ja'Whaun Bentley,ja whaun bentley,LB,FRONT7,1996-08-24,,Active
5320,3112083,Kendall Donnerson,kendall donnerson,DE,FRONT7,1996-04-22,CAR,Inactive
5322,3039794,James Looney,james looney,TE,TE,1995-05-15,,Active
5323,3932442,Equanimeous St. Brown,equanimeous st brown,WR,WR,1996-09-30,,Inactive
5324,3124003,Parris Bennett,parris bennett,ILB,FRONT7,1996-02-15,,Active
5325,3043276,Peter Kalambayi,peter kalambayi,LB,FRONT7,1995-06-26,GB,Active
5326,3052169,Jermaine Kelly,jermaine kelly,CB,DB,1995-02-26,,Active
5327,3915388,Kahlil McKenzie,kahlil mckenzie,DT,FRONT7,1997-01-03,,Active
5328,3134448,Tremon Smith,tremon smith,DB,DB,1996-07-20,HOU,Active
5329,3122136,Armani Watts,armani watts,DB,DB,1996-03-19,,Inactive
5330,3928979,Dorance Armstrong,dorance armstrong,DE,FRONT7,1997-06-10,WAS,Active
5331,3128252,Chris Covington,chris covington,LB,FRONT7,1996-01-03,,Active
5332,3050073,Foyesade Oluokun,foyesade oluokun,LB,FRONT7,1995-08-02,JAX,Active
5333,3121414,Jalyn Holmes,jalyn holmes,DE,FRONT7,1996-01-25,TEN,Active
5334,3040150,Josey Jewell,josey jewell,LB,FRONT7,1994-12-25,,Active
5336,3041114,Ade Aruna,ade aruna,DE,FRONT7,1994-04-27,,Active
5337,3122593,Devante Downs,devante downs,LB,FRONT7,1995-10-18,,Active
5338,3052161,Keishawn Bierria,keishawn bierria,ILB,FRONT7,1995-07-26,,Active
5339,3917847,Kendrick Norton,kendrick norton,NT,FRONT7,1997-06-07,,Inactive
5340,3895831,Andre Smith,andre smith,LB,FRONT7,1997-04-20,,Active
5341,3121003,Taron Johnson,taron johnson,CB,DB,1996-07-27,LV,Active
5342,3115456,Marquis Haynes,marquis haynes,DE,FRONT7,1993-12-16,,Active
5343,3052996,Quentin Poling,quentin poling,LB,FRONT7,1994-08-17,NO,Inactive
5344,3123963,Cornell Armstrong,cornell armstrong,DB,DB,1995-09-22,,Inactive
5345,3126179,Matthew Adams,matthew adams,LB,FRONT7,1995-12-12,,Active
5346,3124005,Zaire Franklin,zaire franklin,LB,FRONT7,1996-07-02,GB,Active
5347,3916430,Nyheim Miller-Hines,nyheim miller hines,RB,RB,1996-11-12,,Active
5348,4039254,Kyzir White,kyzir white,LB,FRONT7,1996-03-24,,Active
5350,3116159,Chris Campbell,chris campbell,CB,DB,1995-11-27,,Active
5351,3126352,Da'Shawn Hand,da shawn hand,DT,FRONT7,1995-11-14,ATL,Inactive
5352,3045357,Ryan Green,ryan green,RB,RB,1994-04-19,,Inactive
5353,3116375,Dimitri Flowers,dimitri flowers,FB,RB,1996-01-20,,Inactive
5354,3040582,Canon Rooker,canon rooker,K,K,,,Inactive
5355,3064131,Nick Sharga,nick sharga,FB,RB,,,Active
5356,3911396,Jeremiah Briscoe,jeremiah briscoe,QB,QB,1993-08-15,,Active
5357,3050301,Kent Shelby,kent shelby,WR,WR,,,Active
5358,3935107,Anthony Manzo-Lewis,anthony manzo lewis,TE,TE,1995-10-11,,Active
5359,4260053,Dorren Miller,dorren miller,WR,WR,1994-08-03,,Active
5360,3116149,Marcus Allen,marcus allen,LB,FRONT7,1996-08-07,,Inactive
5361,3123938,Avonte Maddox,avonte maddox,CB,DB,1996-03-31,DET,Inactive
5364,3126350,Joshua Frazier,joshua frazier,NT,FRONT7,1995-11-06,,Active
5365,3116152,Troy Apke,troy apke,DB,DB,1995-04-11,,Inactive
5366,3929956,Tim Settle,tim settle,DT,FRONT7,1997-07-11,WAS,Active
5367,3115310,Shaun Dion Hamilton,shaun dion hamilton,LB,FRONT7,1995-09-11,,Active
5368,3124086,Greg Stroman,greg stroman,CB,DB,1996-03-08,,Active
5369,3931422,Dane Cruikshank,dane cruikshank,DB,DB,1995-04-27,,Active
5370,3043110,Marcell Harris,marcell harris,LB,FRONT7,1994-06-09,,Active
5371,3116726,Kentavius Street,kentavius street,DT,FRONT7,1996-05-08,CHI,Active
5372,3139387,D.J. Reed,dj reed,CB,DB,1996-11-11,DET,Active
5373,3051320,Jullian Taylor,jullian taylor,DT,FRONT7,1995-01-30,,Active
5374,3118892,Justin Watson,justin watson,WR,WR,1996-04-04,,Active
5375,3895798,Jordan Whitehead,jordan whitehead,DB,DB,1997-03-18,,Active
5376,3045259,Jack Cichy,jack cichy,LB,FRONT7,1995-05-05,,Active
5378,3138764,Jacob Martin,jacob martin,DE,FRONT7,1995-12-11,TEN,Active
5379,3046326,Tre Flowers,tre flowers,CB,DB,1995-06-02,,Active
5380,3052184,Azeem Victor,azeem victor,OLB,FRONT7,1995-09-19,,Active
5382,3124574,Nick Nelson,nick nelson,CB,DB,1996-10-16,,Active
5383,4329491,Jalen Tolliver,jalen tolliver,WR,WR,1995-12-30,,Inactive
5384,4046666,Jonah Trinnaman,jonah trinnaman,WR,WR,1996-07-20,,Inactive
5385,3125891,Alec Bloom,alec bloom,TE,TE,1996-04-03,,Active
5386,3052413,Matt McCrane,matt mccrane,K,K,1994-09-08,,Active
5387,3051712,Jerod Fernandez,jerod fernandez,OLB,FRONT7,1994-05-26,,Inactive
5388,3141066,Danny Johnson,danny johnson,CB,DB,1995-11-17,,Active
5391,3126197,Steven Dunbar,steven dunbar,WR,WR,1995-12-19,,Inactive
5392,3118374,Jack Heneghan,jack heneghan,QB,QB,1996-02-13,,Active
5393,4329484,Niles Scott,niles scott,DT,FRONT7,1995-09-30,,Active
5394,4039283,Terrell Williams,terrell williams,FS,DB,1996-06-29,,Active
5395,3116563,Shaun Wilson,shaun wilson,RB,RB,1995-12-02,,Active
5396,4039320,Sergio Bailey II,sergio bailey,WR,WR,1991-09-07,,Inactive
5397,3122979,Trevor Moore,trevor moore,K,K,1994-10-31,,Active
5398,4039226,Justin Crawford,justin crawford,RB,RB,1995-02-19,,Active
5399,3057975,Curtis Cothran,curtis cothran,NT,FRONT7,1995-02-24,,Active
5400,3126096,Trevon Mathis,trevon mathis,CB,DB,1995-09-12,,Active
5401,3125115,Armanti Foreman,armanti foreman,WR,WR,,,Active
5402,3051766,Jonathan Wynn,jonathan wynn,DE,FRONT7,1995-09-21,,Active
5403,3048030,Peter Pujals,peter pujals,QB,QB,1995-01-23,,Active
5406,3128696,Josh Liddell,josh liddell,S,DB,1996-02-15,,Active
5407,,Ervin Philips,ervin philips,RB,RB,1995-01-18,,Active
5408,,Sergio Bailey,sergio bailey,WR,WR,1994-03-20,,Active
5409,3050481,Tanner Hudson,tanner hudson,TE,TE,1994-11-12,CIN,Active
5410,3163390,Evan Perrizo,evan perrizo,DE,FRONT7,1995-05-26,,Active
5411,3118964,Matthew Oplinger,matthew oplinger,OLB,FRONT7,1996-02-23,,Active
5414,3128698,Bijhon Jackson,bijhon jackson,NT,FRONT7,1995-11-06,,Active
5416,3045458,Brandon Facyson,brandon facyson,CB,DB,1994-09-08,,Inactive
5417,3045126,Marcus Edmond,marcus edmond,DB,DB,1995-07-06,,Active
5418,3040024,D'Juan Hines,d juan hines,OLB,FRONT7,1994-09-13,,Inactive
5420,3116072,Steven Richardson,steven richardson,DT,FRONT7,1996-02-28,,Active
5421,3124861,B.J. Clay,bj clay,CB,DB,1995-01-18,,Active
5422,3045532,Albert Havili,albert havili,DE,FRONT7,1995-08-07,,Active
5424,3115308,Tony Brown,tony brown,DB,DB,1995-07-13,,Active
5425,3042741,John Diarse,john diarse,WR,WR,1994-12-10,,Active
5426,3052510,McKay Murphy,mckay murphy,DT,FRONT7,1991-09-05,,Inactive
5427,3051813,LaQuvionte Gonzalez,laquvionte gonzalez,WR,WR,1993-09-28,,Active
5428,3055908,Ricky Jeune,ricky jeune,WR,WR,1993-12-03,,Active
5431,3122607,Shay Fields,shay fields,WR,WR,1996-06-22,,Active
5432,3115314,Cam Sims,cam sims,WR,WR,1996-01-06,,Active
5433,3040007,Ranthony Texada,ranthony texada,CB,DB,1995-05-16,,Inactive
5434,3124020,Quin Blanding,quin blanding,FS,DB,1996-05-01,,Inactive
5435,3921563,Tarvarus McFadden,tarvarus mcfadden,CB,DB,1997-01-28,,Inactive
5436,3115337,Emmanuel Moseley,emmanuel moseley,CB,DB,1996-03-25,,Active
5437,3055905,Corey Griffin,corey griffin,S,DB,1995-01-08,,Active
5441,3122874,Lowell Lotulelei,lowell lotulelei,DL,FRONT7,1995-03-22,,Active
5442,3116602,Trey Marshall,trey marshall,DB,DB,1996-02-13,,Active
5443,3916928,Jeff Holland,jeff holland,LB,FRONT7,1995-09-27,,Inactive
5444,3056616,William Ossai,william ossai,LB,FRONT7,1995-08-14,,Active
5445,3050199,George Odum,george odum,DB,DB,1993-11-03,HOU,Active
5446,3053800,Tomasi Laulile,tomasi laulile,DE,FRONT7,1995-05-22,,Active
5447,3115496,Lashard Durr,lashard durr,CB,DB,1994-10-24,,Inactive
5448,4036898,Robert Jackson,robert jackson,CB,DB,1993-12-08,,Active
5449,3912343,Chris Cooper,chris cooper,DB,DB,1994-03-17,,Active
5450,3048912,Skai Moore,skai moore,LB,FRONT7,1995-01-08,,Active
5451,3123972,Curtis Mikell,curtis mikell,CB,DB,1995-11-25,,Active
5452,3115481,J.T. Gray,jt gray,DB,DB,1996-01-18,,Active
5453,3115352,Colton Jumper,colton jumper,OLB,FRONT7,1994-11-26,,Active
5457,3042743,Christian LaCouture,christian lacouture,NT,FRONT7,1994-09-04,,Active
5458,3929841,Du'Vonta Lampkin,du vonta lampkin,DT,FRONT7,1997-01-07,,Active
5459,4334407,Mason McKenrick,mason mckenrick,LB,FRONT7,,,Active
5460,3068715,Kaare Vedvik,kaare vedvik,K,K,1994-03-16,,Active
5462,4339834,Christopher Ezeala,christopher ezeala,RB,RB,1995-09-19,,Active
5463,4057659,Mark Thompson,mark thompson,RB,RB,1994-12-09,,Active
5464,3928461,De'Lance Turner,de lance turner,RB,RB,1995-08-23,,Active
5465,4329472,Nick Keizer,nick keizer,TE,TE,1995-05-02,,Injured Reserve
5466,3120464,John Franklin-Myers,john franklin myers,DT,FRONT7,1996-09-26,TEN,Active
5467,4339173,Tigie Sankoh,tigie sankoh,SS,DB,1996-11-04,,Active
5468,4338875,Christian Scotland-Williamson,christian scotland williamson,TE,TE,1993-07-05,,Active
5470,3044732,Kendal Vickers,kendal vickers,DE,FRONT7,1995-05-23,,Active
5471,3052013,Trey Johnson,trey johnson,CB,DB,1994-09-27,,Active
5473,3914155,Lyndon Johnson,lyndon johnson,NT,FRONT7,1994-05-23,,Inactive
5474,3125816,Linden Stephens,linden stephens,DB,DB,1995-03-21,,Active
5477,3056831,Reggie Hunter,reggie hunter,LB,FRONT7,1994-01-02,,Active
5478,3045469,Andrew Motuapuaka,andrew motuapuaka,ILB,FRONT7,1995-06-29,,Active
5479,3122160,Tre Herndon,tre herndon,CB,DB,1996-03-05,,Active
5480,3124080,C.J. Reavis,cj reavis,CB,DB,1995-11-27,,Inactive
5483,3045242,Tyler Lancaster,tyler lancaster,DT,FRONT7,1994-11-04,,Active
5484,3052509,Filipo Mokofisi,filipo mokofisi,DT,FRONT7,1995-03-26,,Active
5485,3121563,Conor Sheehy,conor sheehy,NT,FRONT7,1996-07-24,,Active
5488,3039921,Joel Lanning,joel lanning,OLB,FRONT7,1994-11-18,,Active
5489,3139926,Kameron Kelly,kameron kelly,FS,DB,1996-08-19,,Active
5491,4038466,DeQuinton Osborne,dequinton osborne,DT,FRONT7,,,Active
5492,3153653,Donovan Olumba,donovan olumba,CB,DB,1995-09-26,,Active
5493,4037361,Charvarius Ward,charvarius ward,CB,DB,1996-05-16,IND,Active
5494,3052080,Tyree Robinson,tyree robinson,SS,DB,1994-04-14,,Inactive
5495,4035726,Austin Larkin,austin larkin,DE,FRONT7,1995-04-06,,Active
5496,3056719,James Hearns,james hearns,LB,FRONT7,1993-09-20,,Active
5497,3125884,Jon Cunningham,jon cunningham,DT,FRONT7,1995-08-31,,Active
5498,4043891,Joseph Putu,joseph putu,DB,DB,,,Active
5500,,Richard Jarvis,richard jarvis,DL,FRONT7,1995-04-20,,Inactive
5501,3118188,Lord Hyeamang,lord hyeamang,DT,FRONT7,1996-12-31,,Active
5502,4043157,Mychealon Thomas,mychealon thomas,DE,FRONT7,1994-10-02,,Active
5504,3042381,Mackendy Cheridor,mackendy cheridor,DE,FRONT7,1994-09-20,,Active
5505,3134315,Jacob Tuioti-Mariner,jacob tuioti mariner,LB,FRONT7,1996-07-25,,Active
5506,3042693,Anthony Winbush,anthony winbush,DE,FRONT7,1994-12-18,,Active
5507,3122761,Secdrick Cooper,secdrick cooper,S,DB,1995-07-17,,Active
5508,3128630,Chris Lammons,chris lammons,CB,DB,1996-01-31,,Active
5511,3121376,Chris Frey,chris frey,LB,FRONT7,1995-06-23,,Active
5513,3040516,Tracy Sprinkle,tracy sprinkle,DT,FRONT7,1995-04-18,,Active
5516,3914861,Frank Ginda,frank ginda,OLB,FRONT7,1997-05-26,,Active
5517,2987188,Mike Needham,mike needham,LB,FRONT7,,,Active
5518,4039221,Elijah Battle,elijah battle,CB,DB,,,Active
5519,4334405,Tavierre Thomas,tavierre thomas,DB,DB,1996-03-11,MIN,Active
5520,4331768,Jonathan Owens,jonathan owens,DB,DB,1995-07-22,IND,Active
5522,3139339,Owen Obasuyi,owen obasuyi,DE,FRONT7,1996-05-07,,Active
5526,4239833,Darious Williams,darious williams,CB,DB,1993-03-15,,Active
5527,3122442,Ramon Richards,ramon richards,SS,DB,1995-11-29,,Active
5528,3046700,Montrel Meander,montrel meander,LB,FRONT7,1994-09-20,,Active
5530,3115343,Evan Berry,evan berry,WR,WR,1995-11-04,,Active
5532,3052059,Daniel Ekuale,daniel ekuale,DT,FRONT7,1994-01-13,,Active
5533,3915192,Trenton Thompson,trenton thompson,DT,FRONT7,1996-07-27,,Active
5534,3932901,Elijah Campbell,elijah campbell,DB,DB,1995-08-24,NYG,Active
5535,2980441,Micah Hannemann,micah hannemann,FS,DB,1994-08-15,,Active
5536,3126246,Dontrell Hilliard,dontrell hilliard,RB,RB,1995-02-26,,Inactive
5539,3040137,Derrick Willies,derrick willies,WR,WR,1994-10-12,,Inactive
5542,3046694,Naashon Hughes,naashon hughes,ILB,FRONT7,1995-07-15,,Active
5543,2577394,C.J. Johnson,cj johnson,ILB,FRONT7,1994-01-18,,Active
5544,4334406,Marcus Porter,marcus porter,ILB,FRONT7,1996-08-30,,Active
5545,3049331,Raven Greene,raven greene,DB,DB,1995-02-02,,Active
5547,3125991,Ryan Smith,ryan smith,TE,TE,1996-01-13,,Active
5548,3119490,Elijah Marks,elijah marks,WR,WR,1995-12-29,,Active
5549,3115375,Darrel Williams,darrel williams,RB,RB,1995-04-15,,Active
5550,3042728,John David Moore,john david moore,RB,RB,1995-05-30,,Active
5554,3127025,Reggie Hall,reggie hall,CB,DB,1995-09-14,,Active
5556,3125119,Jason Hall,jason hall,OLB,FRONT7,1996-05-16,,Active
5557,4037632,Emmanuel Beal,emmanuel beal,ILB,FRONT7,1995-06-26,,Active
5558,4294229,Marcus Martin,marcus martin,RB,RB,1995-02-16,,Active
5559,3045243,Warren Long,warren long,OLB,FRONT7,1995-03-11,,Active
5560,3045222,Khalid Hill,khalid hill,FB,RB,1995-06-04,,Inactive
5563,3918012,Eddy Wilson,eddy wilson,DT,FRONT7,1997-02-13,,Active
5564,3122932,Jacob Pugh,jacob pugh,OLB,FRONT7,1995-09-22,,Active
5565,3116158,Jason Cabinda,jason cabinda,FB,RB,1996-03-17,,Active
5566,3916334,Julian Allen,julian allen,FB,RB,1994-05-31,,Inactive
5567,3047490,Janarion Grant,janarion grant,WR,WR,1993-11-20,,Inactive
5568,3957496,Myles Humphrey,myles humphrey,DE,FRONT7,1995-09-07,,Active
5569,3040499,Johnny Stanton,johnny stanton,FB,RB,1994-09-07,,Active
5570,3047968,Chad Beebe,chad beebe,WR,WR,1994-06-01,,Active
5572,3122690,Henry Mondeaux,henry mondeaux,DE,FRONT7,1995-09-19,,Active
5573,3129304,Greer Martini,greer martini,OLB,FRONT7,1995-06-06,,Active
5574,3052144,Raymond Davison,raymond davison,ILB,FRONT7,1995-03-25,,Active
5576,3140643,Ben Niemann,ben niemann,LB,FRONT7,1995-07-27,,Active
5578,3122666,Arrion Springs,arrion springs,DB,DB,1995-09-19,,Active
5579,3050887,D'Montre Wade,d montre wade,CB,DB,1994-12-22,,Active
5580,3127273,Frankie Luvu,frankie luvu,LB,FRONT7,1996-09-19,WAS,Active
5581,3128853,Anthony Wint,anthony wint,ILB,FRONT7,1995-09-14,,Inactive
5582,3049262,Brett Taylor,brett taylor,LB,FRONT7,1994-08-08,,Active
5583,3116058,Craig James,craig james,CB,DB,1996-04-29,,Active
5585,2971519,T.J. Mutcherson,tj mutcherson,SS,DB,1992-07-27,,Active
5586,3045201,Henry Poggi,henry poggi,FB,RB,1994-08-09,,Active
5587,3929855,Chris Warren,chris warren,RB,RB,1996-06-06,,Active
5588,4337702,Paul Butler,paul butler,TE,TE,1993-04-26,,Inactive
5589,3057976,Parker Cothren,parker cothren,DT,FRONT7,1994-01-23,,Active
5590,3052671,Jordan Smallwood,jordan smallwood,WR,WR,1995-01-18,,Active
5591,3128264,Robert McCray,robert mccray,DE,FRONT7,1996-03-24,,Active
5594,3125916,Jamar Summers,jamar summers,FS,DB,1995-06-14,,Active
5595,3116618,Step Durham,step durham,CB,DB,1995-06-10,,Active
5596,3120863,Malik Reaves,malik reaves,CB,DB,1995-12-15,,Active
5597,3059773,Brogan Roback,brogan roback,QB,QB,1994-08-29,,Active
5601,3128455,Jamiyus Pittman,jamiyus pittman,DT,FRONT7,1994-10-23,,Inactive
5602,3939134,Claudy Mathieu,claudy mathieu,DL,FRONT7,1993-01-18,,Active
5603,3123079,Anthony Moten,anthony moten,DL,FRONT7,1995-07-12,,Active
5604,4331771,Quincy Redmon,quincy redmon,CB,DB,1993-12-11,,Inactive
5605,3045376,Matthew Thomas,matthew thomas,OLB,FRONT7,1995-07-21,,Inactive
5606,3116053,Gaelin Elmore,gaelin elmore,DE,FRONT7,1995-09-08,,Active
5607,3042354,Ja'Von Rolland-Jones,ja von rolland jones,DE,FRONT7,1994-11-13,,Active
5608,3125315,Devonte Boyd,devonte boyd,WR,WR,1994-10-05,,Active
5609,3126158,Stephen Baggett,stephen baggett,TE,TE,,,Active
5611,3048705,Tyrell Chavis,tyrell chavis,NT,FRONT7,1994-06-15,,Active
5612,3892746,Anthony Mahoungou,anthony mahoungou,WR,WR,1994-02-12,,Active
5613,3051369,Bruce Hector,bruce hector,DE,FRONT7,1994-10-07,,Active
5615,3134316,Matt Dickerson,matt dickerson,DE,FRONT7,1995-11-09,JAX,Active
5616,3048672,Mike Ramsay,mike ramsay,NT,FRONT7,1995-03-16,,Active
5618,3124979,Larry Rose,larry rose,RB,RB,1995-09-09,,Inactive
5619,3052449,Dalyn Dawkins,dalyn dawkins,RB,RB,1994-12-12,,Active
5620,3915519,Elijaah Goins,elijaah goins,FS,DB,,,Active
5622,3921572,Jalen Wilkerson,jalen wilkerson,DE,FRONT7,1995-12-21,,Active
5623,3051371,Mike Love,mike love,DE,FRONT7,1994-01-22,,Active
5624,3052662,Keith Ford,keith ford,RB,RB,1994-04-18,,Inactive
5625,3124079,Cam Phillips,cam phillips,WR,WR,1995-12-16,,Inactive
5626,3060151,Bunmi Rotimi,bunmi rotimi,DE,FRONT7,1995-07-16,,Inactive
5627,3125208,Andrew Trumbetti,andrew trumbetti,DE,FRONT7,1996-03-14,,Active
5628,3053054,Cavon Walker,cavon walker,DT,FRONT7,1994-07-04,,Inactive
5629,3843234,Kevin Toliver,kevin toliver,CB,DB,1995-08-24,,Active
5630,3116423,Nick Orr,nick orr,SS,DB,1995-10-06,,Active
5632,2974249,Elijah Norris,elijah norris,ILB,FRONT7,1994-07-04,,Active
5633,3129306,Nyles Morgan,nyles morgan,ILB,FRONT7,1996-08-16,,Active
5634,4294837,Michael Joseph,michael joseph,CB,DB,1995-03-19,,Inactive
5635,3060794,Rashard Fant,rashard fant,CB,DB,1995-01-08,,Active
5636,3119119,Abdullah Anderson,abdullah anderson,DE,FRONT7,1996-01-24,,Active
5637,3126329,Garrett Johnson,garrett johnson,WR,WR,1995-12-03,,Active
5638,2978744,Shaq Roland,shaq roland,WR,WR,,CHI,Active
5640,3045180,Junior Joseph,junior joseph,ILB,FRONT7,1994-09-07,,Active
5641,3051412,Chris Worley,chris worley,ILB,FRONT7,1995-09-15,,Inactive
5642,3046382,Trayvon Henderson,trayvon henderson,DB,DB,1995-08-15,,Active
5644,3048659,Bryon Fields,bryon fields,DB,DB,1994-08-23,,Active
5646,3131775,Tae Davis,tae davis,LB,FRONT7,1996-08-14,,Inactive
5647,3116166,Grant Haley,grant haley,DB,DB,1996-01-06,,Inactive
5650,3128706,Dominick Sanders,dominick sanders,FS,DB,1995-11-17,,Active
5653,3116391,Jordan Thomas,jordan thomas,CB,DB,,,Active
5654,3121589,Stephen Roberts,stephen roberts,SS,DB,1996-01-21,,Active
5655,3121344,Ryan Neal,ryan neal,SS,DB,1995-12-24,,Active
5657,3126120,Asantay Brown,asantay brown,OLB,FRONT7,1995-02-03,,Active
5658,3049726,Dee Delaney,dee delaney,CB,DB,1995-02-20,,Active
5659,3043127,John Atkins,john atkins,DT,FRONT7,1992-12-21,,Active
5660,3042746,Frank Herron,frank herron,DE,FRONT7,1994-07-09,,Active
5661,3122430,Chris Lacy,chris lacy,WR,WR,1996-01-28,,Active
5662,3128746,A.J. Moore,aj moore,DB,DB,1995-12-15,,Active
5663,3047994,Shane Wimann,shane wimann,RB,RB,1994-09-09,,Inactive
5664,3123054,Trent Harris,trent harris,LB,FRONT7,1995-09-17,,Active
5665,3047553,Darren Andrews,darren andrews,WR,WR,,,Inactive
5669,3051333,Sharif Finch,sharif finch,LB,FRONT7,1995-10-01,,Inactive
5670,3060410,Nick DeLuca,nick deluca,TE,TE,1995-01-27,,Inactive
5671,3116105,Joshua Kalu,joshua kalu,DB,DB,1995-08-28,,Active
5672,3045577,Ryan McKinley,ryan mckinley,CB,DB,,,Active
5673,3043128,Davin Bellamy,davin bellamy,LB,FRONT7,1994-12-27,,Active
5674,3125287,Andre Chachere,andre chachere,DB,DB,1996-02-10,,Active
5675,3120866,Ed Shockley,ed shockley,LB,FRONT7,1995-06-01,,Active
5676,3045249,Kyle Queiro,kyle queiro,ILB,FRONT7,1994-12-18,,Active
5679,3045123,Ryan Carter,ryan carter,CB,DB,1994-11-04,,Active
5680,2976524,Corey Thompson,corey thompson,OLB,FRONT7,1993-12-23,,Active
5681,3051706,Johnathan Alston,johnathan alston,FS,DB,1994-10-17,,Active
5682,3116695,Cayson Collins,cayson collins,OLB,FRONT7,1995-11-10,,Active
5684,3676003,JoJo Wicker,jojo wicker,DE,FRONT7,1996-06-09,,Active
5685,3050925,Chad Meredith,chad meredith,OLB,FRONT7,1994-06-21,,Active
5686,3125790,Amari Coleman,amari coleman,CB,DB,1996-10-09,,Active
5687,3051864,Anthony Sherrils,anthony sherrils,DB,DB,,,Active
5689,4035707,Josh Fatu,josh fatu,DT,FRONT7,1996-03-08,,Active
5690,3052687,Al-Rasheed Benton,al rasheed benton,ILB,FRONT7,1994-12-10,,Active
5691,3050916,Mike Ford,mike ford,DB,DB,1995-08-04,ATL,Active
5692,3040204,Ryan Santoso,ryan santoso,K,K,1995-08-26,,Active
5694,3046689,Antwuan Davis,antwuan davis,CB,DB,1995-05-14,,Inactive
5695,3115255,Brandon Powell,brandon powell,WR,WR,1995-09-12,,Active
5696,4339830,Chris Okoye,chris okoye,DT,FRONT7,1996-06-22,,Active
5697,4339829,Zach Olstad,zach olstad,RB,RB,1993-12-06,,Inactive
5699,4327535,Matt Fleming,matt fleming,WR,WR,1996-12-04,,Active
5700,3127374,Robert Martin,robert martin,RB,RB,1995-09-04,,Active
5701,3052283,Connor Flagel,connor flagel,DE,FRONT7,1995-01-08,,Active
5702,3119152,Pat Afriyie,pat afriyie,DE,FRONT7,1996-07-20,,Inactive
5703,4055563,Deontez Alexander,deontez alexander,WR,WR,1996-07-25,,Active
5705,4035496,John Franklin,john franklin,WR,WR,1994-09-21,,Inactive
5707,3046663,Tyrin Holloway,tyrin holloway,CB,DB,1994-12-05,,Active
5708,3125931,Da'Sean Downey,da sean downey,DE,FRONT7,1995-05-01,,Active
5709,4290778,Luis Perez,luis perez,QB,QB,1994-08-26,,Active
5710,3052549,Nick Holley,nick holley,WR,WR,1994-12-05,,Active
5711,3047923,Brian Womac,brian womac,OLB,FRONT7,1995-01-19,,Active
5712,3049935,Tyrice Beverette,tyrice beverette,FS,DB,1995-01-28,,Active
5713,3920576,Mike Jones,mike jones,CB,DB,1995-09-01,,Active
5714,4339828,Tim Wilson,tim wilson,WR,WR,1994-02-16,,Active
5717,3056487,Manase Hungalu,manase hungalu,OLB,FRONT7,1995-01-04,,Active
5718,3139447,Ryan Yurachek,ryan yurachek,TE,TE,1996-08-27,,Active
5719,3116620,KeShun Freeman,keshun freeman,OLB,FRONT7,1995-11-10,,Active
5720,3125898,Vontae Diggs,vontae diggs,OLB,FRONT7,1995-11-07,,Active
5722,3051650,Darvin Kidsy,darvin kidsy,WR,WR,1995-03-19,,Active
5724,4030612,Joseph Este,joseph este,S,DB,1994-06-25,,Active
5725,3124544,Tobenna Okeke,tobenna okeke,OLB,FRONT7,1996-07-17,,Active
5726,3129446,Robert Spillane,robert spillane,LB,FRONT7,1995-12-14,NE,Active
5727,3040031,Nick Thurman,nick thurman,DE,FRONT7,1995-06-12,,Active
5730,4339831,Mark Myers,mark myers,CB,DB,1994-09-05,,Inactive
5733,3957316,Clayton Wilson,clayton wilson,TE,TE,1994-08-01,,Active
5734,3051751,C.J. Duncan,cj duncan,WR,WR,1995-03-24,,Active
5735,3116737,Airius Moore,airius moore,ILB,FRONT7,1995-11-14,,Active
5736,3053801,Dallin Leavitt,dallin leavitt,DB,DB,1994-08-08,,Active
5738,3039769,Josh Okonye,josh okonye,CB,DB,1995-06-05,,Active
5739,3050953,Afolabi Laguda,afolabi laguda,FS,DB,1995-07-28,,Active
5740,3116645,Chucky Williams,chucky williams,DB,DB,1995-03-18,,Active
5741,3116387,Steven Parker,steven parker,DB,DB,1995-12-14,,Active
5742,3117912,Blaine Woodson,blaine woodson,DE,FRONT7,1995-10-30,,Active
5743,,Michael Cirino,michael cirino,S,DB,,,Inactive
5744,3047578,Eldridge Massington,eldridge massington,WR,WR,1995-01-26,NO,Active
5745,3042933,Nick Stevens,nick stevens,QB,QB,1995-01-31,,Inactive
5746,3127065,Shaheed Salmon,shaheed salmon,ILB,FRONT7,1996-04-22,,Active
5747,4035069,Kayaune Ross,kayaune ross,WR,WR,1994-07-08,,Active
5748,3128747,DeMarquis Gates,demarquis gates,ILB,FRONT7,1996-03-07,,Active
5749,4036493,Kyle Wilson,kyle wilson,OLB,FRONT7,1995-11-02,,Inactive
5750,3074230,Garrett Hudson,garrett hudson,TE,TE,1995-01-24,,Active
5751,3134314,Austin Roberts,austin roberts,TE,TE,1995-12-03,,Active
5752,3041102,Sherman Badie,sherman badie,RB,RB,1995-01-03,,Active
5753,3060403,Chris Board,chris board,LB,FRONT7,1995-07-23,,Active
5754,3118954,Jaeden Graham,jaeden graham,TE,TE,1995-10-10,,Inactive
5755,,Duplicate Player,duplicate player,TE,TE,1996-02-23,,Inactive
5756,3116132,Garrett Dickerson,garrett dickerson,TE,TE,1995-12-30,,Active
5757,3128303,Josh Woods,josh woods,LB,FRONT7,1996-07-01,ATL,Active
5758,3059832,Jackson Porter,jackson porter,CB,DB,1995-01-26,,Active
5759,3052527,Nate Holley,nate holley,DB,DB,1994-12-05,,Active
5760,4350798,Josh Crockett,josh crockett,WR,WR,1995-03-13,,Active
5762,3044726,Josh Smith,josh smith,WR,WR,1994-03-24,,Inactive
5764,4327530,Juante Baldwin,juante baldwin,CB,DB,1994-10-24,,Active
5765,3040149,Bo Bower,bo bower,OLB,FRONT7,1994-10-31,,Inactive
5766,3916720,Sam Beal,sam beal,CB,DB,1996-08-30,,Active
5767,3871875,Adonis Alexander,adonis alexander,DB,DB,1996-11-07,NO,Inactive
5768,3115472,Brandon Bryant,brandon bryant,SS,DB,1995-12-21,,Inactive
5769,3045361,Ro'Derrick Hoskins,ro derrick hoskins,LB,FRONT7,1994-08-23,,Active
5771,3063943,Kiante Anderson,kiante anderson,DE,FRONT7,,,Active
5772,3056458,Aaron Lacombe,aaron lacombe,WR,WR,1995-04-06,,Inactive
5773,3047876,KhaDarel Hodge,khadarel hodge,WR,WR,1995-01-03,,Active
5774,3039793,Cam Serigne,cam serigne,TE,TE,1994-08-06,,Active
5775,3052494,Jared Murphy,jared murphy,WR,WR,1994-07-20,,Active
5776,3044693,Mark Chapman,mark chapman,WR,WR,,,Active
5777,2973663,Malachi Jones,malachi jones,WR,WR,1994-03-20,,Active
5778,3115307,Zaycoven Henderson,zaycoven henderson,DT,FRONT7,1994-12-06,,Active
5779,2975813,Blake Jackson,blake jackson,WR,WR,1994-03-07,,Inactive
5780,3049025,Adam Reth,adam reth,DE,FRONT7,,,Active
5781,3115928,Malik Turner,malik turner,WR,WR,1996-01-30,SF,Active
5783,3127082,Christian Boutte,christian boutte,CB,DB,1995-12-29,,Active
5784,3116052,Jonathan Celestin,jonathan celestin,LB,FRONT7,1995-11-21,,Active
5785,3124608,James Butler,james butler,RB,RB,1995-02-19,,Active
5786,4370294,Marcus Peterson,marcus peterson,WR,WR,1992-03-20,,Active
5787,3052102,Bryce Bobo,bryce bobo,WR,WR,1995-06-21,,Active
5788,3924375,Dante Sawyer,dante sawyer,DE,FRONT7,1994-12-17,,Inactive
5789,3040172,Nathan Bazata,nathan bazata,DT,FRONT7,1994-07-15,,Active
5790,3121230,Mike Basile,mike basile,S,DB,,,Inactive
5791,3052624,Gerald Holmes,gerald holmes,RB,RB,1994-11-15,,Active
5792,3125248,Jeremy Reaves,jeremy reaves,DB,DB,1996-08-29,WAS,Active
5793,3045643,Davond Dade,davond dade,DE,FRONT7,,,Active
5794,3049337,Simeyon Robinson,simeyon robinson,DE,FRONT7,,,Active
5795,4037345,Bryce Canady,bryce canady,CB,DB,,,Inactive
5796,3052566,Austin Wolf,austin wolf,WR,WR,1994-10-12,,Inactive
5797,,Duplicate Player,duplicate player,ILB,FRONT7,1991-12-24,DEN,Inactive
5798,3052098,Darren Carrington,darren carrington,WR,WR,1994-10-11,,Inactive
5799,4378381,Darius Prince,darius prince,WR,WR,1990-04-23,,Active
5800,3139485,Justin Stockton,justin stockton,RB,RB,1995-07-06,,Active
5801,4034782,Kobe McCrary,kobe mccrary,RB,RB,1994-01-19,,Active
5802,4039277,Allenzae Staggers,allenzae staggers,WR,WR,,,Inactive
5804,3921645,Julian Williams,julian williams,WR,WR,,,Active
5806,3124092,John Wolford,john wolford,QB,QB,1995-10-16,,Active
5807,3124103,Jaboree Williams,jaboree williams,OLB,FRONT7,1996-01-29,,Active
5808,2979695,Connor Jessop,connor jessop,QB,QB,,,Active
5809,4328969,Ja'Quan Gardner,ja quan gardner,RB,RB,,,Active
5810,,Trey Walker,trey walker,DB,DB,1995-02-01,,Inactive
5811,,Mike Hughes,mike hughes,DT,FRONT7,1996-04-03,,Inactive
5812,,Dan Mccullers-sanders,dan mccullers sanders,DT,FRONT7,1992-08-11,,Inactive
5813,,Adarius Taylor,adarius taylor,LB,FRONT7,1990-09-21,,Inactive
5814,,Frank Stephens,frank stephens,WR,WR,1995-10-23,,Inactive
5815,3116104,Chris Jones,chris jones,CB,DB,1995-08-13,,Active
5816,4040605,Nick Bosa,nick bosa,DE,FRONT7,1997-10-23,SF,Active
5817,,Byron Leftwich,byron leftwich,QB,QB,1980-01-14,,Inactive
5820,,BenJarvus Green-Ellis,benjarvus green ellis,RB,RB,1985-07-02,,Inactive
5822,2577712,Alexander Johnson,alexander johnson,LB,FRONT7,1991-12-24,,Active
5823,3127313,Tristan Vizcaino,tristan vizcaino,K,K,1996-07-31,,Active
5825,3043274,Eric Cotton,eric cotton,DE,FRONT7,1995-02-28,,Active
5826,3047235,Jameer Thurman,jameer thurman,ILB,FRONT7,1995-01-20,,Active
5827,4410136,Tevaughn Campbell,tevaughn campbell,CB,DB,1993-06-14,,Active
5828,17463,Diontae Spencer,diontae spencer,WR,WR,1992-03-19,,Inactive
5830,2577637,Sam Eguavoen,sam eguavoen,LB,FRONT7,1993-02-22,,Active
5831,3050661,Bryant Mitchell,bryant mitchell,WR,WR,1992-08-16,,Inactive
5832,3042880,Mercy Maston,mercy maston,CB,DB,1992-11-10,,Active
5833,,Kevin O'Connell,kevin o connell,QB,QB,1985-05-25,,Inactive
5834,,Sean Ryan,sean ryan,TE,TE,1980-03-27,,Inactive
5836,3121590,Tre' Williams,tre williams,OLB,FRONT7,1996-03-03,,Active
5837,3060823,Redford Jones,redford jones,K,K,1994-07-25,,Active
5838,,Phillip Andersen,phillip andersen,K,K,1991-04-10,,Active
5839,4046523,Rashan Gary,rashan gary,LB,FRONT7,1997-12-03,DAL,Active
5840,3915239,Josh Hines-Allen,josh hines allen,DE,FRONT7,1997-07-13,JAX,Active
5841,4039303,Ed Oliver,ed oliver,DT,FRONT7,1997-12-12,BUF,Active
5842,3728258,Clelin Ferrell,clelin ferrell,DE,FRONT7,1997-05-17,,Active
5843,4036261,Devin Bush,devin bush,LB,FRONT7,1998-07-18,CHI,Active
5844,4036133,T.J. Hockenson,tj hockenson,TE,TE,1997-07-03,MIN,Active
5845,4040616,Dwayne Haskins,dwayne haskins,QB,QB,1997-05-03,PIT,Active
5846,4047650,DK Metcalf,dk metcalf,WR,WR,1997-12-14,PIT,Active
5847,4035483,Dexter Lawrence,dexter lawrence,DT,FRONT7,1997-11-12,CIN,Active
5848,4241372,Marquise Brown,marquise brown,WR,WR,1997-06-04,PHI,Active
5849,3917315,Kyler Murray,kyler murray,QB,QB,1997-08-07,MIN,Active
5850,4047365,Josh Jacobs,josh jacobs,RB,RB,1998-02-11,GB,Active
5851,4034967,Jachai Polite,jachai polite,LB,FRONT7,1997-03-30,,Active
5852,3915163,DeAndre Baker,deandre baker,CB,DB,1997-09-04,,Active
5853,4035458,Trayvon Mullen,trayvon mullen,CB,DB,1997-09-20,,Active
5854,3924327,Drew Lock,drew lock,QB,QB,1996-11-10,SEA,Active
5857,4036131,Noah Fant,noah fant,TE,TE,1997-11-20,NO,Active
5859,4047646,A.J. Brown,aj brown,WR,WR,1997-06-30,NE,Inactive
5860,3728305,Johnathan Abram,johnathan abram,DB,DB,1996-10-25,,Active
5861,3116449,L.J. Collier,lj collier,DE,FRONT7,1995-09-12,ARI,Active
5862,4035631,Brian Burns,brian burns,DE,FRONT7,1998-04-23,NYG,Inactive
5863,3931397,J.J. Arcega-Whiteside,jj arcega whiteside,WR,WR,1996-12-31,,Active
5864,4038999,Byron Murphy,byron murphy,CB,DB,1998-01-18,MIN,Active
5865,3915525,Dre'Mont Jones,dre mont jones,DE,FRONT7,1997-01-05,NE,Active
5866,3859100,Deionte Thompson,deionte thompson,DB,DB,1997-02-11,,Active
5870,3917792,Daniel Jones,daniel jones,QB,QB,1997-05-27,IND,Active
5871,3915282,Zach Allen,zach allen,DE,FRONT7,1997-08-20,DEN,Active
5872,3126486,Deebo Samuel,deebo samuel,WR,WR,1996-01-15,SF,Active
5873,4035015,Riley Ridley,riley ridley,WR,WR,1996-07-21,,Active
5876,4046675,Julian Love,julian love,DB,DB,1998-03-19,SEA,Active
5878,4047839,N'Keal Harry,n keal harry,TE,TE,1997-12-17,,Active
5879,3122766,Jaylon Ferguson,jaylon ferguson,LB,FRONT7,1995-12-14,,Active
5880,3121410,Parris Campbell,parris campbell,WR,WR,1997-07-16,,Active
5881,3912028,Nasir Adderley,nasir adderley,DB,DB,1997-05-31,,Active
5882,4039007,Taylor Rapp,taylor rapp,DB,DB,1997-12-22,DEN,Active
5883,4240780,Lonnie Johnson,lonnie johnson,DB,DB,1995-11-04,,Active
5884,4036163,Kelvin Harmon,kelvin harmon,WR,WR,1996-12-15,,Active
5885,3042876,Ryan Finley,ryan finley,QB,QB,1994-12-26,,Inactive
5886,3917940,Hakeem Butler,hakeem butler,TE,TE,1996-05-16,,Active
5888,3116175,Amani Oruwariye,amani oruwariye,CB,DB,1996-02-09,BAL,Active
5889,3931398,Bryce Love,bryce love,RB,RB,1997-07-08,,Inactive
5890,3925347,Damien Harris,damien harris,RB,RB,1997-02-11,,Active
5892,4035538,David Montgomery,david montgomery,RB,RB,1997-06-07,HOU,Active
5893,4034953,C.J. Gardner-Johnson,cj gardner johnson,DB,DB,1997-12-20,BUF,Active
5894,3116724,Germaine Pratt,germaine pratt,LB,FRONT7,1996-05-21,,Active
5896,4035474,Tre Lamar,tre lamar,ILB,FRONT7,1997-10-08,,Inactive
5897,3915291,Lukas Denis,lukas denis,FS,DB,1997-04-13,,Active
5899,3917279,Jamal Peters,jamal peters,CB,DB,1996-12-22,,Active
5900,3929648,Shareef Miller,shareef miller,LB,FRONT7,1997-03-14,,Active
5902,3917546,Penny Hart,penny hart,WR,WR,1996-07-05,,Inactive
5903,3115252,Will Grier,will grier,QB,QB,1995-04-03,,Active
5905,4046719,Justin Layne,justin layne,CB,DB,1998-01-12,,Inactive
5906,3930086,Dawson Knox,dawson knox,TE,TE,1996-11-14,BUF,Active
5907,4034945,Vosean Joseph,vosean joseph,OLB,FRONT7,1997-12-15,,Inactive
5908,4036134,Amani Hooker,amani hooker,DB,DB,1998-06-14,TEN,Active
5909,4035311,Hamp Cheevers,hamp cheevers,CB,DB,1996-12-23,,Active
5911,3115328,Jalen Hurd,jalen hurd,WR,WR,1996-01-24,,Active
5912,3918310,Carl Granderson,carl granderson,DE,FRONT7,1996-12-18,NO,Active
5914,4046536,David Long,david long,CB,DB,1998-02-06,NO,Inactive
5915,3914328,Andy Isabella,andy isabella,WR,WR,1996-11-18,,Active
5916,4039359,Darrell Henderson,darrell henderson,RB,RB,1997-08-19,,Active
5917,4035004,Mecole Hardman,mecole hardman,WR,WR,1998-03-12,,Active
5918,3705353,Rodney Anderson,rodney anderson,RB,RB,1996-09-12,,Inactive
5919,4035006,Elijah Holyfield,elijah holyfield,RB,RB,1997-11-30,,Active
5920,3915297,Will Harris,will harris,DB,DB,1995-12-19,,Active
5921,3929845,Kris Boyd,kris boyd,CB,DB,1996-09-12,,Active
5922,,Mike Bell,mike bell,LB,FRONT7,1997-12-12,,Active
5923,4037459,Joe Jackson,joe jackson,DE,FRONT7,1996-12-20,,Active
5924,3924318,Emanuel Hall,emanuel hall,WR,WR,1997-05-21,,Inactive
5925,3924310,Terry Beckner,terry beckner,DT,FRONT7,1997-03-02,,Inactive
5926,3121587,Dontavius Russell,dontavius russell,NT,FRONT7,1995-09-18,,Active
5927,3121422,Terry McLaurin,terry mclaurin,WR,WR,1995-09-15,WAS,Active
5928,3916074,David Long,david long,LB,FRONT7,1996-10-12,,Active
5929,4049301,Anthony Johnson,anthony johnson,WR,WR,1995-01-29,,Active
5930,3672862,Jaquan Johnson,jaquan johnson,DB,DB,1995-11-13,,Active
5931,,Blace Brown,blace brown,CB,DB,,,Inactive
5933,3870072,Bless Austin,bless austin,DB,DB,1996-07-19,,Active
5934,3929865,Charles Omenihu,charles omenihu,DE,FRONT7,1997-08-20,WAS,Active
5935,3122692,Jalen Jelks,jalen jelks,DE,FRONT7,1996-08-03,,Active
5937,3932905,Diontae Johnson,diontae johnson,WR,WR,1996-07-05,,Active
5938,4039057,Lil'Jordan Humphrey,lil jordan humphrey,WR,WR,1998-04-19,DEN,Active
5939,3922125,Terrill Hanks,terrill hanks,OLB,FRONT7,1995-12-07,,Active
5940,3917329,Landis Durham,landis durham,OLB,FRONT7,1997-08-31,,Active
5941,3929817,Felton Davis,felton davis,WR,WR,1997-02-25,,Active
5942,3728253,Austin Bryant,austin bryant,LB,FRONT7,1996-11-12,,Inactive
5944,3117253,Bobby Okereke,bobby okereke,LB,FRONT7,1996-07-29,CAR,Active
5945,3728308,Jonathan Ledbetter,jonathan ledbetter,DE,FRONT7,1997-09-12,,Active
5946,3873935,Jamel Dean,jamel dean,CB,DB,1996-10-15,PIT,Active
5947,3916433,Jakobi Meyers,jakobi meyers,WR,WR,1996-11-09,JAX,Active
5950,3921571,Nyqwan Murray,nyqwan murray,WR,WR,1997-07-28,,Active
5951,3126182,Isaiah Johnson,isaiah johnson,CB,DB,1995-12-20,,Active
5952,2971641,Chase Hansen,chase hansen,LB,FRONT7,1993-05-20,,Active
5953,3122915,Demarcus Christmas,demarcus christmas,DT,FRONT7,1995-07-04,,Active
5954,3122420,Jordan Brailford,jordan brailford,DE,FRONT7,1995-10-09,,Active
5955,3135321,Hunter Renfrow,hunter renfrow,WR,WR,1995-12-21,,Active
5957,4035014,Isaac Nauta,isaac nauta,TE,TE,1997-05-21,GB,Inactive
5958,3127305,JoJo McIntosh,jojo mcintosh,SS,DB,1996-03-17,,Active
5959,3155647,Mike Edwards,mike edwards,DB,DB,1996-05-18,,Active
5960,3121544,T.J. Edwards,tj edwards,LB,FRONT7,1996-08-12,CHI,Active
5961,3123675,Jalin Moore,jalin moore,RB,RB,1995-11-28,,Inactive
5962,3124537,KeeSean Johnson,keesean johnson,WR,WR,1996-10-09,,Active
5965,3932423,Miles Boykin,miles boykin,WR,WR,1996-10-12,,Active
5966,3915285,Wyatt Ray,wyatt ray,DE,FRONT7,1996-10-24,,Inactive
5967,3916148,Tony Pollard,tony pollard,RB,RB,1997-04-30,TEN,Active
5968,3728261,Mark Fields,mark fields,CB,DB,1996-10-10,SF,Active
5970,4037235,Greg Dortch,greg dortch,WR,WR,1998-05-29,BUF,Active
5971,3124970,Ben Banogu,ben banogu,DE,FRONT7,1996-01-19,,Active
5973,3921690,Josh Oliver,josh oliver,TE,TE,1997-03-21,MIN,Inactive
5974,3116172,Trace McSorley,trace mcsorley,QB,QB,1995-08-23,,Active
5975,3932433,Alize Mack,alize mack,TE,TE,1997-03-29,,Active
5976,3929927,Karan Higdon,karan higdon,RB,RB,1996-09-08,,Inactive
5977,3915174,Terry Godwin,terry godwin,WR,WR,1996-10-23,,Active
5978,3914613,Emeke Egbule,emeke egbule,LB,FRONT7,1996-10-13,,Active
5979,3121538,Ryan Connelly,ryan connelly,LB,FRONT7,1995-10-23,,Active
5980,3886818,Myles Gaskin,myles gaskin,RB,RB,1997-02-15,,Active
5981,3127294,Greg Gaines,greg gaines,DT,FRONT7,1996-05-06,BUF,Active
5982,4243244,Marquise Blair,marquise blair,DB,DB,1997-07-18,,Active
5983,3917852,Sheldrick Redwine,sheldrick redwine,DB,DB,1996-11-06,,Active
5984,3895828,Anthony Ratliff-Williams,anthony ratliff williams,WR,WR,1997-06-17,,Active
5985,3843945,Foster Moreau,foster moreau,TE,TE,1997-05-06,HOU,Active
5986,3126362,Christian Miller,christian miller,LB,FRONT7,1996-06-19,,Active
5987,4048244,Alexander Mattison,alexander mattison,RB,RB,1998-06-19,,Active
5989,4042141,Trysten Hill,trysten hill,DT,FRONT7,1998-03-25,,Active
5990,3924319,Terez Hall,terez hall,LB,FRONT7,1996-11-18,,Inactive
5991,3916655,Maxx Crosby,maxx crosby,DE,FRONT7,1997-08-22,LV,Active
5992,,Jonathan Crawford,jonathan crawford,FS,DB,1996-08-03,,Active
5993,3139453,Dakota Allen,dakota allen,LB,FRONT7,1995-11-02,,Inactive
5994,,Kendall Joseph,kendall joseph,ILB,FRONT7,,,Inactive
5995,4038441,Justice Hill,justice hill,RB,RB,1997-11-14,BAL,Active
5996,3912553,Porter Gustin,porter gustin,DE,FRONT7,1997-02-08,,Inactive
5997,3843603,Jazz Ferguson,jazz ferguson,WR,WR,1997-01-12,,Active
5998,4036434,Clifton Duck,clifton duck,CB,DB,1998-05-03,,Active
5999,3121542,D'Cota Dixon,d cota dixon,FS,DB,1994-11-20,,Active
6001,3127310,Drew Sample,drew sample,TE,TE,1996-04-16,CIN,Active
6002,3123944,Qadree Ollison,qadree ollison,RB,RB,1996-09-08,,Active
6003,3894856,Anthony Nelson,anthony nelson,LB,FRONT7,1997-03-04,TB,Active
6005,3929641,Kevin Givens,kevin givens,DT,FRONT7,1997-03-01,SF,Active
6006,3916922,Byron Cowart,byron cowart,DT,FRONT7,1996-05-20,WAS,Active
6007,3923397,Ryquell Armstead,ryquell armstead,RB,RB,1996-10-30,,Active
6009,3886824,Jordan Miller,jordan miller,DB,DB,1997-02-08,,Active
6011,4038524,Gardner Minshew,gardner minshew,QB,QB,1996-05-16,ARI,Active
6012,4037457,Travis Homer,travis homer,RB,RB,1998-08-07,PIT,Active
6013,3127367,Saquan Hampton,saquan hampton,DB,DB,1995-12-12,,Active
6014,3924364,Rashad Fenton,rashad fenton,CB,DB,1997-02-17,,Active
6015,3121578,Deshaun Davis,deshaun davis,OLB,FRONT7,1995-12-31,,Active
6016,3932963,Dax Raymond,dax raymond,TE,TE,1994-11-30,PIT,Active
6017,3930064,DaMarkus Lodge,damarkus lodge,WR,WR,1997-05-12,,Active
6018,3929924,Zach Gentry,zach gentry,TE,TE,1996-09-10,,Active
6019,3121413,Johnnie Dixon,johnnie dixon,WR,WR,1994-09-16,,Active
6020,3862861,Te'von Coney,te von coney,LB,FRONT7,1997-06-10,,Active
6021,3843406,Nick Brossette,nick brossette,RB,RB,1996-03-02,,Active
6023,3912545,Iman Marshall,iman marshall,CB,DB,1997-02-27,,Active
6025,3917853,Mike Jackson,mike jackson,CB,DB,1997-01-10,CAR,Inactive
6026,3728248,Albert Huggins,albert huggins,DT,FRONT7,1997-06-27,,Active
6027,3116134,Nate Hall,nate hall,LB,FRONT7,1996-04-06,,Active
6030,3121034,Jordan Brown,jordan brown,DB,DB,1996-03-26,,Active
6031,3886636,Alex Barnes,alex barnes,RB,RB,1996-10-27,,Active
6032,3120980,Keelan Doss,keelan doss,WR,WR,1996-03-21,,Active
6033,4241451,Isaiah Buggs,isaiah buggs,DE,FRONT7,1996-08-24,,Active
6034,3126245,Donnie Lewis,donnie lewis,CB,DB,1996-07-21,DEN,Inactive
6035,,Cece Jefferson,cece jefferson,OLB,FRONT7,,,Inactive
6036,3916946,Ryan Davis,ryan davis,WR,WR,1997-04-12,,Active
6037,3722362,Brett Rypien,brett rypien,QB,QB,1996-07-09,TB,Active
6039,3915411,Ty Johnson,ty johnson,RB,RB,1997-09-17,BUF,Active
6040,3916564,Tyree Jackson,tyree jackson,TE,TE,1997-11-07,,Active
6041,,Breckyn Hager,breckyn hager,OLB,FRONT7,,,Inactive
6042,3929849,Davante Davis,davante davis,CB,DB,1995-09-26,,Active
6043,4037633,Amani Bledsoe,amani bledsoe,DE,FRONT7,1998-02-06,,Active
6045,3916071,Gary Jennings,gary jennings,WR,WR,1997-03-07,LAC,Active
6046,3133361,Joe Dineen,joe dineen,ILB,FRONT7,1996-03-26,,Inactive
6047,4038938,Dillon Mitchell,dillon mitchell,WR,WR,1997-05-16,,Inactive
6048,3917316,Daylon Mack,daylon mack,DT,FRONT7,1997-02-23,,Inactive
6049,3123074,Tyre Brady,tyre brady,WR,WR,1995-04-19,,Active
6051,3957672,Darryl Johnson,darryl johnson,DE,FRONT7,1997-04-04,,Inactive
6052,,Khalil Hodge,khalil hodge,ILB,FRONT7,,,Inactive
6054,3915240,Derrick Baity,derrick baity,CB,DB,1996-12-23,,Active
6055,3728310,Natrez Patrick,natrez patrick,LB,FRONT7,1997-07-09,,Active
6056,3916903,Dre Greenlaw,dre greenlaw,LB,FRONT7,1997-05-25,SF,Active
6057,3920867,Ulysees Gilbert,ulysees gilbert,LB,FRONT7,1997-08-09,,Active
6059,3139522,Travis Fulgham,travis fulgham,WR,WR,1995-09-13,,Active
6060,3932886,Sean Murphy-Bunting,sean murphy bunting,CB,DB,1997-06-19,PIT,Active
6061,3127302,Drew Lewis,drew lewis,ILB,FRONT7,1995-09-07,,Active
6063,3894912,Tyron Billy-Johnson,tyron billy johnson,WR,WR,1996-01-08,,Active
6064,3120573,E.J. Ejiya,ej ejiya,OLB,FRONT7,1995-10-06,,Active
6065,3926229,Cody Barton,cody barton,LB,FRONT7,1996-11-13,TEN,Active
6066,3117242,Joey Alfieri,joey alfieri,OLB,FRONT7,1996-03-06,,Active
6068,3699935,Devine Ozigbo,devine ozigbo,RB,RB,1996-10-02,,Active
6069,3699902,Stanley Morgan,stanley morgan,WR,WR,1996-09-07,,Active
6070,3120508,Jimmy Moreland,jimmy moreland,CB,DB,1995-08-26,,Inactive
6071,3124096,Cameron Glenn,cameron glenn,S,DB,1996-03-12,,Active
6072,3930901,Bruce Anderson,bruce anderson,RB,RB,1997-06-20,,Inactive
6073,3916913,Ryan Pulley,ryan pulley,CB,DB,1995-12-31,,Active
6074,3912092,Donald Parham,donald parham,TE,TE,1997-08-16,,Active
6075,3940587,Jesper Horsted,jesper horsted,TE,TE,1997-02-27,,Active
6076,3122678,Justin Hollins,justin hollins,LB,FRONT7,1996-01-15,,Inactive
6079,4259349,Gary Johnson,gary johnson,ILB,FRONT7,1996-08-02,,Active
6081,3122103,Kendall Blanton,kendall blanton,TE,TE,1995-11-10,,Active
6083,4249087,Matt Gay,matt gay,K,K,1994-03-15,LV,Active
6085,4040893,Jeff Allison,jeff allison,ILB,FRONT7,1997-03-20,,Active
6087,3117846,Chris Johnson,chris johnson,DB,DB,1995-11-12,,Active
6088,3917067,Bisi Johnson,bisi johnson,WR,WR,1997-03-17,,Inactive
6089,3115359,Daniel Helm,daniel helm,TE,TE,1995-04-20,,Active
6090,3915970,Montre Hartage,montre hartage,DB,DB,1997-06-16,,Active
6091,,Jovon Durante,jovon durante,WR,WR,,,Inactive
6095,,Kiy Hester,kiy hester,S,DB,,,Inactive
6096,4239787,Jamell Garcia-Williams,jamell garcia williams,LB,FRONT7,1997-01-24,,Active
6097,3124013,Jamal Custis,jamal custis,WR,WR,1995-11-06,,Inactive
6098,3886816,Ben Burr-Kirven,ben burr kirven,LB,FRONT7,1997-09-08,,Active
6099,4250485,B.J. Blunt,bj blunt,ILB,FRONT7,1995-04-21,,Active
6100,,Ed Alexander,ed alexander,DT,FRONT7,,,Inactive
6101,,Brian Peavy,brian peavy,CB,DB,1996-05-14,,Active
6103,3917340,Kingsley Keke,kingsley keke,DE,FRONT7,1996-09-26,,Active
6104,3117249,Alijah Holder,alijah holder,DB,DB,1996-01-24,,Active
6105,3917797,Joe Giles-Harris,joe giles harris,LB,FRONT7,1997-04-01,CIN,Active
6106,,Taiwan Deal,taiwan deal,RB,RB,,,Inactive
6107,3119471,Emmanuel Butler,emmanuel butler,WR,WR,1996-08-27,,Inactive
6108,3693033,Jacques Patrick,jacques patrick,RB,RB,1997-01-07,,Active
6109,3917668,Alec Ingold,alec ingold,FB,RB,1996-07-09,LAC,Active
6111,3886812,Jake Browning,jake browning,QB,QB,1996-04-11,,Active
6115,3060919,Wes Hills,wes hills,RB,RB,1995-06-05,,Inactive
6116,4411771,John Cominsky,john cominsky,DE,FRONT7,1995-11-22,,Active
6118,4040982,Quinnen Williams,quinnen williams,DT,FRONT7,1997-12-05,DAL,Active
6119,4035434,Devin White,devin white,LB,FRONT7,1998-02-17,DET,Active
6120,3728266,Christian Wilkins,christian wilkins,DT,FRONT7,1995-12-20,,Active
6123,4035437,Greedy Williams,greedy williams,CB,DB,1997-12-03,,Active
6124,3134690,Montez Sweat,montez sweat,DE,FRONT7,1996-09-04,CHI,Active
6125,4035369,Jeffery Simmons,jeffery simmons,DT,FRONT7,1997-07-28,TEN,Active
6126,4040980,Irv Smith,irv smith,TE,TE,1998-08-09,,Inactive
6127,4035286,Joejuan Williams,joejuan williams,CB,DB,1997-12-06,,Active
6128,3910229,Rock Ya-Sin,rock ya sin,CB,DB,1996-05-23,DET,Active
6129,3863182,Jerry Tillery,jerry tillery,DT,FRONT7,1996-10-08,IND,Active
6130,4040761,Devin Singletary,devin singletary,RB,RB,1997-09-03,NYG,Active
6131,4040983,Mack Wilson,mack wilson,LB,FRONT7,1998-02-14,ARI,Active
6132,3123233,Oshane Ximines,oshane ximines,LB,FRONT7,1996-12-07,,Active
6133,3115974,Chase Winovich,chase winovich,DE,FRONT7,1995-04-19,,Active
6134,3115258,Gerald Willis,gerald willis,NT,FRONT7,1995-08-23,,Active
6135,3915196,D'Andre Walker,d andre walker,LB,FRONT7,1997-01-23,,Inactive
6136,3892775,Jarrett Stidham,jarrett stidham,QB,QB,1996-08-08,DEN,Active
6137,3122818,Tommy Sweeney,tommy sweeney,TE,TE,1995-07-01,,Active
6138,4035425,Saivion Smith,saivion smith,CB,DB,1997-11-05,,Active
6139,3917962,Jace Sternberger,jace sternberger,TE,TE,1996-06-26,,Active
6140,3925358,Kendall Sheffield,kendall sheffield,DB,DB,1996-05-30,,Active
6141,3129310,Drue Tranquill,drue tranquill,LB,FRONT7,1995-08-15,KC,Active
6142,3932936,Caleb Wilson,caleb wilson,TE,TE,1996-07-15,,Active
6143,3912544,Marvell Tell,marvell tell,CB,DB,1996-08-02,,Inactive
6144,4035222,Trayveon Williams,trayveon williams,RB,RB,1997-10-18,,Active
6145,3917909,Juan Thornhill,juan thornhill,DB,DB,1995-10-19,,Active
6146,4044452,Kaden Smith,kaden smith,TE,TE,1997-04-24,,Inactive
6147,3116144,Clayton Thorson,clayton thorson,QB,QB,1995-12-25,NYG,Active
6148,3915399,Preston Williams,preston williams,WR,WR,1997-03-27,,Active
6149,3916945,Darius Slayton,darius slayton,WR,WR,1997-01-12,IND,Active
6151,4045163,Miles Sanders,miles sanders,RB,RB,1997-05-01,,Active
6152,3929835,Khari Willis,khari willis,DB,DB,1996-05-07,,Active
6153,3932449,Dexter Williams,dexter williams,RB,RB,1997-01-06,,Active
6154,3871102,David Sills,david sills,WR,WR,1996-05-29,TB,Inactive
6155,3916418,Jaylen Smith,jaylen smith,WR,WR,1997-08-01,,Active
6156,4035072,Benny Snell,benny snell,RB,RB,1998-02-27,,Active
6157,3128815,Renell Wren,renell wren,DT,FRONT7,1995-10-23,,Active
6159,3915536,Mike Weber,mike weber,RB,RB,1997-08-27,,Inactive
6160,3914595,Josiah Tauaefa,josiah tauaefa,ILB,FRONT7,1997-05-05,,Active
6161,3929828,L.J. Scott,lj scott,RB,RB,1996-09-15,,Active
6162,,Darius West,darius west,S,DB,,,Inactive
6163,3121110,Alex Wesley,alex wesley,WR,WR,1995-10-27,,Inactive
6164,3933327,Kahale Warring,kahale warring,TE,TE,1997-03-23,,Active
6165,4043161,Antoine Wesley,antoine wesley,WR,WR,1997-10-22,,Active
6166,,Brandon Snyder,brandon snyder,S,DB,,,Inactive
6167,3915115,Jordan Scarlett,jordan scarlett,RB,RB,1996-02-09,MIA,Inactive
6168,3933064,John Ursua,john ursua,WR,WR,1994-01-17,,Inactive
6169,3884368,James Williams,james williams,RB,RB,1996-05-17,,Active
6170,3916937,Darrell Williams,darrell williams,OLB,FRONT7,1997-06-17,,Active
6171,3126115,Cody Thompson,cody thompson,WR,WR,1996-01-11,,Active
6172,,Evan Worthington,evan worthington,SS,DB,1995-09-18,,Active
6174,3124015,Chris Slayton,chris slayton,DT,FRONT7,1996-08-01,,Active
6175,3919104,Kerrith Whyte,kerrith whyte,RB,RB,1996-10-31,GB,Active
6176,3701669,Cameron Smith,cameron smith,LB,FRONT7,1997-03-26,,Injured Reserve
6177,3121634,Khalen Saunders,khalen saunders,DT,FRONT7,1996-08-09,,Active
6178,4361606,Darwin Thompson,darwin thompson,RB,RB,1997-02-12,,Active
6179,3124587,Jahlani Tavai,jahlani tavai,LB,FRONT7,1996-09-28,JAX,Active
6180,3145366,Darius Williams,darius williams,CB,DB,,,Active
6181,4039253,Trevon Wesco,trevon wesco,TE,TE,1995-09-12,,Active
6182,3128431,Jordan Wyatt,jordan wyatt,CB,DB,,,Active
6183,3133487,Andrew Van Ginkel,andrew van ginkel,LB,FRONT7,1995-07-01,MIN,Active
6184,3126238,Derrek Thomas,derrek thomas,DB,DB,1995-04-25,,Active
6185,3120590,Easton Stick,easton stick,QB,QB,1995-09-15,TB,Active
6186,3128685,Armon Watts,armon watts,DT,FRONT7,1996-07-22,,Active
6187,3912551,Aca'Cedric Ware,aca cedric ware,RB,RB,1997-06-29,,Active
6188,3921970,Sutton Smith,sutton smith,FB,RB,1996-03-22,,Active
6189,3930075,Zedrick Woods,zedrick woods,FS,DB,1997-08-03,,Active
6190,,Keith Butler,keith butler,LB,FRONT7,1956-05-16,SEA,Active
6192,3045141,Chris Blewitt,chris blewitt,K,K,1995-05-02,,Active
6193,,Cole Murphy,cole murphy,K,K,,,Active
6195,4420843,Damon Sheehy-Guiseppi,damon sheehy guiseppi,WR,WR,1995-02-15,,Active
6196,4420894,Christian Wade,christian wade,RB,RB,1991-05-15,,Inactive
6198,3049326,Andrew Ankrah,andrew ankrah,DE,FRONT7,1996-12-31,,Active
6202,3115349,Jakob Johnson,jakob johnson,FB,RB,1994-12-15,,Active
6203,4421390,Valentine Holmes,valentine holmes,RB,RB,1995-06-24,,Active
6205,3042565,Brandon Silvers,brandon silvers,QB,QB,1994-05-09,,Active
6206,2161946,Cody Brown,cody brown,SS,DB,1994-03-04,,Inactive
6207,3059922,Jordan Martin,jordan martin,SS,DB,1995-01-25,,Active
6208,3048898,Elliott Fry,elliott fry,K,K,1994-12-12,,Active
6209,3039968,Ishmael Hyman,ishmael hyman,WR,WR,1995-08-23,,Inactive
6210,3915419,Darnell Savage,darnell savage,DB,DB,1997-07-30,,Active
6211,3138834,Sione Takitaki,sione takitaki,LB,FRONT7,1995-06-08,,Inactive
6214,3110565,Quincy Williams,quincy williams,LB,FRONT7,1996-08-28,CLE,Active
6216,3886834,Ugo Amadi,ugo amadi,DB,DB,1997-05-16,,Active
6217,3728281,Blake Cashman,blake cashman,LB,FRONT7,1996-05-10,MIN,Active
6218,3071353,E.J. Speed,ej speed,LB,FRONT7,1995-06-01,HOU,Active
6219,3821683,Austin Seibert,austin seibert,K,K,1996-11-15,,Active
6220,3116689,Cole Holcomb,cole holcomb,LB,FRONT7,1996-07-30,PIT,Active
6222,3916676,Ka'dar Hollman,ka dar hollman,DB,DB,1994-09-18,,Active
6223,3128317,Juwann Winfree,juwann winfree,WR,WR,1996-09-04,,Active
6225,4411196,Kahzin Daniels,kahzin daniels,OLB,FRONT7,1995-10-26,,Active
6226,3929033,Rashard Causey,rashard causey,CB,DB,1996-09-20,,Active
6227,4240591,Nick Easley,nick easley,WR,WR,1997-01-14,,Active
6228,3117414,Adarius Pickett,adarius pickett,SS,DB,1996-09-05,,Active
6229,3116693,Malik Carney,malik carney,OLB,FRONT7,1995-09-21,,Inactive
6230,4243164,Javier Edwards,javier edwards,NT,FRONT7,1996-10-27,,Active
6231,3118906,John Lovett,john lovett,QB,QB,1996-04-25,,Active
6232,4261170,Jalin Burrell,jalin burrell,CB,DB,1996-09-20,,Active
6233,3121378,Matt Sokol,matt sokol,TE,TE,1995-11-09,,Active
6234,4411193,Deonte Harty,deonte harty,WR,WR,1997-12-04,,Active
6235,3886528,Kyle Phillips,kyle phillips,DT,FRONT7,1997-05-05,,Active
6236,3124074,Travon McMillian,travon mcmillian,RB,RB,1996-02-05,,Active
6237,3115966,Wilton Speight,wilton speight,QB,QB,1994-12-06,,Active
6238,3125414,Tyree Mayfield,tyree mayfield,TE,TE,1995-10-23,,Active
6239,4408988,Malik Taylor,malik taylor,WR,WR,1995-12-21,,Active
6240,4048681,Ron'quavion Tarver,ron quavion tarver,WR,WR,,,Inactive
6241,3125365,Jontrell Rocquemore,jontrell rocquemore,S,DB,,,Inactive
6242,3125366,Aaron Wade,aaron wade,S,DB,,,Inactive
6243,3915255,Chris Westry,chris westry,CB,DB,1997-07-10,,Active
6244,3115968,Brandon Rusnak,brandon rusnak,CB,DB,1995-07-11,,Active
6245,3918025,Gaje Ferguson,gaje ferguson,S,DB,,,Inactive
6246,3914534,Jeremy Cox,jeremy cox,RB,RB,1996-08-16,,Inactive
6247,4069806,Jason Moore,jason moore,WR,WR,1995-06-23,,Active
6248,3122838,Trevion Thompson,trevion thompson,WR,WR,1995-11-14,,Active
6249,3921958,Josh Corcoran,josh corcoran,OLB,FRONT7,1997-04-05,,Active
6250,3916426,Eurndraus Bryant,eurndraus bryant,DT,FRONT7,,,Inactive
6251,4240239,Reggie Howard,reggie howard,DT,FRONT7,1996-03-26,,Active
6252,3124030,Chris Peace,chris peace,OLB,FRONT7,1996-02-08,,Active
6253,3123941,Elijah Zeise,elijah zeise,LB,FRONT7,1995-11-28,,Active
6254,4243831,Kemon Hall,kemon hall,CB,DB,1997-06-02,,Inactive
6255,3110509,Bradford Lemmons,bradford lemmons,CB,DB,1996-04-19,,Active
6256,3910120,Rodney Randle,rodney randle,CB,DB,1997-02-27,,Active
6257,3917058,Roderic Teamer,roderic teamer,DB,DB,1997-05-12,,Active
6258,3124702,Nik Needham,nik needham,CB,DB,1996-11-04,,Active
6259,3911993,Darnell Holland,darnell holland,RB,RB,1996-11-06,,Active
6260,3117919,Jake Powell,jake powell,TE,TE,1996-01-16,,Active
6261,3121225,Reggie White,reggie white,WR,WR,1996-03-10,,Active
6262,3125853,Jeremiah Harris,jeremiah harris,DE,FRONT7,,,Inactive
6263,3134013,Trevor Wood,trevor wood,TE,TE,1996-01-25,,Active
6264,3129298,Jay Hayes,jay hayes,DE,FRONT7,,,Active
6265,3125125,Chris Nelson,chris nelson,DE,FRONT7,1995-01-23,,Active
6266,4039292,Alexander Myres,alexander myres,CB,DB,1996-04-20,,Active
6267,3916064,Dravon Askew-Henry,dravon askew henry,SS,DB,1995-10-24,,Inactive
6268,3128444,Matthew Wright,matthew wright,K,K,1996-03-22,,Active
6269,3915776,Kyle Shurmur,kyle shurmur,QB,QB,1996-11-06,,Active
6271,3917914,Olamide Zaccheaus,olamide zaccheaus,WR,WR,1997-07-23,ATL,Active
6272,3115469,Gerri Green,gerri green,DE,FRONT7,1995-09-14,,Active
6273,3910660,P.J. Johnson,pj johnson,DT,FRONT7,1996-06-14,LV,Active
6279,4411192,Brandon Dillon,brandon dillon,TE,TE,1997-04-30,,Inactive
6283,4411769,Corey Ballentine,corey ballentine,CB,DB,1996-04-13,,Active
6284,3139368,Marcus Epps,marcus epps,DB,DB,1996-01-27,PHI,Active
6285,3860287,Xavier Crawford,xavier crawford,DB,DB,1995-12-10,,Active
6286,3048681,Tim Harris,tim harris,CB,DB,1995-07-31,,Active
6288,3124964,Marcus Green,marcus green,WR,WR,1996-08-13,,Active
6289,3916126,Duke Shelley,duke shelley,DB,DB,1996-10-08,,Active
6290,3914397,Scotty Miller,scotty miller,WR,WR,1997-07-31,CHI,Active
6291,3122135,Donovan Wilson,donovan wilson,DB,DB,1995-02-21,,Active
6293,3122143,Cullen Gillaspia,cullen gillaspia,RB,RB,1995-05-12,,Inactive
6294,3116431,Ty Summers,ty summers,LB,FRONT7,1995-12-31,,Active
6296,3933407,Quinton Bell,quinton bell,LB,FRONT7,1996-05-09,,Active
6298,3843217,Chandler Cox,chandler cox,FB,RB,1996-07-29,,Inactive
6299,4408864,Stephen Denmark,stephen denmark,CB,DB,1996-04-20,,Active
6300,3139036,Cortez Broughton,cortez broughton,DT,FRONT7,1996-09-02,,Active
6301,3116179,Nick Scott,nick scott,DB,DB,1995-05-17,CAR,Active
6302,3124890,Kaden Elliss,kaden elliss,LB,FRONT7,1995-07-10,NO,Active
6304,3138765,Michael Dogbe,michael dogbe,DE,FRONT7,1996-05-05,,Active
6307,4035866,Jordan Kunaszyk,jordan kunaszyk,LB,FRONT7,1996-10-15,,Inactive
6308,3115981,Ian Bunting,ian bunting,TE,TE,1996-02-10,,Active
6309,3123658,Austin Exford,austin exford,FS,DB,1996-05-16,,Active
6310,3917147,Tae Hayes,tae hayes,CB,DB,1997-08-19,,Active
6311,3127211,Patrick Laird,patrick laird,RB,RB,1995-08-17,,Active
6312,3123681,Myquon Stout,myquon stout,DE,FRONT7,1996-02-22,,Active
6313,,Duplicate Player,duplicate player,WR,WR,1997-03-17,,Inactive
6314,3916577,Cam Lewis,cam lewis,CB,DB,1997-04-13,CHI,Active
6315,4035232,Tyrel Dodson,tyrel dodson,LB,FRONT7,1998-06-25,CAR,Active
6316,3120075,Juwan Foggie,juwan foggie,LB,FRONT7,1995-11-02,,Active
6317,3921586,Jacob Dolegala,jacob dolegala,QB,QB,1996-10-07,,Active
6318,3124022,Jordan Ellis,jordan ellis,RB,RB,1996-03-22,,Active
6319,3929926,Tyree Kinnel,tyree kinnel,SS,DB,1997-01-31,,Active
6320,3123226,Jonathan Duhart,jonathan duhart,WR,WR,1996-06-26,,Active
6321,3914553,Tim Ward,tim ward,DE,FRONT7,1997-08-11,,Active
6322,4239830,Xavier Ubosi,xavier ubosi,WR,WR,1994-02-02,,Inactive
6323,3125107,Andrew Beck,andrew beck,RB,RB,1996-05-15,NYJ,Active
6324,3931774,Malik Gant,malik gant,DB,DB,1997-05-29,,Active
6325,3122924,Fredrick Jones,fredrick jones,DT,FRONT7,1996-08-25,,Active
6326,3918417,Trevon Sanders,trevon sanders,NT,FRONT7,1997-04-25,,Active
6327,3126363,Jamey Mosley,jamey mosley,OLB,FRONT7,1996-03-28,,Active
6328,3125705,Kyron Brown,kyron brown,CB,DB,1996-05-26,,Active
6329,3115371,John Battle,john battle,DB,DB,1995-08-21,,Inactive
6330,3128688,Santos Ramirez,santos ramirez,FS,DB,1996-04-22,,Active
6331,3116162,Koa Farmer,koa farmer,OLB,FRONT7,1996-02-21,,Active
6332,3909365,Dylan Mabin,dylan mabin,CB,DB,1997-09-14,,Active
6333,4259493,Keisean Nixon,keisean nixon,CB,DB,1997-06-22,GB,Active
6334,4035102,Damarea Crockett,damarea crockett,RB,RB,1997-12-22,,Active
6335,4241221,Walter Palmore,walter palmore,DT,FRONT7,1996-08-09,,Active
6336,3128308,Jesse Aniebonam,jesse aniebonam,OLB,FRONT7,1996-01-05,,Active
6337,3126348,Johnny Dwight,johnny dwight,NT,FRONT7,1995-03-22,,Active
6338,3128354,Ira Savage-Lewis,ira savage lewis,NT,FRONT7,1996-02-06,,Active
6339,4046907,Jamal Davis,jamal davis,DE,FRONT7,1995-07-09,,Active
6340,3917548,Chase Middleton,chase middleton,LB,FRONT7,1997-03-24,,Active
6341,3116725,Dexter Wright,dexter wright,S,DB,,,Active
6342,3116745,Stephen Louis,stephen louis,WR,WR,1995-09-07,,Active
6343,3128814,Manny Wilkins,manny wilkins,QB,QB,1995-11-05,,Active
6344,3123966,Picasso Nelson,picasso nelson,CB,DB,1996-04-15,,Active
6345,3042883,Durrant Miles,durrant miles,DE,FRONT7,1994-11-20,,Active
6346,3928743,Yurik Bethune,yurik bethune,DE,FRONT7,1997-04-05,,Active
6347,4262186,Tre' Crawford,tre crawford,ILB,FRONT7,1996-09-06,,Active
6348,4240528,Del'Shawn Phillips,del shawn phillips,LB,FRONT7,1996-10-09,LAC,Active
6349,3915190,Jayson Stanley,jayson stanley,CB,DB,1997-04-24,,Inactive
6350,3921654,Parker Baldwin,parker baldwin,SS,DB,1997-05-06,,Active
6351,4243243,Corrion Ballard,corrion ballard,S,DB,1997-12-15,,Active
6352,3919544,Matt Colburn,matt colburn,RB,RB,1997-07-27,,Active
6353,3116177,Troy Reeder,troy reeder,LB,FRONT7,1994-09-13,NYJ,Active
6354,3886327,Nathan Meadors,nathan meadors,DB,DB,1997-02-13,,Inactive
6355,3915373,Micah Abernathy,micah abernathy,FS,DB,1997-02-10,,Active
6356,3121408,Dante Booker,dante booker,OLB,FRONT7,1995-10-02,,Active
6357,3957156,Shawn Bane,shawn bane,WR,WR,1995-06-09,,Active
6358,3914158,Kahlil Lewis,kahlil lewis,WR,WR,1997-08-31,,Active
6359,4361074,C.J. Worton,cj worton,WR,WR,1996-01-30,,Active
6361,4250570,Raphael Leonard,raphael leonard,WR,WR,1997-05-26,,Active
6362,4044148,Dredrick Snelson,dredrick snelson,WR,WR,1998-03-28,,Inactive
6363,3915296,Michael Walker,michael walker,WR,WR,1996-10-29,,Active
6364,3126080,Papi White,papi white,WR,WR,1996-07-19,,Active
6365,3116384,Carson Meier,carson meier,TE,TE,1995-06-29,,Active
6366,3126462,Andrew Williams,andrew williams,DT,FRONT7,1995-12-13,,Active
6367,3914505,Roderick Young,roderick young,DT,FRONT7,,,Active
6368,3127288,Shane Bowman,shane bowman,DE,FRONT7,,,Inactive
6369,3121643,Khairi Clark,khairi clark,DL,FRONT7,1994-10-31,,Active
6370,3929698,Damion Jeanpiere,damion jeanpiere,WR,WR,1996-12-08,,Active
6371,4040826,Drew Anderson,drew anderson,QB,QB,1995-10-18,,Active
6372,3119996,Xavier Turner,xavier turner,RB,RB,1994-12-24,,Active
6373,3124369,A.J. Richardson,aj richardson,WR,WR,1995-06-02,,Active
6374,3120540,Drew Belcher,drew belcher,TE,TE,1996-04-18,,Active
6375,3672867,Jerome Washington,jerome washington,TE,TE,1994-07-05,,Active
6376,3123946,James Folston,james folston,OLB,FRONT7,1996-06-04,,Active
6377,3914384,Immanuel Turner,immanuel turner,DE,FRONT7,1996-12-16,,Active
6378,3913020,Miles Brown,miles brown,NT,FRONT7,1997-09-04,,Active
6379,3122154,Khari Blasingame,khari blasingame,FB,RB,1996-07-01,,Active
6380,3933568,Davion Davis,davion davis,WR,WR,1996-10-23,,Active
6381,4249496,Alexander Hollins,alexander hollins,WR,WR,1996-11-24,,Active
6382,3115929,Tito Odenigbo,tito odenigbo,DT,FRONT7,1996-07-13,,Active
6383,3917834,Anree Saint-Amour,anree saint amour,DE,FRONT7,1996-09-18,,Active
6384,3911927,Justin Sumpter,justin sumpter,WR,WR,1996-05-22,,Active
6385,3919544,Matt Colburn,matt colburn,RB,RB,1997-07-27,,Active
6386,3919510,Alex Bachman,alex bachman,WR,WR,1996-05-29,LAR,Active
6387,3119317,Nsimba Webster,nsimba webster,WR,WR,1996-01-27,,Active
6388,3126196,Romello Brooker,romello brooker,TE,TE,1995-12-11,,Active
6389,3122421,Keenen Brown,keenen brown,TE,TE,1995-12-22,,Active
6390,3914150,Marquise Copeland,marquise copeland,DT,FRONT7,1997-05-09,,Active
6391,4389458,Tyrell Thompson,tyrell thompson,DT,FRONT7,,,Active
6392,3116559,Johnathan Lloyd,johnathan lloyd,WR,WR,1995-12-04,,Active
6393,3139590,Elkanah Dillon,elkanah dillon,TE,TE,,,Inactive
6394,4264340,Romell Guerrier,romell guerrier,WR,WR,,,Inactive
6395,4422214,Trinity Benson,trinity benson,WR,WR,1997-01-16,,Active
6396,3125402,Austin Fort,austin fort,TE,TE,1995-05-14,,Active
6397,3127298,Jaylen Johnson,jaylen johnson,DL,FRONT7,,,Active
6398,3127075,Ahmad Gooden,ahmad gooden,LB,FRONT7,1995-10-27,,Active
6399,,Kano Dillon,kano dillon,TE,TE,,,Active
6400,3139448,Ryan Bee,ryan bee,DE,FRONT7,1995-11-12,ARI,Active
6401,3917787,T.J. Rahming,tj rahming,WR,WR,1997-01-10,,Active
6402,3917960,Steven Sims,steven sims,WR,WR,1997-03-31,,Active
6404,3125300,Boogie Roberts,boogie roberts,DT,FRONT7,1996-01-19,,Inactive
6405,3128743,Ken Webster,ken webster,CB,DB,1996-06-19,NYJ,Inactive
6416,3918331,Andrew Wingard,andrew wingard,DB,DB,1996-12-05,ARI,Active
6419,3929850,P.J. Locke,pj locke,DB,DB,1997-02-12,DAL,Inactive
6420,3126095,Jon'Vea Johnson,jon vea johnson,WR,WR,1995-12-23,,Active
6421,3932430,Jalen Guyton,jalen guyton,WR,WR,1997-06-07,,Active
6422,3124087,Ricky Walker,ricky walker,DL,FRONT7,1996-04-18,,Inactive
6423,3133368,Daniel Wise,daniel wise,DT,FRONT7,1996-01-16,,Active
6427,4061956,Ashton Dulin,ashton dulin,WR,WR,1997-05-15,IND,Active
6428,3122424,Taylor Cornelius,taylor cornelius,QB,QB,,,Inactive
6429,4264341,J.T. Hassell,jt hassell,DB,DB,1995-08-14,,Active
6430,3116367,Curtis Bolton,curtis bolton,LB,FRONT7,1995-12-18,,Active
6431,4405778,Nydair Rouse,nydair rouse,CB,DB,1995-06-13,,Active
6432,3122141,Otaro Alaka,otaro alaka,LB,FRONT7,1996-05-18,,Active
6433,4266934,Silas Stewart,silas stewart,OLB,FRONT7,1995-09-28,,Active
6435,3136308,George Aston,george aston,FB,RB,1996-02-01,,Active
6436,3124634,Malik Reed,malik reed,LB,FRONT7,1996-08-05,,Active
6438,3915575,Kelvin McKnight,kelvin mcknight,WR,WR,1997-04-25,,Active
6439,3925348,Hale Hentges,hale hentges,TE,TE,1996-08-19,,Injured Reserve
6440,3915989,Jordan Thompson,jordan thompson,DT,FRONT7,1997-01-10,,Active
6441,4408860,Duplicate Player,duplicate player,NT,FRONT7,1994-05-24,,Inactive
6442,3933656,Johnny Robinson,johnny robinson,DT,FRONT7,1996-10-24,,Active
6443,3916447,Eric Dungey,eric dungey,QB,QB,1996-06-12,,Active
6444,4239395,Nate Harvey,nate harvey,ILB,FRONT7,1995-09-15,,Active
6446,3122799,Jon Hilliman,jon hilliman,RB,RB,1995-11-14,,Active
6447,3122439,Jarrell Owens,jarrell owens,DE,FRONT7,1994-10-11,,Active
6448,3895788,Darrin Hall,darrin hall,RB,RB,1996-09-06,,Active
6449,3126325,Dorian Baker,dorian baker,WR,WR,1996-06-01,,Active
6450,3116188,David Blough,david blough,QB,QB,1995-07-31,,Active
6451,3948283,Stephen Carlson,stephen carlson,TE,TE,1996-12-12,CHI,Active
6453,4249030,D.J. Montgomery,dj montgomery,WR,WR,1996-11-17,IND,Inactive
6459,3127588,Sean Modster,sean modster,WR,WR,1995-11-13,,Active
6460,3116195,Cole Herdman,cole herdman,TE,TE,1995-06-27,,Active
6462,3926590,Ellis Richardson,ellis richardson,TE,TE,1995-02-12,,Active
6463,,Lawrence Marshall,lawrence marshall,DL,FRONT7,1995-02-12,,Active
6465,3909300,Thomas Ives,thomas ives,WR,WR,1996-06-25,CHI,Inactive
6466,3912362,Daryle Banfield,daryle banfield,NT,FRONT7,1997-12-10,,Active
6467,4422407,Jonathan Harris,jonathan harris,DT,FRONT7,1996-08-04,,Active
6468,3138759,Matthew Eaton,matthew eaton,WR,WR,1995-12-09,,Active
6469,3116573,Davis Koppenhaver,davis koppenhaver,TE,TE,1996-01-24,,Active
6472,3122441,Justin Phillips,justin phillips,LB,FRONT7,1995-10-10,,Active
6475,,Delvon Randall,delvon randall,SS,DB,,,Inactive
6476,3139389,D'Angelo Ross,d angelo ross,DB,DB,1996-10-29,,Active
6477,,Duplicate Player,duplicate player,ILB,FRONT7,1996-05-20,DEN,Inactive
6483,4390082,Markus Jones,markus jones,OLB,FRONT7,1996-01-10,,Active
6484,4290803,Michael Onuoha,michael onuoha,OLB,FRONT7,1993-06-29,,Active
6485,3919117,Azeez Al-Shaair,azeez al shaair,LB,FRONT7,1997-08-04,HOU,Active
6487,3127376,Charles Scarff,charles scarff,TE,TE,1996-05-03,,Inactive
6488,3125872,Kalil Morris,kalil morris,DT,FRONT7,1995-10-22,,Active
6489,3909004,Taryn Christion,taryn christion,QB,QB,,,Active
6490,4246674,Mik'Quan Deane,mik quan deane,TE,TE,,,Active
6491,3122842,Adam Choice,adam choice,RB,RB,1995-11-30,,Active
6492,4260393,Terry Wright,terry wright,WR,WR,1997-01-28,,Active
6493,3917292,Justin Johnson,justin johnson,TE,TE,1996-11-08,,Active
6494,3115979,Bryan Mone,bryan mone,DT,FRONT7,1995-10-20,,Active
6495,3119315,Jay-Tee Tiuli,jay tee tiuli,NT,FRONT7,1996-01-14,,Active
6496,3128692,Cole Hedlund,cole hedlund,K,K,1995-03-15,,Active
6497,3912029,Tenny Adewusi,tenny adewusi,CB,DB,1997-05-13,,Active
6498,3128396,Willie Harvey,willie harvey,LB,FRONT7,1996-01-09,,Active
6499,4240629,Jhavonte Dean,jhavonte dean,CB,DB,1995-12-14,,Active
6500,3131528,Sterling Shippy,sterling shippy,DT,FRONT7,1995-08-24,,Active
6501,3915230,C.J. Conrad,cj conrad,TE,TE,1996-05-09,,Active
6506,3135736,Trayone Gray,trayone gray,RB,RB,1995-12-14,,Active
6508,4251200,Anthony Stubbs,anthony stubbs,OLB,FRONT7,1996-08-09,,Active
6510,3895834,Jalen Dalton,jalen dalton,DT,FRONT7,1997-08-04,,Active
6512,4076949,Doyin Jibowu,doyin jibowu,FS,DB,1996-07-01,,Active
6517,3128675,Randy Ramsey,randy ramsey,LB,FRONT7,1995-09-07,,Active
6518,3139108,Greg Roberts,greg roberts,DE,FRONT7,1996-03-21,,Active
6519,3120588,Darrius Shepherd,darrius shepherd,WR,WR,1995-11-01,,Active
6521,3128785,Jalen Harvey,jalen harvey,DB,DB,1995-09-19,,Active
6522,3118131,T.J. Linta,tj linta,QB,QB,,,Active
6524,3124538,Jamire Jordan,jamire jordan,WR,WR,,,Active
6526,3124517,Tre Thomas,tre thomas,LB,FRONT7,1995-09-03,,Active
6528,3124084,Joey Slye,joey slye,K,K,1996-04-10,TEN,Active
6529,3138744,Chris Myarick,chris myarick,TE,TE,1995-10-06,LV,Active
6530,3917286,Mark McLaurin,mark mclaurin,LB,FRONT7,1997-04-11,,Active
6531,3120810,Jake Carlock,jake carlock,LB,FRONT7,1996-10-02,,Active
6533,3700080,Dedrick Young,dedrick young,ILB,FRONT7,1996-11-07,,Active
6534,3915309,Ray Smith,ray smith,DT,FRONT7,1997-01-18,,Injured Reserve
6535,3125999,Nate Becker,nate becker,TE,TE,1996-03-24,,Inactive
6536,3124052,Kevin Strong,kevin strong,DE,FRONT7,1996-08-05,,Active
6538,3115334,Dewayne Hendrix,dewayne hendrix,DE,FRONT7,1995-06-03,,Active
6539,4422215,Devontae Jackson,devontae jackson,RB,RB,1996-04-27,,Active
6540,3116182,DeAndre Thompkins,deandre thompkins,WR,WR,1995-10-01,GB,Inactive
6542,4239817,Anthony Rush,anthony rush,DT,FRONT7,1996-09-01,,Active
6543,3127379,Kevin Wilkins,kevin wilkins,DE,FRONT7,1995-04-10,,Inactive
6544,2579634,Aaron Adeoye,aaron adeoye,LB,FRONT7,1993-08-26,,Active
6545,3916590,Chuck Harris,chuck harris,DE,FRONT7,1997-11-23,,Active
6546,3043226,Kenny Bigelow,kenny bigelow,DT,FRONT7,,,Inactive
6547,3127378,Isaiah Wharton,isaiah wharton,SS,DB,1995-11-01,,Inactive
6548,3917814,Marcus Marshall,marcus marshall,RB,RB,1997-02-23,,Inactive
6549,4241723,Damion Willis,damion willis,WR,WR,1997-06-20,,Active
6551,3122906,Darius Harris,darius harris,LB,FRONT7,1996-01-17,,Active
6552,3917200,Malik Henry,malik henry,WR,WR,1997-04-16,,Active
6553,3123857,Austin Walter,austin walter,RB,RB,1996-08-17,,Active
6554,4039604,Shawn Poindexter,shawn poindexter,WR,WR,1995-12-13,,Inactive
6556,4051591,Ronald Ollie,ronald ollie,DE,FRONT7,1996-05-19,,Active
6557,3929118,Jeff Smith,jeff smith,WR,WR,1997-04-21,,Active
6571,3115923,Tre Watson,tre watson,ILB,FRONT7,1996-07-05,,Active
6573,,Tyler Horton,tyler horton,DB,DB,,,Active
6574,,Rob Rolle,rob rolle,FS,DB,1996-05-12,,Inactive
6575,4263210,Justin Alexandre,justin alexandre,DL,FRONT7,1997-11-12,,Active
6577,,Marquez Sanford,marquez sanford,DB,DB,1996-08-12,,Active
6579,3935064,Shakial Taylor,shakial taylor,CB,DB,1996-12-27,,Active
6581,3125126,Derick Roberson,derick roberson,LB,FRONT7,1995-11-15,,Active
6582,3134000,Jocquez Kalili,jocquez kalili,DB,DB,1996-02-29,,Active
6583,3917203,Joshua Moon,joshua moon,SS,DB,1997-05-18,,Active
6584,3145343,Deyon Sizer,deyon sizer,DT,FRONT7,1996-08-16,,Active
6585,3886841,Tony Brooks-James,tony brooks james,RB,RB,1994-12-06,,Active
6586,3121659,Moral Stephens,moral stephens,TE,TE,,,Active
6587,4262273,Quindarius Thagard,quindarius thagard,DT,FRONT7,1995-12-05,,Active
6588,3126997,Tom Kennedy,tom kennedy,WR,WR,1996-07-29,DET,Active
6590,3065510,Michael Colubiale,michael colubiale,TE,TE,1995-02-09,,Inactive
6591,3126263,Charles Jones,charles jones,TE,TE,1996-08-05,,Inactive
6592,3916451,Dontae Strickland,dontae strickland,RB,RB,1997-03-22,,Active
6593,3126075,Spencer Schnell,spencer schnell,WR,WR,1994-12-07,,Inactive
6595,3127051,Devlin Hodges,devlin hodges,QB,QB,1996-04-12,,Active
6596,3116715,Jalan McClendon,jalan mcclendon,QB,QB,,,Active
6598,3931391,Trenton Irwin,trenton irwin,WR,WR,1995-12-10,,Active
6599,3115478,Cory Thomas,cory thomas,DT,FRONT7,1995-08-02,,Active
6601,3131784,Isaiah Mack,isaiah mack,DT,FRONT7,1996-03-19,,Active
6602,3115492,Braxton Hoyett,braxton hoyett,DT,FRONT7,1996-02-05,,Active
6604,4411188,Mathieu Betts,mathieu betts,DL,FRONT7,1995-03-22,,Active
6605,3923415,Cortrelle Simpson,cortrelle simpson,WR,WR,1996-08-30,,Inactive
6606,3087801,Nick Fitzgerald,nick fitzgerald,QB,QB,1996-01-14,,Active
6608,3049043,Stacy Keely,stacy keely,DE,FRONT7,1995-05-15,,Inactive
6610,3931424,Demetrius Flannigan-Fowles,demetrius flannigan fowles,LB,FRONT7,1996-09-04,,Inactive
6611,3929818,Andrew Dowell,andrew dowell,LB,FRONT7,1996-11-16,,Active
6612,3116097,Luke Gifford,luke gifford,LB,FRONT7,1995-08-28,SF,Active
6614,3118081,Jermaine Ponder,jermaine ponder,CB,DB,1995-01-09,,Active
6615,,Chris Rayford,chris rayford,DB,DB,1996-05-28,,Active
6616,4408860,Iseoluwapo Jegede,iseoluwapo jegede,NT,FRONT7,1994-05-24,,Active
6617,4028212,Andre Lindsey,andre lindsey,WR,WR,,,Active
6618,3909346,Isaiah Searight,isaiah searight,TE,TE,1997-01-18,,Active
6619,4040870,Kabion Ento,kabion ento,CB,DB,1996-01-03,,Active
6620,4242420,Javien Hamilton,javien hamilton,CB,DB,1996-09-02,,Inactive
6621,,John Baron,john baron,K,K,1996-01-25,,Active
6622,3918008,Jacob Thieneman,jacob thieneman,SS,DB,1996-02-29,,Active
6623,,Jomon Dotson,jomon dotson,DB,DB,,,Inactive
6624,3155134,Joshua Simmons,joshua simmons,CB,DB,1996-07-01,,Active
6625,,Clayton Hatfield,clayton hatfield,K,K,,,Active
6626,4260392,Isaac Zico,isaac zico,WR,WR,1996-06-18,,Active
6627,3886601,Shy Tuttle,shy tuttle,DT,FRONT7,1995-10-20,WAS,Active
6628,3138760,Ventell Bryant,ventell bryant,WR,WR,1996-08-24,,Active
6629,4246250,Brian Burt,brian burt,WR,WR,,,Active
6630,3921688,Dakari Monroe,dakari monroe,CB,DB,1997-08-18,,Active
6631,,Jalen Allison,jalen allison,DB,DB,,,Active
6634,3914477,Nate Brooks,nate brooks,DB,DB,1996-09-05,,Active
6636,4423369,Jay Liggins,jay liggins,DB,DB,1996-04-26,,Active
6637,,Nico Evans,nico evans,RB,RB,1996-05-31,,Active
6639,3147988,Terrell Bonds,terrell bonds,CB,DB,1996-07-22,,Active
6640,3919107,Herb Miller,herb miller,CB,DB,1997-11-11,,Active
6641,3122710,Andrew Soroh,andrew soroh,DB,DB,1996-02-12,,Active
6642,3117241,Terrence Alexander,terrence alexander,CB,DB,,,Active
6643,4069839,Charles Holland,charles holland,WR,WR,,,Active
6644,3139626,Curtis Akins,curtis akins,OLB,FRONT7,1995-09-28,,Active
6645,3910754,Anthony Chesley,anthony chesley,CB,DB,1995-05-31,,Active
6646,,Durndraus Bryant,durndraus bryant,NT,FRONT7,,,Inactive
6649,3915769,Dare Odeyingbo,dare odeyingbo,DE,FRONT7,1996-11-25,,Active
6650,3150744,Chase McLaughlin,chase mclaughlin,K,K,1996-04-09,TB,Active
6651,4423367,Anthony Pittman,anthony pittman,LB,FRONT7,1996-11-24,,Active
6654,3912991,JoJo Tillery,jojo tillery,FS,DB,1997-06-22,,Active
6655,,Taj-Amir Torres,taj amir torres,CB,DB,,,Inactive
6656,3122794,Connor Strachan,connor strachan,LB,FRONT7,1995-06-30,HOU,Active
6657,3116082,Freedom Akinmoladun,freedom akinmoladun,DE,FRONT7,1996-02-11,NYJ,Active
6658,3122684,Austin Maloata,austin maloata,NT,FRONT7,1996-02-11,,Active
6659,4421446,Craig Reynolds,craig reynolds,RB,RB,1996-06-15,WAS,Active
6660,3129292,Jonathan Bonner,jonathan bonner,DE,FRONT7,1996-06-17,,Active
6661,3918323,Joseph Parker,joseph parker,WR,WR,1996-07-24,,Active
6662,3144991,Parker Hesse,parker hesse,TE,TE,1995-05-26,,Active
6663,3120558,Micah Wright,micah wright,WR,WR,,,Active
6664,3126072,A.J. Ouellette,aj ouellette,RB,RB,1995-07-20,,Active
6665,4408854,Jody Fortson,jody fortson,TE,TE,1995-12-07,,Active
6666,3911689,Noah Dawkins,noah dawkins,LB,FRONT7,1997-08-13,,Active
6668,4331772,Tyler Sigler,tyler sigler,DB,DB,1996-03-26,,Active
6670,3912679,Sterling Sheffield,sterling sheffield,OLB,FRONT7,1996-11-30,,Active
6672,3119436,Deion Harris,deion harris,DB,DB,1995-12-18,,Active
6675,3115379,Abraham Wallace,abraham wallace,FS,DB,1996-06-09,,Active
6676,3123063,Juwon Young,juwon young,OLB,FRONT7,1995-06-04,,Active
6677,,Joe Forson,joe forson,WR,WR,1995-12-07,KC,Practice Squad
6678,,David Simmons,david simmons,CB,DB,,,Active
6679,4039521,Tuzar Skipper,tuzar skipper,LB,FRONT7,1995-06-05,,Active
6680,3060799,David Kenney,david kenney,OLB,FRONT7,1995-02-06,,Active
6682,3675805,Kareem Orr,kareem orr,DB,DB,1997-01-02,LAR,Active
6683,3115329,D'Andre Payne,d andre payne,CB,DB,1996-05-17,,Active
6684,3122173,LaDarius Wiley,ladarius wiley,DB,DB,1996-06-03,,Active
6685,3120349,Jalen Greene,jalen greene,WR,WR,1996-06-13,,Active
6686,,Joe Horn,joe horn,WR,WR,1994-09-16,,Active
6687,3144988,Jake Gervase,jake gervase,LB,FRONT7,1995-09-18,,Active
6689,3932392,Bryant Jones,bryant jones,NT,FRONT7,1997-04-15,,Active
6690,4423369,Duplicate Player,duplicate player,CB,DB,,PHI,Inactive
6691,2538273,Ray Gene smith,ray gene smith,RB,RB,,,Inactive
6692,4423402,Joe Horn,joe horn,WR,WR,1994-09-16,,Active
6693,3910330,Ketner Kupp,ketner kupp,LB,FRONT7,1996-11-15,,Active
6694,3139602,D'Ernest Johnson,d ernest johnson,RB,RB,1996-02-27,,Active
6695,3140141,Alex Brown,alex brown,CB,DB,1996-08-30,,Active
6697,3920560,Floyd Allen,floyd allen,WR,WR,1996-07-16,,Active
6699,4424106,Gunner Olszewski,gunner olszewski,WR,WR,1996-11-26,NYG,Inactive
6700,4241403,Marcelias Sutton,marcelias sutton,RB,RB,,,Active
6701,3139923,Fred Trevillion,fred trevillion,WR,WR,1994-10-13,,Inactive
6702,,Andrew Jacas,andrew jacas,K,K,,,Inactive
6703,,Andrew Wellock,andrew wellock,K,K,,,Inactive
6705,3914267,Taj McGowan,taj mcgowan,RB,RB,1996-12-30,,Active
6706,3115384,Sione Teuhema,sione teuhema,OLB,FRONT7,1995-09-28,,Active
6707,3912549,Isaiah Langley,isaiah langley,DB,DB,1996-10-13,,Active
6708,3127341,Kalani Vakameilalo,kalani vakameilalo,DT,FRONT7,1996-04-30,,Active
6710,4426310,Josh Caldwell,josh caldwell,RB,RB,1996-05-28,,Active
6711,4043089,Jalen Thompson,jalen thompson,DB,DB,1998-07-18,DAL,Inactive
6712,4039244,Marcus Simms,marcus simms,WR,WR,1997-12-18,,Inactive
6713,4261077,Jamarius Way,jamarius way,WR,WR,1996-11-25,,Active
6714,3139613,Mazzi Wilkins,mazzi wilkins,DB,DB,1995-10-12,BAL,Active
6715,,Anthony Smithson,anthony smithson,S,DB,,,Inactive
6716,3917679,Olive Sagapolu,olive sagapolu,DT,FRONT7,1997-02-16,,Active
6721,3126021,Jawuan Johnson,jawuan johnson,LB,FRONT7,1996-06-13,,Active
6723,3139487,Vincent Testaverde,vincent testaverde,QB,QB,1996-07-20,,Active
6724,,C.J. Moore,cj moore,DB,DB,1995-12-15,DET,Active
6727,3912052,Joe Walker,joe walker,WR,WR,1996-01-12,,Active
6728,3728307,Jackson Harris,jackson harris,TE,TE,1997-02-28,,Active
6729,3120353,Ajene Harris,ajene harris,DB,DB,1996-06-01,,Active
6730,4242418,Jordan Ta'amu,jordan ta amu,QB,QB,1997-12-10,,Active
6731,,Jason Davis,jason davis,OLB,FRONT7,1980-05-12,,Inactive
6733,3957473,DeJuan Neal,dejuan neal,DB,DB,1996-08-05,,Active
6734,3910923,Thomas Costigan,thomas costigan,DL,FRONT7,,,Active
6735,16414,Duplicate Player,duplicate player,WR,WR,1990-12-10,,Inactive
6736,,Sean Smith,sean smith,CB,DB,1987-07-14,,Inactive
6737,3116661,Micky Crum,micky crum,TE,TE,1995-10-13,,Active
6738,,Cedric Benson,cedric benson,RB,RB,1982-12-28,,Inactive
6741,3915778,Josh Smith,josh smith,LB,FRONT7,1997-02-25,,Inactive
6742,3914324,Marquis Young,marquis young,RB,RB,1995-02-11,,Active
6743,3915393,Quart'e Sapp,quart e sapp,LB,FRONT7,1997-03-08,,Active
6744,3040035,Greg Ward,greg ward,WR,WR,1995-07-12,,Active
6746,,Duplicate Player,duplicate player,CB,DB,1997-06-19,,Inactive
6748,3126478,Bryson Allen-Williams,bryson allen williams,OLB,FRONT7,1996-10-15,,Active
6749,3139811,Jordan Holland,jordan holland,DB,DB,,,Active
6750,3884234,Logan Tago,logan tago,LB,FRONT7,,,Inactive
6753,3925346,Derrick Gore,derrick gore,RB,RB,1994-12-13,,Active
6754,,Josh Gable,josh gable,K,K,1990-09-12,,Active
6755,,Tavonn Salter,tavonn salter,WR,WR,1996-03-01,,Inactive
6756,,Kahani Smith,kahani smith,FS,DB,1997-11-21,,Active
6760,4035166,Jonathan Kongbo,jonathan kongbo,DE,FRONT7,1996-03-19,,Active
6762,2982484,Darion Clark,darion clark,TE,TE,1994-04-09,,Inactive
6763,2974503,Reggie Begelton,reggie begelton,WR,WR,1993-08-31,,Active
6764,3115317,Derrick Moncrief,derrick moncrief,LB,FRONT7,1993-06-25,,Active
6768,4241479,Tua Tagovailoa,tua tagovailoa,QB,QB,1998-03-02,ATL,Active
6769,,Graham Harrell,graham harrell,QB,QB,1985-05-22,,Inactive
6770,3915511,Joe Burrow,joe burrow,QB,QB,1996-12-10,CIN,Active
6777,4474,Troy Polamalu,troy polamalu,SS,DB,1981-04-19,,Inactive
6778,3040206,Chris Streveler,chris streveler,QB,QB,1995-01-06,,Inactive
6779,,Jordan Harris,jordan harris,WR,WR,1991-12-08,,Active
6781,4035462,Isaiah Simmons,isaiah simmons,DB,DB,1998-07-26,CAR,Active
6782,4241986,Chase Young,chase young,DE,FRONT7,1999-04-14,NO,Active
6783,4241463,Jerry Jeudy,jerry jeudy,WR,WR,1999-04-24,CLE,Active
6784,4035495,Derrick Brown,derrick brown,DT,FRONT7,1998-04-15,CAR,Active
6785,4241984,Jeff Okudah,jeff okudah,CB,DB,1999-02-02,,Active
6786,4241389,CeeDee Lamb,ceedee lamb,WR,WR,1999-04-08,DAL,Active
6788,4241470,Xavier McKinney,xavier mckinney,DB,DB,1998-08-08,GB,Active
6789,4241475,Henry Ruggs,henry ruggs,WR,WR,1999-01-24,,Active
6790,4259545,D'Andre Swift,d andre swift,RB,RB,1999-01-14,CHI,Active
6791,4240596,C.J. Henderson,cj henderson,CB,DB,1998-09-30,ATL,Active
6792,4259491,Javon Kinlaw,javon kinlaw,DT,FRONT7,1997-10-03,WAS,Active
6794,4262921,Justin Jefferson,justin jefferson,WR,WR,1999-06-16,MIN,Active
6795,4038557,Ross Blacklock,ross blacklock,DT,FRONT7,1998-07-09,,Active
6797,4038941,Justin Herbert,justin herbert,QB,QB,1998-03-10,LAC,Active
6798,4241802,Jalen Reagor,jalen reagor,WR,WR,1999-01-02,MIA,Active
6799,4242208,Grant Delpit,grant delpit,DB,DB,1998-09-20,CLE,Active
6800,4242205,K'Lavon Chaisson,k lavon chaisson,LB,FRONT7,1999-07-25,WAS,Active
6801,4239993,Tee Higgins,tee higgins,WR,WR,1999-01-18,CIN,Active
6802,4240585,A.J. Epenesa,aj epenesa,DE,FRONT7,1998-09-15,PHI,Active
6803,4360438,Brandon Aiyuk,brandon aiyuk,WR,WR,1998-03-17,SF,Active
6804,4036378,Jordan Love,jordan love,QB,QB,1998-11-02,GB,Active
6805,4240380,KJ Hamler,kj hamler,WR,WR,1999-07-08,,Active
6806,4241985,J.K. Dobbins,jk dobbins,RB,RB,1998-12-17,DEN,Active
6807,4242207,Patrick Queen,patrick queen,LB,FRONT7,1999-08-13,PIT,Active
6809,4040966,Trevon Diggs,trevon diggs,CB,DB,1998-09-20,SEA,Active
6811,4241394,Kenneth Murray,kenneth murray,LB,FRONT7,1998-11-16,HOU,Active
6812,4259594,Yetur Gross-Matos,yetur gross matos,DE,FRONT7,1998-02-26,,Active
6813,4242335,Jonathan Taylor,jonathan taylor,RB,RB,1999-01-19,IND,Active
6814,4243160,Laviska Shenault,laviska shenault,WR,WR,1998-10-05,,Active
6815,3917657,Zack Baun,zack baun,LB,FRONT7,1996-12-30,PHI,Active
6817,4242516,Noah Igbinoghene,noah igbinoghene,CB,DB,1999-11-27,CLE,Active
6818,4035245,Nnamdi Madubuike,nnamdi madubuike,DT,FRONT7,1997-11-17,BAL,Active
6819,4035687,Michael Pittman,michael pittman,WR,WR,1997-10-05,PIT,Active
6820,4242214,Clyde Edwards-Helaire,clyde edwards helaire,RB,RB,1999-04-11,,Active
6822,4240689,Jake Fromm,jake fromm,QB,QB,1998-07-30,,Active
6823,4035003,Jacob Eason,jacob eason,QB,QB,1997-11-17,,Active
6824,4258195,Donovan Peoples-Jones,donovan peoples jones,WR,WR,1999-02-19,,Active
6825,3892883,Neville Gallimore,neville gallimore,DT,FRONT7,1997-01-17,CHI,Active
6826,4258595,Cole Kmet,cole kmet,TE,TE,1999-03-10,CHI,Active
6827,4035660,Bradlee Anae,bradlee anae,DE,FRONT7,1998-01-17,,Inactive
6828,4239934,AJ Dillon,aj dillon,RB,RB,1998-05-02,CAR,Active
6829,4035433,Kristian Fulton,kristian fulton,CB,DB,1998-09-03,KC,Active
6830,3895843,Jason Strowbridge,jason strowbridge,DE,FRONT7,1996-09-10,,Active
6831,4040965,Raekwon Davis,raekwon davis,DT,FRONT7,1997-08-21,,Active
6832,4035277,Kalija Lipscomb,kalija lipscomb,WR,WR,1997-10-06,,Active
6833,,Bryce Hall,bryce hall,CB,DB,1997-11-05,HOU,Active
6834,3915772,Jared Pinkney,jared pinkney,TE,TE,1997-08-21,,Inactive
6836,4239995,A.J. Terrell,aj terrell,CB,DB,1998-09-23,ATL,Inactive
6837,4040968,Terrell Lewis,terrell lewis,LB,FRONT7,1998-08-25,,Active
6838,4035494,Marlon Davidson,marlon davidson,DE,FRONT7,1998-05-11,,Active
6839,4243253,Jaylon Johnson,jaylon johnson,DB,DB,1999-04-19,CHI,Active
6840,3915506,Damon Arnette,damon arnette,CB,DB,1996-09-02,,Active
6841,4039052,Jordan Elliott,jordan elliott,DT,FRONT7,1997-11-23,TEN,Active
6842,3676819,Jeff Gladney,jeff gladney,CB,DB,1996-12-12,,Active
6843,4035115,Albert Okwuegbunam,albert okwuegbunam,TE,TE,1998-04-25,,Active
6845,4035676,Zack Moss,zack moss,RB,RB,1997-12-15,,Active
6846,4243318,Hunter Bryant,hunter bryant,TE,TE,1998-08-20,,Active
6847,4039050,Devin Duvernay,devin duvernay,WR,WR,1997-09-12,ARI,Active
6848,3925350,Anfernee Jennings,anfernee jennings,LB,FRONT7,1997-09-01,NO,Active
6849,4035403,Denzel Mims,denzel mims,WR,WR,1997-10-10,,Active
6850,4040774,Harrison Bryant,harrison bryant,TE,TE,1998-04-23,,Active
6851,4046690,Julian Okwara,julian okwara,LB,FRONT7,1997-12-27,,Active
6853,3930066,Van Jefferson,van jefferson,WR,WR,1996-07-26,WAS,Active
6854,4048257,Curtis Weaver,curtis weaver,DE,FRONT7,1998-08-03,,Active
6855,3858271,Ashtyn Davis,ashtyn davis,DB,DB,1996-10-10,SF,Active
6856,4046679,Troy Pride,troy pride,CB,DB,1998-01-19,,Active
6857,4039043,Collin Johnson,collin johnson,WR,WR,1997-09-23,,Active
6858,4259181,James Lynch,james lynch,DT,FRONT7,1999-01-20,CHI,Active
6860,3917142,Akeem Davis-Gaither,akeem davis gaither,LB,FRONT7,1997-09-21,IND,Active
6861,4047458,Nick Coe,nick coe,DE,FRONT7,1997-08-12,,Active
6863,4046538,Lavert Hill,lavert hill,CB,DB,1998-10-03,,Active
6864,4039029,Khalid Kareem,khalid kareem,DE,FRONT7,1998-04-28,SF,Active
6865,4242557,Colby Parkinson,colby parkinson,TE,TE,1999-01-08,LAR,Active
6866,3915522,KJ Hill,kj hill,WR,WR,1997-09-15,LAC,Active
6867,4040615,Malik Harrison,malik harrison,LB,FRONT7,1998-03-05,NYG,Active
6868,4038849,DJ Wonnum,dj wonnum,DE,FRONT7,1997-10-31,DET,Active
6869,3911853,Adam Trautman,adam trautman,TE,TE,1997-02-05,DEN,Active
6870,4038818,Bryan Edwards,bryan edwards,WR,WR,1998-11-13,,Active
6871,4035385,Cameron Dantzler,cameron dantzler,CB,DB,1998-09-03,,Active
6872,4401811,Kyle Dugger,kyle dugger,DB,DB,1996-03-22,CIN,Active
6873,4040623,Austin Mack,austin mack,WR,WR,1997-08-31,,Active
6874,3929833,Kenny Willekes,kenny willekes,DE,FRONT7,1997-07-22,,Active
6876,4038437,A.J. Green,aj green,CB,DB,1998-06-09,,Active
6878,4241941,Anthony McFarland,anthony mcfarland,RB,RB,1999-03-04,,Active
6879,4035221,Quartney Davis,quartney davis,WR,WR,1998-04-07,,Active
6880,3918330,Logan Wilson,logan wilson,LB,FRONT7,1996-07-08,,Active
6882,4242973,Darnay Holmes,darnay holmes,CB,DB,1998-06-23,ATL,Active
6885,3917612,Ke'Shawn Vaughn,ke shawn vaughn,RB,RB,1997-05-04,,Active
6886,4046692,Chase Claypool,chase claypool,WR,WR,1998-07-07,,Inactive
6887,4240123,Larrell Murchison,larrell murchison,DT,FRONT7,1997-04-24,LAR,Active
6888,4034790,Antoine Winfield,antoine winfield,DB,DB,1998-08-16,TB,Active
6890,4034781,Kamal Martin,kamal martin,LB,FRONT7,1998-06-17,,Active
6891,3917992,Markus Bailey,markus bailey,LB,FRONT7,1997-03-07,,Active
6892,4036149,Nate Stanley,nate stanley,QB,QB,1997-08-26,,Active
6893,3929658,Robert Windsor,robert windsor,DT,FRONT7,1997-01-15,IND,Active
6894,3923392,Mitchell Wilcox,mitchell wilcox,TE,TE,1996-11-07,,Active
6895,4035793,Quintez Cephus,quintez cephus,WR,WR,1998-04-01,,Active
6896,4239694,Amik Robertson,amik robertson,CB,DB,1998-07-06,WAS,Active
6897,3915123,Jabari Zuniga,jabari zuniga,DE,FRONT7,1997-08-14,,Active
6898,4055171,Anthony Gordon,anthony gordon,QB,QB,1996-08-28,,Active
6900,3916409,Jonathan Greenard,jonathan greenard,DE,FRONT7,1997-05-25,PHI,Active
6901,4046537,Joshua Metellus,joshua metellus,DB,DB,1998-01-21,MIN,Active
6902,4046680,Jalen Elliott,jalen elliott,DB,DB,1998-07-07,,Active
6904,4040715,Jalen Hurts,jalen hurts,QB,QB,1998-08-07,PHI,Active
6906,4029893,Antonio Gandy-Golden,antonio gandy golden,TE,TE,1998-04-11,,Active
6908,4034952,La'Mical Perine,la mical perine,RB,RB,1998-01-30,,Active
6909,4259979,Lynn Bowden,lynn bowden,WR,WR,1997-10-14,,Active
6910,3915396,Darrell Taylor,darrell taylor,DE,FRONT7,1997-03-24,,Active
6911,4039059,Brandon Jones,brandon jones,DB,DB,1998-04-02,DEN,Active
6912,4360645,Davion Taylor,davion taylor,LB,FRONT7,1998-08-05,,Active
6913,4037591,Joe Reed,joe reed,WR,WR,1998-01-04,,Active
6914,,Trevon Hill,trevon hill,DL,FRONT7,,,Inactive
6915,4254276,Alton Robinson,alton robinson,DE,FRONT7,1998-06-02,,Active
6916,4240024,Stanford Samuels,stanford samuels,CB,DB,1999-02-23,,Active
6917,4036213,Antoine Brooks,antoine brooks,DB,DB,1997-10-18,,Active
6918,4243315,Salvon Ahmed,salvon ahmed,RB,RB,1998-12-30,CHI,Active
6919,4036189,Thaddeus Moss,thaddeus moss,TE,TE,1998-05-14,,Active
6920,4242540,Isaiah Hodgins,isaiah hodgins,WR,WR,1998-10-21,PIT,Active
6921,4046528,Josh Uche,josh uche,LB,FRONT7,1998-09-18,MIA,Active
6923,4240575,Geno Stone,geno stone,DB,DB,1999-04-19,BUF,Active
6925,4037216,Essang Bassey,essang bassey,CB,DB,1998-08-12,,Active
6926,3918003,Brycen Hopkins,brycen hopkins,TE,TE,1997-03-27,,Active
6927,4050373,Quez Watkins,quez watkins,WR,WR,1998-06-09,IND,Active
6928,4036651,Kindle Vildor,kindle vildor,DB,DB,1997-12-11,NE,Active
6929,,Brian Cole,brian cole,DB,DB,1997-04-03,,Active
6931,4240631,DeeJay Dallas,deejay dallas,RB,RB,1998-09-16,MIN,Active
6932,3910630,Charlie Taumoepeau,charlie taumoepeau,TE,TE,1998-03-25,,Active
6933,3929834,Raequan Williams,raequan williams,DT,FRONT7,1997-02-14,,Active
6935,4241977,Josiah Scott,josiah scott,CB,DB,1999-04-05,,Active
6937,4046525,Khaleke Hudson,khaleke hudson,LB,FRONT7,1997-12-06,,Active
6938,4240021,Cam Akers,cam akers,RB,RB,1999-06-22,,Active
6939,4040628,Binjimen Victor,binjimen victor,WR,WR,1997-01-15,,Active
6940,,Shyheim Carter,shyheim carter,DB,DB,1997-12-15,,Active
6941,4038946,Troy Dye,troy dye,LB,FRONT7,1996-09-18,LAC,Active
6943,4243537,Gabe Davis,gabe davis,WR,WR,1999-04-01,,Active
6945,4360294,Antonio Gibson,antonio gibson,RB,RB,1998-06-23,,Active
6946,4039010,Myles Bryant,myles bryant,DB,DB,1998-01-02,CLE,Active
6947,4035463,K'Von Wallace,k von wallace,DB,DB,1997-07-25,BAL,Active
6948,4035666,Leki Fotu,leki fotu,DT,FRONT7,1998-08-23,,Active
6949,4043130,Jordyn Brooks,jordyn brooks,LB,FRONT7,1997-10-21,MIA,Active
6951,4242873,Eno Benjamin,eno benjamin,RB,RB,1999-04-13,,Active
6953,,Qaadir Sheppard,qaadir sheppard,LB,FRONT7,,,Inactive
6954,4038220,Cole McDonald,cole mcdonald,QB,QB,1998-05-21,,Inactive
6955,4052042,James Robinson,james robinson,RB,RB,1998-08-09,,Active
6956,4046522,Devin Asiasi,devin asiasi,TE,TE,1997-08-14,,Active
6957,3916204,James Proche,james proche,WR,WR,1996-09-21,CLE,Active
6958,3915487,Mike Danna,mike danna,DE,FRONT7,1997-12-04,BUF,Active
6959,3916721,LeVante Bellamy,levante bellamy,RB,RB,1996-11-28,,Active
6960,2310331,Tyler Johnson,tyler johnson,WR,WR,1998-08-25,NYJ,Active
6961,4259170,Harrison Hand,harrison hand,CB,DB,1998-11-12,,Active
6962,4039075,La'Darius Hamilton,la darius hamilton,LB,FRONT7,1998-01-18,,Active
6963,4039358,Patrick Taylor,patrick taylor,RB,RB,1998-04-29,,Inactive
6964,4036275,Sean McKeon,sean mckeon,TE,TE,1997-12-28,,Inactive
6965,4240655,Jonathan Garvin,jonathan garvin,LB,FRONT7,1999-07-28,,Inactive
6966,4241940,Javon Leake,javon leake,RB,RB,1998-08-01,,Active
6967,4039000,Aaron Fuller,aaron fuller,WR,WR,1997-09-30,,Active
6968,4040613,Jordan Fuller,jordan fuller,DB,DB,1998-03-04,,Active
6969,3895791,Dane Jackson,dane jackson,CB,DB,1996-11-29,,Active
6970,4035426,Stephen Sullivan,stephen sullivan,TE,TE,1996-11-28,,Active
6972,3915520,DaVon Hamilton,davon hamilton,DT,FRONT7,1997-02-01,JAX,Active
6973,4039607,J.J. Taylor,jj taylor,RB,RB,1998-01-04,,Active
6974,,Javaris Davis,javaris davis,CB,DB,1996-12-26,,Active
6975,3919607,Darrion Daniels,darrion daniels,DT,FRONT7,1997-12-04,,Active
6977,3919548,Justin Strnad,justin strnad,LB,FRONT7,1996-08-21,DEN,Active
6978,,Reggie Corbin,reggie corbin,RB,RB,,,Inactive
6979,,Damar Hamlin,damar hamlin,S,DB,,,Inactive
6981,3676832,Tipa Galeai,tipa galeai,LB,FRONT7,1997-02-26,,Inactive
6982,,Cheyenne O'Grady,cheyenne o grady,TE,TE,1996-09-20,,Active
6983,3894830,Michael Ojemudia,michael ojemudia,CB,DB,1997-09-12,,Active
6984,4046676,Tony Jones,tony jones,RB,RB,1997-11-24,,Active
6985,4054085,Dezmon Patmon,dezmon patmon,WR,WR,1998-08-06,,Active
6986,,Nigel Warrior,nigel warrior,DB,DB,1997-12-14,,Inactive
6988,,Raymond Calais,raymond calais,RB,RB,1998-04-02,,Active
6989,4035170,Marquez Callaway,marquez callaway,WR,WR,1998-03-27,,Active
6990,3728263,Tanner Muse,tanner muse,LB,FRONT7,1996-09-06,,Active
6991,,Erroll Thompson,erroll thompson,LB,FRONT7,1997-10-01,,Active
6992,4239083,Michael Warren,michael warren,RB,RB,1998-11-12,DET,Inactive
6993,,Dominick Wood-Anderson,dominick wood anderson,TE,TE,1998-02-09,,Active
6994,4034849,Lamar Jackson,lamar jackson,CB,DB,1998-04-13,,Active
6995,3699462,Carlos Davis,carlos davis,DT,FRONT7,1996-08-22,,Active
6996,3928925,JaMycal Hasty,jamycal hasty,RB,RB,1996-09-12,,Active
6997,4037468,Shaq Quarterman,shaq quarterman,LB,FRONT7,1997-10-28,,Active
6999,4035299,Benito Jones,benito jones,DT,FRONT7,1997-11-27,,Active
7000,3923413,Chapelle Russell,chapelle russell,LB,FRONT7,1997-01-20,,Active
7001,,Brian Herrien,brian herrien,RB,RB,1998-02-07,,Active
7002,3929645,Juwan Johnson,juwan johnson,TE,TE,1996-09-13,NO,Active
7004,4035452,Rashard Lawrence,rashard lawrence,DT,FRONT7,1998-08-27,,Active
7005,4362878,Scottie Phillips,scottie phillips,RB,RB,1997-10-06,,Active
7006,4242206,Jacob Phillips,jacob phillips,LB,FRONT7,1999-04-01,,Active
7008,3929824,Brian Lewerke,brian lewerke,QB,QB,1996-10-24,,Active
7009,4046715,Trishton Jackson,trishton jackson,WR,WR,1998-03-09,,Inactive
7011,4034766,Carter Coughlin,carter coughlin,LB,FRONT7,1997-07-21,,Active
7012,4243009,Mykal Walker,mykal walker,LB,FRONT7,1997-08-28,,Inactive
7013,3915436,Steven Montez,steven montez,QB,QB,1997-01-14,,Active
7014,4036507,Joe Bachie,joe bachie,LB,FRONT7,1998-02-26,DET,Active
7015,3915136,Jacob Breeland,jacob breeland,TE,TE,1996-09-20,,Active
7016,4043169,Jeremy Chinn,jeremy chinn,DB,DB,1998-02-26,LV,Active
7017,4240624,Trajan Bandy,trajan bandy,CB,DB,1999-06-04,,Active
7018,4039064,Malcolm Roach,malcolm roach,DT,FRONT7,1998-06-09,DEN,Active
7019,3915186,Chauncey Rivers,chauncey rivers,LB,FRONT7,1997-06-12,,Active
7020,4045165,Cam Brown,cam brown,LB,FRONT7,1998-04-01,,Active
7021,4038815,Rico Dowdle,rico dowdle,RB,RB,1998-06-14,PIT,Active
7023,4259804,Willie Gay,willie gay,LB,FRONT7,1998-02-15,MIA,Active
7024,3686690,James Smith-Williams,james smith williams,DE,FRONT7,1997-07-30,,Active
7025,,Josiah Coatney,josiah coatney,DT,FRONT7,1996-01-04,,Active
7027,4040975,Jared Mayden,jared mayden,DB,DB,1998-06-24,,Active
7029,,David Woodward,david woodward,LB,FRONT7,,,Inactive
7030,3931408,Casey Toohill,casey toohill,DE,FRONT7,1996-08-21,,Active
7031,,Ray Lima,ray lima,DT,FRONT7,1996-05-27,,Active
7032,4034964,Tyrie Cleveland,tyrie cleveland,WR,WR,1997-09-20,,Active
7033,4240912,Debione Renfro,debione renfro,CB,DB,1999-01-19,,Inactive
7034,,David Dowell,david dowell,S,DB,,,Inactive
7035,,Kendrick Rogers,kendrick rogers,WR,WR,1997-08-07,,Active
7036,4035663,Terrell Burgess,terrell burgess,DB,DB,1998-11-12,TEN,Active
7037,,Michael Pinckney,michael pinckney,LB,FRONT7,,,Inactive
7038,4038533,Darius Anderson,darius anderson,RB,RB,1997-09-10,,Inactive
7039,4241983,Cody White,cody white,WR,WR,1998-11-28,LV,Active
7040,4035875,Evan Weaver,evan weaver,LB,FRONT7,1998-08-11,,Active
7042,3917232,Tyler Bass,tyler bass,K,K,1997-02-14,BUF,Active
7044,4035661,Julian Blackmon,julian blackmon,DB,DB,1998-08-24,NO,Active
7045,3910544,Joshua Kelley,joshua kelley,RB,RB,1997-11-20,,Active
7046,3917012,J.R. Reed,jr reed,DB,DB,1996-03-11,,Active
7047,3910385,Dante Olson,dante olson,LB,FRONT7,1997-01-06,,Active
7048,4045702,Benny LeMay,benny lemay,RB,RB,1997-10-18,CLE,Active
7049,3886598,Jauan Jennings,jauan jennings,WR,WR,1997-07-10,MIN,Active
7050,3914151,Josiah Deguara,josiah deguara,TE,TE,1997-02-14,PHI,Active
7051,4035389,Grayland Arnold,grayland arnold,DB,DB,1997-09-04,,Inactive
7052,3929653,John Reid,john reid,CB,DB,1996-05-15,,Active
7053,4035505,Daniel Thomas,daniel thomas,DB,DB,1998-07-01,CLE,Active
7055,4038539,Sewo Olonilua,sewo olonilua,FB,RB,1997-11-27,,Active
7056,3929831,Darrell Stewart,darrell stewart,WR,WR,1996-07-14,,Inactive
7057,,Baylen Buchanan,baylen buchanan,CB,DB,,,Inactive
7058,3858276,Jaylinn Hawkins,jaylinn hawkins,SS,DB,1997-08-25,BAL,Active
7059,,Jordan Mack,jordan mack,LB,FRONT7,1998-02-07,,Active
7062,3915165,Rodrigo Blankenship,rodrigo blankenship,K,K,1997-01-29,,Active
7063,,Shea Patterson,shea patterson,QB,QB,1997-01-17,,Active
7064,4036431,Darrynton Evans,darrynton evans,RB,RB,1998-07-09,,Inactive
7065,3915400,Eli Wolf,eli wolf,TE,TE,1997-11-03,,Inactive
7066,3916566,K.J. Osborn,kj osborn,WR,WR,1997-06-10,TEN,Active
7068,3932336,Francis Bernard,francis bernard,LB,FRONT7,1995-04-08,,Active
7069,4039413,Alohi Gilman,alohi gilman,DB,DB,1997-09-17,KC,Active
7071,,JJ Molson,jj molson,K,K,1997-04-03,,Active
7073,,Jake Bentley,jake bentley,QB,QB,,,Inactive
7074,,A.J. Hines,aj hines,RB,RB,,,Inactive
7075,4035020,Charlie Woerner,charlie woerner,TE,TE,1997-10-16,ATL,Active
7076,4240626,Jeff Thomas,jeff thomas,WR,WR,1997-06-17,,Inactive
7078,3915821,Tony Brown,tony brown,WR,WR,1997-08-08,,Active
7079,4262315,Pete Guerriero,pete guerriero,RB,RB,1998-07-13,,Active
7080,3917166,Omar Bayless,omar bayless,WR,WR,1996-12-15,,Active
7081,3914395,James Morgan,james morgan,QB,QB,1997-02-28,,Active
7082,4240861,Dalton Keene,dalton keene,TE,TE,1999-04-14,,Active
7083,4035671,Tyler Huntley,tyler huntley,QB,QB,1998-02-03,BAL,Active
7084,3124900,Jake Luton,jake luton,QB,QB,1996-04-11,,Active
7085,4248504,Isaiah Coulter,isaiah coulter,WR,WR,1998-09-18,,Active
7086,4373673,John Hightower,john hightower,WR,WR,1996-05-31,,Active
7087,4039274,Jonathan Ward,jonathan ward,RB,RB,1997-09-30,BAL,Active
7088,3916209,Xavier Jones,xavier jones,RB,RB,1997-08-24,,Active
7089,4035443,Michael Divinity,michael divinity,LB,FRONT7,1997-05-13,,Active
7090,4040655,Darnell Mooney,darnell mooney,WR,WR,1997-10-29,NYG,Active
7091,4032749,Aaron Parker,aaron parker,WR,WR,1998-05-21,,Active
7092,,Chris Finke,chris finke,WR,WR,1996-05-02,,Active
7093,4042112,Adrian Killins,adrian killins,RB,RB,1998-01-02,DEN,Inactive
7094,4682912,Lirim Hajrullahu,lirim hajrullahu,K,K,1990-04-24,,Active
7095,3053774,Austin MacGinnis,austin macginnis,K,K,1995-05-04,,Active
7096,,Kaleb Barker,kaleb barker,QB,QB,1997-08-01,,Inactive
7097,,Tra Barnett,tra barnett,RB,RB,1997-09-14,,Inactive
7098,,Ty'Son Williams,ty son williams,RB,RB,1996-09-04,,Active
7099,,Tom Flacco,tom flacco,QB,QB,1994-11-02,,Inactive
7100,3843469,Derrick Dillon,derrick dillon,WR,WR,1995-10-28,,Active
7101,,Rodney Smith,rodney smith,RB,RB,1996-02-28,,Active
7102,,Mason Fine,mason fine,QB,QB,1997-04-19,,Inactive
7103,4035470,Tavien Feaster,tavien feaster,RB,RB,1997-12-31,ARI,Active
7104,,Shannon Brooks,shannon brooks,RB,RB,,,Inactive
7105,,Ramiz Ahmed,ramiz ahmed,K,K,1995-07-27,,Active
7106,3917849,Lawrence Cager,lawrence cager,TE,TE,1997-08-20,,Active
7107,4040790,Jason Huntley,jason huntley,RB,RB,1998-04-20,,Active
7108,,Hasise Dubois,hasise dubois,WR,WR,,,Inactive
7109,4039436,Malcolm Perry,malcolm perry,WR,WR,1997-04-19,,Active
7110,,Kelly Bryant,kelly bryant,QB,QB,1996-09-25,,Inactive
7111,4035566,McTelvin Agim,mctelvin agim,DT,FRONT7,1997-09-25,,Active
7113,4037333,Alex Highsmith,alex highsmith,LB,FRONT7,1997-08-07,PIT,Active
7114,3917006,Reggie Robinson,reggie robinson,CB,DB,1997-04-14,,Active
7117,4040432,L'Jarius Sneed,l jarius sneed,CB,DB,1997-01-21,KC,Active
7119,4241889,Kenny Robinson,kenny robinson,DB,DB,1999-01-08,,Active
7120,3917016,Trevis Gipson,trevis gipson,LB,FRONT7,1997-06-13,CAR,Active
7121,3913295,Justin Rohrwasser,justin rohrwasser,K,K,1996-12-07,,Inactive
7122,3915837,Broderick Washington,broderick washington,DT,FRONT7,1996-12-04,BAL,Active
7124,4035407,Bravvion Roy,bravvion roy,DT,FRONT7,1996-10-18,,Active
7125,3699530,Khalil Davis,khalil davis,DT,FRONT7,1996-08-22,,Active
7127,4038902,Shaun Bradley,shaun bradley,LB,FRONT7,1997-04-08,,Active
7128,4243257,John Penisini,john penisini,NT,FRONT7,1997-05-31,,Active
7130,4048736,Cassh Maluia,cassh maluia,LB,FRONT7,1998-10-03,,Active
7131,3914240,Tyler Davis,tyler davis,TE,TE,1997-04-02,,Active
7133,4044540,Isaiah Rodgers,isaiah rodgers,CB,DB,1998-01-07,MIN,Active
7134,3929928,Jordan Glasgow,jordan glasgow,LB,FRONT7,1996-06-28,,Active
7135,4034950,Freddie Swain,freddie swain,WR,WR,1998-08-04,,Inactive
7136,4242154,Kam Curl,kam curl,DB,DB,1999-03-31,LAR,Active
7137,4046353,Stantley Thomas-Oliver,stantley thomas oliver,CB,DB,1998-06-04,,Active
7138,4371737,Chris Claybrooks,chris claybrooks,DB,DB,1997-07-17,,Active
7143,3895785,Ben DiNucci,ben dinucci,QB,QB,1996-11-24,,Active
7144,3928928,Clay Johnston,clay johnston,LB,FRONT7,1996-08-08,,Active
7145,3873928,Jashon Cornell,jashon cornell,DT,FRONT7,1996-12-29,,Active
7146,4038538,Vernon Scott,vernon scott,DB,DB,1997-09-11,,Active
7147,4040652,Bopete Keyes,bopete keyes,CB,DB,1997-11-09,,Inactive
7148,4038811,TJ Brunson,tj brunson,LB,FRONT7,1997-12-03,,Active
7149,3791110,Tommy Stevens,tommy stevens,TE,TE,1996-12-15,NYG,Active
7150,4043605,Chris Jackson,chris jackson,DB,DB,1998-04-13,,Active
7151,3915122,Chris Williamson,chris williamson,CB,DB,1997-05-19,,Active
7152,4038994,Sam Sloman,sam sloman,K,K,1997-09-19,,Active
7154,3930915,Derrek Tuszka,derrek tuszka,LB,FRONT7,1997-08-17,,Active
7155,3915171,Tae Crowder,tae crowder,LB,FRONT7,1997-03-12,,Active
7156,,J'Mar Smith,j mar smith,QB,QB,1996-09-24,,Active
7157,3921685,Josh Love,josh love,QB,QB,1996-09-12,,Active
7158,,Riley Neal,riley neal,QB,QB,1996-10-02,,Active
7159,3926936,Reid Sinnett,reid sinnett,QB,QB,1997-02-05,,Active
7160,4257195,Ledarius Mack,ledarius mack,LB,FRONT7,1996-10-03,,Inactive
7161,,Shane Leatherbury,shane leatherbury,WR,WR,1997-12-10,,Active
7162,4039553,Ryan Becker,ryan becker,TE,TE,1997-12-23,,Active
7166,,T.J. Carter,tj carter,DE,FRONT7,1998-09-15,,Active
7167,3929896,Adam Shuler,adam shuler,DE,FRONT7,1996-12-16,,Active
7168,4239965,Zane Lewis,zane lewis,CB,DB,1998-04-06,,Active
7169,3821572,Jace Whittaker,jace whittaker,CB,DB,1995-07-16,,Active
7170,3911073,Jarren Williams,jarren williams,CB,DB,1997-07-18,,Active
7171,,Reggie Floyd,reggie floyd,DB,DB,1998-04-02,,Active
7172,4031003,Mikey Daniel,mikey daniel,RB,RB,1996-11-03,,Active
7173,3919609,Jalen McCleskey,jalen mccleskey,WR,WR,1997-08-06,,Active
7174,4366710,Juwan Green,juwan green,WR,WR,1998-07-01,,Active
7175,4052137,Chris Rowland,chris rowland,WR,WR,1997-12-19,,Active
7176,,Caleb Repp,caleb repp,TE,TE,1997-03-06,,Active
7181,4242317,Sailosi Latu,sailosi latu,DT,FRONT7,1993-12-26,,Inactive
7182,,Hinwa Allieu,hinwa allieu,DT,FRONT7,1997-12-09,,Inactive
7183,4408979,Austin Edwards,austin edwards,DE,FRONT7,1997-08-27,,Active
7184,,Bryson Young,bryson young,LB,FRONT7,1998-03-26,,Active
7185,4361650,Ray Wilborn,ray wilborn,LB,FRONT7,1997-04-01,,Active
7186,,Jordan Williams,jordan williams,LB,FRONT7,1997-05-26,,Active
7187,,Rojesterman Farris,rojesterman farris,DB,DB,1997-09-11,DEN,Active
7188,4048718,Tyler Hall,tyler hall,DB,DB,1998-10-31,,Active
7189,4360643,Delrick Abrams,delrick abrams,DB,DB,1997-04-06,,Active
7190,,Bronson Rechsteiner,bronson rechsteiner,RB,RB,1997-10-24,,Active
7191,3909416,Jaylon Moore,jaylon moore,WR,WR,1997-07-01,,Inactive
7194,3895837,Aaron Crawford,aaron crawford,DT,FRONT7,1997-11-04,,Active
7195,4028749,John Daka,john daka,DE,FRONT7,1997-12-07,,Active
7196,4027908,Marcus Willoughby,marcus willoughby,LB,FRONT7,1998-07-26,,Active
7197,4036153,Kristian Welch,kristian welch,LB,FRONT7,1998-05-24,GB,Active
7198,,Jeff Hector,jeff hector,CB,DB,1996-04-17,,Active
7199,4249092,Josh Nurse,josh nurse,DB,DB,1996-07-17,,Inactive
7200,4027919,Khalil Dorsey,khalil dorsey,CB,DB,1998-03-31,DET,Active
7201,,Nick Vogel,nick vogel,K,K,1995-12-23,,Active
7203,4040629,Antonio Williams,antonio williams,RB,RB,1997-10-22,,Active
7204,4039505,Reggie Gilliam,reggie gilliam,RB,RB,1997-08-20,NE,Active
7207,4046350,Ike Brown,ike brown,CB,DB,1998-04-25,,Active
7208,3917159,Josh Thomas,josh thomas,DB,DB,1996-11-19,,Active
7209,,Garrett Taylor,garrett taylor,S,DB,1996-11-07,,Active
7210,3700815,Kendall Hinton,kendall hinton,WR,WR,1997-02-19,,Active
7211,,Zimari Manning,zimari manning,WR,WR,1995-02-27,,Active
7212,4035523,Spencer Nigh,spencer nigh,FB,RB,1998-01-18,,Active
7214,3915253,Calvin Taylor,calvin taylor,DE,FRONT7,1996-12-24,,Active
7216,3916749,Giovanni Ricci,giovanni ricci,FB,RB,1996-10-16,,Active
7217,,Trevontae Hights,trevontae hights,WR,WR,1997-02-07,,Active
7218,4373904,Cam Sutton,cam sutton,TE,TE,1996-09-13,,Active
7222,4039164,Myles Adams,myles adams,DT,FRONT7,1998-03-09,LAC,Active
7223,,Jason Ferris,jason ferris,LB,FRONT7,1996-07-23,,Active
7224,4044133,Sam Franklin,sam franklin,DB,DB,1996-02-02,BUF,Active
7225,3917673,Chris Orr,chris orr,LB,FRONT7,1997-06-17,,Inactive
7226,4035290,Myles Hartsfield,myles hartsfield,DB,DB,1997-08-05,,Active
7227,4042808,Artavis Pierce,artavis pierce,RB,RB,1996-05-17,,Active
7228,3935018,Ahmad Wagner,ahmad wagner,WR,WR,1996-12-21,,Inactive
7231,4376288,LaCale London,lacale london,DT,FRONT7,1997-08-05,ATL,Active
7232,4040762,Rashad Smith,rashad smith,LB,FRONT7,1997-04-20,,Active
7233,3886809,Andre Baccellia,andre baccellia,WR,WR,1997-01-07,,Active
7234,4036055,Maurice Ffrench,maurice ffrench,WR,WR,1998-01-01,,Active
7235,4046668,Aleva Hifo,aleva hifo,WR,WR,1997-12-23,,Active
7236,,Devwah Whaley,devwah whaley,RB,RB,1997-11-03,,Active
7237,3919557,Scotty Washington,scotty washington,WR,WR,1997-07-26,,Active
7240,,Kendall Futrell,kendall futrell,DE,FRONT7,1997-10-27,,Active
7241,3917947,Marcel Spears,marcel spears,LB,FRONT7,1997-05-29,,Inactive
7242,,Isiah Swann,isiah swann,CB,DB,1998-12-31,,Active
7243,4031232,Kevin Davidson,kevin davidson,QB,QB,1997-08-01,,Inactive
7244,3917569,Ja'Marcus Bradley,ja marcus bradley,WR,WR,1996-12-11,,Inactive
7245,3894852,Nate Wieting,nate wieting,TE,TE,1997-02-20,,Inactive
7247,3120964,George Obinna,george obinna,LB,FRONT7,1996-08-23,,Active
7248,3918649,Jeffery Whatley,jeffery whatley,DT,FRONT7,1996-06-23,,Active
7249,4246885,Solomon Ajayi,solomon ajayi,LB,FRONT7,1997-07-16,,Inactive
7250,,Jameson Houston,jameson houston,CB,DB,1996-06-30,,Active
7251,3914450,Jovante Moffatt,jovante moffatt,DB,DB,1996-12-25,,Inactive
7252,3910402,Elijah Benton,elijah benton,DB,DB,1996-09-05,,Active
7253,3930024,Ron'Dell Carter,ron dell carter,LB,FRONT7,1997-07-03,,Active
7254,,Azur Kamara,azur kamara,DE,FRONT7,1998-09-26,,Active
7255,,Garrett Marino,garrett marino,DE,FRONT7,1994-08-03,,Active
7257,4043132,Douglas Coleman,douglas coleman,S,DB,1998-06-28,,Active
7258,3909014,Luke Sellers,luke sellers,FB,RB,1997-02-05,,Inactive
7259,4030779,Bobby Price,bobby price,DB,DB,1998-04-25,,Active
7260,3916924,Jeremiah Dinson,jeremiah dinson,S,DB,1997-02-26,,Inactive
7262,,Jalen Morton,jalen morton,QB,QB,1997-07-06,IND,Active
7264,,Jordan Jones,jordan jones,FB,RB,1997-01-20,,Active
7267,3930048,Willington Previlon,willington previlon,DT,FRONT7,1997-05-19,,Active
7268,4035817,Krys Barnes,krys barnes,LB,FRONT7,1998-04-02,CLE,Active
7269,4611136,Marc-Antoine Dequoy,marc antoine dequoy,DB,DB,1994-09-15,,Active
7270,3821692,Will Sunderland,will sunderland,CB,DB,1996-09-11,,Active
7271,3928920,Henry Black,henry black,DB,DB,1997-01-03,,Active
7272,4366655,Dylan Stapleton,dylan stapleton,TE,TE,1998-05-27,,Inactive
7274,4035018,Tyler Simmons,tyler simmons,WR,WR,1997-12-30,,Active
7276,3911982,Auzoyah Alufohai,auzoyah alufohai,DT,FRONT7,1996-10-16,,Active
7277,,Jamir Jones,jamir jones,LB,FRONT7,1998-06-14,,Active
7278,3929644,Jan Johnson,jan johnson,LB,FRONT7,1996-04-09,,Active
7279,4374496,DeMichael Harris,demichael harris,WR,WR,1998-07-12,,Active
7281,4041572,Kameron Cline,kameron cline,DE,FRONT7,1998-02-19,,Active
7282,4037135,Kendall Coleman,kendall coleman,DE,FRONT7,1998-04-09,,Active
7283,4034530,Chris Williams,chris williams,DT,FRONT7,1998-06-16,CLE,Active
7284,4363929,Travis Reed,travis reed,CB,DB,1997-02-14,,Inactive
7285,3928847,Donald Rutledge,donald rutledge,LB,FRONT7,1997-05-22,ARI,Active
7286,3939146,Marvelle Ross,marvelle ross,WR,WR,1996-08-13,,Inactive
7287,4034944,Josh Hammond,josh hammond,WR,WR,1998-07-24,,Active
7288,3930900,Ben Ellefson,ben ellefson,TE,TE,1996-09-01,,Active
7289,4038987,Doug Costin,doug costin,DT,FRONT7,1997-10-05,,Active
7291,4042125,Nate Evans,nate evans,LB,FRONT7,1998-02-27,,Active
7292,,Kobe Williams,kobe williams,CB,DB,1998-11-16,,Active
7293,4361499,Luq Barcoo,luq barcoo,CB,DB,1998-07-27,,Active
7294,3919541,Amari Henderson,amari henderson,CB,DB,1997-09-08,MIN,Active
7299,4051242,Justice Shelton-Mosley,justice shelton mosley,WR,WR,1997-03-01,,Inactive
7301,4058925,Tershawn Wharton,tershawn wharton,DT,FRONT7,1998-06-25,CAR,Active
7302,4043618,Omari Cobb,omari cobb,LB,FRONT7,1997-05-31,,Active
7303,,Bryan Wright,bryan wright,LB,FRONT7,1995-08-18,,Active
7304,3916207,Rodney Clemons,rodney clemons,DB,DB,1996-12-28,,Active
7305,,Jalen Julius,jalen julius,CB,DB,1996-08-19,,Active
7306,4241862,Hakeem Bailey,hakeem bailey,CB,DB,1997-03-29,,Active
7308,3929633,Nick Bowers,nick bowers,TE,TE,1996-05-26,,Active
7309,,Siaosi Mariner,siaosi mariner,WR,WR,1997-01-25,,Active
7310,4046721,Mike Panasiuk,mike panasiuk,DT,FRONT7,1997-10-13,,Active
7311,3921709,Javin White,javin white,LB,FRONT7,1997-02-21,,Active
7312,4038440,Madre Harper,madre harper,CB,DB,1997-10-13,,Active
7314,3932960,Dominik Eberle,dominik eberle,K,K,1996-07-04,,Active
7315,4040419,Bobby Holly,bobby holly,FB,RB,1997-06-04,,Active
7316,4040640,Darius Bradwell,darius bradwell,RB,RB,1997-05-15,,Active
7317,,Jared Rice,jared rice,TE,TE,1996-10-19,,Active
7318,4035611,Gabe Nabers,gabe nabers,FB,RB,1997-11-05,,Active
7319,4282647,Jeff Cotton,jeff cotton,WR,WR,1997-04-17,,Inactive
7320,3916124,Dalton Schoen,dalton schoen,WR,WR,1996-10-13,,Active
7324,4365493,Jessie Lemonier,jessie lemonier,LB,FRONT7,1997-01-31,,Active
7325,3915990,Joe Gaziano,joe gaziano,DE,FRONT7,1996-09-27,,Active
7326,3674831,Breiden Fehoko,breiden fehoko,NT,FRONT7,1996-10-15,,Active
7327,3916917,T.J. Smith,tj smith,DT,FRONT7,1997-04-19,,Active
7328,3932422,Asmar Bilal,asmar bilal,LB,FRONT7,1997-04-12,,Active
7329,4036959,Cole Christiansen,cole christiansen,LB,FRONT7,1997-07-30,KC,Active
7330,4037455,Romeo Finley,romeo finley,LB,FRONT7,1997-11-13,,Inactive
7331,4032484,John Brannon,john brannon,CB,DB,1998-03-10,,Active
7332,4039321,Kevin McGill,kevin mcgill,DB,DB,1998-01-06,,Active
7333,4046687,Donte Vaughn,donte vaughn,CB,DB,1997-10-12,,Active
7334,4034320,Earnest Edwards,earnest edwards,WR,WR,1998-03-30,,Inactive
7335,3675812,Bryce Perkins,bryce perkins,QB,QB,1996-12-20,,Active
7336,,James Gilbert,james gilbert,RB,RB,1995-11-10,,Active
7337,4245174,Easop Winston,easop winston,WR,WR,1996-12-17,,Active
7339,3910287,J.J. Koski,jj koski,WR,WR,1996-12-27,,Active
7340,3929652,Brandon Polk,brandon polk,WR,WR,1996-12-10,,Active
7341,4040703,Eric Banks,eric banks,DE,FRONT7,1998-01-30,,Active
7342,,Michael Hoecht,michael hoecht,DT,FRONT7,1997-10-05,BUF,Active
7343,,Sam Renner,sam renner,DT,FRONT7,1997-02-24,,Active
7344,4032481,Jonah Williams,jonah williams,DE,FRONT7,1995-08-17,NO,Active
7345,,Greg Reaves,greg reaves,OLB,FRONT7,1996-08-20,,Active
7346,3909013,Christian Rozeboom,christian rozeboom,LB,FRONT7,1997-01-30,TB,Active
7347,4040901,JuJu Hughes,juju hughes,DB,DB,1998-07-19,,Active
7348,3932348,Dayan Lake,dayan lake,DB,DB,1997-08-01,LAR,Active
7349,4035013,Tyrique McGhee,tyrique mcghee,DB,DB,1998-08-11,,Active
7350,,Levonta Taylor,levonta taylor,CB,DB,1997-11-04,,Active
7351,3915145,Kirk Merritt,kirk merritt,WR,WR,1997-01-05,,Active
7352,4041703,Matt Cole,matt cole,WR,WR,1996-11-07,,Active
7353,3886832,Bryce Sterk,bryce sterk,TE,TE,1996-09-11,,Inactive
7356,3914456,Tyshun Render,tyshun render,DE,FRONT7,1997-03-28,,Active
7357,3929637,Dan Chisena,dan chisena,WR,WR,1997-02-25,,Inactive
7358,3895835,Jake Bargas,jake bargas,FB,RB,1996-11-28,,Active
7359,3930035,Nakia Griffin-Stewart,nakia griffin stewart,TE,TE,1996-11-12,,Active
7362,3127587,David Moa,david moa,DT,FRONT7,1996-06-14,,Active
7363,4036445,Jordan Fehr,jordan fehr,LB,FRONT7,1998-06-16,,Inactive
7364,3892773,Blake Lynch,blake lynch,LB,FRONT7,1997-02-14,,Active
7365,3929034,Nevelle Clarke,nevelle clarke,CB,DB,1996-11-16,,Active
7366,4037511,Myles Dorn,myles dorn,DB,DB,1998-06-25,,Inactive
7367,3916927,Will Hastings,will hastings,WR,WR,1996-07-30,,Inactive
7368,,Sean Riley,sean riley,WR,WR,1997-10-31,,Active
7369,3912189,Bill Murray,bill murray,DT,FRONT7,1997-07-03,LAR,Active
7370,4373937,JoJo Ward,jojo ward,WR,WR,1997-12-09,,Active
7373,,Gus Cumberlander,gus cumberlander,DE,FRONT7,1997-03-02,,Active
7374,4036214,Tino Ellis,tino ellis,CB,DB,1997-10-15,,Inactive
7375,3929920,Keith Washington,keith washington,DB,DB,1996-12-20,,Inactive
7376,,Case Cookus,case cookus,QB,QB,1995-10-06,,Active
7378,3924367,Kyle Markway,kyle markway,TE,TE,1997-03-04,,Active
7379,4045062,Rysen John,rysen john,TE,TE,1997-12-20,,Active
7381,4030955,Niko Lalos,niko lalos,DE,FRONT7,1997-06-25,,Active
7382,,Dominique Ross,dominique ross,LB,FRONT7,1997-12-21,,Active
7383,,Dana Levine,dana levine,DE,FRONT7,1996-12-19,,Active
7384,4242245,Jaquarius Landrews,jaquarius landrews,DB,DB,1996-09-15,,Inactive
7385,3914143,Christian Angulo,christian angulo,DB,DB,1997-02-17,,Active
7386,,Malcolm Elmore,malcolm elmore,DB,DB,1998-03-17,,Active
7387,3692942,George Campbell,george campbell,WR,WR,1996-10-27,,Inactive
7389,3728252,Sterling Johnson,sterling johnson,DT,FRONT7,1997-08-20,,Active
7390,,Domenique Davis,domenique davis,DL,FRONT7,1996-02-28,,Active
7391,4039375,Bryce Huff,bryce huff,DE,FRONT7,1998-04-17,,Active
7392,4243250,Javelin Guidry,javelin guidry,CB,DB,1998-08-06,,Active
7393,,Sirgeo Hoffman,sirgeo hoffman,RB,RB,,,Inactive
7394,,Jermiah Braswell,jermiah braswell,WR,WR,1997-05-15,,Active
7395,,Rashad Medaris,rashad medaris,WR,WR,1996-10-09,,Active
7396,,Devin Phelps,devin phelps,WR,WR,1996-10-15,,Active
7397,,Parker Houston,parker houston,TE,TE,1997-12-06,,Active
7398,4046605,Reggie Walker,reggie walker,LB,FRONT7,1996-04-22,,Active
7399,,Bejour Wilson,bejour wilson,CB,DB,1997-08-31,,Active
7400,4030747,Manasseh Bailey,manasseh bailey,WR,WR,1997-06-27,,Active
7401,,Khalil Tate,khalil tate,WR,WR,1998-10-23,,Inactive
7404,3930298,Noah Togiai,noah togiai,TE,TE,1997-07-06,,Active
7405,3917576,Michael Jacquet,michael jacquet,CB,DB,1997-01-29,,Active
7406,4036924,Elijah Riley,elijah riley,DB,DB,1998-06-12,,Active
7407,4044121,Isaiah Wright,isaiah wright,WR,WR,1997-01-13,,Active
7408,,Prince Smith,prince smith,DB,DB,1997-11-28,,Active
7410,4686421,David Bada,david bada,DT,FRONT7,1995-05-24,,Inactive
7411,4241264,Matt Leo,matt leo,DE,FRONT7,1992-05-08,,Active
7412,4683485,Sandro Platzgummer,sandro platzgummer,RB,RB,1997-03-10,,Active
7414,3924325,Johnathon Johnson,johnathon johnson,WR,WR,1996-09-30,,Active
7415,,John Houston,john houston,LB,FRONT7,1997-06-25,,Active
7416,3917288,Leo Lewis,leo lewis,LB,FRONT7,1996-11-25,,Inactive
7417,3917341,James Lockhart,james lockhart,LB,FRONT7,1996-09-13,,Active
7418,,Broc Rutter,broc rutter,QB,QB,1997-04-03,,Active
7419,4259252,James Pierre,james pierre,CB,DB,1996-09-16,MIN,Active
7420,4049391,Josh Hokit,josh hokit,FB,RB,1997-11-12,,Active
7421,3908558,Jonas Griffith,jonas griffith,LB,FRONT7,1997-01-27,,Active
7422,,Ronnell Perkins,ronnell perkins,S,DB,,,Active
7423,4035103,DeMarkus Acy,demarkus acy,CB,DB,1998-04-29,,Active
7424,,Anthony Jones,anthony jones,RB,RB,1997-02-07,,Active
7425,3915427,Patrick Carr,patrick carr,RB,RB,1995-09-22,,Active
7426,4035996,Seth Dawkins,seth dawkins,WR,WR,1998-08-16,,Inactive
7427,3916587,Tyler Mabry,tyler mabry,TE,TE,1996-11-21,,Inactive
7429,4039919,Marcus Webb,marcus webb,DE,FRONT7,1997-09-04,,Inactive
7430,,Josh Avery,josh avery,DT,FRONT7,1996-03-16,,Active
7431,3911910,Eli Mencer,eli mencer,DE,FRONT7,1996-11-14,,Inactive
7432,4035402,Chris Miller,chris miller,DB,DB,1997-10-06,,Active
7433,3912347,Gavin Heslop,gavin heslop,CB,DB,1997-11-13,,Active
7434,,Kemah Siverand,kemah siverand,DB,DB,1996-11-12,,Inactive
7435,3931401,Cameron Scarlett,cameron scarlett,RB,RB,1996-10-09,,Active
7436,4057082,Mason Kinsey,mason kinsey,WR,WR,1998-08-29,,Active
7437,4252364,Kyle Williams,kyle williams,WR,WR,1998-10-15,,Inactive
7438,3910176,Kristian Wilkerson,kristian wilkerson,WR,WR,1997-01-10,,Active
7439,3675550,Tommy Hudson,tommy hudson,TE,TE,1997-02-22,,Inactive
7443,4374269,Teair Tart,teair tart,DT,FRONT7,1997-02-28,LAC,Active
7444,4038840,Kobe Smith,kobe smith,DT,FRONT7,1998-06-23,,Active
7445,3675959,Khaylan Kearse-Thomas,khaylan kearse thomas,LB,FRONT7,1997-02-07,,Active
7446,4035098,Tucker McCann,tucker mccann,K,K,1997-11-10,,Active
7447,4035109,Cale Garrett,cale garrett,LB,FRONT7,1997-12-02,,Active
7449,4037647,Parnell Motley,parnell motley,CB,DB,1997-10-28,,Active
7450,,Nasir Player,nasir player,DL,FRONT7,1997-03-29,,Active
7451,4034496,Cam Gill,cam gill,LB,FRONT7,1997-12-14,CAR,Active
7452,4368796,Josh Pearson,josh pearson,WR,WR,1997-06-13,,Active
7453,3920823,Javon Hagan,javon hagan,DB,DB,1997-02-22,,Active
7454,,Travis Jonsen,travis jonsen,WR,WR,1996-10-16,,Active
7455,4683123,John Hurst,john hurst,WR,WR,1996-11-02,,Inactive
7456,3886826,Benning Potoa'e,benning potoa e,DT,FRONT7,1996-09-17,,Active
7457,4043814,Michael Dereus,michael dereus,WR,WR,1997-02-18,,Active
7458,3916129,Isaiah Zuber,isaiah zuber,WR,WR,1997-04-15,,Inactive
7459,3915508,Rashod Berry,rashod berry,LB,FRONT7,1996-10-14,,Active
7460,3915308,Jake Burt,jake burt,TE,TE,1996-08-25,,Active
7461,,Austrian Robinson,austrian robinson,DE,FRONT7,1996-03-12,,Active
7462,,Stephen Guidry,stephen guidry,WR,WR,1997-03-25,,Active
7463,3916105,Trey Dishon,trey dishon,DT,FRONT7,1997-05-18,,Inactive
7464,4036949,Connor Slomka,connor slomka,RB,RB,1997-05-30,,Active
7465,,Nick Tiano,nick tiano,QB,QB,1996-12-10,,Active
7466,3917812,Nathan Cottrell,nathan cottrell,RB,RB,1996-08-02,,Active
7471,4034956,David Reese,david reese,LB,FRONT7,1997-12-16,,Inactive
7473,4242251,Lee Autry,lee autry,DT,FRONT7,1996-07-29,,Active
7474,4040621,Keandre Jones,keandre jones,LB,FRONT7,1997-09-24,,Inactive
7475,3128846,Napoleon Maxwell,napoleon maxwell,RB,RB,1996-03-27,,Inactive
7476,3917802,Trevon McSwain,trevon mcswain,DT,FRONT7,1996-11-04,,Inactive
7477,,Tyler Clark,tyler clark,DT,FRONT7,1998-07-25,,Active
7478,3908608,Luther Kirk,luther kirk,DB,DB,1996-11-07,,Active
7481,3880416,Chase Harrell,chase harrell,TE,TE,1996-05-16,,Active
7482,,Oluwole Betiku,oluwole betiku,DE,FRONT7,1997-06-22,,Active
7483,3930097,Farrod Green,farrod green,TE,TE,1997-06-10,,Active
7484,,Brandon Wellington,brandon wellington,LB,FRONT7,1998-02-02,,Active
7485,4035177,Daniel Bituli,daniel bituli,LB,FRONT7,1997-12-27,,Inactive
7486,3128609,Frankie Griffin,frankie griffin,LB,FRONT7,1995-10-23,,Active
7487,3916220,Delontae Scott,delontae scott,LB,FRONT7,1997-01-21,,Active
7489,3915107,Kylan Johnson,kylan johnson,LB,FRONT7,1996-12-23,,Active
7490,4040538,Bryan London,bryan london,LB,FRONT7,1997-03-12,,Active
7491,4036138,Cedrick Lattimore,cedrick lattimore,DT,FRONT7,1998-02-06,,Active
7492,,Josh Norwood,josh norwood,FS,DB,1996-11-22,,Active
7493,4035577,De'Jon Harris,de jon harris,LB,FRONT7,1997-11-01,,Active
7494,3921659,Kyahva Tezino,kyahva tezino,LB,FRONT7,1997-06-21,,Active
7495,,Courtney Wallace,courtney wallace,DT,FRONT7,1996-12-31,,Active
7496,3929785,Nick Westbrook-Ikhine,nick westbrook ikhine,WR,WR,1997-03-21,IND,Active
7499,2575891,Paul Quessenberry,paul quessenberry,TE,TE,1992-01-08,,Active
7500,3728306,Michael Barnett,michael barnett,DT,FRONT7,1997-07-11,,Active
7501,4037120,Evan Foster,evan foster,S,DB,,,Inactive
7502,4036129,Dominique Dafney,dominique dafney,TE,TE,1997-06-03,,Active
7503,,Connor Davis,connor davis,TE,TE,1994-10-20,,Active
7504,4035577,De'Jon Harris,de jon harris,LB,FRONT7,1997-11-01,,Active
7506,,Duplicate Player,duplicate player,DB,DB,1993-12-15,DAL,Inactive
7508,,Brandon King,brandon king,LB,FRONT7,1987-01-28,,Inactive
7509,,Chris Owusu,chris owusu,WR,WR,1990-01-06,,Inactive
7511,,Dwight Bentley,dwight bentley,CB,DB,1989-05-16,,Inactive
7512,,Aaron Smith,aaron smith,RB,RB,,,Inactive
7513,,Manny Patterson,manny patterson,DB,DB,1998-05-31,,Active
7514,,Michael Pinckney,michael pinckney,LB,FRONT7,1998-05-28,,Inactive
7515,,Sergio Castillo,sergio castillo,K,K,1990-11-01,,Active
7517,,Duplicate Player,duplicate player,WR,WR,1998-07-12,,Inactive
7518,,Taylor Russolino,taylor russolino,K,K,1989-05-23,,Active
7519,,Aaron Patrick,aaron patrick,DE,FRONT7,1996-12-21,,Active
7520,,Innis Gaines,innis gaines,DB,DB,1998-08-29,,Active
7521,,Chris Blair,chris blair,WR,WR,1997-10-06,ATL,Active
7522,,Hunter Thedford,hunter thedford,TE,TE,1997-04-15,,Active
7523,,Trevor Lawrence,trevor lawrence,QB,QB,1999-10-06,JAX,Active
7524,,Player Invalid,player invalid,WR,WR,,,Inactive
7525,,DeVonta Smith,devonta smith,WR,WR,1998-11-14,PHI,Active
7526,,Jaylen Waddle,jaylen waddle,WR,WR,1998-11-25,DEN,Active
7527,,Mac Jones,mac jones,QB,QB,1998-09-05,SF,Active
7528,,Najee Harris,najee harris,RB,RB,1998-03-09,NYG,Active
7529,,Gary Brightwell,gary brightwell,RB,RB,1998-02-28,,Active
7530,,Frank Darby,frank darby,WR,WR,1997-09-08,,Active
7531,,Feleipe Franks,feleipe franks,TE,TE,1997-12-22,CAR,Active
7532,,Rakeem Boyd,rakeem boyd,RB,RB,,,Inactive
7533,,Anthony Schwartz,anthony schwartz,WR,WR,2000-09-05,,Active
7534,,Seth Williams,seth williams,WR,WR,2000-04-10,,Inactive
7535,,Hunter Long,hunter long,TE,TE,1998-08-19,ARI,Inactive
7536,,Quintin Morris,quintin morris,TE,TE,1999-01-21,JAX,Active
7537,,Jaret Patterson,jaret patterson,RB,RB,1999-12-23,,Active
7538,,Zach Wilson,zach wilson,QB,QB,1999-08-03,NO,Active
7539,,Gerrid Doaks,gerrid doaks,RB,RB,1998-06-09,,Active
7540,,Amari Rodgers,amari rodgers,WR,WR,1999-09-23,,Active
7541,,Cornell Powell,cornell powell,WR,WR,1997-10-30,,Active
7543,,Travis Etienne,travis etienne,RB,RB,1999-01-26,NO,Inactive
7544,,Player Invalid,player invalid,RB,RB,,,Inactive
7545,,Marlon Williams,marlon williams,WR,WR,,,Inactive
7546,,Tre Nixon,tre nixon,WR,WR,1998-01-26,,Active
7547,,Amon-Ra St. Brown,amon ra st brown,WR,WR,1999-10-24,DET,Active
7548,,Tyler Vaughns,tyler vaughns,WR,WR,1997-06-01,,Active
7549,,CJ Marable,cj marable,RB,RB,1997-02-02,,Active
7550,,Warren Jackson,warren jackson,WR,WR,1999-06-16,,Active
7551,,Deon Jackson,deon jackson,RB,RB,1999-02-18,,Active
7552,,Blake Proehl,blake proehl,WR,WR,1999-01-12,,Active
7553,,Kyle Pitts,kyle pitts,TE,TE,2000-10-06,ATL,Active
7554,,Tre' McKitty,tre mckitty,TE,TE,1999-01-12,,Active
7555,,Jamie Newman,jamie newman,QB,QB,1997-12-01,,Inactive
7556,,Marquez Stevenson,marquez stevenson,WR,WR,1998-03-26,,Active
7557,,Player Invalid,player invalid,TE,TE,,,Inactive
7558,,Whop Philyor,whop philyor,WR,WR,1998-07-31,,Active
7559,,Ihmir Smith-Marsette,ihmir smith marsette,WR,WR,1999-08-29,CAR,Active
7560,,Pooka Williams,pooka williams,RB,RB,1999-06-19,,Active
7561,,Elijah Mitchell,elijah mitchell,RB,RB,1998-05-02,,Inactive
7562,,Tutu Atwell,tutu atwell,WR,WR,1999-10-07,LAR,Active
7563,,Javian Hawkins,javian hawkins,RB,RB,1999-11-03,,Active
7564,,Ja'Marr Chase,ja marr chase,WR,WR,2000-03-01,CIN,Active
7565,,Terrace Marshall,terrace marshall,WR,WR,2000-06-09,,Active
7566,,Player Invalid,player invalid,WR,WR,,,Inactive
7567,,Kenny Gainwell,kenny gainwell,RB,RB,1999-03-14,TB,Active
7568,,Brevin Jordan,brevin jordan,TE,TE,2000-07-16,HOU,Active
7569,,Nico Collins,nico collins,WR,WR,1999-03-19,HOU,Active
7570,,Player Invalid,player invalid,WR,WR,,,Inactive
7571,,Rashod Bateman,rashod bateman,WR,WR,1999-11-29,BAL,Active
7572,,Kylin Hill,kylin hill,RB,RB,1998-08-18,,Active
7573,,Damon Hazelton,damon hazelton,WR,WR,1997-02-28,,Active
7574,,Larry Rountree,larry rountree,RB,RB,1999-02-13,,Active
7576,,Sage Surratt,sage surratt,TE,TE,1998-04-13,,Active
7578,,Myron Mitchell,myron mitchell,WR,WR,1998-06-17,,Active
7579,,Austin Watkins,austin watkins,WR,WR,1998-02-16,,Active
7580,,Khalil McClain,khalil mcclain,WR,WR,1999-03-19,,Active
7581,,Kellen Mond,kellen mond,QB,QB,1999-06-22,,Active
7582,,Jhamon Ausbon,jhamon ausbon,WR,WR,1999-09-03,,Active
7583,,Sam Ehlinger,sam ehlinger,QB,QB,1998-09-30,DEN,Active
7584,,Brennan Eagles,brennan eagles,WR,WR,,,Active
7585,,Davis Mills,davis mills,QB,QB,1998-10-21,HOU,Active
7586,,Dazz Newsome,dazz newsome,WR,WR,1999-05-15,,Active
7587,,Dyami Brown,dyami brown,WR,WR,1999-11-01,WAS,Active
7588,,Javonte Williams,javonte williams,RB,RB,2000-04-25,DAL,Active
7589,,Ian Book,ian book,QB,QB,1998-03-30,,Active
7591,,Justin Fields,justin fields,QB,QB,1999-03-05,KC,Active
7593,,Trey Sermon,trey sermon,RB,RB,1999-01-30,ATL,Inactive
7594,,Chuba Hubbard,chuba hubbard,RB,RB,1999-06-11,CAR,Active
7595,,Tylan Wallace,tylan wallace,WR,WR,1999-05-13,CLE,Active
7596,,Elijah Moore,elijah moore,WR,WR,2000-03-27,PHI,Active
7597,,Kenny Yeboah,kenny yeboah,TE,TE,1998-10-30,ARI,Active
7599,,Jermar Jefferson,jermar jefferson,RB,RB,2000-04-15,,Inactive
7600,,Pat Freiermuth,pat freiermuth,TE,TE,1998-10-25,PIT,Active
7601,,Rondale Moore,rondale moore,WR,WR,2000-06-09,,Active
7602,,Kylen Granson,kylen granson,TE,TE,1998-03-27,TEN,Active
7603,,Shi Smith,shi smith,WR,WR,1998-10-26,,Active
7604,,Tamorrion Terry,tamorrion terry,WR,WR,1998-03-21,,Inactive
7605,,Kyle Trask,kyle trask,QB,QB,1998-03-06,,Active
7606,,Kadarius Toney,kadarius toney,WR,WR,1999-01-27,,Active
7607,,Michael Carter,michael carter,RB,RB,1999-05-07,TEN,Active
7608,,Khalil Herbert,khalil herbert,RB,RB,1998-04-21,ATL,Active
7609,,Demetric Felton,demetric felton,RB,RB,1998-07-16,,Active
7610,,Trey Lance,trey lance,QB,QB,2000-05-09,LAC,Active
7611,,Rhamondre Stevenson,rhamondre stevenson,RB,RB,1998-02-23,NE,Active
7612,,Dee Eskridge,dee eskridge,WR,WR,1997-03-23,,Active
7613,,Jonathan Adams,jonathan adams,WR,WR,1999-01-21,,Active
7614,,Darius Clark,darius clark,RB,RB,1996-07-06,,Active
7616,,Kai Locksley,kai locksley,WR,WR,1996-11-17,,Active
7617,,Matt Ammendola,matt ammendola,K,K,1996-12-11,,Active
7618,,Micah Simon,micah simon,WR,WR,,CAR,Active
7619,,Mathew Sexton,mathew sexton,WR,WR,1997-10-17,,Active
7620,,Jarvis Miller,jarvis miller,LB,FRONT7,1997-07-29,,Active
7621,,J.T. Ibe,jt ibe,DB,DB,1996-06-13,CAR,Active
7622,,Sammis Reyes,sammis reyes,TE,TE,1995-10-19,,Active
7623,,Darece Roberson,darece roberson,WR,WR,1998-07-29,,Active
7624,,Carson Williams,carson williams,TE,TE,,,Inactive
7625,,Joe Tryon-Shoyinka,joe tryon shoyinka,LB,FRONT7,1999-04-30,,Inactive
7626,,Odafe Oweh,odafe oweh,LB,FRONT7,1998-12-15,WAS,Active
7627,,Greg Rousseau,greg rousseau,DE,FRONT7,2000-04-05,BUF,Active
7628,,Eric Stokes,eric stokes,CB,DB,1999-03-01,LV,Active
7629,,Payton Turner,payton turner,DE,FRONT7,1999-01-07,DET,Inactive
7630,,Greg Newsome,greg newsome,CB,DB,2000-05-18,NYG,Active
7632,,Caleb Farley,caleb farley,CB,DB,1998-11-02,,Active
7633,,Kwity Paye,kwity paye,DE,FRONT7,1998-11-19,LV,Active
7634,,Jamin Davis,jamin davis,LB,FRONT7,1998-12-12,,Active
7635,,Jaelan Phillips,jaelan phillips,LB,FRONT7,1999-05-28,CAR,Active
7637,,Zaven Collins,zaven collins,LB,FRONT7,1999-05-19,ARI,Active
7640,,Micah Parsons,micah parsons,LB,FRONT7,1999-05-26,GB,Active
7641,,Pat Surtain,pat surtain,CB,DB,2000-04-14,DEN,Active
7642,,Jaycee Horn,jaycee horn,CB,DB,1999-11-26,CAR,Inactive
7646,,Boogie Basham,boogie basham,DE,FRONT7,1997-12-16,,Active
7647,,Pete Werner,pete werner,LB,FRONT7,1999-06-05,NO,Active
7648,,Nick Bolton,nick bolton,LB,FRONT7,2000-03-10,KC,Active
7649,,Dayo Odeyingbo,dayo odeyingbo,DE,FRONT7,1999-09-24,CHI,Active
7651,,Jeremiah Owusu-Koramoah,jeremiah owusu koramoah,LB,FRONT7,1999-11-04,CLE,Active
7653,,Azeez Ojulari,azeez ojulari,LB,FRONT7,2000-06-16,LV,Active
7655,,Asante Samuel,asante samuel,CB,DB,1999-10-03,PIT,Active
7658,,Kelvin Joseph,kelvin joseph,CB,DB,1999-11-11,,Active
7659,,Tre'von Moehrig,tre von moehrig,DB,DB,1999-06-16,CAR,Active
7661,,Levi Onwuzurike,levi onwuzurike,DE,FRONT7,1998-03-02,DET,Active
7662,,Richie Grant,richie grant,DB,DB,1997-11-09,,Active
7664,,Christian Barmore,christian barmore,DT,FRONT7,1999-07-28,NE,Active
7666,,Jevón Holland,jevon holland,DB,DB,2000-03-03,NYG,Active
7667,,Tyson Campbell,tyson campbell,CB,DB,2000-03-17,CLE,Active
7668,,Aaron Robinson,aaron robinson,CB,DB,1998-11-10,,Active
7669,,Paulson Adebo,paulson adebo,CB,DB,1999-07-03,NYG,Inactive
7670,,Joshua Palmer,joshua palmer,WR,WR,1999-09-22,BUF,Active
7671,,Benjamin St-Juste,benjamin st juste,DB,DB,1997-09-08,GB,Active
7672,,Ernest Jones,ernest jones,LB,FRONT7,1999-11-22,SEA,Active
7673,,Chazz Surratt,chazz surratt,LB,FRONT7,1997-02-16,SEA,Active
7674,,Patrick Jones,patrick jones,DE,FRONT7,1998-09-29,CAR,Active
7676,,Malcolm Koonce,malcolm koonce,DE,FRONT7,1998-06-06,LV,Active
7677,,Divine Deablo,divine deablo,LB,FRONT7,1998-08-17,ATL,Active
7678,,Joseph Ossai,joseph ossai,DE,FRONT7,2000-04-12,NYJ,Active
7679,,Alim McNeill,alim mcneill,NT,FRONT7,2000-05-11,DET,Active
7680,,Ifeatu Melifonwu,ifeatu melifonwu,CB,DB,1999-05-02,TB,Active
7681,,Baron Browning,baron browning,LB,FRONT7,1999-02-19,ARI,Active
7682,,Elijah Molden,elijah molden,CB,DB,1999-01-30,LAC,Active
7683,,Monty Rice,monty rice,LB,FRONT7,1999-01-08,,Active
7685,,Brandon Stephens,brandon stephens,DB,DB,1997-12-29,NYJ,Active
7686,,Ambry Thomas,ambry thomas,CB,DB,1999-09-09,,Active
7687,,Nahshon Wright,nahshon wright,CB,DB,1998-09-23,NYJ,Active
7688,,Ronnie Perkins,ronnie perkins,LB,FRONT7,1999-09-29,,Active
7693,,Chauncey Golston,chauncey golston,DE,FRONT7,1998-02-10,NYG,Active
7694,,Tommy Tremble,tommy tremble,TE,TE,2000-06-02,CAR,Active
7695,,Osa Odighizuwa,osa odighizuwa,DT,FRONT7,1998-08-13,SF,Active
7696,,Milton Williams,milton williams,DT,FRONT7,1999-04-06,NE,Active
7698,,Andre Cisco,andre cisco,DB,DB,2000-03-23,NYJ,Active
7700,,Joshua Kaindoh,joshua kaindoh,DE,FRONT7,1998-12-27,,Active
7701,,Tyree Gillespie,tyree gillespie,DB,DB,1998-09-05,,Active
7703,,Jacob Harris,jacob harris,WR,WR,1997-04-16,,Active
7704,,Buddy Johnson,buddy johnson,LB,FRONT7,1999-02-27,CHI,Active
7707,,Tre Brown,tre brown,CB,DB,1997-09-24,NYJ,Inactive
7708,,Marco Wilson,marco wilson,CB,DB,1999-03-03,CAR,Active
7709,,Rashad Weaver,rashad weaver,LB,FRONT7,1997-11-10,,Active
7710,,Janarius Robinson,janarius robinson,DE,FRONT7,1998-05-04,,Active
7711,,Tommy Togiai,tommy togiai,DT,FRONT7,1999-09-19,HOU,Active
7712,,Robert Rochell,robert rochell,DB,DB,1998-04-26,CAR,Active
7713,,Jaelon Darden,jaelon darden,WR,WR,1999-01-14,,Active
7715,,Cam Bynum,cam bynum,DB,DB,1998-07-19,IND,Active
7716,,John Bates,john bates,TE,TE,1997-11-06,WAS,Active
7717,,Zech McPhearson,zech mcphearson,CB,DB,1998-03-21,,Inactive
7718,,Tyler Shelvin,tyler shelvin,DT,FRONT7,1998-07-22,,Active
7719,,Jordan Smith,jordan smith,DE,FRONT7,1998-04-10,,Active
7720,,Kene Nwangwu,kene nwangwu,RB,RB,1998-02-09,NYJ,Active
7721,,Chris Rumph,chris rumph,LB,FRONT7,1998-10-19,NO,Active
7722,,Bobby Brown,bobby brown,DT,FRONT7,2000-08-07,CAR,Active
7723,,Elerson G. Smith,elerson g smith,LB,FRONT7,1998-07-17,,Active
7724,,Jabril Cox,jabril cox,LB,FRONT7,1998-04-16,,Inactive
7726,,Derrick Barnes,derrick barnes,LB,FRONT7,1999-05-29,DET,Active
7727,,Cameron Sample,cameron sample,DE,FRONT7,1999-09-20,,Active
7729,,Dez Fitzpatrick,dez fitzpatrick,WR,WR,1997-12-17,,Inactive
7730,,Darren Hall,darren hall,CB,DB,2000-05-02,,Inactive
7731,,Jay Tufele,jay tufele,DT,FRONT7,1999-07-25,,Active
7732,,Justin Hilliard,justin hilliard,LB,FRONT7,1997-03-25,KC,Active
7733,,Josh Pederson,josh pederson,TE,TE,1997-09-22,,Inactive
7734,,Bruno Labelle,bruno labelle,TE,TE,1997-06-03,,Active
7735,,Cary Angeline,cary angeline,TE,TE,1997-09-07,,Active
7736,,Lorenzo Burns,lorenzo burns,CB,DB,1997-10-10,,Active
7738,,Eli Howard,eli howard,DE,FRONT7,,,Active
7740,,Kobe Jones,kobe jones,LB,FRONT7,1998-05-10,,Active
7741,,Caleb Huntley,caleb huntley,RB,RB,1998-09-15,,Active
7743,,Alani Pututau,alani pututau,LB,FRONT7,,,Inactive
7744,,Antonio Nunn,antonio nunn,WR,WR,1996-09-14,,Active
7745,,Marcus Murphy,marcus murphy,DB,DB,,,Active
7746,,Austin Trammell,austin trammell,WR,WR,1998-07-04,JAX,Active
7748,,Dwayne Johnson,dwayne johnson,DB,DB,1997-03-11,NYG,Inactive
7749,,JR Pace,jr pace,DB,DB,1998-10-06,,Active
7750,,Grant Stuard,grant stuard,LB,FRONT7,1998-10-15,LAR,Active
7751,,Dax Milne,dax milne,WR,WR,1999-06-23,,Active
7752,,Kawaan Baker,kawaan baker,WR,WR,1998-08-24,,Active
7754,,Marquiss Spencer,marquiss spencer,DE,FRONT7,1997-07-16,,Active
7755,,Chris Wilcox,chris wilcox,CB,DB,1997-10-30,,Active
7756,,Khyiris Tonga,khyiris tonga,DT,FRONT7,1996-07-07,KC,Active
7757,,Ben Skowronek,ben skowronek,WR,WR,1997-06-27,PIT,Active
7760,,Shaka Toney,shaka toney,DE,FRONT7,1998-01-08,,Inactive
7761,,Tre Norwood,tre norwood,DB,DB,1999-04-19,,Active
7762,,James Wiggins,james wiggins,DB,DB,1997-04-26,,Active
7763,,Mark Webb,mark webb,DB,DB,1998-09-10,,Active
7764,,William Bradley-King,william bradley king,DE,FRONT7,1997-12-22,,Inactive
7765,,Jonathon Cooper,jonathon cooper,DL,FRONT7,1998-01-08,DEN,Active
7767,,Kary Vincent,kary vincent,CB,DB,1999-02-27,,Active
7769,,Wyatt Hubert,wyatt hubert,DE,FRONT7,1998-06-13,,Active
7770,,Patrick Johnson,patrick johnson,LB,FRONT7,1998-01-10,LV,Active
7771,,Jake Funk,jake funk,RB,RB,1998-01-11,,Active
7772,,Phil Hoskins,phil hoskins,DT,FRONT7,1997-01-02,,Active
7775,,Thomas Graham,thomas graham,DB,DB,1999-06-26,,Active
7776,,Israel Mukuamu,israel mukuamu,DB,DB,1999-11-28,,Inactive
7779,,JaCoby Stevens,jacoby stevens,LB,FRONT7,1998-06-19,,Active
7780,,Tay Gowan,tay gowan,CB,DB,1998-01-07,,Active
7782,,Isaiah McDuffie,isaiah mcduffie,LB,FRONT7,1999-07-21,GB,Active
7783,,Quincy Roche,quincy roche,LB,FRONT7,1998-02-10,,Active
7784,,Brady Breeze,brady breeze,DB,DB,1997-10-09,,Inactive
7786,,Rachad Wildgoose,rachad wildgoose,CB,DB,2000-06-20,,Active
7787,,Damar Hamlin,damar hamlin,DB,DB,1998-03-24,BUF,Active
7788,,Victor Dimukeje,victor dimukeje,LB,FRONT7,1999-11-18,,Inactive
7789,,Jalen Camp,jalen camp,WR,WR,1998-07-10,,Active
7791,,Jonathan Marshall,jonathan marshall,DT,FRONT7,1997-09-16,,Active
7793,,Racey McMath,racey mcmath,WR,WR,1999-06-14,,Active
7794,,Chris Evans,chris evans,RB,RB,1997-10-05,,Active
7795,,Rodarius Williams,rodarius williams,CB,DB,1996-09-12,,Active
7796,,Brandin Echols,brandin echols,CB,DB,1997-10-16,PIT,Active
7797,,Jaylen Twyman,jaylen twyman,DT,FRONT7,1999-07-19,,Active
7799,,Roy Lopez,roy lopez,DT,FRONT7,1997-08-07,ARI,Active
7801,,Quinton Bohanna,quinton bohanna,DT,FRONT7,1999-03-16,,Active
7802,,Tarron Jackson,tarron jackson,DE,FRONT7,1998-06-22,,Active
7804,,Marlon Tuipulotu,marlon tuipulotu,DT,FRONT7,1999-05-31,,Active
7805,,Joshuah Bledsoe,joshuah bledsoe,DB,DB,1998-12-30,,Active
7806,,Hamsah Nasirildeen,hamsah nasirildeen,LB,FRONT7,1999-01-17,,Inactive
7807,,Nick Niemann,nick niemann,LB,FRONT7,1997-12-02,GB,Active
7808,,Ben Mason,ben mason,FB,RB,1999-05-25,,Active
7809,,Avery Williams,avery williams,RB,RB,1998-07-15,,Active
7810,,Ade Ogundeji,ade ogundeji,LB,FRONT7,1998-10-09,,Active
7811,,Talanoa Hufanga,talanoa hufanga,DB,DB,2000-02-01,DEN,Active
7812,,Simi Fehoko,simi fehoko,WR,WR,1997-11-05,ARI,Active
7813,,Shemar Jean-Charles,shemar jean charles,CB,DB,1998-06-20,,Inactive
7814,,Cameron McGrone,cameron mcgrone,LB,FRONT7,2000-06-22,LV,Active
7815,,K.J. Britt,kj britt,LB,FRONT7,1999-06-04,NE,Active
7816,,Jason Pinnock,jason pinnock,CB,DB,1999-06-30,NYG,Active
7817,,Earnest Brown,earnest brown,DE,FRONT7,1999-01-08,,Active
7818,,T.J. Slaton,tj slaton,DT,FRONT7,1997-10-03,CIN,Active
7819,,Deommodore Lenoir,deommodore lenoir,DB,DB,1999-10-06,SF,Active
7820,,Daelin Hayes,daelin hayes,LB,FRONT7,1998-05-16,,Active
7821,,Garret Wallow,garret wallow,LB,FRONT7,1999-01-25,SF,Active
7822,,Richard LeCounte,richard lecounte,DB,DB,1998-09-11,,Active
7823,,Nate Hobbs,nate hobbs,CB,DB,1999-06-24,SF,Inactive
7824,,Keith Taylor,keith taylor,CB,DB,1998-11-20,,Inactive
7825,,Shawn Davis,shawn davis,DB,DB,1997-12-24,,Inactive
7826,,Jamar Johnson,jamar johnson,DB,DB,1999-11-22,,Active
7827,,Darrick Forrest,darrick forrest,DB,DB,1999-05-22,SF,Inactive
7828,,Noah Gray,noah gray,TE,TE,1999-04-30,KC,Active
7830,,Shaun Wade,shaun wade,CB,DB,1998-09-15,PHI,Active
7832,,Daviyon Nixon,daviyon nixon,DT,FRONT7,1998-12-13,,Active
7833,,Isaiahh Loudermilk,isaiahh loudermilk,DE,FRONT7,1997-10-10,NYJ,Active
7835,,Michael Carter,michael carter,CB,DB,1999-03-08,PHI,Active
7836,,Tony Fields,tony fields,LB,FRONT7,1999-06-18,CHI,Inactive
7837,,Caden Sterns,caden sterns,DB,DB,1999-11-02,,Active
7839,,Evan McPherson,evan mcpherson,K,K,1999-07-21,CIN,Active
7840,,Ta'Quon Graham,ta quon graham,DT,FRONT7,1998-12-01,,Active
7841,,Jamien Sherwood,jamien sherwood,LB,FRONT7,2000-01-12,NYJ,Active
7842,,Luke Farrell,luke farrell,TE,TE,1997-10-14,SF,Active
7843,,Dionte Ruffin,dionte ruffin,DB,DB,,,Active
7844,,Sam Kamara,sam kamara,LB,FRONT7,1997-12-21,CLE,Active
7845,,Thomas Schaffer,thomas schaffer,DE,FRONT7,,,Inactive
7846,,Caleb Johnson,caleb johnson,LB,FRONT7,1998-07-28,HOU,Active
7848,,Scooter Harrington,scooter harrington,TE,TE,1997-09-23,,Active
7849,,Charles Snowden,charles snowden,LB,FRONT7,1998-03-27,WAS,Active
7850,,Justus Reed,justus reed,DE,FRONT7,,,Active
7852,,Tory Carter,tory carter,FB,RB,1999-03-16,,Active
7853,,Naquan Jones,naquan jones,DT,FRONT7,1998-02-05,SF,Active
7854,,Miller Forristall,miller forristall,TE,TE,1998-03-11,,Active
7855,,Blake Haubeil,blake haubeil,K,K,,,Active
7857,,Anthony Hines,anthony hines,LB,FRONT7,1999-01-15,,Active
7858,,Brenden Knox,brenden knox,RB,RB,1998-10-10,,Active
7859,,Nick Eubanks,nick eubanks,TE,TE,1996-11-21,,Active
7860,,Osirus Mitchell,osirus mitchell,WR,WR,1998-09-15,,Active
7862,,T.J. Vasher,tj vasher,WR,WR,1998-08-29,,Active
7863,,JaQuan Hardy,jaquan hardy,RB,RB,1997-12-31,,Active
7864,,Artayvious Lynn,artayvious lynn,TE,TE,1996-03-13,,Active
7865,,Brandon Smith,brandon smith,WR,WR,1998-12-10,PIT,Active
7866,,Austin Faoliu,austin faoliu,DT,FRONT7,1999-01-09,,Active
7867,,Spencer Brown,spencer brown,RB,RB,1998-11-13,,Active
7868,,Mason Stokke,mason stokke,FB,RB,,CAR,Active
7870,,Paddy Fisher,paddy fisher,LB,FRONT7,1998-01-22,,Active
7874,,Jeremiah Haydel,jeremiah haydel,WR,WR,1999-03-25,,Active
7876,,Michael Dwumfour,michael dwumfour,DT,FRONT7,1998-01-01,,Active
7877,,Hamilcar Rashed,hamilcar rashed,DE,FRONT7,1998-01-02,,Active
7878,,Milo Eifler,milo eifler,LB,FRONT7,1998-02-13,TEN,Inactive
7880,,Jack Heflin,jack heflin,DT,FRONT7,1998-03-08,NYJ,Active
7882,,Christian Uphoff,christian uphoff,DB,DB,1998-01-22,,Active
7884,,Carlo Kemp,carlo kemp,LB,FRONT7,1998-01-01,,Active
7885,,Bailey Gaither,bailey gaither,WR,WR,1997-01-11,,Active
7887,,D'Angelo Amos,d angelo amos,DB,DB,,DET,Active
7888,,Tavante Beckett,tavante beckett,LB,FRONT7,1997-10-21,,Active
7889,,Jerry Jacobs,jerry jacobs,CB,DB,1997-09-26,,Active
7890,,Javon McKinley,javon mckinley,WR,WR,1998-04-10,,Inactive
7891,,Brock Wright,brock wright,TE,TE,1998-11-27,DET,Active
7892,,AJ Parker,aj parker,CB,DB,1998-02-15,,Active
7893,,Dedrick Mills,dedrick mills,RB,RB,1996-12-27,,Active
7894,,Lamont Wade,lamont wade,DB,DB,1999-01-14,,Active
7895,,Mac McCain,mac mccain,CB,DB,1998-02-06,,Active
7896,,Donovan Stiner,donovan stiner,DB,DB,1999-02-11,,Active
7897,,Roland Rivers,roland rivers,QB,QB,,,Inactive
7898,,Shakur Brown,shakur brown,CB,DB,1999-04-01,,Active
7899,,Isaiah McKoy,isaiah mckoy,WR,WR,,,Active
7900,,Jamar Watson,jamar watson,LB,FRONT7,1997-09-03,,Active
7901,,Rico Bussey,rico bussey,WR,WR,1998-02-25,,Active
7902,,Calvin Bundage,calvin bundage,LB,FRONT7,1998-04-08,,Active
7903,,Briley Moore,briley moore,TE,TE,1998-01-13,,Active
7904,,Stevie Scott,stevie scott,RB,RB,2000-05-13,,Active
7905,,Dylan Soehner,dylan soehner,TE,TE,1997-11-08,,Active
7907,,Bryce Thompson,bryce thompson,CB,DB,1999-09-20,,Active
7908,,Eric Burrell,eric burrell,DB,DB,1998-01-08,,Active
7910,,Lawrence Woods,lawrence woods,CB,DB,,,Active
7912,,Trill Williams,trill williams,CB,DB,1999-12-29,,Active
7913,,Shaq Smith,shaq smith,LB,FRONT7,1997-03-26,,Active
7914,,Jovan Grant,jovan grant,DB,DB,1997-12-09,,Active
7915,,Landen Akers,landen akers,WR,WR,1997-07-07,,Active
7916,,Paris Ford,paris ford,DB,DB,1998-06-06,,Active
7918,,A.J. Rose,aj rose,RB,RB,1997-10-14,,Active
7919,,Jordon Scott,jordon scott,DT,FRONT7,1998-12-25,,Active
7920,,Tuf Borland,tuf borland,LB,FRONT7,1998-03-23,,Active
7921,,Christian Elliss,christian elliss,LB,FRONT7,1999-01-02,NE,Active
7922,,Riley Patterson,riley patterson,K,K,1999-09-07,MIA,Active
7924,,Jaytlin Askew,jaytlin askew,CB,DB,1998-10-24,,Active
7925,,Jerome Johnson,jerome johnson,DT,FRONT7,1997-12-04,,Active
7926,,Carl Tucker,carl tucker,TE,TE,1997-02-06,,Active
7930,,Raymond Johnson,raymond johnson,DE,FRONT7,1998-10-21,,Active
7931,,Forrest Merrill,forrest merrill,DT,FRONT7,1996-08-15,,Inactive
7933,,Alex Kessman,alex kessman,K,K,1998-01-02,CAR,Active
7934,,Jared Goldwire,jared goldwire,DT,FRONT7,,,Active
7935,,Eli Stove,eli stove,WR,WR,,,Inactive
7936,,Amen Ogbongbemiga,amen ogbongbemiga,LB,FRONT7,1998-09-04,DET,Active
7938,,Hunter Kampmoyer,hunter kampmoyer,TE,TE,1998-02-06,,Active
7939,,Ben DeLuca,ben deluca,DB,DB,1998-04-09,,Active
7941,,Nick Ralston,nick ralston,RB,RB,1996-11-10,,Active
7942,,Tyler Coyle,tyler coyle,DB,DB,1998-11-15,,Active
7943,,Zach Davidson,zach davidson,TE,TE,1998-07-15,,Active
7944,,Michael Strachan,michael strachan,WR,WR,1997-08-13,,Active
7945,,Chris Garrett,chris garrett,LB,FRONT7,1998-07-15,,Active
7946,,Jack Stoll,jack stoll,TE,TE,1998-01-28,SF,Active
7948,,JaQuan Bailey,jaquan bailey,DE,FRONT7,1997-05-28,,Active
7949,,Trevon Grimes,trevon grimes,WR,WR,,,Inactive
7951,,B.J. Emmons,bj emmons,RB,RB,1997-07-03,,Active
7952,,Elijah Sullivan,elijah sullivan,LB,FRONT7,1997-05-13,,Active
7953,,Bryan Mills,bryan mills,CB,DB,1999-08-03,MIN,Active
7954,,Connor Wedington,connor wedington,WR,WR,1999-05-28,,Active
7956,,Cade Johnson,cade johnson,WR,WR,1998-04-10,,Active
7957,,Jon Rhattigan,jon rhattigan,LB,FRONT7,1999-02-02,,Active
7959,,Augie Contressa,augie contressa,DB,DB,,TB,Active
7960,,T.J. Simmons,tj simmons,WR,WR,,,Active
7961,,Jose Borregales,jose borregales,K,K,1997-12-15,,Active
7963,,Elijah Ponder,elijah ponder,LB,FRONT7,1998-01-16,,Active
7964,,Leighton McCarthy,leighton mccarthy,LB,FRONT7,1996-05-27,,Inactive
7965,,Cameron Kinley,cameron kinley,CB,DB,,,Active
7967,,Lawrence White,lawrence white,DB,DB,1998-06-13,,Active
7968,,Xavier Kelly,xavier kelly,DT,FRONT7,1997-10-02,,Active
7970,,Ar'Darius Washington,ar darius washington,DB,DB,1999-11-02,NYG,Active
7972,,Tony Poljan,tony poljan,TE,TE,1997-04-25,,Active
7974,,Nick McCloud,nick mccloud,CB,DB,1998-07-09,CHI,Active
7975,,Tariq Thompson,tariq thompson,DB,DB,1999-08-09,,Active
7976,,Olaijah Griffin,olaijah griffin,CB,DB,1999-03-10,,Active
7978,,Tre Walker,tre walker,WR,WR,,,Inactive
7980,,John Raine,john raine,FB,RB,1998-03-27,,Active
7981,,Zac Dawe,zac dawe,DT,FRONT7,1995-07-27,,Active
7982,,Dorian Etheridge,dorian etheridge,LB,FRONT7,1998-11-21,,Active
7983,,Collin Hill,collin hill,QB,QB,1997-10-09,,Inactive
7985,,Pro Wells,pro wells,TE,TE,,,Active
7986,,Antonio Phillips,antonio phillips,CB,DB,1998-12-09,,Active
7987,,Darius Hodge,darius hodge,DE,FRONT7,1998-07-03,,Active
7988,,Riley Lees,riley lees,WR,WR,,,Active
7989,,DJ Turner,dj turner,WR,WR,1997-01-18,,Active
7990,,Garrett Groshek,garrett groshek,RB,RB,1997-08-02,,Active
7991,,Darius Stills,darius stills,DT,FRONT7,1998-05-01,,Active
7992,,Matt Bushman,matt bushman,TE,TE,1995-11-03,,Active
7993,,Trey Ragas,trey ragas,RB,RB,1996-11-07,,Active
7994,,TJ Morrison,tj morrison,CB,DB,,,Inactive
7995,,Max Richardson,max richardson,LB,FRONT7,1998-01-22,,Active
7996,,Dillon Stoner,dillon stoner,WR,WR,1998-02-06,,Inactive
7998,,Riley Cole,riley cole,LB,FRONT7,1997-11-03,,Active
7999,,Marlon Character,marlon character,DB,DB,1996-12-08,,Active
8000,,Zayne Anderson,zayne anderson,DB,DB,1997-01-03,MIA,Active
8001,,Malik Herring,malik herring,DE,FRONT7,1997-11-09,MIA,Active
8002,,Shane Buechele,shane buechele,QB,QB,1998-01-08,BUF,Active
8003,,Dicaprio Bootle,dicaprio bootle,DB,DB,1997-09-17,,Inactive
8004,,Devon Key,devon key,DB,DB,1997-10-28,DEN,Active
8005,,Tarik Black,tarik black,WR,WR,1998-02-10,,Active
8006,,Isaiah Kaufusi,isaiah kaufusi,LB,FRONT7,1995-12-07,,Active
8007,,Anthony Butler,anthony butler,LB,FRONT7,,,Inactive
8008,,Josh Imatorbhebhe,josh imatorbhebhe,WR,WR,1998-04-12,,Active
8009,,Dylan Moses,dylan moses,LB,FRONT7,1998-05-25,JAX,Active
8010,,Kenny Randall,kenny randall,DT,FRONT7,1995-12-07,,Active
8011,,DJ Daniel,dj daniel,CB,DB,1998-11-27,NE,Active
8012,,Corey Straughter,corey straughter,CB,DB,1998-10-16,,Active
8013,,Tim Jones,tim jones,WR,WR,1998-05-15,JAX,Active
8018,,Shaun Beyer,shaun beyer,TE,TE,1996-11-11,,Active
8019,,Devontres Dukes,devontres dukes,WR,WR,1997-06-18,,Active
8020,,Curtis Robinson,curtis robinson,LB,FRONT7,1998-06-02,DAL,Active
8021,,Branden Mack,branden mack,WR,WR,1998-08-23,,Active
8024,,Andre Mintze,andre mintze,LB,FRONT7,1998-09-10,,Active
8025,,Adam Prentice,adam prentice,FB,RB,1997-01-16,DEN,Active
8026,,Landon Rice,landon rice,TE,TE,1997-05-06,,Inactive
8027,,Tre Harbison,tre harbison,RB,RB,1998-07-01,,Active
8028,,Romeo McKnight,romeo mcknight,DE,FRONT7,1998-03-25,,Active
8029,,Marvin Wilson,marvin wilson,DT,FRONT7,1998-09-05,,Active
8030,,Emmanuel Rugamba,emmanuel rugamba,CB,DB,1998-03-10,,Active
8031,,Kiondre Thomas,kiondre thomas,CB,DB,1998-02-07,,Active
8032,,Aaron Donkor,aaron donkor,LB,FRONT7,1995-03-21,,Active
8033,,Bernhard Seikovits,bernhard seikovits,TE,TE,1997-07-24,,Active
8036,,Zeandae Johnson,zeandae johnson,DT,FRONT7,1997-06-15,,Active
8037,,Josiah Bronson,josiah bronson,DT,FRONT7,1997-07-03,,Active
8038,,Nick Guggemos,nick guggemos,TE,TE,1995-12-17,,Active
8039,,Jibri Blount,jibri blount,TE,TE,1996-10-21,,Active
8040,,Quinn Nordin,quinn nordin,K,K,1998-08-16,,Active
8041,,Shane Zylstra,shane zylstra,TE,TE,1996-11-16,,Active
8042,,Chris Naggar,chris naggar,K,K,1997-12-09,,Active
8043,,Jordyn Peters,jordyn peters,DB,DB,,,Active
8044,,Isaiah Dunn,isaiah dunn,DB,DB,1999-01-31,,Inactive
8046,,Brendon White,brendon white,LB,FRONT7,,NYJ,Active
8047,,Shaun Crawford,shaun crawford,CB,DB,,,Active
8048,,Jaylon McClain-Sapp,jaylon mcclain sapp,DB,DB,1998-07-16,,Inactive
8049,,Deuce Wallace,deuce wallace,DB,DB,1996-10-01,,Active
8050,,Lorenzo Neal,lorenzo neal,DT,FRONT7,1997-11-04,,Active
8051,,Josh Johnson,josh johnson,RB,RB,1997-12-26,,Inactive
8052,,Donte Sylencieux,donte sylencieux,WR,WR,,,Inactive
8054,,Daniel Archibong,daniel archibong,DT,FRONT7,1997-09-12,,Active
8055,,Brian Johnson,brian johnson,K,K,1999-03-05,,Active
8056,,Jake Verity,jake verity,K,K,1997-12-23,,Active
8057,,Kenji Bahar,kenji bahar,QB,QB,,,Active
8058,,Nate McCrary,nate mccrary,RB,RB,1999-04-09,,Active
8059,,Barrington Wade,barrington wade,LB,FRONT7,1998-03-16,,Active
8061,,Jake Hausmann,jake hausmann,TE,TE,1997-08-12,,Active
8063,,George Silvanic,george silvanic,DT,FRONT7,,,Active
8064,,Max Roberts,max roberts,LB,FRONT7,,,Active
8065,,Troy Warner,troy warner,DB,DB,1998-05-09,,Active
8067,,Jovan Swann,jovan swann,DE,FRONT7,,,Active
8068,,C.J. Saunders,cj saunders,WR,WR,1996-09-15,,Active
8070,,Travis Toivonen,travis toivonen,WR,WR,1998-04-22,,Active
8072,,Willie Yarbary,willie yarbary,DT,FRONT7,1996-06-18,,Active
8074,,Matt Seybert,matt seybert,TE,TE,1997-05-02,,Active
8075,,Damon Lloyd,damon lloyd,LB,FRONT7,1998-05-08,,Active
8076,,Michael Bandy,michael bandy,WR,WR,1997-12-05,DEN,Active
8077,,Otis Anderson,otis anderson,RB,RB,1998-11-12,,Active
8078,,Brontae Harris,brontae harris,DB,DB,1996-11-08,,Active
8079,11319,Craig Stevens,craig stevens,TE,TE,1984-09-01,,Inactive
8080,,Aashari Crosswell,aashari crosswell,DB,DB,2000-08-08,,Active
8083,,Jarrod Hewitt,jarrod hewitt,DT,FRONT7,1997-11-03,,Active
8084,,Mark Gilbert,mark gilbert,CB,DB,1997-06-01,,Inactive
8085,,Mekhi Sargent,mekhi sargent,RB,RB,1997-10-08,,Active
8087,,K.J. Costello,kj costello,QB,QB,1997-06-07,,Active
8088,,Kalif Jackson,kalif jackson,TE,TE,,MIA,Active
8089,,Sal Cannella,sal cannella,TE,TE,1996-12-02,,Active
8090,,Daniel Crawford,daniel crawford,TE,TE,1997-12-15,,Active
8091,,J.T. Jones,jt jones,DE,FRONT7,1993-11-12,PIT,Active
8092,,Corey Taylor,corey taylor,RB,RB,1997-07-04,,Active
8093,,KJ Sails,kj sails,DB,DB,1997-05-02,,Active
8094,,Michael Jacobson,michael jacobson,TE,TE,1997-04-04,,Active
8095,,Graham Adomitis,graham adomitis,TE,TE,1996-08-15,,Active
8096,,Lakiem Williams,lakiem williams,LB,FRONT7,1997-08-18,,Active
8097,,Dominique Martin,dominique martin,CB,DB,1993-11-25,,Active
8098,,Alex Tchangam,alex tchangam,LB,FRONT7,1997-05-05,,Active
8099,,DeMichael Harris-DUP,demichael harris dup,WR,WR,1998-07-12,,Active
8100,,Blake Gallagher,blake gallagher,LB,FRONT7,1998-06-01,,Active
8101,,Mark Vital,mark vital,TE,TE,1996-11-07,,Active
8102,,DeShon Williams,deshon williams,TE,TE,,,Active
8103,,Ryan Willis,ryan willis,QB,QB,1996-09-28,,Active
8104,,Dee Alford,dee alford,DB,DB,1997-11-05,BUF,Active
8105,,Brayden Lenius,brayden lenius,TE,TE,1996-12-19,,Active
8107,,Nikola Kalinic,nikola kalinic,TE,TE,1997-01-21,CHI,Inactive
8108,,DeVonte Dedmon,devonte dedmon,WR,WR,1995-11-23,,Active
8110,,Jake Ferguson,jake ferguson,TE,TE,1999-01-18,DAL,Active
8111,,Cade Otton,cade otton,TE,TE,1999-04-15,TB,Active
8112,,Drake London,drake london,WR,WR,2001-07-24,ATL,Active
8113,,Player Invalid,player invalid,RB,RB,,,Inactive
8114,,Erik Ezukanma,erik ezukanma,WR,WR,2000-01-25,,Active
8115,,Jalen Wydermyer,jalen wydermyer,TE,TE,2000-12-20,,Active
8116,,Pierre Strong,pierre strong,RB,RB,1998-12-10,GB,Active
8117,,Jalen Tolbert,jalen tolbert,WR,WR,1999-02-27,MIA,Active
8118,,David Bell,david bell,WR,WR,2000-12-14,,Active
8119,,Jahan Dotson,jahan dotson,WR,WR,2000-03-22,ATL,Active
8120,,Jerrion Ealy,jerrion ealy,RB,RB,2000-08-19,,Active
8121,,Romeo Doubs,romeo doubs,WR,WR,2000-04-13,NE,Active
8122,,Zonovan Knight,zonovan knight,RB,RB,2001-04-11,ARI,Active
8123,,Hassan Haskins,hassan haskins,RB,RB,1999-11-26,,Active
8124,,Player Invalid,player invalid,TE,TE,,,Inactive
8125,,Calvin Austin,calvin austin,WR,WR,1999-03-24,NYG,Inactive
8126,,Wan'Dale Robinson,wan dale robinson,WR,WR,2001-01-05,TEN,Active
8127,,Charlie Kolar,charlie kolar,TE,TE,1999-02-10,LAC,Active
8128,,Player Invalid,player invalid,TE,TE,,,Inactive
8129,,Dameon Pierce,dameon pierce,RB,RB,2000-02-19,PHI,Active
8130,,Trey McBride,trey mcbride,TE,TE,1999-11-22,ARI,Active
8131,,Isaiah Likely,isaiah likely,TE,TE,2000-04-18,NYG,Active
8132,,Tyler Allgeier,tyler allgeier,RB,RB,2000-04-15,ARI,Active
8133,,Player Invalid,player invalid,WR,WR,,,Inactive
8134,,Khalil Shakir,khalil shakir,WR,WR,2000-02-03,BUF,Active
8135,,Treylon Burks,treylon burks,WR,WR,2000-03-23,WAS,Active
8136,,Rachaad White,rachaad white,RB,RB,1999-01-12,WAS,Active
8137,,George Pickens,george pickens,WR,WR,2001-03-04,DAL,Active
8138,,James Cook,james cook,RB,RB,1999-09-25,BUF,Active
8139,,Zamir White,zamir white,RB,RB,1999-09-18,NO,Active
8140,,Justyn Ross,justyn ross,WR,WR,1999-12-15,,Active
8141,,Player Invalid,player invalid,WR,WR,,,Inactive
8142,,Alec Pierce,alec pierce,WR,WR,2000-05-02,IND,Inactive
8143,,Jerome Ford,jerome ford,RB,RB,1999-09-12,,Active
8144,,Chris Olave,chris olave,WR,WR,2000-06-27,NO,Active
8145,,Jeremy Ruckert,jeremy ruckert,TE,TE,2000-08-11,NYJ,Active
8146,,Garrett Wilson,garrett wilson,WR,WR,2000-07-22,NYJ,Active
8147,,John Metchie,john metchie,WR,WR,2000-07-18,CAR,Active
8148,,Jameson Williams,jameson williams,WR,WR,2001-03-26,DET,Active
8149,,Master Teague,master teague,RB,RB,2000-05-19,,Active
8150,,Kyren Williams,kyren williams,RB,RB,2000-08-26,LAR,Active
8151,,Kenneth Walker,kenneth walker,RB,RB,2000-10-20,KC,Active
8152,,Kennedy Brooks,kennedy brooks,RB,RB,1998-10-08,,Active
8153,,Isaiah Spiller,isaiah spiller,RB,RB,2001-08-09,,Active
8154,,Brian Robinson,brian robinson,RB,RB,1999-03-22,ATL,Active
8155,,Breece Hall,breece hall,RB,RB,2001-05-31,NYJ,Active
8156,,Player Invalid,player invalid,QB,QB,,,Inactive
8157,,Bailey Zappe,bailey zappe,QB,QB,1999-04-26,,Active
8158,,Carson Strong,carson strong,QB,QB,1999-09-14,,Active
8159,,Desmond Ridder,desmond ridder,QB,QB,1999-08-31,,Active
8160,,Kenny Pickett,kenny pickett,QB,QB,1998-06-06,CAR,Active
8161,,Malik Willis,malik willis,QB,QB,1999-05-25,MIA,Active
8162,,Sam Howell,sam howell,QB,QB,2000-09-16,DAL,Active
8163,,Player Invalid,player invalid,QB,QB,,,Inactive
8164,,Matt Corral,matt corral,QB,QB,1999-01-31,,Active
8165,,Brandin Dandridge,brandin dandridge,DB,DB,1996-08-19,,Inactive
8166,,Dontario Drummond,dontario drummond,WR,WR,1997-08-22,,Active
8167,,Christian Watson,christian watson,WR,WR,1999-05-12,GB,Active
8168,,Skyy Moore,skyy moore,WR,WR,2000-09-10,GB,Active
8169,,Tre Turner,tre turner,WR,WR,,,Active
8170,,James Mitchell,james mitchell,TE,TE,1999-08-11,DAL,Active
8171,,Kyle Philips,kyle philips,WR,WR,1999-06-17,,Active
8172,,Greg Dulcich,greg dulcich,TE,TE,2000-03-26,MIA,Active
8173,,ZaQuandre White,zaquandre white,RB,RB,1998-12-21,,Active
8174,,Kevin Harris,kevin harris,RB,RB,2000-11-17,,Active
8175,,Reggie Roberson,reggie roberson,WR,WR,1998-10-14,,Active
8176,,Danny Gray,danny gray,WR,WR,1999-04-01,,Active
8177,,Grant Calcaterra,grant calcaterra,TE,TE,1998-12-04,PHI,Inactive
8178,,Braylon Sanders,braylon sanders,WR,WR,1999-01-21,,Active
8179,,Snoop Conner,snoop conner,RB,RB,2000-08-01,,Active
8180,,Jalen Nailor,jalen nailor,WR,WR,1999-03-02,LV,Active
8181,,Connor Heyward,connor heyward,RB,RB,1999-01-22,LV,Active
8182,,Chase Allen,chase allen,TE,TE,1997-07-09,,Active
8183,,Brock Purdy,brock purdy,QB,QB,1999-12-27,SF,Active
8184,,D'Vonte Price,d vonte price,RB,RB,1999-06-02,,Inactive
8185,,Johnny Johnson,johnny johnson,WR,WR,1999-05-04,,Inactive
8186,,Devon Williams,devon williams,WR,WR,,,Active
8187,,CJ Verdell,cj verdell,RB,RB,1999-08-16,,Active
8188,,Tyquan Thornton,tyquan thornton,WR,WR,2000-08-07,KC,Active
8189,,Trestan Ebner,trestan ebner,RB,RB,1999-01-02,,Active
8190,,Abram Smith,abram smith,RB,RB,1998-09-14,,Active
8191,,Slade Bolden,slade bolden,WR,WR,1999-01-26,,Active
8192,,Curtis Hodges,curtis hodges,TE,TE,1999-07-03,,Active
8193,,E.J. Perry,ej perry,QB,QB,1998-01-01,,Active
8194,,Jashaun Corbin,jashaun corbin,RB,RB,2000-08-20,,Active
8195,,Ronnie Rivers,ronnie rivers,RB,RB,1999-01-31,LAR,Inactive
8196,,Ty Fryfogle,ty fryfogle,WR,WR,1999-01-28,,Active
8197,,Peyton Hendershot,peyton hendershot,TE,TE,1999-04-23,,Active
8198,,Charleston Rambo,charleston rambo,WR,WR,1999-08-10,,Inactive
8199,,D'Eriq King,d eriq king,QB,QB,1997-08-24,,Active
8200,,Kevin Austin,kevin austin,WR,WR,2000-03-30,NO,Active
8201,,Jack Coan,jack coan,QB,QB,1998-12-09,,Active
8202,,Michael Woods,michael woods,WR,WR,2000-03-19,,Inactive
8203,,Jeremiah Hall,jeremiah hall,TE,TE,,,Active
8204,,Bo Melton,bo melton,WR,WR,1999-05-18,GB,Active
8205,,Isiah Pacheco,isiah pacheco,RB,RB,1999-03-02,DET,Inactive
8206,,Skylar Thompson,skylar thompson,QB,QB,1997-06-04,BAL,Inactive
8207,,Tyler Goodson,tyler goodson,RB,RB,2000-11-10,DAL,Active
8208,,Tyler Badie,tyler badie,RB,RB,2000-02-07,DEN,Active
8209,,Makai Polk,makai polk,WR,WR,2001-08-04,,Active
8210,,Chig Okonkwo,chig okonkwo,TE,TE,1999-09-08,WAS,Active
8211,,Tyrion Davis-Price,tyrion davis price,RB,RB,2000-10-23,,Active
8212,,Dustin Crum,dustin crum,QB,QB,1999-01-05,,Active
8213,,Dai'Jean Dixon,dai jean dixon,WR,WR,1998-10-16,,Active
8214,,Cole Turner,cole turner,TE,TE,2000-03-16,MIA,Inactive
8215,,Austin Allen,austin allen,TE,TE,1998-11-10,,Active
8216,,Player Invalid,player invalid,QB,QB,,,Inactive
8217,,Leddie Brown,leddie brown,RB,RB,2000-02-28,,Active
8218,,Max Borghi,max borghi,RB,RB,2000-04-23,,Active
8219,,Jelani Woods,jelani woods,TE,TE,1998-10-09,NYJ,Active
8220,,Sincere McCormick,sincere mccormick,RB,RB,2000-09-10,SF,Active
8221,,Keaontay Ingram,keaontay ingram,RB,RB,1999-10-26,,Active
8222,,Josh Johnson,josh johnson,WR,WR,1999-08-10,,Active
8223,,Velus Jones,velus jones,WR,WR,1997-05-11,SEA,Active
8224,,Cole Kelley,cole kelley,QB,QB,1997-10-27,,Active
8225,,Daniel Bellinger,daniel bellinger,TE,TE,2000-09-22,TEN,Active
8226,,Greg Bell,greg bell,RB,RB,1998-06-16,,Active
8227,,Teagan Quitoriano,teagan quitoriano,TE,TE,2000-03-15,ARI,Active
8228,,Jaylen Warren,jaylen warren,RB,RB,1998-11-01,PIT,Active
8229,,Isaiah Weston,isaiah weston,WR,WR,1997-10-25,,Injured Reserve
8230,,Ty Chandler,ty chandler,RB,RB,1998-05-12,NO,Inactive
8231,,Player Invalid,player invalid,RB,RB,,,Inactive
8232,,Jaquarii Roberson,jaquarii roberson,WR,WR,1998-07-28,,Active
8233,,Mataeo Durant,mataeo durant,RB,RB,1999-12-04,,Active
8234,,Jaivon Heiligh,jaivon heiligh,WR,WR,1999-09-02,,Active
8235,,Samori Toure,samori toure,WR,WR,1998-03-24,,Active
8236,,Jerreth Sterns,jerreth sterns,WR,WR,1999-07-01,,Active
8237,,Player Invalid,player invalid,RB,RB,,,Inactive
8238,,Emeka Emezie,emeka emezie,WR,WR,1999-05-18,,Inactive
8239,,Ricky Person,ricky person,RB,RB,1999-11-12,,Active
8240,,BJ Baylor,bj baylor,RB,RB,1998-09-08,,Active
8241,,Anthony Brown,anthony brown,QB,QB,1998-07-27,,Active
8242,,Shermari Jones,shermari jones,RB,RB,,,Active
8243,,DeAndre Torrey,deandre torrey,RB,RB,1998-12-23,,Active
8244,,Player Invalid,player invalid,RB,RB,,,Inactive
8245,,Derrick Deese,derrick deese,TE,TE,1998-08-19,,Active
8246,,Bryant Koback,bryant koback,RB,RB,1998-04-06,,Inactive
8247,,Gerrit Prince,gerrit prince,TE,TE,1997-08-25,,Active
8248,,Kalil Pimpleton,kalil pimpleton,WR,WR,1998-12-09,,Active
8249,,Lucas Krull,lucas krull,TE,TE,1998-07-11,DEN,Active
8250,,Tay Martin,tay martin,WR,WR,1997-12-14,DET,Active
8251,,Calvin Jackson,calvin jackson,WR,WR,1997-05-07,,Active
8252,,Travell Harris,travell harris,WR,WR,,,Active
8253,,Deven Thompkins,deven thompkins,WR,WR,1999-12-23,LV,Active
8254,,Julius Chestnut,julius chestnut,RB,RB,2000-10-26,TEN,Active
8255,,Raheem Blackshear,raheem blackshear,RB,RB,1998-06-05,,Inactive
8256,,Player Invalid,player invalid,TE,TE,,,Inactive
8257,,Player Invalid,player invalid,QB,QB,,,Inactive
8258,,Cade York,cade york,K,K,2001-01-27,,Active
8259,,Cameron Dicker,cameron dicker,K,K,2000-05-06,LAC,Active
8260,,Gabe Brkic,gabe brkic,K,K,,,Active
8261,,Jack Jones,jack jones,DB,DB,1997-12-20,SF,Active
8262,,DJ Davidson,dj davidson,DL,FRONT7,1997-09-19,,Active
8263,,Darien Butler,darien butler,LB,FRONT7,2000-02-29,,Active
8264,,Chase Lucas,chase lucas,DB,DB,1997-03-04,,Active
8265,,Travon Walker,travon walker,DL,FRONT7,2000-12-18,JAX,Active
8266,,Quay Walker,quay walker,LB,FRONT7,2000-05-08,LV,Active
8267,,Nakobe Dean,nakobe dean,LB,FRONT7,2000-12-13,LV,Active
8268,,Lewis Cine,lewis cine,DB,DB,1999-10-05,,Inactive
8269,,Jordan Davis,jordan davis,DL,FRONT7,2000-01-12,PHI,Active
8270,,Devonte Wyatt,devonte wyatt,DL,FRONT7,1998-03-31,GB,Active
8271,,Derion Kendrick,derion kendrick,DB,DB,2000-08-24,DAL,Active
8272,,Channing Tindall,channing tindall,LB,FRONT7,2000-03-28,,Active
8273,,Phidarian Mathis,phidarian mathis,DL,FRONT7,1998-04-26,BUF,Active
8274,,LaBryan Ray,labryan ray,DL,FRONT7,1997-12-05,,Inactive
8275,,Josh Jobe,josh jobe,DB,DB,1998-04-09,SEA,Active
8276,,Jalyn Armour-Davis,jalyn armour davis,DB,DB,1999-09-03,,Active
8277,,Christopher Allen,christopher allen,LB,FRONT7,1998-08-12,,Active
8278,,Christian Harris,christian harris,LB,FRONT7,2001-01-16,ATL,Active
8279,,Perrion Winfrey,perrion winfrey,DL,FRONT7,2000-08-15,,Active
8280,,Nik Bonitto,nik bonitto,LB,FRONT7,1999-09-26,DEN,Active
8281,,Isaiah Thomas,isaiah thomas,DL,FRONT7,1998-12-03,,Active
8282,,Delarrin Turner-Yell,delarrin turner yell,DB,DB,1999-12-16,,Active
8283,,Brian Asamoah,brian asamoah,LB,FRONT7,2000-03-29,ATL,Active
8284,,Vincent Gray,vincent gray,DB,DB,1999-12-28,,Active
8285,,Josh Ross,josh ross,LB,FRONT7,1999-10-31,,Active
8286,,Dax Hill,dax hill,DB,DB,2000-09-29,CIN,Active
8287,,David Ojabo,david ojabo,DL,FRONT7,2000-05-17,NO,Active
8288,,Christopher Hinton,christopher hinton,DL,FRONT7,2000-09-14,,Active
8289,,Aidan Hutchinson,aidan hutchinson,DL,FRONT7,2000-08-09,DET,Active
8290,,Sauce Gardner,sauce gardner,DB,DB,2001-08-31,IND,Active
8291,,Myjai Sanders,myjai sanders,DL,FRONT7,1998-07-12,,Active
8292,,Darrian Beavers,darrian beavers,LB,FRONT7,1999-07-05,,Active
8293,,Coby Bryant,coby bryant,DB,DB,1999-03-29,CHI,Inactive
8294,,Bryan Cook,bryan cook,DB,DB,1999-09-07,CIN,Active
8295,,Zach Carter,zach carter,DL,FRONT7,1999-04-07,ARI,Inactive
8296,,Kaiir Elam,kaiir elam,DB,DB,2001-05-05,LAC,Active
8297,,Jeremiah Moon,jeremiah moon,LB,FRONT7,1998-08-18,CAR,Active
8298,,Mario Goodrich,mario goodrich,DB,DB,2000-01-12,,Active
8299,,Baylon Spector,baylon spector,LB,FRONT7,1998-10-20,,Active
8300,,Andrew Booth,andrew booth,DB,DB,2000-09-28,,Active
8301,,Zakoby McClain,zakoby mcclain,LB,FRONT7,2000-03-07,,Active
8302,,Smoke Monday,smoke monday,DB,DB,2000-02-19,,Active
8303,,Roger McCreary,roger mccreary,DB,DB,2000-02-10,DET,Active
8304,,Player Invalid,player invalid,LB,FRONT7,,,Inactive
8305,,Montaric Brown,montaric brown,DB,DB,1999-08-24,JAX,Active
8306,,John Ridgeway,john ridgeway,DL,FRONT7,1999-05-07,NO,Active
8307,,Neil Farrell,neil farrell,DL,FRONT7,1998-09-09,,Active
8308,,Derek Stingley,derek stingley,DB,DB,2001-06-20,HOU,Active
8309,,Damone Clark,damone clark,LB,FRONT7,2000-06-28,DET,Inactive
8310,,Cor'Dale Flott,cor dale flott,DB,DB,2001-08-24,TEN,Active
8311,,Terrel Bernard,terrel bernard,LB,FRONT7,1999-05-07,BUF,Active
8312,,Kalon Barnes,kalon barnes,DB,DB,1998-12-16,,Active
8313,,JT Woods,jt woods,DB,DB,2000-06-10,,Active
8314,,Jalen Pitre,jalen pitre,DB,DB,1999-06-03,HOU,Active
8315,,Tyree Johnson,tyree johnson,DL,FRONT7,1999-05-19,,Active
8316,,Micheal Clemons,micheal clemons,DL,FRONT7,1997-08-21,IND,Inactive
8317,,Leon O'Neal,leon o neal,DB,DB,1998-12-23,,Active
8318,,Jayden Peevy,jayden peevy,DL,FRONT7,1999-09-03,,Active
8319,,DeMarvin Leal,demarvin leal,DL,FRONT7,2000-07-01,,Active
8320,,A.Hansford Hansford,a hansford hansford,LB,FRONT7,,,Active
8321,,Tariq Castro-Fields,tariq castro fields,DB,DB,1999-01-14,,Inactive
8322,,Jesse Luketa,jesse luketa,LB,FRONT7,1999-01-15,,Active
8323,,Jaquan Brisker,jaquan brisker,DB,DB,1999-04-20,PIT,Active
8324,,Brandon Smith,brandon smith,LB,FRONT7,2001-04-12,,Active
8325,,Arnold Ebiketie,arnold ebiketie,DL,FRONT7,1999-01-23,PHI,Active
8326,,Jermaine Waller,jermaine waller,DB,DB,,,Injured Reserve
8327,,Amare Barno,amare barno,DL,FRONT7,1999-04-26,,Active
8328,,Nephi Sewell,nephi sewell,LB,FRONT7,1998-12-19,CHI,Inactive
8329,,Devin Lloyd,devin lloyd,LB,FRONT7,1998-09-30,CAR,Active
8330,,Quentin Lake,quentin lake,DB,DB,1999-01-29,LAR,Active
8331,,Otito Ogbonnia,otito ogbonnia,DL,FRONT7,2000-08-25,DAL,Active
8332,,Matthew Butler,matthew butler,DL,FRONT7,1999-06-10,,Active
8333,,Alontae Taylor,alontae taylor,DB,DB,1998-12-03,TEN,Active
8334,,Malcolm Rodriguez,malcolm rodriguez,LB,FRONT7,1999-03-29,DET,Active
8335,,Kolby Harvell-Peel,kolby harvell peel,DB,DB,2000-03-01,,Active
8336,,Tyreke Smith,tyreke smith,DL,FRONT7,2000-02-14,KC,Active
8337,,Haskell Garrett,haskell garrett,DL,FRONT7,1998-05-04,,Active
8338,,Myron Tagovailoa-Amosa,myron tagovailoa amosa,DL,FRONT7,1999-05-09,,Inactive
8339,,Kyle Hamilton,kyle hamilton,DB,DB,2001-03-16,BAL,Active
8340,,JoJo Domann,jojo domann,LB,FRONT7,1997-07-28,,Inactive
8341,,Cam Taylor-Britt,cam taylor britt,DB,DB,1999-10-15,IND,Active
8342,,Esezi Otomewo,esezi otomewo,DL,FRONT7,1999-03-09,PIT,Active
8343,,Boye Mafe,boye mafe,DL,FRONT7,1998-11-30,CIN,Active
8344,,Jonathan Ford,jonathan ford,DL,FRONT7,1998-09-29,GB,Active
8345,,Bubba Bolden,bubba bolden,DB,DB,2000-05-29,,Active
8346,,Mike Rose,mike rose,LB,FRONT7,2000-05-25,,Active
8347,,Eyioma Uwazurike,eyioma uwazurike,DL,FRONT7,1998-05-06,DEN,Active
8348,,Kerby Joseph,kerby joseph,DB,DB,2000-11-14,DET,Active
8349,,Jake Hansen,jake hansen,LB,FRONT7,1998-06-19,HOU,Active
8350,,Isaac Taylor-Stuart,isaac taylor stuart,DB,DB,1999-10-25,,Active
8351,,Drake Jackson,drake jackson,DL,FRONT7,2001-04-12,ATL,Active
8352,,Chris Steele,chris steele,DB,DB,2000-09-27,,Active
8353,,Verone McKinley,verone mckinley,DB,DB,2000-06-29,,Active
8354,,Player Invalid,player invalid,DB,DB,,,Inactive
8355,,Kayvon Thibodeaux,kayvon thibodeaux,DL,FRONT7,2000-12-15,NYG,Active
8356,,Yusuf Corker,yusuf corker,DB,DB,1998-12-26,,Active
8357,,Marquan McCall,marquan mccall,DL,FRONT7,1999-03-26,,Active
8358,,Josh Paschal,josh paschal,DL,FRONT7,1999-12-17,,Active
8359,,Marcus Jones,marcus jones,DB,DB,1998-10-22,NE,Active
8360,,Logan Hall,logan hall,DL,FRONT7,2000-04-22,HOU,Active
8361,,Damarion Williams,damarion williams,DB,DB,1998-07-15,,Inactive
8362,,Leo Chenal,leo chenal,LB,FRONT7,2000-10-26,WAS,Inactive
8363,,Jack Sanborn,jack sanborn,LB,FRONT7,2000-07-29,CHI,Active
8364,,Trent McDuffie,trent mcduffie,DB,DB,2000-09-13,LAR,Active
8365,,Kyler Gordon,kyler gordon,DB,DB,1999-12-17,CHI,Inactive
8366,,Isaiah Graham-Mobley,isaiah graham mobley,LB,FRONT7,1998-07-29,,Active
8367,,D'Marco Jackson,d marco jackson,LB,FRONT7,1998-07-20,CHI,Active
8368,,Sam Williams,sam williams,DL,FRONT7,1999-03-31,CLE,Active
8369,,Chance Campbell,chance campbell,LB,FRONT7,1999-10-08,PHI,Active
8370,,Jordan Jackson,jordan jackson,DL,FRONT7,1998-01-30,DEN,Active
8371,,Chad Muma,chad muma,LB,FRONT7,1999-08-18,HOU,Active
8372,,DeAngelo Malone,deangelo malone,DL,FRONT7,1999-07-12,ATL,Active
8373,,Jaylen Watson,jaylen watson,DB,DB,1998-09-17,LAR,Active
8374,,Riq Woolen,riq woolen,DB,DB,1999-05-02,PHI,Active
8375,,Kalia Davis,kalia davis,DL,FRONT7,1998-10-02,CLE,Inactive
8376,,Alex Wright,alex wright,DL,FRONT7,2000-09-05,CLE,Inactive
8377,,Tycen Anderson,tycen anderson,DB,DB,1999-06-13,DEN,Active
8378,,DaMarcus Fields,damarcus fields,DB,DB,1998-03-11,,Active
8379,,Josh Thompson,josh thompson,DB,DB,1998-10-20,,Active
8380,,Thomas Booker,thomas booker,DL,FRONT7,1999-11-11,LV,Active
8381,,Cobie Durant,cobie durant,DB,DB,1998-02-09,DAL,Active
8382,,Kingsley Enagbare,kingsley enagbare,DL,FRONT7,2000-01-18,NYJ,Active
8383,,Cameron Thomas,cameron thomas,DL,FRONT7,2000-01-07,ATL,Active
8384,,Zyon McCollum,zyon mccollum,DB,DB,1999-05-03,TB,Active
8385,,George Karlaftis,george karlaftis,DL,FRONT7,2001-04-03,KC,Active
8386,,Damarri Mathis,damarri mathis,DB,DB,1999-04-12,CLE,Inactive
8387,,Jeremiah Gemmel,jeremiah gemmel,LB,FRONT7,1998-11-05,,Active
8388,,Troy Andersen,troy andersen,LB,FRONT7,1999-04-23,,Active
8389,,Akayleb Evans,akayleb evans,DB,DB,1999-06-22,CAR,Active
8390,,Martin Emerson,martin emerson,DB,DB,2000-09-27,NO,Active
8391,,Dominique Robinson,dominique robinson,DL,FRONT7,1998-07-02,HOU,Active
8392,,Nick Cross,nick cross,DB,DB,2001-09-10,WAS,Active
8393,,Qwynnterrio Cole,qwynnterrio cole,DB,DB,,,Active
8394,,Percy Butler,percy butler,DB,DB,2000-05-29,WAS,Active
8395,,Dane Belton,dane belton,DB,DB,2000-12-07,NYJ,Active
8396,,Micah McFadden,micah mcfadden,LB,FRONT7,2000-01-03,NYG,Active
8397,,Juanyeh Thomas,juanyeh thomas,DB,DB,2000-06-24,DAL,Active
8398,,Jermaine Johnson,jermaine johnson,LB,FRONT7,1999-01-07,TEN,Active
8399,,Markquese Bell,markquese bell,DB,DB,1999-01-06,DAL,Active
8400,,Travis Jones,travis jones,DL,FRONT7,1999-10-15,BAL,Active
8401,,Player Invalid,player invalid,LB,FRONT7,,,Inactive
8402,,Jeff Gunter,jeff gunter,LB,FRONT7,1999-06-01,,Active
8403,,Sterling Weatherford,sterling weatherford,DB,DB,1999-01-26,,Active
8404,,Ali Fayad,ali fayad,DL,FRONT7,1999-05-12,,Active
8405,,Tariq Carpenter,tariq carpenter,DB,DB,1998-12-28,,Active
8406,,Reed Blankenship,reed blankenship,DB,DB,1999-03-02,HOU,Active
8407,,T.J. Pledger,tj pledger,RB,RB,2000-02-24,,Active
8408,,Jordan Mason,jordan mason,RB,RB,1999-05-24,MIN,Inactive
8409,,Tyler Snead,tyler snead,WR,WR,2000-02-01,,Active
8410,,Jequez Ezzard,jequez ezzard,WR,WR,,,Active
8411,,Devon Allen,devon allen,WR,WR,1994-12-12,,Active
8413,,Chris Oladokun,chris oladokun,QB,QB,1997-09-03,,Inactive
8414,,Britain Covey,britain covey,WR,WR,1997-03-18,PHI,Active
8416,,Jalen Virgil,jalen virgil,WR,WR,1998-07-13,,Active
8417,,Player Invalid,player invalid,RB,RB,,,Inactive
8418,,Jared Smart,jared smart,WR,WR,,,Active
8419,,Stanley Berryhill,stanley berryhill,WR,WR,1998-06-09,,Active
8420,,Jack Sorenson,jack sorenson,WR,WR,1997-07-26,,Active
8421,,Mike Harley,mike harley,WR,WR,1997-12-13,,Active
8422,,Player Invalid,player invalid,RB,RB,,,Inactive
8423,,Brittain Brown,brittain brown,RB,RB,1997-10-10,CHI,Inactive
8424,,Kevin Marks,kevin marks,RB,RB,1998-03-31,,Active
8425,,Player Invalid,player invalid,RB,RB,,,Inactive
8426,,Player Invalid,player invalid,RB,RB,,,Inactive
8427,,Player Invalid,player invalid,RB,RB,,,Inactive
8428,,Zander Horvath,zander horvath,RB,RB,1998-12-10,,Active
8429,,Levi Lewis,levi lewis,QB,QB,1998-05-09,,Active
8430,,Player Invalid,player invalid,QB,QB,,,Inactive
8431,,Chase Garbers,chase garbers,QB,QB,1999-06-06,,Active
8432,,Player Invalid,player invalid,TE,TE,,,Inactive
8433,,Cade Brewer,cade brewer,TE,TE,1998-10-09,,Active
8434,,Player Invalid,player invalid,TE,TE,,,Inactive
8435,,Kwamie Lassiter,kwamie lassiter,WR,WR,1998-01-21,,Active
8436,,Neil Pau'u,neil pau u,WR,WR,1995-09-11,,Active
8437,,Thomas Hennigan,thomas hennigan,WR,WR,1998-08-18,,Active
8438,,Corey Sutton,corey sutton,WR,WR,1997-10-30,,Injured Reserve
8439,,Demetris Robertson,demetris robertson,WR,WR,1997-04-13,,Active
8440,,Player Invalid,player invalid,WR,WR,,,Inactive
8441,,Justin Hall,justin hall,WR,WR,1999-01-29,,Active
8442,,Jarrett Guarantano,jarrett guarantano,QB,QB,1997-11-04,,Active
8470,,Joshua Williams,joshua williams,CB,DB,1999-10-17,TEN,Inactive
8473,,Eric Johnson,eric johnson,DT,FRONT7,1998-07-16,,Active
8475,,Montrell Washington,montrell washington,WR,WR,1999-03-14,,Active
8476,,DaRon Bland,daron bland,DB,DB,1999-07-12,DAL,Active
8478,,Samuel Womack,samuel womack,CB,DB,1999-07-07,NYJ,Active
8481,,Ja'Sir Taylor,ja sir taylor,DB,DB,1999-01-08,CIN,Inactive
8483,,Kyron Johnson,kyron johnson,DE,FRONT7,1998-07-24,,Inactive
8484,,Ko Kieft,ko kieft,TE,TE,1998-01-20,TB,Active
8487,,Christian Benford,christian benford,DB,DB,2000-09-21,BUF,Active
8489,,Drew Ogletree,drew ogletree,TE,TE,1998-07-28,IND,Active
8490,,Curtis Brooks,curtis brooks,DT,FRONT7,1998-02-06,,Active
8492,,Sam Roberts,sam roberts,DE,FRONT7,1998-04-14,,Active
8494,,James Houston,james houston,LB,FRONT7,1998-11-16,DAL,Active
8495,,Matt Henningsen,matt henningsen,DE,FRONT7,1999-07-09,DEN,Inactive
8496,,Theo Jackson,theo jackson,DB,DB,1998-10-02,MIN,Active
8498,,Devin Harper,devin harper,LB,FRONT7,1998-05-13,,Inactive
8500,,John FitzPatrick,john fitzpatrick,TE,TE,2000-03-09,CLE,Active
8503,,Gregory Junior,gregory junior,CB,DB,1999-06-21,,Active
8506,,Nazeeh Johnson,nazeeh johnson,DB,DB,1998-07-17,,Inactive
8509,,Elijah Hicks,elijah hicks,DB,DB,1999-10-16,CHI,Active
8510,,Russ Yeast,russ yeast,DB,DB,1999-05-08,CIN,Active
8512,,Andre Anthony,andre anthony,DE,FRONT7,1996-11-21,,Active
8515,,Christian Matthew,christian matthew,DB,DB,1996-10-26,,Active
8516,,Christian Holmes,christian holmes,CB,DB,1997-09-14,,Active
8517,,Rodney Thomas,rodney thomas,LB,FRONT7,1998-06-26,SEA,Active
8519,,Deane Leonard,deane leonard,DB,DB,1999-11-20,LAC,Active
8520,,Daniel Hardy,daniel hardy,LB,FRONT7,1998-12-15,CHI,Active
8521,,Faion Hicks,faion hicks,CB,DB,1998-09-02,,Active
8523,,Nick Muse,nick muse,TE,TE,1998-11-25,ATL,Active
8525,,Mark Robinson,mark robinson,LB,FRONT7,1999-08-14,,Active
8526,,Cameron Goode,cameron goode,LB,FRONT7,1998-04-15,,Active
8527,,Dareke Young,dareke young,WR,WR,1999-06-04,LV,Active
8529,,Tyarise Stevenson,tyarise stevenson,DT,FRONT7,1998-07-07,,Active
8530,,Luiji Vilain,luiji vilain,LB,FRONT7,1998-03-10,,Active
8531,,Zach McCloud,zach mccloud,LB,FRONT7,1998-04-22,,Active
8532,,Mike Brown,mike brown,DB,DB,1999-04-07,NE,Active
8535,,David Anenih,david anenih,DE,FRONT7,1999-08-15,,Active
8536,,Caleb Shudak,caleb shudak,K,K,1997-11-19,,Active
8537,,Tre Swilling,tre swilling,CB,DB,1999-03-26,,Active
8539,,Seth Green,seth green,TE,TE,1998-02-14,,Active
8540,,Sam Okuayinonu,sam okuayinonu,DE,FRONT7,1998-05-01,SF,Inactive
8541,,Michael Griffin,michael griffin,DB,DB,,,Active
8542,,Tristin McCollum,tristin mccollum,DB,DB,1999-05-03,LV,Active
8543,,Drew Estrada,drew estrada,WR,WR,1997-07-24,,Active
8545,,Damion Daniels,damion daniels,DT,FRONT7,1999-08-31,,Active
8546,,Jacobi Francis,jacobi francis,DB,DB,1998-09-06,,Active
8547,,Kurt Hinish,kurt hinish,DT,FRONT7,1999-04-27,,Active
8548,,Chris Moore,chris moore,DB,DB,,,Active
8549,,Trevon Clark,trevon clark,WR,WR,1999-09-27,,Active
8550,,Tyler Johnson,tyler johnson,DE,FRONT7,,,Active
8552,,Rayshad Nichols,rayshad nichols,DT,FRONT7,1999-07-09,,Active
8553,,Tre Ford,tre ford,QB,QB,1998-03-30,,Active
8555,,Chuck Wiley,chuck wiley,LB,FRONT7,1998-05-18,,Active
8556,,Denzel Williams,denzel williams,DB,DB,1998-03-26,,Active
8557,,Diego Fagot,diego fagot,LB,FRONT7,1997-12-30,,Active
8558,,Drew Hartlaub,drew hartlaub,DB,DB,1998-01-18,,Active
8559,,Josh Babicz,josh babicz,TE,TE,1999-04-23,,Active
8560,,Davis Cheek,davis cheek,QB,QB,1999-02-26,,Active
8564,,Donovan Jeter,donovan jeter,DT,FRONT7,1998-12-07,,Active
8565,,Bryce Watts,bryce watts,CB,DB,,,Active
8566,,T.D. Moultry,td moultry,LB,FRONT7,,,Active
8567,,Khalan Tolson,khalan tolson,LB,FRONT7,1999-12-27,,Active
8568,,John Lovett,john lovett,RB,RB,1999-08-28,,Active
8569,,Arron Mosby,arron mosby,LB,FRONT7,1999-04-13,GB,Active
8570,,Derek Wright,derek wright,WR,WR,1998-08-13,,Active
8571,,Ra'Shaun Henry,ra shaun henry,WR,WR,1998-02-04,,Inactive
8572,,Andrew Parchment,andrew parchment,WR,WR,,,Active
8573,,Talolo Limi-Jones,talolo limi jones,WR,WR,1997-11-16,,Active
8574,,Brandon Sebastian,brandon sebastian,CB,DB,,,Active
8575,,Erik Krommenhoek,erik krommenhoek,TE,TE,,,Active
8576,,Ty Shelby,ty shelby,LB,FRONT7,1998-10-14,,Active
8577,,James McCourt,james mccourt,K,K,1997-11-09,,Active
8578,,Raheem Layne,raheem layne,DB,DB,1999-07-02,NYG,Active
8579,,Brandon Peters,brandon peters,QB,QB,1997-10-15,,Active
8580,,Tyreek Maddox-Williams,tyreek maddox williams,LB,FRONT7,1997-10-28,,Active
8581,,Trevon Bradford,trevon bradford,WR,WR,,,Active
8583,,Stone Smartt,stone smartt,TE,TE,1998-10-04,NO,Active
8584,,Skyler Thomas,skyler thomas,DB,DB,2003-09-17,,Active
8586,,Ferrod Gardner,ferrod gardner,DB,DB,1997-03-26,,Active
8587,,Josh Drayden,josh drayden,CB,DB,1998-04-10,,Active
8588,,De'Vante Cross,de vante cross,CB,DB,,,Active
8589,,Marcus Santos-Silva,marcus santos silva,TE,TE,1997-06-07,,Active
8590,,Jacub Panasiuk,jacub panasiuk,DE,FRONT7,1999-06-14,,Active
8591,,Tre Walker,tre walker,LB,FRONT7,2000-06-19,,Active
8593,,Drew White,drew white,LB,FRONT7,1998-09-15,,Active
8595,,Kyric McGowan,kyric mcgowan,WR,WR,1999-11-01,,Active
8596,,Devin Taylor,devin taylor,CB,DB,,,Active
8598,,Akial Byers,akial byers,DT,FRONT7,1998-10-09,,Active
8599,,Caliph Brice,caliph brice,LB,FRONT7,1999-08-11,,Active
8600,,Ellis Brooks,ellis brooks,LB,FRONT7,,,Active
8602,,Danny Davis,danny davis,WR,WR,1998-01-20,,Active
8603,,Chauncey Manac,chauncey manac,LB,FRONT7,1997-11-23,,Active
8607,,Tre Sterling,tre sterling,DB,DB,1998-11-05,,Active
8608,,Raleigh Texada,raleigh texada,CB,DB,1998-06-30,,Active
8609,,Hauati Pututau,hauati pututau,DT,FRONT7,1996-02-24,,Active
8612,,Qwuantrezz Knight,qwuantrezz knight,CB,DB,1997-10-10,,Active
8613,,Taysir Mack,taysir mack,WR,WR,1998-09-17,,Active
8614,,Kevin Atkins,kevin atkins,DT,FRONT7,1998-07-30,,Active
8615,,Tayler Hawkins,tayler hawkins,DB,DB,1997-12-27,,Inactive
8618,,Marcelino McCrary-Ball,marcelino mccrary ball,LB,FRONT7,1999-03-23,NYJ,Inactive
8620,,Segun Olubi,segun olubi,LB,FRONT7,1999-11-01,LV,Active
8621,,Garrett Walston,garrett walston,TE,TE,1998-01-20,,Active
8624,,Changa Hodge,changa hodge,WR,WR,1998-05-24,,Active
8625,,Manny Jones,manny jones,DT,FRONT7,1999-06-06,,Active
8627,,Kekaula Kaniho,kekaula kaniho,DB,DB,,,Active
8628,,Jontre Kirklin,jontre kirklin,WR,WR,1998-10-09,,Active
8629,,Will Miles,will miles,DT,FRONT7,,,Active
8631,,LaRon Stokes,laron stokes,DT,FRONT7,,,Active
8632,,JaVonta Payton,javonta payton,WR,WR,1998-10-07,,Active
8633,,Stephon Robinson,stephon robinson,WR,WR,,,Active
8634,,Chris Pierce,chris pierce,TE,TE,1998-11-02,,Active
8635,,Chandler Wooten,chandler wooten,LB,FRONT7,1999-04-25,,Active
8638,,Grayson Gunter,grayson gunter,TE,TE,1997-11-13,,Active
8639,,Shabari Davis,shabari davis,CB,DB,1997-01-19,,Active
8640,,Sean Mahone,sean mahone,DB,DB,,,Active
8641,,De'Shaan Dixon,de shaan dixon,LB,FRONT7,1998-12-16,,Active
8642,,Grant Morgan,grant morgan,LB,FRONT7,1998-01-23,,Active
8645,,Benjie Franklin,benjie franklin,CB,DB,1996-10-22,,Active
8646,,Israel Antwine,israel antwine,DT,FRONT7,2000-03-27,,Active
8650,,Lujuan Winningham,lujuan winningham,WR,WR,,,Active
8653,,Derrick Tangelo,derrick tangelo,DT,FRONT7,1999-05-14,,Inactive
8654,,Timmy Horne,timmy horne,DT,FRONT7,1997-10-25,TEN,Active
8656,,Tyshaun James,tyshaun james,WR,WR,1999-06-22,,Active
8657,,Kuony Deng,kuony deng,LB,FRONT7,1998-08-17,,Active
8659,,Nate Landman,nate landman,LB,FRONT7,1998-11-19,LAR,Active
8660,,Leroy Watson,leroy watson,TE,TE,1998-06-10,,Active
8661,,Matt Hankins,matt hankins,CB,DB,1999-02-22,,Active
8662,,Bryce Rodgers,bryce rodgers,DT,FRONT7,,,Active
8663,,Jared Bernhardt,jared bernhardt,WR,WR,1997-09-12,,Active
8664,,Brad Hawkins,brad hawkins,DB,DB,1998-07-26,,Active
8665,,Armani Rogers,armani rogers,TE,TE,1997-12-04,,Active
8666,,Darrell Baker,darrell baker,CB,DB,1998-03-27,MIA,Active
8668,,Jack Koerner,jack koerner,DB,DB,1998-08-24,,Active
8670,,Parker Romo,parker romo,K,K,1997-08-24,,Active
8673,,Joel Dublanko,joel dublanko,LB,FRONT7,1998-01-12,,Active
8676,,Rashid Shaheed,rashid shaheed,WR,WR,1998-08-31,SEA,Active
8677,,Isaiah Pryor,isaiah pryor,LB,FRONT7,1997-11-29,,Active
8680,,Jack Gibbens,jack gibbens,LB,FRONT7,1998-11-24,ARI,Active
8681,,Josh Turner,josh turner,DB,DB,,,Active
8683,,Joey Blount,joey blount,DB,DB,1998-11-16,ARI,Inactive
8684,,Deontai Williams,deontai williams,SS,DB,1996-10-04,,Active
8685,,John Mitchell,john mitchell,TE,TE,1998-04-03,,Active
8686,,Scott Nelson,scott nelson,SS,DB,1999-07-20,,Active
8687,,Joshua Onujiogu,joshua onujiogu,LB,FRONT7,1998-03-03,,Active
8689,,Matt Gotel,matt gotel,DT,FRONT7,1999-01-02,,Active
8690,,Jake Herslow,jake herslow,WR,WR,,,Active
8691,,Vi Jones,vi jones,LB,FRONT7,1998-05-05,,Active
8693,,Micah Dew-Treadway,micah dew treadway,DT,FRONT7,1997-01-19,,Active
8694,,Henry Litwin,henry litwin,WR,WR,,,Active
8695,,Allie Green,allie green,CB,DB,,,Active
8696,,C.J. Avery,cj avery,LB,FRONT7,1999-03-22,,Active
8697,,Kevin Shaa,kevin shaa,WR,WR,1997-11-10,,Active
8698,,Jake Tonges,jake tonges,TE,TE,1999-07-08,SF,Inactive
8699,,Cyrus Holder,cyrus holder,WR,WR,,,Active
8700,,Savon Scarver,savon scarver,WR,WR,,,Active
8701,,Amari Carter,amari carter,DB,DB,,,Active
8702,,Jaylon Jones,jaylon jones,CB,DB,1997-10-14,JAX,Active
8704,,Jaylan Alexander,jaylan alexander,LB,FRONT7,2000-03-01,,Active
8705,,Landon Lenoir,landon lenoir,WR,WR,1998-08-11,,Active
8706,,Kehinde Oginni,kehinde oginni,TE,TE,1999-03-03,,Active
8707,,Tayon Fleet-Davis,tayon fleet davis,RB,RB,,,Active
8708,,Nasir Greer,nasir greer,DB,DB,1999-09-16,,Active
8710,,Jack Cochrane,jack cochrane,LB,FRONT7,1999-02-09,KC,Active
8714,,Josh Blackwell,josh blackwell,CB,DB,1999-04-05,CHI,Active
8715,,Noah Elliss,noah elliss,DT,FRONT7,1999-03-31,,Active
8718,,Carson Taylor,carson taylor,DE,FRONT7,,,Active
8719,,A.J. Thomas,aj thomas,DB,DB,1999-09-18,,Active
8720,,Christian Albright,christian albright,LB,FRONT7,1999-03-29,,Active
8721,,De'Montre Tuggle,de montre tuggle,RB,RB,1999-03-29,,Active
8722,,Jon Alexander,jon alexander,DB,DB,1999-09-27,,Active
8724,,Devin Hafford,devin hafford,DB,DB,1998-04-10,,Active
8725,,DaMarcus Mitchell,damarcus mitchell,DE,FRONT7,1998-12-13,,Active
8726,,Brenden Schooler,brenden schooler,DB,DB,1997-05-30,NE,Active
8730,,David Vereen,david vereen,CB,DB,1997-10-09,,Active
8731,,Shemar Bridges,shemar bridges,WR,WR,1997-12-26,,Active
8732,,Raleigh Webb,raleigh webb,WR,WR,1997-12-28,,Active
8733,,Jake Hummel,jake hummel,LB,FRONT7,1999-01-04,HOU,Inactive
8734,,Brayden Thomas,brayden thomas,DE,FRONT7,1998-03-20,,Active
8735,,Jairon McVea,jairon mcvea,DB,DB,,,Active
8736,,Elijah Garcia,elijah garcia,DT,FRONT7,1998-03-11,DAL,Active
8737,,Dan Isom,dan isom,DB,DB,1997-12-28,,Active
8738,,Dion Novil,dion novil,DT,FRONT7,,,Active
8739,,Keir Thomas,keir thomas,DE,FRONT7,1998-01-25,LAR,Inactive
8740,,Caesar Dancy-Williams,caesar dancy williams,CB,DB,,,Active
8741,,Jamal Pettigrew,jamal pettigrew,TE,TE,1998-04-22,,Active
8742,,Duron Lowe,duron lowe,CB,DB,1997-11-29,,Active
8743,,Andrzej Hughes-Murray,andrzej hughes murray,LB,FRONT7,,,Active
8745,,Lance McCutcheon,lance mccutcheon,WR,WR,1999-02-28,,Active
8746,,Benton Whitley,benton whitley,DE,FRONT7,1999-02-12,NE,Active
8747,,Roger Carter,roger carter,TE,TE,1999-03-31,,Active
8748,,TJ Carter,tj carter,DB,DB,1999-04-03,,Active
8749,,Tyreik McAllister,tyreik mcallister,RB,RB,1998-04-07,,Active
8751,,Dylan Parham,dylan parham,TE,TE,1998-05-31,,Active
8752,,Ja'Quan McMillian,ja quan mcmillian,CB,DB,2000-06-04,DEN,Active
8753,,Cortez Davis,cortez davis,DB,DB,1997-05-22,,Active
8755,,Kaden Davis,kaden davis,WR,WR,1998-09-25,CHI,Active
8756,,Brandon Johnson,brandon johnson,WR,WR,1998-07-26,PIT,Active
8757,,Rodney Williams,rodney williams,TE,TE,1998-04-08,,Active
8758,,Kana'i Mauga,kana i mauga,LB,FRONT7,2000-01-08,,Active
8759,,Kadofi Wright,kadofi wright,LB,FRONT7,,,Active
8760,,Dre Miller,dre miller,TE,TE,1998-04-18,,Active
8762,,Jabari Ellis,jabari ellis,DT,FRONT7,1998-08-10,,Active
8763,,Trenton Thompson,trenton thompson,DB,DB,1997-12-18,,Active
8764,,Darren Evans,darren evans,DB,DB,1998-02-21,,Active
8765,,Zyon Gilbert,zyon gilbert,DB,DB,1999-02-04,,Active
8766,,Antonio Valentino,antonio valentino,DT,FRONT7,1997-08-01,,Active
8767,,Nolan Cockrill,nolan cockrill,DT,FRONT7,,,Active
8768,,Jesse Bramble,jesse bramble,DB,DB,,,Active
8769,,Josh Bist,josh bist,TE,TE,,,Active
8770,,Malik Williams,malik williams,WR,WR,1999-01-14,,Active
8775,,Andrew Mevis,andrew mevis,K,K,1998-10-12,,Active
8776,,Kingsley Jonathan,kingsley jonathan,DT,FRONT7,1998-04-28,NYJ,Inactive
8777,,Travon Fuller,travon fuller,CB,DB,1998-06-16,,Active
8778,,Justin Rigg,justin rigg,TE,TE,1998-03-13,,Active
8779,,Delonte Hood,delonte hood,CB,DB,2000-10-17,,Active
8780,,Clarence Hicks,clarence hicks,LB,FRONT7,1998-12-07,,Active
8781,,Carson Wells,carson wells,LB,FRONT7,1999-02-20,,Active
8782,,Bookie Radley-Hiles,bookie radley hiles,DB,DB,,,Active
8783,,Kendric Pryor,kendric pryor,WR,WR,1998-01-06,,Active
8788,,Allan George,allan george,CB,DB,1999-07-16,,Active
8789,,Tariqious Tisdale,tariqious tisdale,DT,FRONT7,1998-04-04,,Active
8791,,Shaun Jolly,shaun jolly,CB,DB,1998-10-17,,Active
8793,,Glen Logan,glen logan,DT,FRONT7,1998-03-26,,Active
8794,,Roderick Perry,roderick perry,DT,FRONT7,1997-12-03,,Active
8795,,D'Anthony Bell,d anthony bell,DB,DB,1996-10-17,,Active
8796,,Silas Kelly,silas kelly,LB,FRONT7,,,Active
8797,,Junior Faulk,junior faulk,CB,DB,,,Active
8798,,Felix Harper,felix harper,QB,QB,,,Active
8799,,Zaire Mitchell-Paden,zaire mitchell paden,TE,TE,1999-08-20,HOU,Active
8800,,Malik Davis,malik davis,RB,RB,1998-11-26,DAL,Inactive
8801,,Dennis Houston,dennis houston,WR,WR,1999-04-24,,Inactive
8803,,Quandre Mosely,quandre mosely,DB,DB,1999-05-18,,Active
8805,,Mika Tafua,mika tafua,DE,FRONT7,1996-11-30,,Active
8806,,Storey Jackson,storey jackson,LB,FRONT7,1998-04-08,,Active
8807,,Big Kat Bryant,big kat bryant,DE,FRONT7,1999-01-04,,Active
8808,,La'Kendrick Van Zandt,la kendrick van zandt,DB,DB,,,Active
8809,,Aaron Shampklin,aaron shampklin,RB,RB,1999-10-18,,Active
8812,,Jonathan Garibay,jonathan garibay,K,K,,,Active
8813,,Anthony Turner,anthony turner,WR,WR,,,Active
8815,,Cedric Boswell,cedric boswell,DB,DB,1998-08-15,,Active
8816,,Demetrius Taylor,demetrius taylor,DT,FRONT7,1999-05-27,,Active
8817,,Nolan Givan,nolan givan,TE,TE,,,Active
8820,,Troy Hairston,troy hairston,RB,RB,1998-12-08,,Active
8821,,Adedayo Odeleye,adedayo odeleye,DE,FRONT7,1997-10-17,DAL,Active
8824,,Samson Nacua,samson nacua,WR,WR,,,Active
8825,,Kekoa Crawford,kekoa crawford,WR,WR,1998-02-10,,Active
8826,,Scott Patchan,scott patchan,DE,FRONT7,,,Active
8828,,Michael Young,michael young,WR,WR,1999-02-11,,Active
8829,,Cullen Wick,cullen wick,DE,FRONT7,,,Active
8831,,Ethan Fernea,ethan fernea,WR,WR,1998-03-02,,Active
8832,,McKinley Williams,mckinley williams,DT,FRONT7,1998-03-25,,Active
8833,,Dallis Flowers,dallis flowers,CB,DB,1997-06-04,,Inactive
8834,,Trevor Denbow,trevor denbow,DB,DB,1998-08-26,,Active
8835,,James Skalski,james skalski,LB,FRONT7,1998-02-02,,Active
8836,,Forrest Rhyne,forrest rhyne,LB,FRONT7,1999-05-29,,Active
8837,,Marcel Dabo,marcel dabo,DB,DB,2000-01-10,,Active
8838,,Isaiah Pola-Mao,isaiah pola mao,DB,DB,1999-06-30,LV,Active
8839,,Luke Masterson,luke masterson,LB,FRONT7,1998-01-07,,Active
8840,,Cole Fotheringham,cole fotheringham,TE,TE,1997-10-11,,Active
8841,,Zach VanValkenburg,zach vanvalkenburg,DE,FRONT7,1998-02-17,,Active
8842,,Malkelm Morrison,malkelm morrison,CB,DB,,,Injured Reserve
8844,,Sam Webb,sam webb,CB,DB,1998-05-19,,Injured Reserve
8845,,Bryce Cosby,bryce cosby,CB,DB,1999-03-22,,Active
8846,,Deandre Johnson,deandre johnson,DE,FRONT7,1999-05-27,,Active
8848,,Owen Carney,owen carney,DT,FRONT7,1999-02-08,,Active
8849,,Tanner Conner,tanner conner,TE,TE,1998-03-20,NE,Active
8850,,Ben Stille,ben stille,DT,FRONT7,1997-11-12,DET,Active
8853,,Jordan Williams,jordan williams,DT,FRONT7,,,Active
8854,,Tomon Fox,tomon fox,LB,FRONT7,1998-03-16,,Active
8856,,Elijah Hamilton,elijah hamilton,CB,DB,1998-05-13,,Active
8857,,Kader Kohou,kader kohou,CB,DB,1998-11-28,KC,Active
8858,,Keshunn Abram,keshunn abram,WR,WR,1999-02-03,,Active
8859,,DQ Thomas,dq thomas,LB,FRONT7,1998-12-04,,Active
8860,,Tony Adams,tony adams,DB,DB,1999-01-24,TEN,Active
8861,,Irv Charles,irv charles,WR,WR,1997-04-13,SEA,Inactive
8862,,Josh Valentine-Turner,josh valentine turner,DB,DB,1998-10-28,,Active
8863,,Kaylon Geiger,kaylon geiger,WR,WR,1997-11-01,,Active
8864,,Ben Beise,ben beise,TE,TE,,,Active
8866,,JoJo Ozougwu,jojo ozougwu,DE,FRONT7,1997-08-05,,Active
8868,,Jordan Young,jordan young,LB,FRONT7,1998-02-08,,Active
8869,,J.J. Russell,jj russell,LB,FRONT7,1998-10-12,,Active
8870,,Olakunle Fatukasi,olakunle fatukasi,LB,FRONT7,1999-06-11,,Active
8871,,Nolan Turner,nolan turner,DB,DB,1997-11-29,,Active
8872,,Don Gardner,don gardner,CB,DB,1997-12-09,,Active
8873,,Kyler McMichael,kyler mcmichael,DB,DB,2000-03-22,,Active
8874,,Ryder Anderson,ryder anderson,DE,FRONT7,1998-10-15,,Active
8875,,Jordan Mosley,jordan mosley,DB,DB,,,Active
8876,,Kevin Kassis,kevin kassis,WR,WR,1997-09-19,,Active
8877,,Abu Daramy-Swaray,abu daramy swaray,CB,DB,1996-06-10,,Active
8878,,Jared Scott,jared scott,TE,TE,1999-05-10,,Active
8879,,Kenneth George,kenneth george,DB,DB,1997-03-14,,Active
8880,,Nick Grant,nick grant,CB,DB,,,Active
8881,,Willie Johnson,willie johnson,WR,WR,1996-12-23,,Active
8882,,Nijuel Hill,nijuel hill,DB,DB,,,Active
8883,,Bryce Notree,bryce notree,LB,FRONT7,1998-10-01,,Active
8884,,JJ Howland,jj howland,TE,TE,1997-10-15,,Active
8885,,Tucker Fisk,tucker fisk,TE,TE,1999-01-19,,Active
8886,,Tre Webb,tre webb,DB,DB,,,Active
8887,,Mike Greene,mike greene,DT,FRONT7,1999-05-03,,Active
8888,,Kameron Brown,kameron brown,WR,WR,1996-09-11,,Active
8889,,William Kwenkeu,william kwenkeu,LB,FRONT7,1997-01-08,,Active
8890,,Naz Bohannon,naz bohannon,TE,TE,,,Active
8891,,Ryan McDaniel,ryan mcdaniel,WR,WR,,,Active
8892,,Keric Wheatfall,keric wheatfall,WR,WR,1999-04-20,,Active
8893,,Nick Sciba,nick sciba,K,K,1999-10-02,,Active
8894,,Trevon Mason,trevon mason,DT,FRONT7,,,Active
8895,,Carlins Platel,carlins platel,CB,DB,1999-08-15,,Inactive
8896,,Elijah Jones,elijah jones,CB,DB,,,Active
8898,,C.J. Brewer,cj brewer,DT,FRONT7,1997-11-22,,Active
8899,,Prince Emili,prince emili,DT,FRONT7,1998-09-18,,Active
8901,,Ja'Marcus Ingram,ja marcus ingram,CB,DB,1997-09-02,HOU,Inactive
8902,,Tae Daley,tae daley,DB,DB,1998-10-08,,Active
8905,,Travis Koontz,travis koontz,TE,TE,,,Active
8906,,Daniel Joseph,daniel joseph,DE,FRONT7,1997-03-12,,Active
8908,,Brandon Lewis,brandon lewis,WR,WR,,,Active
8909,,Josh Black,josh black,DT,FRONT7,1997-12-25,,Active
8910,,Jayln Holmes,jayln holmes,DT,FRONT7,,,Active
8911,,Drew Jordan,drew jordan,DE,FRONT7,1998-11-11,,Active
8913,,Caeveon Patton,caeveon patton,DT,FRONT7,1999-03-02,,Active
8914,,Jeremiah Pharms,jeremiah pharms,DT,FRONT7,1996-10-16,NE,Active
8915,,Drew Plitt,drew plitt,QB,QB,1998-01-09,,Active
8917,,KaVontae Turpin,kavontae turpin,WR,WR,1996-08-02,DAL,Active
8919,,Ayo Oyelola,ayo oyelola,DB,DB,1998-10-19,,Active
8920,,Devin Jones,devin jones,CB,DB,,,Active
8921,,Maurice Alexander,maurice alexander,WR,WR,1997-01-10,,Active
8924,,Thomas Odukoya,thomas odukoya,TE,TE,1997-05-05,KC,Active
8925,,Tre Avery,tre avery,CB,DB,1997-02-26,,Active
8928,,Daylen Baldwin,daylen baldwin,WR,WR,1999-11-24,,Active
8929,,Nate Wieland,nate wieland,LB,FRONT7,1998-11-23,,Active
8931,,Josh Ali,josh ali,WR,WR,1999-03-03,,Active
8932,,Lucas Havrisik,lucas havrisik,K,K,1999-09-29,,Active
8934,,Clint Ratkovich,clint ratkovich,FB,RB,1997-09-16,,Active
8936,,Tyrell Ford,tyrell ford,CB,DB,1998-03-30,,Active
8937,,Parker White,parker white,K,K,1998-07-24,,Active
8938,,Nathan Rourke,nathan rourke,QB,QB,1998-05-24,,Active
9220,,Evan Hull,evan hull,RB,RB,2000-10-26,ARI,Active
9221,,Jahmyr Gibbs,jahmyr gibbs,RB,RB,2002-03-20,DET,Active
9222,,Zach Evans,zach evans,RB,RB,2001-05-30,,Active
9223,,Tiyon Evans,tiyon evans,RB,RB,2001-06-17,,Active
9224,,Chase Brown,chase brown,RB,RB,2000-03-21,CIN,Active
9225,,Tank Bigsby,tank bigsby,RB,RB,2002-08-30,PHI,Inactive
9226,,De'Von Achane,de von achane,RB,RB,2001-10-13,MIA,Inactive
9227,,Israel Abanikanda,israel abanikanda,RB,RB,2002-10-05,DAL,Active
9228,,Bryce Young,bryce young,QB,QB,2001-07-25,CAR,Active
9229,,Anthony Richardson,anthony richardson,QB,QB,2002-05-22,IND,Active
9230,,Tanner McKee,tanner mckee,QB,QB,2000-04-27,PHI,Active
9231,,Jaren Hall,jaren hall,QB,QB,1998-03-24,,Active
9479,,Darnell Washington,darnell washington,TE,TE,2001-08-17,PIT,Active
9480,,Brenton Strange,brenton strange,TE,TE,2000-12-27,JAX,Active
9481,,Luke Musgrave,luke musgrave,TE,TE,2000-09-02,GB,Active
9482,,Michael Mayer,michael mayer,TE,TE,2001-07-06,LV,Active
9483,,Zack Kuntz,zack kuntz,TE,TE,1999-06-06,,Active
9484,,Tucker Kraft,tucker kraft,TE,TE,2000-11-03,GB,Active
9485,,Player Invalid,player invalid,TE,TE,,,Inactive
9486,,Dontayvion Wicks,dontayvion wicks,WR,WR,2001-06-16,PHI,Active
9487,,Parker Washington,parker washington,WR,WR,2002-03-21,JAX,Active
9488,,Jaxon Smith-Njigba,jaxon smith njigba,WR,WR,2002-02-14,SEA,Active
9489,,Justin Shorter,justin shorter,WR,WR,2000-04-17,,Inactive
9490,,Tyler Scott,tyler scott,WR,WR,2001-10-12,LV,Active
9491,,Ty Scott,ty scott,WR,WR,1999-03-27,,Active
9492,,Trey Palmer,trey palmer,WR,WR,2001-04-02,NO,Active
9493,,Puka Nacua,puka nacua,WR,WR,2001-05-29,LAR,Active
9494,,Marvin Mims,marvin mims,WR,WR,2002-03-19,DEN,Active
9495,,Rakim Jarrett,rakim jarrett,WR,WR,2001-01-24,,Active
9496,,Sam James,sam james,WR,WR,1999-10-31,,Active
9497,,Jalin Hyatt,jalin hyatt,WR,WR,2001-09-25,NYG,Active
9498,,Jadon Haselwood,jadon haselwood,WR,WR,2001-04-15,,Active
9499,,Bryce Ford-Wheaton,bryce ford wheaton,WR,WR,2000-03-09,,Active
9500,,Josh Downs,josh downs,WR,WR,2001-08-12,IND,Active
9501,,DeMario Douglas,demario douglas,WR,WR,2000-12-08,NE,Active
9502,,Tank Dell,tank dell,WR,WR,1999-10-29,HOU,Inactive
9503,,Jacob Copeland,jacob copeland,WR,WR,1999-07-20,,Active
9504,,Kayshon Boutte,kayshon boutte,WR,WR,2002-05-07,HOU,Active
9505,,Deuce Vaughn,deuce vaughn,RB,RB,2001-11-02,HOU,Active
9506,,Sean Tucker,sean tucker,RB,RB,2001-10-25,TB,Active
9507,,Titus Swen,titus swen,RB,RB,,,Active
9508,,Tyjae Spears,tyjae spears,RB,RB,2001-06-15,TEN,Active
9509,,Bijan Robinson,bijan robinson,RB,RB,2002-01-30,ATL,Active
9510,,Lew Nichols,lew nichols,RB,RB,2001-08-16,PIT,Active
9511,,Keaton Mitchell,keaton mitchell,RB,RB,2002-01-17,LAC,Active
9512,,DeWayne McBride,dewayne mcbride,RB,RB,2001-07-08,,Active
9753,,Zach Charbonnet,zach charbonnet,RB,RB,2001-01-08,SEA,Inactive
9754,,Quentin Johnston,quentin johnston,WR,WR,2001-09-06,LAC,Active
9755,,Player Invalid,player invalid,RB,RB,,,Inactive
9756,,Jordan Addison,jordan addison,WR,WR,2002-01-27,MIN,Active
9757,,Kendre Miller,kendre miller,RB,RB,2002-06-11,NO,Active
9758,,C.J. Stroud,cj stroud,QB,QB,2001-10-03,HOU,Active
9759,,C.J. Johnson,cj johnson,WR,WR,2000-11-04,,Active
9997,,Zay Flowers,zay flowers,WR,WR,2000-09-11,BAL,Active
9998,,Hendon Hooker,hendon hooker,QB,QB,1998-01-13,TEN,Active
9999,,Will Levis,will levis,QB,QB,1999-06-27,NYJ,Active
10210,,Cameron Latu,cameron latu,TE,TE,2000-02-24,NE,Active
10211,,Camerun Peoples,camerun peoples,RB,RB,1999-09-14,,Active
10212,,Josh Whyle,josh whyle,TE,TE,1999-09-08,GB,Active
10213,,Tre Tucker,tre tucker,WR,WR,2001-03-08,LV,Active
10214,,Davis Allen,davis allen,TE,TE,2001-02-03,LAR,Active
10215,,Jake Haener,jake haener,QB,QB,1999-03-10,NYG,Active
10216,,Kenny McIntosh,kenny mcintosh,RB,RB,2000-03-03,,Active
10217,,Clayton Tune,clayton tune,QB,QB,1999-03-23,,Active
10218,,Xavier Hutchinson,xavier hutchinson,WR,WR,2000-06-01,HOU,Active
10219,,Chris Rodriguez,chris rodriguez,RB,RB,1999-09-26,JAX,Active
10220,,Will Mallory,will mallory,TE,TE,1999-06-22,IND,Inactive
10221,,Ronnie Bell,ronnie bell,WR,WR,2000-01-28,,Active
10222,,Jayden Reed,jayden reed,WR,WR,2000-04-28,GB,Inactive
10223,,Eric Gray,eric gray,RB,RB,1999-11-04,CLE,Active
10224,,Brayden Willis,brayden willis,TE,TE,1999-11-11,SF,Active
10225,,Jonathan Mingo,jonathan mingo,WR,WR,2001-04-20,DAL,Active
10226,,Andrei Iosivas,andrei iosivas,WR,WR,1999-10-15,CIN,Inactive
10227,,Payne Durham,payne durham,TE,TE,2000-06-15,TB,Active
10228,,Charlie Jones,charlie jones,WR,WR,1998-10-29,NYG,Active
10229,,Rashee Rice,rashee rice,WR,WR,2000-04-22,KC,Active
10230,,Jalen Wayne,jalen wayne,WR,WR,1999-05-13,,Active
10231,,Elijah Higgins,elijah higgins,TE,TE,2000-10-27,ARI,Active
10232,,Michael Wilson,michael wilson,WR,WR,2000-02-23,ARI,Active
10233,,Max Duggan,max duggan,QB,QB,2001-03-12,,Active
10234,,Derius Davis,derius davis,WR,WR,2000-09-11,LAC,Active
10235,,Roschon Johnson,roschon johnson,RB,RB,2001-01-31,CHI,Active
10236,,Dalton Kincaid,dalton kincaid,TE,TE,1999-10-18,BUF,Active
10444,,Cedric Tillman,cedric tillman,WR,WR,2000-04-19,NO,Active
10651,,Mohamed Ibrahim,mohamed ibrahim,RB,RB,1998-09-08,,Active
10857,,Stetson Bennett,stetson bennett,QB,QB,1997-10-28,LAR,Active
10858,,Alex Quevedo,alex quevedo,K,K,1999-05-14,,Active
10859,,Sam LaPorta,sam laporta,TE,TE,2001-01-12,DET,Active
10860,,Malik Cunningham,malik cunningham,WR,WR,1998-10-06,,Active
10861,,Xazavian Valladay,xazavian valladay,RB,RB,1998-07-03,,Active
10862,,Dorian Thompson-Robinson,dorian thompson robinson,QB,QB,1999-11-14,,Active
10863,,A.T. Perry,at perry,WR,WR,1999-10-26,,Active
10864,,Player Invalid,player invalid,WR,WR,,,Inactive
10865,,Travis Dye,travis dye,RB,RB,1999-08-24,,Active
10866,,Aidan O'Connell,aidan o connell,QB,QB,1998-09-01,LV,Active
10867,,Jake Bobo,jake bobo,WR,WR,1998-08-04,SEA,Inactive
10868,,Leonard Johnson,leonard johnson,CB,DB,1998-07-03,,Active
10869,,Matt Landers,matt landers,WR,WR,1999-06-16,,Active
10870,,Deneric Prince,deneric prince,RB,RB,2000-04-11,,Active
10871,,Luke Schoonmaker,luke schoonmaker,TE,TE,1998-09-28,DAL,Active
10872,,Felix Anudike-Uzomah,felix anudike uzomah,DE,FRONT7,2002-01-24,KC,Active
10873,,Nolan Smith,nolan smith,LB,FRONT7,2001-01-18,PHI,Active
10874,,Bryan Bresee,bryan bresee,DT,FRONT7,2001-10-06,NO,Inactive
10875,,Myles Murphy,myles murphy,DL,FRONT7,2002-01-03,CIN,Active
10877,,Mazi Smith,mazi smith,DL,FRONT7,2001-06-16,MIA,Active
10878,,Deonte Banks,deonte banks,DB,DB,2001-03-03,NYG,Active
10879,,Calijah Kancey,calijah kancey,DL,FRONT7,2001-03-01,TB,Active
10880,,Jack Campbell,jack campbell,LB,FRONT7,2000-08-22,DET,Active
10881,,Christian Gonzalez,christian gonzalez,DB,DB,2002-06-28,NE,Active
10882,,Emmanuel Forbes,emmanuel forbes,CB,DB,2001-01-13,LAR,Active
10883,,Will McDonald,will mcdonald,DE,FRONT7,1999-06-04,NYJ,Active
10885,,Lukas Van Ness,lukas van ness,DL,FRONT7,2001-07-06,GB,Active
10888,,Jalen Carter,jalen carter,DL,FRONT7,2001-04-04,PHI,Active
10889,,Tyree Wilson,tyree wilson,LB,FRONT7,2000-05-20,NO,Active
10891,,Devon Witherspoon,devon witherspoon,DB,DB,2000-12-11,SEA,Active
10892,,Will Anderson,will anderson,DL,FRONT7,2001-09-02,HOU,Active
10894,,DJ Turner,dj turner,DB,DB,2000-11-09,CIN,Active
10897,,Tyrique Stevenson,tyrique stevenson,CB,DB,2000-05-26,CHI,Active
10898,,Tuli Tuipulotu,tuli tuipulotu,DL,FRONT7,2002-09-03,LAC,Active
10899,,Gervon Dexter,gervon dexter,DL,FRONT7,2001-10-05,ATL,Active
10900,,Cam Smith,cam smith,DB,DB,2000-12-21,,Active
10901,,Keeanu Benton,keeanu benton,NT,FRONT7,2001-07-17,PIT,Active
10903,,Quan Martin,quan martin,DB,DB,2000-04-17,WAS,Active
10904,,Keion White,keion white,DL,FRONT7,1999-01-20,SF,Active
10905,,Brian Branch,brian branch,DB,DB,2001-10-22,DET,Active
10906,,JuJu Brents,juju brents,DB,DB,2000-01-18,MIA,Active
10908,,BJ Ojulari,bj ojulari,DE,FRONT7,2002-04-05,JAX,Active
10909,,Isaiah Foskey,isaiah foskey,DL,FRONT7,2000-10-30,CIN,Active
10911,,Derick Hall,derick hall,DE,FRONT7,2001-03-19,SEA,Active
10913,,Joey Porter,joey porter,DB,DB,2000-07-26,DAL,Active
10914,,Daiyan Henley,daiyan henley,LB,FRONT7,1999-11-18,LAC,Active
10916,,Kobie Turner,kobie turner,DT,FRONT7,1999-04-26,LAR,Active
10917,,Byron Young,byron young,LB,FRONT7,1998-03-13,LAR,Active
10918,,Mekhi Blackmon,mekhi blackmon,CB,DB,1999-03-18,CLE,Active
10919,,Sydney Brown,sydney brown,DB,DB,2000-03-21,ATL,Active
10921,,Yaya Diaby,yaya diaby,DL,FRONT7,1999-05-30,TB,Active
10923,,Dorian Williams,dorian williams,LB,FRONT7,2001-06-28,BUF,Active
10924,,Zacch Pickens,zacch pickens,DL,FRONT7,2000-03-06,ATL,Active
10925,,Byron Young,byron young,DL,FRONT7,2000-11-10,PHI,Active
10926,,Marte Mapu,marte mapu,DB,DB,1999-11-08,PIT,Active
10927,,Jordan Battle,jordan battle,DB,DB,2000-12-14,CIN,Active
10928,,Brodric Martin-Rhodes,brodric martin rhodes,DT,FRONT7,1999-05-24,,Active
10929,,Drew Sanders,drew sanders,LB,FRONT7,2001-12-31,,Active
10930,,Riley Moss,riley moss,DB,DB,2000-03-03,DEN,Active
10931,,Siaki Ika,siaki ika,DL,FRONT7,2000-11-07,,Active
10932,,Garrett Williams,garrett williams,DB,DB,2001-06-01,ARI,Active
10933,,DeMarvion Overshown,demarvion overshown,LB,FRONT7,2000-08-13,DAL,Active
10934,,Zach Harrison,zach harrison,DE,FRONT7,2001-08-14,ATL,Active
10935,,Trenton Simpson,trenton simpson,LB,FRONT7,2001-06-14,BAL,Active
10936,,Ji'Ayir Brown,ji ayir brown,DB,DB,2000-01-25,SF,Active
10937,,Jake Moody,jake moody,K,K,1999-11-23,,Active
10938,,D.J. Johnson,dj johnson,LB,FRONT7,1998-10-21,,Active
10939,,Jay Ward,jay ward,DB,DB,2000-07-13,MIN,Active
10940,,Nick Herbig,nick herbig,LB,FRONT7,2001-11-21,PIT,Active
10941,,Tyler Lacy,tyler lacy,DE,FRONT7,1999-11-10,DET,Active
10942,,Viliami Fehoko,viliami fehoko,DL,FRONT7,1999-12-16,SF,Active
10943,,Isaiah McGuire,isaiah mcguire,DL,FRONT7,2001-07-27,CLE,Active
10944,,Tavius Robinson,tavius robinson,DE,FRONT7,1999-01-03,BAL,Active
10945,,Cameron Young,cameron young,DT,FRONT7,2000-06-08,,Active
10947,,Ventrell Miller,ventrell miller,LB,FRONT7,1999-01-15,JAX,Active
10949,,Chamarri Conner,chamarri conner,DB,DB,2000-07-11,KC,Active
10952,,Colby Wooden,colby wooden,DE,FRONT7,2000-12-21,NO,Active
10954,,Clark Phillips,clark phillips,CB,DB,2001-12-19,CHI,Active
10955,,Chad Ryland,chad ryland,K,K,1999-10-15,ARI,Active
10957,,Adetomiwa Adebawore,adetomiwa adebawore,DL,FRONT7,2001-03-04,IND,Active
10958,,Dylan Horton,dylan horton,DL,FRONT7,2000-08-21,HOU,Inactive
10962,,Kelee Ringo,kelee ringo,DB,DB,2002-06-27,PHI,Active
10963,,Jakorian Bennett,jakorian bennett,DB,DB,2000-08-23,PHI,Inactive
10966,,Rob Beal,rob beal,LB,FRONT7,1999-08-18,MIA,Active
10967,,Chris Smith,chris smith,DB,DB,2000-05-01,,Active
10969,,Owen Pappoe,owen pappoe,LB,FRONT7,2000-09-29,TEN,Active
10970,,Henry To'oTo'o,henry to oto o,LB,FRONT7,2001-01-05,HOU,Inactive
10971,,BJ Thompson,bj thompson,DE,FRONT7,1999-03-23,,Active
10972,,Terell Smith,terell smith,DB,DB,1999-07-27,PIT,Active
10973,,Nick Hampton,nick hampton,LB,FRONT7,2000-04-05,CAR,Active
10974,,Antonio Johnson,antonio johnson,DB,DB,2001-10-29,JAX,Active
10975,,Daniel Scott,daniel scott,DB,DB,1998-10-26,IND,Active
10976,,Kyu Blu Kelly,kyu blu kelly,CB,DB,2001-05-22,,Active
10978,,Darrell Luter,darrell luter,CB,DB,2000-04-24,LV,Active
10980,,SirVocea Dennis,sirvocea dennis,LB,FRONT7,2000-03-09,TB,Active
10982,,Mike Morris,mike morris,DE,FRONT7,2001-04-22,SEA,Active
10983,,Sean Clifford,sean clifford,QB,QB,1998-07-14,CIN,Active
10984,,Noah Sewell,noah sewell,LB,FRONT7,2002-04-26,CHI,Inactive
10985,,Jordan Howden,jordan howden,DB,DB,2000-05-14,NO,Active
10986,,Jammie Robinson,jammie robinson,DB,DB,2001-01-24,ATL,Active
10988,,Cameron Mitchell,cameron mitchell,DB,DB,2001-09-08,IND,Inactive
10989,,Jaquelin Roy,jaquelin roy,DT,FRONT7,2000-10-22,,Active
10990,,Darius Rush,darius rush,DB,DB,2000-02-22,PIT,Active
10991,,K.J. Henry,kj henry,DE,FRONT7,1999-01-27,PIT,Active
10992,,Yasir Abdullah,yasir abdullah,LB,FRONT7,2000-04-12,ATL,Active
10993,,Tre Hawkins,tre hawkins,CB,DB,2000-08-01,,Active
10994,,Scott Matlock,scott matlock,DT,FRONT7,2000-06-28,LAC,Inactive
10995,,Tre Tomlinson,tre tomlinson,CB,DB,2000-01-10,,Active
10996,,Ochaun Mathis,ochaun mathis,DE,FRONT7,1999-01-08,,Active
10997,,Jerrick Reed,jerrick reed,DB,DB,2000-08-07,ARI,Active
10998,,Jose Ramirez,jose ramirez,DL,FRONT7,1999-05-09,NE,Active
10999,,Josh Hayes,josh hayes,CB,DB,1999-04-24,TB,Inactive
11000,,Zaire Barnes,zaire barnes,LB,FRONT7,1999-09-03,NYG,Active
11001,,Jarrick Bernard-Converse,jarrick bernard converse,CB,DB,2000-04-29,NYG,Inactive
11002,,Keondre Coburn,keondre coburn,DT,FRONT7,2000-05-23,,Active
11003,,Amari Burney,amari burney,LB,FRONT7,2000-06-12,,Active
11004,,Titus Leo,titus leo,LB,FRONT7,1999-08-26,,Inactive
11006,,Ameer Speed,ameer speed,CB,DB,1999-10-13,DAL,Active
11008,,Anders Carlson,anders carlson,K,K,1998-06-16,,Active
11009,,Karl Brooks,karl brooks,DT,FRONT7,2000-05-08,GB,Active
11011,,JL Skinner,jl skinner,DB,DB,2001-04-16,DEN,Active
11014,,Kei'Trel Clark,kei trel clark,DB,DB,2001-03-19,ARI,Active
11015,,Dante Stills,dante stills,DT,FRONT7,1999-12-14,ARI,Active
11017,,Dee Winters,dee winters,LB,FRONT7,2000-10-17,DAL,Active
11018,,Christian Braswell,christian braswell,DB,DB,1999-09-27,JAX,Active
11019,,Erick Hallett,erick hallett,DB,DB,2000-04-24,TEN,Active
11020,,Eric Scott,eric scott,DB,DB,1998-08-07,,Active
11021,,Desjuan Johnson,desjuan johnson,DT,FRONT7,1999-09-03,LAR,Active
11022,,Kendall Williamson,kendall williamson,DB,DB,2000-08-24,LAC,Active
11024,,Grant DuBose,grant dubose,WR,WR,2001-06-20,,Active
11025,,Jalen Graham,jalen graham,DB,DB,2001-01-11,SF,Active
11026,,Gervarrius Owens,gervarrius owens,DB,DB,1999-10-14,,Active
11027,,Alex Austin,alex austin,DB,DB,2001-05-22,DAL,Active
11029,,Nic Jones,nic jones,CB,DB,2001-10-15,NYG,Active
11030,,Moro Ojomo,moro ojomo,DE,FRONT7,2001-08-15,PHI,Active
11031,,Brandon Hill,brandon hill,DB,DB,2000-09-06,,Active
11032,,DJ Ivey,dj ivey,CB,DB,2000-02-25,CIN,Active
11033,,Isaiah Bolden,isaiah bolden,CB,DB,1999-12-16,,Active
11034,,Jalen Brooks,jalen brooks,WR,WR,2000-05-07,ARI,Active
11035,,Jordon Riley,jordon riley,DL,FRONT7,1998-05-19,GB,Active
11036,,Anthony Johnson,anthony johnson,DB,DB,1999-12-02,CHI,Active
11037,,Cory Trice,cory trice,CB,DB,2000-05-30,,Active
11038,,Derek Parish,derek parish,DL,FRONT7,1999-01-04,,Active
11040,,Jason Taylor,jason taylor,DB,DB,1999-12-30,,Active
11041,,Andre Jones,andre jones,DE,FRONT7,1998-10-25,MIA,Active
11042,,Carrington Valentine,carrington valentine,DB,DB,2001-09-09,GB,Active
11043,,Nesta Jade Silvera,nesta jade silvera,DT,FRONT7,2000-01-23,,Active
11046,,Colton Dowell,colton dowell,WR,WR,1999-04-19,,Active
11047,,Raymond Vohasek,raymond vohasek,DT,FRONT7,1999-03-08,,Active
11050,,DeMarcco Hellams,demarcco hellams,DB,DB,2000-06-05,ATL,Active
11052,,Jaylon Jones,jaylon jones,DB,DB,2002-04-03,TEN,Active
11053,,Antoine Green,antoine green,WR,WR,1999-11-15,,Active
11054,,Travis Bell,travis bell,DL,FRONT7,1998-10-27,,Inactive
11056,,Jared Wayne,jared wayne,WR,WR,2000-10-07,HOU,Active
11058,,Blake Grupe,blake grupe,K,K,1998-11-05,NYJ,Active
11059,,Aubrey Miller,aubrey miller,LB,FRONT7,1999-04-24,,Active
11060,,Robert Burns,robert burns,RB,RB,1998-09-25,,Active
11062,,Ali Gaye,ali gaye,DE,FRONT7,1998-11-29,HOU,Inactive
11064,,Isaac Darkangelo,isaac darkangelo,LB,FRONT7,2000-04-26,,Active
11065,,Adrian Martinez,adrian martinez,QB,QB,2000-01-07,,Active
11066,,Austin Ajiake,austin ajiake,LB,FRONT7,2000-06-30,IND,Active
11068,,Mitch Tinsley,mitch tinsley,WR,WR,1999-09-15,CIN,Active
11069,,Xavier Henderson,xavier henderson,DB,DB,1999-07-12,,Active
11070,,Kazmeir Allen,kazmeir allen,WR,WR,2000-02-29,,Active
11072,,Joshua Pryor,joshua pryor,DL,FRONT7,1999-10-25,,Active
11073,,Thayer Thomas,thayer thomas,WR,WR,1998-05-20,,Active
11074,,Abraham Beauplan,abraham beauplan,LB,FRONT7,2000-02-03,,Active
11076,,NaJee Thompson,najee thompson,CB,DB,2000-07-07,,Active
11077,,Jack Podlesny,jack podlesny,K,K,2000-03-16,,Active
11078,,Calvin Avery,calvin avery,DT,FRONT7,1999-09-04,,Active
11079,,Wilson Huber,wilson huber,LB,FRONT7,1998-07-04,,Active
11080,,Malik Knowles,malik knowles,WR,WR,2000-08-17,,Active
11081,,Cephus Johnson,cephus johnson,WR,WR,1999-09-21,,Active
11082,,Ben Sims,ben sims,TE,TE,2000-05-16,,Inactive
11083,,C.J. Coldon,cj coldon,CB,DB,1998-09-03,,Active
11084,,Andre Carter,andre carter,LB,FRONT7,2000-06-02,LAC,Active
11085,,Jaylin Williams,jaylin williams,CB,DB,2000-02-26,,Active
11086,,Ivan Pace,ivan pace,LB,FRONT7,2000-12-16,MIN,Active
11088,,Monte Pottebaum,monte pottebaum,FB,RB,2000-01-07,,Active
11089,,Jordan Byrd,jordan byrd,WR,WR,2000-04-07,,Active
11091,,James Nyamwaya,james nyamwaya,DE,FRONT7,1998-08-25,,Active
11092,,B.T. Potter,bt potter,K,K,2000-02-21,,Active
11093,,David Perales,david perales,LB,FRONT7,1999-04-09,,Inactive
11094,,Thomas Rush,thomas rush,LB,FRONT7,2000-01-31,,Active
11095,,Shakel Brown,shakel brown,DT,FRONT7,1998-12-04,,Active
11096,,TK McLendon,tk mclendon,DL,FRONT7,1999-02-27,,Active
11098,,Caleb Murphy,caleb murphy,DE,FRONT7,1999-12-15,LAC,Active
11099,,Kearis Jackson,kearis jackson,WR,WR,1999-12-09,,Active
11100,,Steven Jones,steven jones,CB,DB,1999-02-01,,Active
11101,,Maxwell Worship,maxwell worship,LB,FRONT7,1999-09-15,,Active
11102,,Charles McClelland,charles mcclelland,RB,RB,1999-04-10,,Active
11104,,SaRodorick Thompson,sarodorick thompson,RB,RB,1999-10-01,,Active
11105,,Shaquan Davis,shaquan davis,WR,WR,2000-02-08,,Active
11106,,Nick Anderson,nick anderson,LB,FRONT7,2000-01-27,,Active
11108,,Anfernee Orji,anfernee orji,LB,FRONT7,2000-10-06,PHI,Active
11111,,Sy Barnett,sy barnett,WR,WR,1997-12-05,,Active
11112,,Anthony Johnson,anthony johnson,DB,DB,2000-02-04,,Active
11113,,Joel Wilson,joel wilson,TE,TE,2000-06-21,TEN,Active
11114,,Elijah Dotson,elijah dotson,RB,RB,1999-01-19,,Active
11115,,Terrell Bynum,terrell bynum,WR,WR,1998-08-03,,Active
11116,,Nathan East,nathan east,LB,FRONT7,1999-01-26,,Active
11118,,Brevin Allen,brevin allen,LB,FRONT7,2000-09-22,,Active
11119,,Jerrod Clark,jerrod clark,DL,FRONT7,1999-11-16,,Active
11120,,Tyler Baker-Williams,tyler baker williams,DB,DB,1999-11-23,,Active
11121,,AJ Finley,aj finley,DB,DB,2001-09-14,SEA,Active
11122,,Andrew Farmer,andrew farmer,LB,FRONT7,2000-04-19,SF,Inactive
11123,,Tyler Hoosman,tyler hoosman,RB,RB,1999-05-07,,Active
11124,,Terrance Lang,terrance lang,DL,FRONT7,1999-01-23,,Active
11125,,Tiawan Mullen,tiawan mullen,CB,DB,2000-07-12,,Active
11126,,Michael Ezeike,michael ezeike,TE,TE,2000-09-17,,Active
11127,,Amechi Uzodinma,amechi uzodinma,CB,DB,1998-06-01,,Inactive
11128,,Mikel Jones,mikel jones,LB,FRONT7,2000-10-11,,Active
11130,,Pokey Wilson,pokey wilson,WR,WR,1999-08-12,,Active
11132,,Divaad Wilson,divaad wilson,CB,DB,2000-01-26,,Inactive
11133,,Jaray Jenkins,jaray jenkins,WR,WR,2000-01-04,,Active
11134,,Kaleb Hayes,kaleb hayes,CB,DB,1999-03-19,,Active
11135,,D.J. Coleman,dj coleman,LB,FRONT7,1998-09-22,,Active
11136,,Oliver Martin,oliver martin,WR,WR,1998-11-03,,Active
11137,,Dequan Jackson,dequan jackson,LB,FRONT7,1999-10-07,,Active
11139,,Elijah Cooks,elijah cooks,WR,WR,1998-10-13,,Active
11140,,Leonard Taylor,leonard taylor,TE,TE,1999-08-26,,Inactive
11141,,Jayson Ademilola,jayson ademilola,DT,FRONT7,1998-12-16,,Active
11142,,Timarcus Davis,timarcus davis,CB,DB,1998-06-06,,Active
11143,,Kelechi Anyalebechi,kelechi anyalebechi,LB,FRONT7,2000-09-15,,Active
11144,,Collin Duncan,collin duncan,DB,DB,2001-06-25,,Active
11145,,Tanner Brown,tanner brown,K,K,1999-12-28,,Active
11146,,Christopher Dunn,christopher dunn,K,K,1998-02-19,,Active
11147,,Tyon Davis,tyon davis,CB,DB,1999-05-22,,Active
11148,,Tyler Hudson,tyler hudson,WR,WR,2000-09-11,,Active
11150,,Quindell Johnson,quindell johnson,DB,DB,1999-11-05,,Active
11151,,Tanner Ingle,tanner ingle,DB,DB,1999-10-29,LAR,Active
11153,,Jordan Jones,jordan jones,CB,DB,1999-10-23,,Active
11154,,Matthew Jester,matthew jester,LB,FRONT7,,,Active
11155,,Christian Sims,christian sims,TE,TE,2001-02-15,,Active
11156,,Cameron McCutcheon,cameron mccutcheon,CB,DB,2000-04-03,,Inactive
11157,,Brycen Tremayne,brycen tremayne,WR,WR,1999-11-18,CAR,Active
11158,,Jalen Sample,jalen sample,WR,WR,1999-03-19,,Active
11159,,Zion Bowens,zion bowens,WR,WR,1999-08-17,,Active
11160,,Nick Whiteside,nick whiteside,CB,DB,2000-05-01,DET,Active
11161,,Kendall Smith,kendall smith,DB,DB,1999-01-03,,Active
11162,,D.J. Stirgus,dj stirgus,CB,DB,2000-09-08,,Active
11163,,Tim DeMorat,tim demorat,QB,QB,1999-10-18,,Active
11164,,Rashad Torrence,rashad torrence,DB,DB,2002-03-20,,Active
11165,,Ryan Smenda,ryan smenda,LB,FRONT7,2000-01-28,,Active
11166,,Jaiden Woodbey,jaiden woodbey,LB,FRONT7,2000-01-20,,Active
11168,,Xavier Smith,xavier smith,WR,WR,1997-09-21,,Active
11169,,Dresser Winn,dresser winn,QB,QB,1998-11-11,,Active
11170,,DeAndre Square,deandre square,LB,FRONT7,2000-08-15,,Active
11172,,Shae Wyatt,shae wyatt,WR,WR,1998-09-27,,Active
11173,,D'Shawn Jamison,d shawn jamison,CB,DB,1999-06-04,ARI,Active
11174,,Jack Colletto,jack colletto,FB,RB,1998-11-19,,Active
11176,,Khalan Laborn,khalan laborn,RB,RB,1999-06-01,,Active
11177,,Avery Young,avery young,DB,DB,1999-09-12,,Active
11178,,Mariano Sori-Marin,mariano sori marin,LB,FRONT7,1999-12-15,,Active
11181,,Spencer Waege,spencer waege,DL,FRONT7,1999-05-06,,Active
11182,,Ronald Awatt,ronald awatt,RB,RB,1997-10-30,,Active
11184,,Daniel Arias,daniel arias,WR,WR,1998-09-02,,Active
11185,,Kendell Brooks,kendell brooks,DB,DB,2000-03-03,TEN,Inactive
11186,,Carlos Washington,carlos washington,RB,RB,1998-12-26,,Active
11187,,Mike Jones,mike jones,LB,FRONT7,1998-12-19,,Active
11188,,Ikenna Enechukwu,ikenna enechukwu,DL,FRONT7,2000-01-24,,Active
11189,,Zay Malone,zay malone,WR,WR,2000-03-06,,Active
11190,,Keilahn Harris,keilahn harris,WR,WR,2001-01-08,,Inactive
11191,,Justin Marshall,justin marshall,WR,WR,1999-07-23,,Active
11192,,Malik Flowers,malik flowers,WR,WR,1999-06-23,,Active
11193,,Brenton Cox,brenton cox,LB,FRONT7,2000-01-30,GB,Active
11194,,Keshawn Banks,keshawn banks,LB,FRONT7,1999-12-21,MIN,Active
11196,,Kyle Soelle,kyle soelle,LB,FRONT7,1999-01-25,,Active
11197,,Joel Honigford,joel honigford,TE,TE,1998-04-27,,Active
11198,,Quavian White,quavian white,CB,DB,2000-06-12,,Active
11199,,Emari Demercado,emari demercado,RB,RB,1999-01-20,DAL,Active
11200,,Marvin Pierre,marvin pierre,LB,FRONT7,1998-12-14,,Active
11201,,Blake Whiteheart,blake whiteheart,TE,TE,2000-03-22,CLE,Active
11202,,Jacob Slade,jacob slade,DL,FRONT7,2000-02-23,,Active
11204,,Duece Watts,duece watts,WR,WR,1999-12-23,,Active
11205,,Christian Morgan,christian morgan,DB,DB,1999-09-24,,Active
11206,,Benny Sapp,benny sapp,DB,DB,2000-06-27,,Active
11207,,Jason Lewan,jason lewan,DL,FRONT7,1998-10-15,,Active
11209,,Henry Pearson,henry pearson,FB,RB,1999-11-23,,Active
11210,,Malik Heath,malik heath,WR,WR,2000-03-31,ATL,Active
11212,,Jimmy Phillips,jimmy phillips,LB,FRONT7,2000-04-27,,Active
11213,,Camren McDonald,camren mcdonald,TE,TE,1999-05-30,,Active
11214,,Tanner Morgan,tanner morgan,QB,QB,1999-04-17,,Active
11215,,MJ Anderson,mj anderson,DE,FRONT7,2001-01-15,,Active
11216,,Holton Ahlers,holton ahlers,QB,QB,1999-11-10,,Active
11217,,Michael Ayers,michael ayers,LB,FRONT7,,,Active
11218,,Cam Bright,cam bright,LB,FRONT7,1999-02-23,,Active
11219,,Lance Boykin,lance boykin,CB,DB,2000-08-31,,Active
11220,,Arquon Bush,arquon bush,CB,DB,2000-05-10,,Active
11221,,James Campbell,james campbell,CB,DB,1999-01-17,,Active
11222,,Marcus Cooper,marcus cooper,RB,RB,,,Active
11223,,John Hall,john hall,WR,WR,1997-12-07,,Active
11224,,Griffin Hebert,griffin hebert,TE,TE,1999-04-02,,Active
11225,,Noah Gindorff,noah gindorff,TE,TE,1999-02-12,,Active
11226,,Tyjon Lindsey,tyjon lindsey,WR,WR,1999-01-07,,Active
11227,,Ifeanyi Maijeh,ifeanyi maijeh,DL,FRONT7,,,Active
11228,,Jordan Ferguson,jordan ferguson,DE,FRONT7,1999-04-10,,Active
11229,,Calvin Tyler,calvin tyler,RB,RB,1998-09-23,,Active
11230,,Patrick O'Connell,patrick o connell,LB,FRONT7,1998-12-31,SEA,Active
11231,,Christian Trahan,christian trahan,TE,TE,1998-10-22,,Active
11232,,Isaiah Winstead,isaiah winstead,WR,WR,1999-08-09,,Active
11233,,Ty Okada,ty okada,DB,DB,1999-06-04,SEA,Active
11235,,Morrell Osling,morrell osling,DB,DB,1999-01-17,,Active
11236,,Devonnsha Maxwell,devonnsha maxwell,DL,FRONT7,1999-05-05,,Active
11237,,Jacob Saylors,jacob saylors,RB,RB,2001-03-08,DET,Active
11239,,Jaylen Moody,jaylen moody,LB,FRONT7,1998-11-06,,Active
11240,,C.J. Okoye,cj okoye,DL,FRONT7,2001-10-20,NYG,Active
11241,,Junior Aho,junior aho,DL,FRONT7,1999-02-02,,Active
11243,,David Agoha,david agoha,DL,FRONT7,2001-05-18,DEN,Active
11244,,Kenneth Odumegwu,kenneth odumegwu,DL,FRONT7,2000-11-29,,Active
11245,,Patrick Murtagh,patrick murtagh,TE,TE,2000-02-11,,Active
11246,,Larry Brooks,larry brooks,DB,DB,2000-09-30,,Active
11247,,Mac Hippenhammer,mac hippenhammer,WR,WR,1998-11-05,,Active
11249,,Chris Smith,chris smith,RB,RB,1999-09-08,,Active
11250,,Jonathan Sutherland,jonathan sutherland,DB,DB,1998-08-09,,Active
11251,,Shaka Heyward,shaka heyward,LB,FRONT7,2000-04-19,MIA,Active
11252,,Christian Young,christian young,DB,DB,2000-07-18,,Active
11253,,Jonah Tavai,jonah tavai,DL,FRONT7,2000-12-13,,Active
11254,,Micah Baskerville,micah baskerville,LB,FRONT7,1999-10-19,,Active
11256,,Tyson Bagent,tyson bagent,QB,QB,2000-06-08,CHI,Active
11257,,Shedrick Jackson,shedrick jackson,WR,WR,1999-10-20,,Active
11258,,Jalen Harris,jalen harris,DL,FRONT7,1999-02-26,,Active
11260,,Robert Burns,robert burns,FB,RB,,CHI,Active
11261,,Andre Szmyt,andre szmyt,K,K,1998-09-26,CLE,Active
11262,,Damien Caffrey,damien caffrey,TE,TE,,,Active
11264,,Macon Clark,macon clark,DB,DB,1999-07-21,,Active
11266,,Thyrick Pitts,thyrick pitts,WR,WR,1999-04-08,,Inactive
11267,,Aron Cruickshank,aron cruickshank,WR,WR,2000-09-07,,Active
11268,,Justin Broiles,justin broiles,DB,DB,,,Active
11269,,Caleb Biggers,caleb biggers,CB,DB,1999-11-02,,Active
11270,,Hassan Hall,hassan hall,RB,RB,2000-08-28,,Active
11271,,Jeremiah Martin,jeremiah martin,DL,FRONT7,1999-07-10,,Active
11272,,Charlie Thomas,charlie thomas,LB,FRONT7,2000-01-31,,Active
11273,,Ben VanSumeren,ben vansumeren,RB,RB,2000-05-05,KC,Active
11275,,Mekhi Garner,mekhi garner,CB,DB,2000-01-11,,Active
11276,,Joseph Ngata,joseph ngata,WR,WR,2001-01-09,,Active
11278,,Eli Ricks,eli ricks,CB,DB,2001-09-26,,Active
11280,,Brady Russell,brady russell,RB,RB,1998-08-31,SEA,Active
11281,,Liam Anderson,liam anderson,LB,FRONT7,2000-04-30,MIA,Active
11282,,Johnny King,johnny king,WR,WR,1999-09-29,,Active
11283,,Darius Hagans,darius hagans,RB,RB,1999-07-11,,Active
11284,,Cody Chrest,cody chrest,WR,WR,,,Active
11285,,Cole Coleman,cole coleman,CB,DB,2000-06-25,,Active
11287,,Tyler Richardson,tyler richardson,CB,DB,,,Active
11288,,Donavan Mutin,donavan mutin,LB,FRONT7,2000-09-22,,Active
11289,,Aaron Maddox,aaron maddox,DB,DB,1997-10-12,,Active
11290,,Alex Cook,alex cook,DB,DB,1999-05-21,,Active
11291,,Habakkuk Baldonado,habakkuk baldonado,DE,FRONT7,1999-09-06,,Active
11292,,Tommy DeVito,tommy devito,QB,QB,1998-08-07,NE,Active
11293,,Troy Brown,troy brown,LB,FRONT7,1999-04-30,,Active
11294,,Caleb Sampson,caleb sampson,DT,FRONT7,1998-07-28,,Active
11296,,Gemon Green,gemon green,DB,DB,1999-10-20,,Active
11297,,Dyontae Johnson,dyontae johnson,LB,FRONT7,2000-09-28,,Active
11298,,Ryan Jones,ryan jones,TE,TE,1999-08-20,,Active
11299,,Zavier Scott,zavier scott,RB,RB,1999-07-17,CHI,Active
11300,,Guy Thomas,guy thomas,DE,FRONT7,1999-08-05,,Active
11301,,Braxton Westfield,braxton westfield,WR,WR,,,Active
11302,,Maalik Hall,maalik hall,LB,FRONT7,1999-02-04,,Inactive
11303,,Caleb Johnson,caleb johnson,LB,FRONT7,1998-07-28,,Active
11304,,E.J. Jenkins,ej jenkins,TE,TE,1998-11-03,PHI,Active
11305,,Claudin Cherelus,claudin cherelus,LB,FRONT7,1999-02-09,,Inactive
11306,,Xavier Gipson,xavier gipson,WR,WR,2001-03-08,PHI,Active
11308,,Deslin Alexandre,deslin alexandre,DE,FRONT7,1998-06-11,,Active
11309,,Trey Dean,trey dean,DB,DB,2000-02-29,,Inactive
11310,,Derrick Langford,derrick langford,CB,DB,1999-08-20,,Active
11311,,Jason Brownlee,jason brownlee,WR,WR,1999-01-30,,Active
11312,,T.J. Luther,tj luther,WR,WR,2000-05-13,,Active
11313,,Marquis Waters,marquis waters,DB,DB,1999-02-13,,Active
11314,,Levi Bell,levi bell,DT,FRONT7,1999-08-06,,Active
11315,,Cam Jones,cam jones,LB,FRONT7,1999-10-21,KC,Active
11316,,Anthony Witherstone,anthony witherstone,CB,DB,1999-11-27,,Inactive
11317,,Montrae Braswell,montrae braswell,CB,DB,1998-12-06,,Active
11318,,Isaiah Moore,isaiah moore,LB,FRONT7,1999-10-06,,Active
11319,,Truman Jones,truman jones,DE,FRONT7,2000-05-13,TEN,Active
11320,,Nikko Remigio,nikko remigio,WR,WR,1999-11-04,KC,Active
11321,,Anthony Cook,anthony cook,DB,DB,2000-06-20,,Active
11323,,Isaiah Norman,isaiah norman,DB,DB,1998-07-14,,Active
11325,,Reese Taylor,reese taylor,CB,DB,1999-08-27,MIA,Active
11326,,Martez Manuel,martez manuel,DB,DB,2001-04-23,,Active
11328,,Jalen Redmond,jalen redmond,DE,FRONT7,1999-03-12,MIN,Active
11329,,Josh Vann,josh vann,WR,WR,2000-03-10,,Active
11330,,Rejzohn Wright,rejzohn wright,CB,DB,2000-09-04,NO,Inactive
11331,,Colby Richardson,colby richardson,CB,DB,1998-03-22,,Active
11332,,Travez Moore,travez moore,LB,FRONT7,,,Active
11333,,Mark Milton,mark milton,CB,DB,1999-09-14,,Active
11334,,Nico Bolden,nico bolden,DB,DB,1998-10-15,,Active
11335,,Bumper Pool,bumper pool,LB,FRONT7,1999-09-28,,Active
11336,,Eku Leota,eku leota,LB,FRONT7,1999-05-11,ARI,Active
11338,,Cory Durden,cory durden,DT,FRONT7,1999-01-26,NE,Active
11339,,Brandon Joseph,brandon joseph,DB,DB,2001-02-05,,Active
11343,,Starling Thomas,starling thomas,CB,DB,2000-01-25,ARI,Active
11344,,Keytaon Thompson,keytaon thompson,WR,WR,1998-10-23,,Active
11345,,Chris Smith,chris smith,DL,FRONT7,1999-12-15,DET,Active
11346,,Zach Morton,zach morton,DL,FRONT7,1999-01-13,,Active
11347,,Chase Cota,chase cota,WR,WR,1999-11-09,,Active
11348,,Trevor Nowaske,trevor nowaske,LB,FRONT7,1998-11-07,DET,Active
11349,,Lonnie Phelps,lonnie phelps,DE,FRONT7,2000-08-24,,Active
11350,,Mohamoud Diabate,mohamoud diabate,LB,FRONT7,2001-05-18,TEN,Active
11351,,Thomas Greaney,thomas greaney,TE,TE,1998-11-16,,Active
11352,,Ronnie Hickman,ronnie hickman,DB,DB,2001-10-11,CLE,Active
11353,,Tanner McCalister,tanner mccalister,DB,DB,2000-01-27,,Active
11354,,D'Anthony Jones,d anthony jones,DL,FRONT7,1999-04-02,,Active
11356,,Bralen Trahan,bralen trahan,DB,DB,1998-11-21,,Active
11357,,Tyler Adams,tyler adams,WR,WR,1998-08-03,,Active
11358,,Jamal Woods,jamal woods,DL,FRONT7,1999-06-14,,Active
11359,,Kody Case,kody case,WR,WR,1998-09-11,,Active
11362,,Antonio Moultrie,antonio moultrie,DL,FRONT7,1999-03-24,,Active
11363,,William Hooper,william hooper,CB,DB,2000-03-21,,Active
11364,,Jaquan Amos,jaquan amos,DB,DB,1998-11-04,,Active
11365,,Tyreque Jones,tyreque jones,DB,DB,1999-01-04,,Active
11366,,Chris Coleman,chris coleman,WR,WR,1999-04-03,,Active
11367,,Daewood Davis,daewood davis,WR,WR,1999-01-23,,Inactive
11370,,Chris Brooks,chris brooks,RB,RB,2000-01-11,GB,Active
11371,,Julian Hill,julian hill,TE,TE,2000-07-09,NE,Inactive
11374,,James Blackman,james blackman,QB,QB,1998-11-14,,Active
11377,,Tyrell Shavers,tyrell shavers,WR,WR,1999-08-18,BUF,Active
11378,,Jordan Mims,jordan mims,RB,RB,1999-06-16,,Active
11380,,Johnny Lumpkin,johnny lumpkin,TE,TE,1997-09-03,,Active
11381,,Travis Vokolek,travis vokolek,TE,TE,1998-06-04,ARI,Active
11382,,Dontay Demus,dontay demus,WR,WR,2000-09-26,,Active
11384,,Owen Wright,owen wright,RB,RB,1999-02-28,LV,Active
11385,,Brian Walker,brian walker,TE,TE,1999-01-07,,Active
11387,,Sean Ryan,sean ryan,WR,WR,1999-01-21,,Active
11388,,Nolan Henderson,nolan henderson,QB,QB,1998-06-26,,Active
11391,,Ethan Bonner,ethan bonner,CB,DB,1999-10-23,MIA,Active
11392,,Anthony Montalvo,anthony montalvo,DT,FRONT7,1997-12-14,,Active
11393,,Randy Charlton,randy charlton,DE,FRONT7,1999-10-07,,Active
11394,,Mitchell Agude,mitchell agude,LB,FRONT7,1999-03-10,,Active
11395,,Keidron Smith,keidron smith,DB,DB,1999-11-01,CHI,Active
11396,,Brandon Pili,brandon pili,DT,FRONT7,1999-04-02,SEA,Active
11398,,Bennett Williams,bennett williams,DB,DB,1999-02-26,,Inactive
11399,,Garrett Nelson,garrett nelson,LB,FRONT7,2000-03-01,,Active
11400,,Ezekiel Vandenburgh,ezekiel vandenburgh,LB,FRONT7,1999-01-18,,Inactive
11401,,DJ Dale,dj dale,DT,FRONT7,2000-10-30,,Active
11402,,Jourdan Heilig,jourdan heilig,LB,FRONT7,2001-04-25,,Active
11403,,Kaieem Caesar,kaieem caesar,DT,FRONT7,1998-11-09,,Active
11404,,Jeremy Lucien,jeremy lucien,CB,DB,2000-05-12,,Active
11405,,Trey Botts,trey botts,DT,FRONT7,1999-04-22,,Active
11406,,Corey Mayfield,corey mayfield,CB,DB,1999-09-09,,Active
11407,,Malik Hamm,malik hamm,LB,FRONT7,2000-08-26,,Active
11408,,Kelle Sanders,kelle sanders,LB,FRONT7,1999-02-16,,Active
11410,,Braxton Burmeister,braxton burmeister,WR,WR,1998-09-19,,Active
11411,,Robert Cooper,robert cooper,NT,FRONT7,2000-07-16,,Active
11412,,Jacob Sykes,jacob sykes,DE,FRONT7,1999-08-09,PHI,Active
11413,,Ronnie Brown,ronnie brown,RB,RB,2000-04-12,,Active
11415,,Tanner Taula,tanner taula,TE,TE,1998-12-06,,Active
11418,,Taye Barber,taye barber,WR,WR,1999-10-24,,Active
11419,,Kade Warner,kade warner,WR,WR,1998-09-29,,Active
11421,,Ryan Miller,ryan miller,WR,WR,2000-02-20,MIA,Active
11423,,Nelson Mbanasor,nelson mbanasor,LB,FRONT7,,,Active
11424,,Keenan Isaac,keenan isaac,CB,DB,2000-02-17,,Active
11425,,Derrek Pitts,derrek pitts,CB,DB,1998-08-08,,Active
11427,,Christian Izien,christian izien,DB,DB,2000-06-08,DET,Active
11428,,Brandon Bouyer-Randle,brandon bouyer randle,LB,FRONT7,1997-05-02,,Inactive
11429,,Kaevon Merriweather,kaevon merriweather,DB,DB,1999-12-20,JAX,Active
11430,,Jeremy Banks,jeremy banks,LB,FRONT7,1999-09-23,,Active
11431,,Isaiah Bowser,isaiah bowser,RB,RB,1999-07-14,,Active
11432,,Markees Watts,markees watts,DE,FRONT7,1999-12-07,,Active
11433,,Nate Adkins,nate adkins,TE,TE,1999-07-09,DEN,Active
11434,,Seth Benson,seth benson,LB,FRONT7,1999-07-27,,Active
11435,,Emanuel Wilson,emanuel wilson,RB,RB,1999-05-08,SEA,Active
11436,,PJ Mustipher,pj mustipher,NT,FRONT7,1999-11-10,NYG,Active
11437,,Marcus Haynes,marcus haynes,LB,FRONT7,1998-04-07,,Active
11438,,Dallas Daniels,dallas daniels,WR,WR,,,Active
11439,,Jaleel McLaughlin,jaleel mclaughlin,RB,RB,2000-09-13,CLE,Active
11440,,Art Green,art green,CB,DB,2000-04-29,ARI,Active
11441,,Thomas Incoom,thomas incoom,LB,FRONT7,1999-02-19,CAR,Active
11442,,Darrious Gaines,darrious gaines,CB,DB,,,Active
11445,,Taylor Grimes,taylor grimes,WR,WR,2000-03-26,,Active
11447,,Kris Leach,kris leach,TE,TE,,,Active
11448,,Ekow Boye-Doe,ekow boye doe,CB,DB,1999-11-04,,Active
11449,,Darius Joiner,darius joiner,DB,DB,1998-09-28,,Active
11452,,Jesse Matthews,jesse matthews,WR,WR,1999-08-12,,Active
11454,,Otis Reese,otis reese,LB,FRONT7,1998-07-02,,Active
11455,,Anthony Kendall,anthony kendall,CB,DB,1999-12-17,BUF,Active
11456,,Tre'Shaun Harrison,tre shaun harrison,WR,WR,2000-06-26,,Inactive
11457,,Trey Wolff,trey wolff,K,K,2000-02-22,,Active
11458,,Matthew Jackson,matthew jackson,DB,DB,1998-11-09,,Active
11459,,Kedrick Whitehead,kedrick whitehead,DB,DB,1999-11-20,,Active
11460,,Azizi Hearn,azizi hearn,CB,DB,1999-06-05,,Active
11461,,George Tarlas,george tarlas,DE,FRONT7,1998-09-28,,Active
11462,,Jaydon Grant,jaydon grant,DB,DB,1998-06-15,,Active
11463,,Brock Martin,brock martin,DE,FRONT7,1999-03-01,,Active
11465,,Adam Plant,adam plant,DE,FRONT7,2000-02-11,,Active
11466,,Jordan Perryman,jordan perryman,CB,DB,1999-02-27,,Inactive
11467,,John Samuel Shenker,john samuel shenker,TE,TE,1998-09-02,,Active
11470,,Drake Thomas,drake thomas,LB,FRONT7,2000-02-25,SEA,Active
11472,,Alfonzo Graham,alfonzo graham,RB,RB,2000-03-20,,Inactive
11473,,Latavious Brini,latavious brini,DB,DB,1998-11-09,,Active
11474,,Dylan Drummond,dylan drummond,WR,WR,2000-01-17,ATL,Active
11476,,Armani Marsh,armani marsh,DB,DB,1999-02-17,,Active
11477,,LJ Davis,lj davis,CB,DB,1998-12-30,,Active
11478,,Gavin Holmes,gavin holmes,WR,WR,1998-09-29,,Active
11479,,Eric Garror,eric garror,CB,DB,2000-03-31,,Active
11480,,Taron Vincent,taron vincent,DT,FRONT7,2000-02-05,,Active
11481,,Natrone Brooks,natrone brooks,CB,DB,1999-12-17,MIN,Active
11482,,Clifford Chattman,clifford chattman,DB,DB,1997-05-23,,Active
11483,,Ellis Merriweather,ellis merriweather,RB,RB,1999-04-07,,Active
11484,,Adrian Frye,adrian frye,DB,DB,2000-01-21,,Active
11485,,Antwuan Jackson,antwuan jackson,DT,FRONT7,1997-09-21,,Active
11486,,Zach Ojile,zach ojile,FB,RB,1999-01-28,,Active
11487,,Steven Gilmore,steven gilmore,CB,DB,1999-09-17,,Active
11488,,Jerron Cage,jerron cage,DT,FRONT7,1998-11-25,,Active
11489,,Kahlef Hailassie,kahlef hailassie,CB,DB,2000-11-09,GB,Active
11490,,Ian Swenson,ian swenson,LB,FRONT7,1998-10-23,,Active
11491,,Austin Aune,austin aune,QB,QB,1993-09-06,,Active
11492,,Ace Eley,ace eley,LB,FRONT7,1998-10-22,,Active
11493,,Jordan Murray,jordan murray,TE,TE,2000-04-20,,Inactive
11494,,Willie Taylor,willie taylor,LB,FRONT7,1999-07-07,,Active
11495,,Bryan Thompson,bryan thompson,WR,WR,1999-04-07,,Inactive
11496,,Braydon Johnson,braydon johnson,WR,WR,1998-12-02,,Active
11497,,Tautala Pesefea,tautala pesefea,DL,FRONT7,1999-05-24,,Inactive
11498,,Tyler Murray,tyler murray,LB,FRONT7,1999-02-15,,Inactive
11501,,Justus Tavai,justus tavai,DT,FRONT7,1998-06-26,,Active
11502,,Brian Cobbs,brian cobbs,WR,WR,1999-10-18,,Active
11503,,Cam Brown,cam brown,CB,DB,2000-04-06,,Active
11504,,Jose Barbon,jose barbon,WR,WR,2000-04-16,,Active
11505,,David Durden,david durden,WR,WR,1998-12-26,,Active
11506,,Jalen Cropper,jalen cropper,WR,WR,2001-05-03,NO,Active
11507,,D'Angelo Mandell,d angelo mandell,CB,DB,1998-12-27,,Active
11508,,Princeton Fant,princeton fant,TE,TE,1999-03-11,DAL,Inactive
11509,,Durrell Johnson,durrell johnson,DE,FRONT7,1998-06-26,,Active
11510,,Hunter Luepke,hunter luepke,FB,RB,2000-02-28,DAL,Active
11511,,John Stephens,john stephens,TE,TE,1999-09-23,,Inactive
11512,,Tyrus Wheat,tyrus wheat,DE,FRONT7,1999-12-08,DAL,Active
11514,,Isaiah Land,isaiah land,LB,FRONT7,2000-02-05,DAL,Active
11515,,Myles Brooks,myles brooks,CB,DB,2001-01-12,,Active
11517,,Nicholas Williams,nicholas williams,DT,FRONT7,1989-04-20,,Injured Reserve
11518,,Toby Ndukwe,toby ndukwe,LB,FRONT7,1999-05-17,,Active
11519,,LaTrell Bumphus,latrell bumphus,DL,FRONT7,1999-09-30,,Inactive
11520,,Lucky Jackson,lucky jackson,WR,WR,1997-07-17,DET,Active
11521,,Jadakis Bonds,jadakis bonds,WR,WR,1999-11-27,,Active
11522,,Jerome Kapp,jerome kapp,WR,WR,1999-04-07,,Active
11523,,Cody Chrest,cody chrest,WR,WR,1998-04-10,,Active
11524,,Izaiah Gathings,izaiah gathings,TE,TE,2000-09-18,,Active
11526,,Malachi Carter,malachi carter,WR,WR,2000-03-15,,Active
11527,,Jordan Swann,jordan swann,CB,DB,1999-02-25,,Inactive
11528,,Garett Maag,garett maag,WR,WR,2000-01-01,,Active
11529,,Ed Lee,ed lee,WR,WR,1999-05-29,,Active
11530,,Nick Williams,nick williams,WR,WR,,,Active
11531,,Michael Tutsie,michael tutsie,DB,DB,1998-02-21,,Active
11532,,Matthew Trickett,matthew trickett,K,K,1999-09-23,,Active
11533,,Brandon Aubrey,brandon aubrey,K,K,1995-03-14,DAL,Active
11534,,Andrew Whitaker,andrew whitaker,CB,DB,1999-01-16,,Active
11535,,Josh Butler,josh butler,CB,DB,1996-11-25,,Active
11536,,Milton Wright,milton wright,WR,WR,2000-09-28,,Active
11537,,Wayne Taulapapa,wayne taulapapa,RB,RB,1998-03-22,,Active
11538,,Toriano Clinton,toriano clinton,RB,RB,,,Active
11539,,Jake Bates,jake bates,K,K,1999-03-03,DET,Active
11540,,La'Michael Pettway,la michael pettway,TE,TE,1997-03-20,,Active
11541,,Chuck Wiley,chuck wiley,DE,FRONT7,1975-03-06,,Active
11543,,Lachlan Pitts,lachlan pitts,TE,TE,,,Active
11544,,Avery Davis,avery davis,WR,WR,1998-09-26,,Active
11547,,Nehemiah Shelton,nehemiah shelton,CB,DB,1999-09-13,,Active
11548,,Aaron Dykes,aaron dykes,RB,RB,,,Active
11549,,Caleb Sanders,caleb sanders,DT,FRONT7,,,Active
11550,,DaShaun White,dashaun white,LB,FRONT7,2000-01-02,,Active
11551,,Tre Tarpley,tre tarpley,DB,DB,1996-06-18,,Active
11552,,Durell Nchami,durell nchami,LB,FRONT7,2000-02-11,,Active
11553,,Chad Cota,chad cota,S,DB,1971-08-08,HOU,Active
11554,,Chase Cota,chase cota,WR,WR,1999-11-09,,Active
11556,,Devin Leary,devin leary,QB,QB,1999-09-10,,Active
11557,,Joe Milton,joe milton,QB,QB,2000-03-06,DAL,Active
11558,,Sam Hartman,sam hartman,QB,QB,1999-07-29,WAS,Active
11559,,Michael Penix,michael penix,QB,QB,2000-05-08,ATL,Active
11560,,Caleb Williams,caleb williams,QB,QB,2001-11-18,CHI,Active
11561,,Michael Pratt,michael pratt,QB,QB,2001-09-30,,Active
11562,,Spencer Rattler,spencer rattler,QB,QB,2000-09-28,NO,Active
11563,,Bo Nix,bo nix,QB,QB,2000-02-25,DEN,Active
11564,,Drake Maye,drake maye,QB,QB,2002-08-30,NE,Active
11565,,J.J. McCarthy,jj mccarthy,QB,QB,2003-01-20,NYG,Active
11566,,Jayden Daniels,jayden daniels,QB,QB,2000-12-18,WAS,Active
11567,,Jordan Travis,jordan travis,QB,QB,2000-05-02,,Active
11568,,Blake Watson,blake watson,RB,RB,1999-10-14,,Active
11569,,Jarquez Hunter,jarquez hunter,RB,RB,2002-12-29,MIA,Active
11570,,Rasheen Ali,rasheen ali,RB,RB,2001-02-16,BAL,Active
11571,,Isaiah Davis,isaiah davis,RB,RB,2002-02-21,NYJ,Active
11572,,Player Invalid,player invalid,RB,RB,,,Inactive
11573,,Frank Gore,frank gore,RB,RB,2002-03-13,BUF,Active
11574,,Dylan Laube,dylan laube,RB,RB,1999-12-14,LV,Active
11575,,Ray Davis,ray davis,RB,RB,1999-11-11,BUF,Active
11576,,Braelon Allen,braelon allen,RB,RB,2004-01-20,NYJ,Active
11577,,Will Shipley,will shipley,RB,RB,2002-08-29,PHI,Active
11578,,Player Invalid,player invalid,RB,RB,,,Inactive
11579,,Audric Estime,audric estime,RB,RB,2003-09-06,MIN,Active
11580,,Dillon Johnson,dillon johnson,RB,RB,2001-06-15,,Active
11581,,MarShawn Lloyd,marshawn lloyd,RB,RB,2001-01-05,GB,Active
11582,,Carson Steele,carson steele,RB,RB,2002-10-21,PHI,Active
11583,,Jonathon Brooks,jonathon brooks,RB,RB,2003-07-21,CAR,Inactive
11584,,Bucky Irving,bucky irving,RB,RB,2002-08-19,TB,Active
11585,,Player Invalid,player invalid,RB,RB,,,Inactive
11586,,Blake Corum,blake corum,RB,RB,2000-11-25,LAR,Active
11587,,Player Invalid,player invalid,RB,RB,,,Inactive
11588,,Jawhar Jordan,jawhar jordan,RB,RB,1999-08-18,HOU,Active
11589,,Trey Benson,trey benson,RB,RB,2002-07-23,ARI,Inactive
11590,,Jase McClellan,jase mcclellan,RB,RB,2002-06-25,,Active
11591,,Player Invalid,player invalid,TE,TE,,,Inactive
11592,,Erick All,erick all,TE,TE,2000-09-13,CIN,Active
11593,,Brevyn Spann-Ford,brevyn spann ford,TE,TE,1999-12-27,DAL,Active
11594,,Player Invalid,player invalid,TE,TE,,,Inactive
11595,,Jared Wiley,jared wiley,TE,TE,2000-11-02,KC,Active
11596,,Ben Sinnott,ben sinnott,TE,TE,2002-06-14,WAS,Active
11597,,Theo Johnson,theo johnson,TE,TE,2001-02-26,NYG,Active
11598,,Tanner McLachlan,tanner mclachlan,TE,TE,1999-03-15,,Inactive
11599,,Cade Stover,cade stover,TE,TE,2000-06-12,HOU,Active
11600,,Ja'Tavion Sanders,ja tavion sanders,TE,TE,2003-03-27,CAR,Active
11601,,Trey Knox,trey knox,TE,TE,2001-08-14,,Active
11602,,Player Invalid,player invalid,TE,TE,,,Inactive
11603,,AJ Barner,aj barner,TE,TE,2002-05-03,SEA,Active
11604,,Brock Bowers,brock bowers,TE,TE,2002-12-13,LV,Active
11605,,Jaheim Bell,jaheim bell,TE,TE,2001-06-14,,Active
11606,,Dallin Holker,dallin holker,TE,TE,2000-04-07,,Active
11607,,Hayden Hatten,hayden hatten,WR,WR,2000-06-06,,Active
11608,,Isaiah Williams,isaiah williams,WR,WR,2001-01-29,NYJ,Active
11609,,Player Invalid,player invalid,WR,WR,,,Inactive
11610,,Malik Washington,malik washington,WR,WR,2001-01-04,MIA,Active
11611,,Player Invalid,player invalid,WR,WR,,,Inactive
11612,,Player Invalid,player invalid,WR,WR,,,Inactive
11613,,Player Invalid,player invalid,WR,WR,,,Inactive
11614,,Player Invalid,player invalid,WR,WR,,,Inactive
11615,,Ainias Smith,ainias smith,WR,WR,2001-05-31,,Inactive
11616,,Jacob Cowing,jacob cowing,WR,WR,2001-02-04,SF,Active
11617,,Malachi Corley,malachi corley,WR,WR,2002-03-21,CLE,Active
11618,,Jalen McMillan,jalen mcmillan,WR,WR,2001-12-07,TB,Inactive
11619,,Ja'Lynn Polk,ja lynn polk,WR,WR,2002-04-11,,Active
11620,,Rome Odunze,rome odunze,WR,WR,2002-06-03,CHI,Active
11621,,Brenden Rice,brenden rice,WR,WR,2002-03-18,,Active
11622,,Player Invalid,player invalid,WR,WR,,,Inactive
11623,,Jordan Whittington,jordan whittington,WR,WR,2000-10-01,LAR,Active
11624,,Xavier Worthy,xavier worthy,WR,WR,2003-04-27,KC,Active
11625,,Adonai Mitchell,adonai mitchell,WR,WR,2002-10-08,NYJ,Active
11626,,Xavier Legette,xavier legette,WR,WR,2001-01-29,CAR,Inactive
11627,,Troy Franklin,troy franklin,WR,WR,2003-02-06,DEN,Active
11628,,Marvin Harrison,marvin harrison,WR,WR,2002-08-11,ARI,Active
11629,,Devontez Walker,devontez walker,WR,WR,2001-06-19,BAL,Active
11630,,Roman Wilson,roman wilson,WR,WR,2001-06-19,PIT,Active
11631,,Brian Thomas,brian thomas,WR,WR,2002-10-08,JAX,Active
11632,,Malik Nabers,malik nabers,WR,WR,2003-07-28,NYG,Active
11633,,Jamari Thrash,jamari thrash,WR,WR,2000-12-19,,Inactive
11634,,Player Invalid,player invalid,WR,WR,,,Inactive
11635,,Ladd McConkey,ladd mcconkey,WR,WR,2001-11-11,LAC,Active
11636,,Johnny Wilson,johnny wilson,WR,WR,2001-04-03,PHI,Inactive
11637,,Keon Coleman,keon coleman,WR,WR,2003-05-17,BUF,Active
11638,,Ricky Pearsall,ricky pearsall,WR,WR,2000-09-09,SF,Inactive
11639,,Player Invalid,player invalid,WR,WR,,,Inactive
11640,,Jermaine Burton,jermaine burton,WR,WR,2001-06-28,,Active
11641,,Lwal  Uguak,lwal uguak,DT,FRONT7,2000-03-30,,Active
11642,,Lwal Uguak,lwal uguak,DL,FRONT7,2000-03-20,,Active
11643,,Jaylen Wright,jaylen wright,RB,RB,2003-04-01,MIA,Active
11644,,Cody Schrader,cody schrader,RB,RB,1999-09-08,DEN,Active
11645,,Javon Baker,javon baker,WR,WR,2002-02-18,,Active
11646,,Jalen Coker,jalen coker,WR,WR,2001-10-30,CAR,Active
11647,,Kimani Vidal,kimani vidal,RB,RB,2001-08-28,LAC,Active
11648,,Kedon Slovis,kedon slovis,QB,QB,2001-04-11,GB,Active
11649,,Kendall Milton,kendall milton,RB,RB,2002-02-10,CIN,Active
11650,,Luke McCaffrey,luke mccaffrey,WR,WR,2001-04-02,WAS,Active
11651,,Isaac Guerendo,isaac guerendo,RB,RB,2000-06-28,SF,Active
11652,,Louis Rees-Zammit,louis rees zammit,RB,RB,2001-02-02,,Active
11653,,Charlie Smyth,charlie smyth,K,K,2001-06-26,NO,Active
11654,,Dante Miller,dante miller,RB,RB,1999-05-14,,Inactive
11655,,Tyrone Tracy,tyrone tracy,RB,RB,1999-11-23,NYG,Active
11656,,Nate Wiggins,nate wiggins,CB,DB,2003-08-28,BAL,Active
11658,,Darius Robinson,darius robinson,DL,FRONT7,2001-09-13,ARI,Active
11661,,Terrion Arnold,terrion arnold,DB,DB,2003-03-22,SEA,Active
11662,,Quinyon Mitchell,quinyon mitchell,CB,DB,2001-07-18,PHI,Active
11663,,Chop Robinson,chop robinson,DE,FRONT7,2003-01-02,MIA,Active
11665,,Jared Verse,jared verse,DL,FRONT7,2000-11-04,CLE,Active
11667,,Dallas Turner,dallas turner,LB,FRONT7,2003-02-02,MIN,Active
11668,,Byron Murphy,byron murphy,DL,FRONT7,2002-09-08,SEA,Active
11669,,Laiatu Latu,laiatu latu,DL,FRONT7,2000-12-31,IND,Active
11674,,Tyler Nubin,tyler nubin,DB,DB,2001-06-14,NYG,Active
11675,,Kool-Aid McKinstry,kool aid mckinstry,DB,DB,2002-09-30,NO,Active
11676,,Mike Sainristil,mike sainristil,DB,DB,2000-10-03,WAS,Active
11677,,Braden Fiske,braden fiske,DL,FRONT7,2000-01-18,LAR,Active
11678,,Cooper DeJean,cooper dejean,DB,DB,2003-02-09,PHI,Active
11679,,Chris Braswell,chris braswell,LB,FRONT7,2001-10-25,HOU,Active
11682,,Cole Bishop,cole bishop,DB,DB,2002-10-24,BUF,Active
11685,,Kamari Lassiter,kamari lassiter,DB,DB,2003-01-23,HOU,Active
11686,,Javon Bullard,javon bullard,DB,DB,2002-09-05,GB,Active
11687,,Edgerrin Cooper,edgerrin cooper,LB,FRONT7,2001-11-17,GB,Inactive
11688,,Kris Jenkins,kris jenkins,DL,FRONT7,2001-10-10,CIN,Active
11689,,Ennis Rakestraw,ennis rakestraw,DB,DB,2002-06-05,DET,Active
11691,,T'Vondre Sweat,t vondre sweat,DL,FRONT7,2001-07-11,NYJ,Active
11692,,Mike Hall,mike hall,DT,FRONT7,2003-06-13,CLE,Active
11693,,Max Melton,max melton,DB,DB,2002-04-15,ARI,Active
11694,,Marshawn Kneeland,marshawn kneeland,DL,FRONT7,2001-07-08,,Active
11695,,Ruke Orhorhoro,ruke orhorhoro,DT,FRONT7,2001-10-13,JAX,Active
11697,,Renardo Green,renardo green,DB,DB,2000-11-09,SF,Active
11698,,Maason Smith,maason smith,DT,FRONT7,2002-10-13,ATL,Active
11699,,Jer'Zhan Newton,jer zhan newton,DL,FRONT7,2002-08-31,WAS,Inactive
11700,,Dru Phillips,dru phillips,DB,DB,2001-11-30,NYG,Active
11701,,Junior Colson,junior colson,LB,FRONT7,2002-12-06,LAC,Active
11703,,Jalyx Hunt,jalyx hunt,DL,FRONT7,2001-03-13,PHI,Active
11705,,Tykee Smith,tykee smith,DB,DB,2001-02-18,TB,Active
11706,,DeWayne Carter,dewayne carter,DT,FRONT7,2000-12-10,BUF,Active
11710,,Calen Bullock,calen bullock,DB,DB,2003-04-30,HOU,Active
11712,,Ty'Ron Hopper,ty ron hopper,LB,FRONT7,2001-04-26,GB,Active
11713,,McKinnley Jackson,mckinnley jackson,DL,FRONT7,2001-12-26,SF,Active
11714,,Jonah Elliss,jonah elliss,DE,FRONT7,2003-04-03,DEN,Active
11716,,Tip Reiman,tip reiman,TE,TE,2001-09-17,ARI,Active
11717,,Elijah Jones,elijah jones,DB,DB,2000-01-08,CHI,Active
11720,,Marist Liufau,marist liufau,LB,FRONT7,2001-02-09,DAL,Inactive
11721,,Bralen Trice,bralen trice,DE,FRONT7,2001-02-26,ATL,Active
11722,,Adisa Isaac,adisa isaac,DE,FRONT7,2001-10-04,BAL,Active
11724,,Trevin Wallace,trevin wallace,LB,FRONT7,2003-02-22,NYJ,Active
11725,,Jarrian Jones,jarrian jones,DB,DB,2001-05-08,JAX,Active
11726,,Kamren Kinchens,kamren kinchens,DB,DB,2002-09-29,LAR,Active
11727,,Payton Wilson,payton wilson,LB,FRONT7,2000-04-21,PIT,Active
11728,,Jaden Hicks,jaden hicks,DB,DB,2002-08-16,KC,Active
11729,,Sione Vaki,sione vaki,RB,RB,2001-07-30,DET,Active
11730,,T.J. Tampa,tj tampa,DB,DB,2002-03-13,BAL,Inactive
11731,,Malik Mustapha,malik mustapha,DB,DB,2002-06-25,SF,Active
11734,,Tyrice Knight,tyrice knight,LB,FRONT7,2000-12-20,SEA,Active
11736,,Jordan Jefferson,jordan jefferson,DT,FRONT7,2001-09-24,LAC,Active
11738,,Decamerion Richardson,decamerion richardson,CB,DB,2001-03-16,NO,Active
11739,,Evan Williams,evan williams,DB,DB,2001-07-28,GB,Active
11740,,Brandon Dorlus,brandon dorlus,DE,FRONT7,2001-03-22,ATL,Active
11741,,Khyree Jackson,khyree jackson,DB,DB,1999-08-11,,Inactive
11742,,Cedric Gray,cedric gray,LB,FRONT7,2002-10-30,TEN,Active
11743,,Justin Eboigbe,justin eboigbe,DL,FRONT7,2001-04-09,LAC,Active
11744,,Dadrion Taylor-Demerson,dadrion taylor demerson,DB,DB,2001-01-20,ARI,Active
11747,,Jaylan Ford,jaylan ford,LB,FRONT7,2001-11-28,NO,Inactive
11748,,Bub Means,bub means,WR,WR,2001-01-10,CLE,Active
11749,,Cam Hart,cam hart,CB,DB,2000-12-05,LAC,Active
11750,,Dominique Hampton,dominique hampton,CB,DB,2000-07-25,TEN,Inactive
11751,,Brennan Jackson,brennan jackson,DE,FRONT7,2000-10-14,LV,Inactive
11752,,Jeremiah Trotter,jeremiah trotter,LB,FRONT7,2002-12-24,PHI,Active
11753,,Nehemiah Pritchett,nehemiah pritchett,CB,DB,2001-02-11,SEA,Active
11754,,Mohamed Kamara,mohamed kamara,DL,FRONT7,1999-05-29,TB,Inactive
11755,,Qwan'tez Stiggers,qwan tez stiggers,CB,DB,2002-01-08,NYJ,Active
11757,,Edefuan Ulofoshio,edefuan ulofoshio,LB,FRONT7,2000-01-23,,Active
11759,,Javon Solomon,javon solomon,DE,FRONT7,2001-01-17,BUF,Active
11760,,Austin Booker,austin booker,DL,FRONT7,2002-12-14,CHI,Active
11761,,Tommy Eichenberg,tommy eichenberg,LB,FRONT7,2001-01-11,LV,Active
11762,,Anthony Gould,anthony gould,WR,WR,2001-04-06,IND,Active
11763,,Kitan Oladapo,kitan oladapo,DB,DB,2000-10-10,GB,Active
11764,,Josh Newton,josh newton,CB,DB,2000-09-14,CIN,Active
11765,,Kris Abrams-Draine,kris abrams draine,DB,DB,2001-10-04,DEN,Active
11766,,Jarvis Brownlee,jarvis brownlee,DB,DB,2001-07-13,NYJ,Active
11767,,Xavier Thomas,xavier thomas,DE,FRONT7,1999-12-20,,Inactive
11769,,Caelen Carson,caelen carson,DB,DB,2002-03-03,DAL,Active
11770,,JD Bertrand,jd bertrand,LB,FRONT7,2000-05-05,ATL,Inactive
11771,,Chau Smith-Wade,chau smith wade,DB,DB,2002-09-17,CAR,Active
11772,,Deantre Prince,deantre prince,CB,DB,2000-10-12,CHI,Active
11773,,Keilan Robinson,keilan robinson,RB,RB,2000-02-16,,Active
11775,,Jaylin Simpson,jaylin simpson,DB,DB,2000-03-17,MIA,Active
11777,,Jaylon Carlies,jaylon carlies,DB,DB,2001-09-13,IND,Active
11778,,Jordan Magee,jordan magee,LB,FRONT7,2001-03-24,WAS,Inactive
11779,,Tarheeb Still,tarheeb still,DB,DB,2002-06-09,LAC,Active
11781,,Daequan Hardy,daequan hardy,CB,DB,2001-06-13,,Inactive
11783,,Ryan Flournoy,ryan flournoy,WR,WR,1999-10-27,DAL,Active
11785,,Cedric Johnson,cedric johnson,DE,FRONT7,2002-09-06,CIN,Active
11786,,Cam Little,cam little,K,K,2003-08-17,JAX,Active
11787,,Kamal Hadden,kamal hadden,DB,DB,2001-01-17,GB,Active
11789,,Joshua Karty,joshua karty,K,K,2002-03-07,,Active
11790,,Nathaniel Watson,nathaniel watson,LB,FRONT7,2000-09-01,CLE,Active
11792,,Will Reichard,will reichard,K,K,2001-01-09,MIN,Active
11794,,Micah Abraham,micah abraham,CB,DB,2000-12-11,,Active
11795,,Jaden Crumedy,jaden crumedy,DT,FRONT7,2000-07-30,HOU,Active
11796,,Khristian Boyd,khristian boyd,DL,FRONT7,2000-02-23,NO,Active
11797,,Patrick McMorris,patrick mcmorris,DB,DB,2001-10-18,,Active
11798,,Zion Logue,zion logue,DL,FRONT7,2002-07-13,CLE,Active
11799,,Tyler Davis,tyler davis,DT,FRONT7,2000-11-01,LAR,Active
11800,,Ryan Watts,ryan watts,DB,DB,2001-11-07,,Active
11801,,DJ James,dj james,CB,DB,2001-03-05,,Active
11802,,Tejhaun Palmer,tejhaun palmer,WR,WR,2000-05-19,,Active
11804,,Mekhi Wingo,mekhi wingo,DT,FRONT7,2003-04-17,DET,Active
11805,,Jamal Hill,jamal hill,LB,FRONT7,2001-04-04,HOU,Active
11806,,Casey Washington,casey washington,WR,WR,2001-03-06,CAR,Active
11807,,Darius Muasau,darius muasau,LB,FRONT7,2001-02-10,NE,Active
11808,,Jha'Quan Jackson,jha quan jackson,WR,WR,2000-05-15,,Active
11809,,Marcellas Dial,marcellas dial,DB,DB,2000-12-06,MIA,Active
11811,,Logan Lee,logan lee,DL,FRONT7,2000-06-12,PIT,Inactive
11815,,Cornelius Johnson,cornelius johnson,WR,WR,2000-11-29,,Active
11816,,Javontae Jean-Baptiste,javontae jean baptiste,DL,FRONT7,2000-05-16,WAS,Active
11819,,Levi Drake Rodriguez,levi drake rodriguez,DT,FRONT7,2000-08-04,MIN,Active
11820,,Devin Culp,devin culp,TE,TE,2000-02-02,TB,Active
11821,,Tahj Washington,tahj washington,WR,WR,2001-05-16,,Active
11822,,Jaylen Key,jaylen key,DB,DB,2000-02-29,,Active
11825,,MJ Devonshire,mj devonshire,DB,DB,2000-09-12,,Active
11826,,Trey Taylor,trey taylor,DB,DB,2001-01-30,,Active
11827,,Jonah Laulu,jonah laulu,DL,FRONT7,2000-06-30,LV,Active
11828,,Marcus Harris,marcus harris,DL,FRONT7,2000-09-27,KC,Active
11829,,Solomon Byrd,solomon byrd,DE,FRONT7,1999-12-01,HOU,Inactive
11830,,Kalen King,kalen king,CB,DB,2003-01-28,ARI,Active
11831,,Daijahn Anthony,daijahn anthony,DB,DB,2000-09-09,,Active
11834,,Devaughn Vele,devaughn vele,WR,WR,1997-12-12,NO,Active
11835,,Jaylen Harrell,jaylen harrell,DE,FRONT7,2002-05-01,TEN,Inactive
11836,,Myles Harden,myles harden,DB,DB,2001-12-13,CLE,Active
11837,,Jaden Davis,jaden davis,DB,DB,2001-07-18,HOU,Active
11839,,Justin Rogers,justin rogers,DL,FRONT7,2001-09-12,,Active
11841,,Sanoussi Kane,sanoussi kane,DB,DB,2001-10-06,,Inactive
11842,,Tatum Bethune,tatum bethune,LB,FRONT7,2001-02-19,SF,Active
11843,,Michael Barrett,michael barrett,LB,FRONT7,1999-12-21,,Active
11844,,Myles Cole,myles cole,LB,FRONT7,2000-04-29,,Active
11846,,Jowon Briggs,jowon briggs,DE,FRONT7,2001-09-01,NYJ,Active
11847,,James Williams,james williams,DB,DB,2003-02-15,TEN,Active
11848,,Casey Bauman,casey bauman,QB,QB,2000-05-18,,Active
11850,,Jeff Foreman,jeff foreman,WR,WR,1999-12-26,,Active
11851,,Carter Bradley,carter bradley,QB,QB,2000-03-09,,Inactive
11852,,TJ Franklin,tj franklin,DL,FRONT7,2000-12-14,,Active
11853,,Tomari Fox,tomari fox,DL,FRONT7,2001-03-24,,Active
11855,,Amari Gainer,amari gainer,LB,FRONT7,2000-06-22,MIA,Active
11857,,Daijun Edwards,daijun edwards,RB,RB,2001-04-11,,Active
11858,,Julius Welschof,julius welschof,DL,FRONT7,1997-03-12,PIT,Active
11859,,John Rhys Plumlee,john rhys plumlee,QB,QB,2001-01-02,,Active
11860,,Beanie Bishop,beanie bishop,CB,DB,1999-12-17,,Active
11861,,Jacoby Windmon,jacoby windmon,LB,FRONT7,2001-08-20,PIT,Active
11862,,Luke Benson,luke benson,TE,TE,2001-04-26,,Active
11863,,Leon Johnson,leon johnson,WR,WR,2001-06-12,,Active
11864,,Zach Heins,zach heins,TE,TE,2000-04-21,,Active
11865,,Jalyn Phillips,jalyn phillips,DB,DB,2001-08-20,,Active
11867,,Jaelen Gill,jaelen gill,WR,WR,1999-11-17,,Active
11868,,Micheal Mason,micheal mason,DL,FRONT7,2000-11-29,,Active
11869,,Robert Kennedy,robert kennedy,DB,DB,1999-09-30,,Active
11870,,Jeremiah Jean-Baptiste,jeremiah jean baptiste,LB,FRONT7,2001-05-31,,Active
11871,,Akeem Dent,akeem dent,DB,DB,2000-01-26,,Active
11872,,Thomas Harper,thomas harper,DB,DB,2000-11-05,DET,Inactive
11874,,Jaylen Johnson,jaylen johnson,WR,WR,2000-05-26,,Active
11875,,Tre'Mon Morris-Brash,tre mon morris brash,DE,FRONT7,2000-09-29,,Active
11876,,Savion Jackson,savion jackson,DE,FRONT7,1999-11-09,,Active
11877,,Noah Shannon,noah shannon,DL,FRONT7,2000-03-16,,Active
11879,,Rayshad Williams,rayshad williams,CB,DB,2000-02-26,,Active
11880,,Woo Governor,woo governor,DB,DB,2000-10-09,,Active
11882,,Ja'Quan Sheppard,ja quan sheppard,DB,DB,2000-04-02,,Active
11883,,Phalen Sanford,phalen sanford,DB,DB,1999-12-09,,Active
11884,,Ron Stone,ron stone,DE,FRONT7,2000-05-26,,Active
11885,,Ramel Keyton,ramel keyton,WR,WR,2000-09-14,,Active
11886,,Tulu Griffin,tulu griffin,WR,WR,2001-01-23,,Active
11888,,Zamari Walton,zamari walton,CB,DB,1998-05-31,,Active
11890,,Luquay Washington,luquay washington,LB,FRONT7,2001-05-11,,Active
11892,,Nate Latu,nate latu,DE,FRONT7,2000-02-24,,Active
11893,,Isaiah Stalbird,isaiah stalbird,LB,FRONT7,2000-07-18,NO,Active
11894,,Kyler Baugh,kyler baugh,DL,FRONT7,2001-11-28,PIT,Active
11895,,Mason Tipton,mason tipton,WR,WR,2000-09-27,NO,Active
11896,,Millard Bradford,millard bradford,DB,DB,1999-09-24,,Active
11897,,Jermaine Jackson,jermaine jackson,WR,WR,2000-06-02,,Active
11899,,Rico Payton,rico payton,CB,DB,1999-11-28,,Inactive
11900,,Jacob Kibodi,jacob kibodi,RB,RB,1998-10-04,,Active
11901,,Kyle Sheets,kyle sheets,WR,WR,2000-09-24,,Active
11904,,Lawrence Johnson,lawrence johnson,DB,DB,1999-09-02,,Active
11905,,Dwight McGlothern,dwight mcglothern,DB,DB,2002-02-06,,Inactive
11906,,Ty James,ty james,WR,WR,2001-04-06,,Active
11907,,Dallas Gant,dallas gant,LB,FRONT7,2000-05-16,,Active
11908,,Gabriel Murphy,gabriel murphy,DL,FRONT7,2000-10-13,,Active
11909,,Tyler Manoa,tyler manoa,DL,FRONT7,1999-12-08,,Active
11910,,Donovan Manuel,donovan manuel,LB,FRONT7,,,Active
11911,,Jeshaun Jones,jeshaun jones,WR,WR,1999-12-22,,Active
11912,,K.J. Cloyd,kj cloyd,LB,FRONT7,2001-02-19,,Active
11913,,Devron Harper,devron harper,WR,WR,2000-05-13,,Active
11916,,Christopher Edmonds,christopher edmonds,DB,DB,2001-07-16,,Active
11918,,Ahmarean Brown,ahmarean brown,WR,WR,2000-12-19,,Active
11921,,Xavier Weaver,xavier weaver,WR,WR,2000-10-12,,Inactive
11923,,Evan Anderson,evan anderson,DL,FRONT7,2002-02-14,,Active
11924,,Tanner Mordecai,tanner mordecai,QB,QB,1999-11-08,,Active
11925,,Terique Owens,terique owens,WR,WR,1999-09-25,,Active
11926,,Owen Porter,owen porter,DL,FRONT7,1999-11-15,,Active
11929,,Bo Richter,bo richter,DE,FRONT7,2000-08-13,MIN,Active
11930,,Taki Taimani,taki taimani,DL,FRONT7,1999-10-06,,Inactive
11931,,Austin Reed,austin reed,QB,QB,2000-02-22,,Active
11932,,Mike DiLiello,mike diliello,QB,QB,,,Active
11933,,Ben Nikkel,ben nikkel,DB,DB,1999-09-24,,Active
11934,,Tyler Owens,tyler owens,DB,DB,2001-05-12,WAS,Active
11935,,A.J. Woods,aj woods,CB,DB,2001-03-28,BUF,Active
11936,,Norell Pollard,norell pollard,DL,FRONT7,2000-02-18,,Active
11938,,Chigozie Anusiem,chigozie anusiem,CB,DB,2000-11-05,LV,Inactive
11940,,JaQuae Jackson,jaquae jackson,WR,WR,2000-01-30,,Active
11941,,Isaiah Wooden,isaiah wooden,WR,WR,2000-02-03,,Active
11942,,Colson Yankoff,colson yankoff,TE,TE,2000-03-01,WAS,Active
11943,,Michael Wiley,michael wiley,RB,RB,2001-11-10,,Active
11944,,Trey Vaval,trey vaval,CB,DB,2000-08-25,,Active
11946,,Marcus Rosemy-Jacksaint,marcus rosemy jacksaint,WR,WR,2002-01-08,,Active
11947,,Austin Jones,austin jones,RB,RB,2001-02-07,,Active
11948,,Robert Javier,robert javier,CB,DB,2000-05-26,,Active
11949,,Brayden Narveson,brayden narveson,K,K,1999-09-28,,Active
11950,,Rod Gattison,rod gattison,CB,DB,,,Active
11951,,Beau Brade,beau brade,DB,DB,2002-01-29,CIN,Active
11953,,Tramel Walthour,tramel walthour,DL,FRONT7,2000-07-26,,Active
11957,,Sam Schnee,sam schnee,WR,WR,2000-04-01,,Active
11959,,Bryce Oliver,bryce oliver,WR,WR,2000-05-19,,Active
11960,,Steven Stilianos,steven stilianos,TE,TE,2000-02-25,,Active
11961,,Emory Jones,emory jones,QB,QB,2000-04-29,,Active
11962,,Tayvion Robinson,tayvion robinson,WR,WR,2000-10-01,,Active
11963,,Chris Collier,chris collier,RB,RB,2000-03-24,LV,Inactive
11964,,Dayton Wade,dayton wade,WR,WR,2000-09-08,,Active
11965,,Marcus Banks,marcus banks,DB,DB,2000-10-08,,Inactive
11966,,Rashad Wisdom,rashad wisdom,DB,DB,2001-06-06,TB,Active
11967,,Don Chapman,don chapman,DB,DB,,,Active
11968,,Chris McDonald,chris mcdonald,CB,DB,1999-11-09,,Active
11969,,Xavier Johnson,xavier johnson,WR,WR,1999-05-11,,Active
11971,,Keaton Ellis,keaton ellis,DB,DB,2001-02-22,,Active
11972,,Isaiah Iton,isaiah iton,DL,FRONT7,2001-08-23,,Inactive
11973,,Gabe Jeudy-Lally,gabe jeudy lally,CB,DB,2001-02-16,,Active
11974,,Khalid Duke,khalid duke,DE,FRONT7,2001-02-27,,Active
11975,,Jordan Terrell,jordan terrell,RB,RB,2000-07-21,,Active
11976,,Tre Colbert,tre colbert,DL,FRONT7,,,Active
11977,,Yvandy Rigby,yvandy rigby,LB,FRONT7,1999-12-31,,Active
11978,,John McCartan,john mccartan,LB,FRONT7,,,Active
11979,,DeAngelo Hardy,deangelo hardy,DB,DB,,,Active
11980,,Ja'Mion Franklin,ja mion franklin,DT,FRONT7,1999-11-13,,Active
11981,,Deion Jennings,deion jennings,LB,FRONT7,2000-06-19,,Active
11982,,Isaiah Washington,isaiah washington,WR,WR,2001-05-04,,Active
11983,,Joe Evans,joe evans,DE,FRONT7,1999-06-29,,Active
11984,,DeVere Levelston,devere levelston,DE,FRONT7,2001-04-05,,Active
11985,,Carlton Johnson,carlton johnson,CB,DB,,,Active
11986,,Antonio Grier,antonio grier,LB,FRONT7,2000-01-18,,Active
11987,,Daniel Grzesiak,daniel grzesiak,DL,FRONT7,2000-11-19,,Active
11988,,Judge Culpepper,judge culpepper,DT,FRONT7,1999-11-24,,Active
11989,,D.J. Williams,dj williams,RB,RB,1999-11-15,,Inactive
11990,,Kalen DeLoach,kalen deloach,LB,FRONT7,2000-11-28,,Active
11993,,Tyrek Funderburk,tyrek funderburk,CB,DB,2000-11-28,DAL,Active
11994,,Kameron Johnson,kameron johnson,WR,WR,2002-03-17,TB,Active
11995,,Zack Annexstad,zack annexstad,QB,QB,2000-04-16,,Active
11997,,Eyabi Okie-Anoma,eyabi okie anoma,DL,FRONT7,1999-06-07,,Active
11998,,Emani Bailey,emani bailey,RB,RB,2001-11-28,,Active
12000,,Keni-H Lovely,keni h lovely,CB,DB,2000-05-12,,Active
12001,,Lawrence Keys,lawrence keys,WR,WR,1999-12-09,DET,Active
12002,,Alfahiym Walcott,alfahiym walcott,DB,DB,,,Active
12003,,Gunnar Watson,gunnar watson,QB,QB,2000-01-11,,Active
12004,,Branson Deen,branson deen,DL,FRONT7,2000-02-12,,Active
12006,,Sheridan Jones,sheridan jones,CB,DB,2000-10-25,,Active
12007,,Nathaniel Peat,nathaniel peat,RB,RB,2000-08-23,,Active
12008,,DeShawn Gaddie,deshawn gaddie,CB,DB,,,Active
12009,,Jack Plummer,jack plummer,QB,QB,1999-10-21,,Active
12010,,Popo Aumavae,popo aumavae,DT,FRONT7,1999-01-15,,Active
12011,,Demani Richardson,demani richardson,DB,DB,2000-10-07,,Active
12012,,Derrick McLendon,derrick mclendon,LB,FRONT7,2000-09-29,,Active
12013,,Jaden Shirden,jaden shirden,RB,RB,2002-05-02,,Active
12014,,Willie Drew,willie drew,CB,DB,2000-07-05,,Active
12015,,Harrison Mevis,harrison mevis,K,K,2002-03-27,LAR,Active
12017,,Clayton Isbell,clayton isbell,DB,DB,2000-08-03,,Active
12018,,Sam Pinckney,sam pinckney,WR,WR,1999-10-25,,Active
12019,,Devin Carter,devin carter,WR,WR,2002-03-18,,Active
12020,,Leo Lowin,leo lowin,LB,FRONT7,,,Active
12021,,Jackson Mitchell,jackson mitchell,LB,FRONT7,2001-01-23,,Active
12022,,Taylor Upshaw,taylor upshaw,DE,FRONT7,1999-08-13,,Active
12023,,Rason Williams,rason williams,DL,FRONT7,,,Active
12024,,Sunny Anderson,sunny anderson,DE,FRONT7,,,Active
12025,,Nelson Ceaser,nelson ceaser,DE,FRONT7,2001-06-03,,Active
12026,,Kobe Lewis,kobe lewis,RB,RB,2000-06-14,,Active
12028,,TaMerik Williams,tamerik williams,RB,RB,,,Active
12029,,Tyler Harrell,tyler harrell,WR,WR,2000-08-01,,Active
12030,,Braiden McGregor,braiden mcgregor,DE,FRONT7,2001-07-12,NYJ,Active
12031,,Leonard Taylor,leonard taylor,DL,FRONT7,2002-05-29,NE,Active
12032,,Travian Blaylock,travian blaylock,DB,DB,,,Active
12033,,OJ Hiliare,oj hiliare,WR,WR,2001-02-12,,Active
12035,,Jamree Kromah,jamree kromah,DL,FRONT7,2000-06-14,CHI,Active
12036,,Ian Wheeler,ian wheeler,RB,RB,2001-09-15,,Active
12037,,Reddy Steward,reddy steward,CB,DB,2001-05-04,DAL,Active
12039,,TD Ayo-Durojaiye,td ayo durojaiye,RB,RB,,,Active
12040,,Leon Jones,leon jones,CB,DB,2000-07-09,,Active
12041,,Carl Jones,carl jones,DL,FRONT7,2001-08-08,BAL,Active
12042,,Keith Randolph,keith randolph,DL,FRONT7,2001-09-01,,Active
12045,,Jack Westover,jack westover,TE,TE,1999-06-09,WAS,Active
12046,,Chevan Cordeiro,chevan cordeiro,QB,QB,,,Active
12047,,Ro Torrence,ro torrence,DB,DB,,,Active
12048,,George Holani,george holani,RB,RB,1999-12-16,SEA,Active
12049,,Aaron Beasley,aaron beasley,LB,FRONT7,,,Active
12050,,Dee Williams,dee williams,DB,DB,1999-12-06,,Active
12051,,Jackson Sirmon,jackson sirmon,LB,FRONT7,2000-04-15,NO,Active
12052,,Shyheim Battle,shyheim battle,CB,DB,,,Active
12053,,Tyreek Johnson,tyreek johnson,DE,FRONT7,1999-04-26,,Active
12054,,Jimmy Ciarlo,jimmy ciarlo,LB,FRONT7,2001-02-28,SEA,Active
12055,,Tre Jenkins,tre jenkins,DB,DB,,,Active
12056,,Jarius Monroe,jarius monroe,CB,DB,2000-10-06,,Active
12057,,Maema Njongmeta,maema njongmeta,LB,FRONT7,2001-03-09,CAR,Active
12058,,PJ Jules,pj jules,DB,DB,2001-05-14,CIN,Active
12059,,Michael Dowell,michael dowell,DB,DB,2000-01-28,,Active
12060,,Aaron Casey,aaron casey,LB,FRONT7,2000-06-12,,Active
12061,,Noah Cain,noah cain,RB,RB,2000-12-17,,Active
12062,,Cam Grandy,cam grandy,TE,TE,1999-11-19,MIN,Active
12063,,Rocky Lombardi,rocky lombardi,QB,QB,1998-07-30,,Active
12064,,Lance Robinson,lance robinson,DB,DB,2000-03-20,,Active
12066,,Elijah Collins,elijah collins,RB,RB,2000-08-01,,Active
12068,,Mason Pline,mason pline,TE,TE,2000-02-05,,Active
12070,,McCallan Castles,mccallan castles,TE,TE,1999-12-03,,Active
12071,,Gabe Hall,gabe hall,DT,FRONT7,2001-01-12,PHI,Active
12072,,Jacob Roberts,jacob roberts,LB,FRONT7,2001-09-20,,Inactive
12073,,Jett Johnson,jett johnson,LB,FRONT7,1999-06-29,,Active
12074,,Talik Keaton,talik keaton,WR,WR,,,Active
12077,,Lincoln Victor,lincoln victor,WR,WR,,,Active
12078,,Jaylon Allen,jaylon allen,DL,FRONT7,2000-03-30,,Active
12079,,Treyton Welch,treyton welch,TE,TE,2001-01-10,NO,Active
12080,,Aidan Robbins,aidan robbins,RB,RB,2000-12-22,,Active
12081,,Dyshawn Gales,dyshawn gales,CB,DB,2000-07-05,,Active
12083,,Winston Reid,winston reid,LB,FRONT7,1999-08-03,CLE,Active
12084,,Jason Johnson,jason johnson,LB,FRONT7,2001-06-01,,Active
12085,,Alec Holler,alec holler,TE,TE,1999-07-19,,Active
12086,,Cam Johnson,cam johnson,WR,WR,1999-04-12,,Active
12087,,Emany Johnson,emany johnson,DB,DB,2000-11-17,,Active
12088,,Brock Mogensen,brock mogensen,LB,FRONT7,2000-02-09,,Active
12089,,Julius Wood,julius wood,DB,DB,2001-05-02,MIA,Active
12090,,Corey Crooms,corey crooms,WR,WR,2001-04-17,,Active
12091,,Byron Vaughns,byron vaughns,LB,FRONT7,2000-06-16,,Active
12092,,Josh DeBerry,josh deberry,CB,DB,2001-08-10,,Active
12093,,Geordon Porter,geordon porter,WR,WR,,,Active
12094,,Alex Johnson,alex johnson,CB,DB,2000-10-11,,Inactive
12095,,Jjay Mcafee,jjay mcafee,TE,TE,,,Active
12096,,Casey Rogers,casey rogers,DL,FRONT7,1998-12-18,,Active
12097,,Ayir Asante,ayir asante,WR,WR,2001-02-27,,Active
12098,,Ovie Oghoufo,ovie oghoufo,DE,FRONT7,2000-03-27,,Active
12100,,Chris Autman-Bell,chris autman bell,WR,WR,1999-03-31,,Active
12102,,Andre' Sam,andre sam,DB,DB,1999-02-09,PHI,Inactive
12103,,Jordan Miller,jordan miller,DT,FRONT7,2000-01-20,,Active
12104,,Alec Mock,alec mock,LB,FRONT7,2002-03-30,,Active
12106,,Brandon Matterson,brandon matterson,DL,FRONT7,1999-11-29,,Active
12107,,Dylan Leonard,dylan leonard,TE,TE,2000-12-15,,Active
12108,,Quinton Newsome,quinton newsome,DB,DB,2001-07-11,,Active
12109,,Caleb Nelson,caleb nelson,CB,DB,,,Active
12111,,Levelle Bailey,levelle bailey,LB,FRONT7,2000-12-04,DEN,Inactive
12112,,Camden Lewis,camden lewis,K,K,,,Active
12113,,Thomas Yassmin,thomas yassmin,TE,TE,1999-10-21,GB,Inactive
12114,,Joshua Cephus,joshua cephus,WR,WR,2001-03-05,,Active
12115,,Dell Pettus,dell pettus,DB,DB,2001-06-02,NE,Inactive
12116,,Mikey Victor,mikey victor,CB,DB,1999-11-19,,Active
12117,,Jontrey Hunter,jontrey hunter,LB,FRONT7,2000-06-01,,Active
12118,,Jacob Warren,jacob warren,TE,TE,2000-04-13,,Active
12121,,Deshaun Fenwick,deshaun fenwick,RB,RB,1999-12-31,,Active
12122,,John Morgan,john morgan,DE,FRONT7,2000-06-06,,Active
12123,,Kaleb Ford-Dement,kaleb ford dement,CB,DB,1999-08-17,,Active
12124,,Isaiah Johnson,isaiah johnson,DB,DB,2000-03-29,,Active
12125,,Mark Perry,mark perry,DB,DB,2001-05-30,ARI,Active
12126,,Isaac Rex,isaac rex,TE,TE,1998-08-04,,Active
12128,,Isaac Ukwu,isaac ukwu,DE,FRONT7,1999-01-14,,Active
12129,,Jalon Calhoun,jalon calhoun,WR,WR,2000-12-16,,Active
12130,,Steele Chambers,steele chambers,LB,FRONT7,2000-07-24,,Active
12132,,Josh Wallace,josh wallace,DB,DB,2000-07-05,LAR,Active
12133,,Drake Stoops,drake stoops,WR,WR,1999-06-16,,Active
12134,,Sam Wiglusz,sam wiglusz,WR,WR,1999-07-24,,Active
12135,,Neal Johnson,neal johnson,TE,TE,2001-08-03,,Active
12136,,Tuli Letuligasenoa,tuli letuligasenoa,DL,FRONT7,2000-06-09,,Active
12137,,Charles Woods,charles woods,CB,DB,2000-06-17,NE,Active
12138,,Anthony Goodlow,anthony goodlow,DE,FRONT7,2000-07-25,CAR,Active
12139,,Kenny Logan,kenny logan,DB,DB,2000-10-25,,Active
12140,,Omar Speights,omar speights,LB,FRONT7,2001-03-02,LAR,Active
12142,,Jaylen McCollough,jaylen mccollough,DB,DB,2000-10-12,LAR,Active
12144,,Je'Quan Burton,je quan burton,WR,WR,2000-03-08,,Active
12146,,Grayson Murphy,grayson murphy,DL,FRONT7,2000-10-13,,Active
12147,,Storm Duck,storm duck,CB,DB,2000-12-15,MIA,Active
12149,,Gavin Hardison,gavin hardison,QB,QB,2000-05-15,,Active
12150,,Jarveon Howard,jarveon howard,RB,RB,1999-12-13,,Inactive
12151,,Julian Hicks,julian hicks,WR,WR,1999-09-29,,Active
12154,,Messiah Swinson,messiah swinson,TE,TE,2000-04-20,,Active
12155,,Nate Lynn,nate lynn,DL,FRONT7,2002-07-06,NYJ,Active
12156,,James Turner,james turner,K,K,2000-11-22,,Active
12157,,Chelen Garnes,chelen garnes,DB,DB,2000-09-25,,Active
12158,,DaRon Gilbert,daron gilbert,LB,FRONT7,2001-05-26,,Active
12160,,Morice Norris,morice norris,DB,DB,2000-09-27,,Active
12161,,Loren Strickland,loren strickland,DB,DB,2000-05-31,,Inactive
12164,,Curtis Jacobs,curtis jacobs,LB,FRONT7,2002-02-18,,Inactive
12165,,Spencer Sanders,spencer sanders,QB,QB,1999-12-15,,Active
12166,,Trey Potts,trey potts,RB,RB,,,Active
12167,,Sam Lockett,sam lockett,DB,DB,,,Active
12168,,Zach Mathis,zach mathis,WR,WR,2000-02-29,,Active
12169,,Reggie Brown,reggie brown,WR,WR,,,Active
12170,,Jaaron Hayek,jaaron hayek,WR,WR,2001-06-06,,Active
12171,,British Brooks,british brooks,RB,RB,1999-11-18,HOU,Inactive
12172,,Pheldarius Payne,pheldarius payne,DL,FRONT7,2000-07-14,,Active
12173,,Jaxon Janke,jaxon janke,WR,WR,1999-11-10,,Active
12174,,Ralen Goforth,ralen goforth,LB,FRONT7,2000-11-02,,Active
12175,,James Ester,james ester,DT,FRONT7,2001-08-30,MIA,Active
12178,,Don Callis,don callis,CB,DB,,,Active
12179,,Rodney Mathews,rodney mathews,DT,FRONT7,,,Active
12180,,Alex McNulty,alex mcnulty,K,K,,,Active
12182,,Miles Battle,miles battle,CB,DB,2000-01-04,,Active
12183,,Chris Roland-Wallace,chris roland wallace,CB,DB,2001-11-23,KC,Active
12185,,Spencer Shrader,spencer shrader,K,K,1999-05-19,IND,Active
12186,,Isaiah Coe,isaiah coe,DL,FRONT7,,,Active
12187,,Malcolm Epps,malcolm epps,TE,TE,2000-01-13,,Active
12188,,Justin Strong,justin strong,RB,RB,,,Active
12189,,Xavier White,xavier white,WR,WR,1999-12-05,,Active
12190,,Jason Bean,jason bean,QB,QB,1999-06-09,,Active
12191,,Trent Pennix,trent pennix,TE,TE,1999-12-10,,Active
12192,,Craig Young,craig young,LB,FRONT7,2001-03-13,,Active
12193,,Max Tooley,max tooley,LB,FRONT7,1998-03-05,,Active
12194,,Tarique Barnes,tarique barnes,LB,FRONT7,1998-03-05,,Active
12195,,Myles Murphy,myles murphy,DL,FRONT7,,,Active
12196,,Jayden Price,jayden price,CB,DB,2000-04-05,NO,Active
12197,,John Paddock,john paddock,QB,QB,2000-03-27,,Active
12198,,Wayne Ruby,wayne ruby,WR,WR,2000-06-18,,Active
12199,,Bryce Gallagher,bryce gallagher,LB,FRONT7,,,Active
12200,,Fabien Lovett,fabien lovett,DL,FRONT7,1999-12-05,,Active
12202,,Jaylon White-McClain,jaylon white mcclain,DE,FRONT7,,,Active
12206,,Mario Kendricks,mario kendricks,DL,FRONT7,2000-10-18,,Active
12207,,Bryce Houston,bryce houston,LB,FRONT7,,,Active
12209,,Justin Blazek,justin blazek,DL,FRONT7,2001-02-27,,Active
12210,,Cole Burgess,cole burgess,WR,WR,2000-02-11,,Inactive
12211,,Denzel Daxon,denzel daxon,DL,FRONT7,1999-03-27,,Active
12212,,Austin Stogner,austin stogner,TE,TE,2000-01-12,,Active
12213,,Anthony Sao,anthony sao,CB,DB,2000-12-17,,Active
12215,,Kevin Foelsch,kevin foelsch,TE,TE,2001-04-13,,Active
12217,,Shawn Bowman,shawn bowman,TE,TE,2000-05-16,ARI,Active
12218,,Jalen Jackson,jalen jackson,RB,RB,2000-06-26,,Active
12219,,Trey Kiser,trey kiser,LB,FRONT7,2000-11-22,,Active
12220,,Brevin Easton,brevin easton,WR,WR,2001-01-01,,Active
12221,,Andre Carter,andre carter,DL,FRONT7,2000-06-02,,Active
12222,,Joseph Scates,joseph scates,WR,WR,2000-02-19,,Active
12223,,Andrew Parker,andrew parker,LB,FRONT7,1999-03-27,,Active
12224,,David White,david white,WR,WR,2000-07-18,,Active
12225,,Josh Proctor,josh proctor,DB,DB,1999-03-27,,Active
12226,,Lorenzo Lingard,lorenzo lingard,RB,RB,1999-05-29,,Active
12227,,Elias Neal,elias neal,LB,FRONT7,2001-09-11,LAR,Active
12229,,David Olajiga,david olajiga,DL,FRONT7,1997-11-03,BAL,Active
12230,,Cam Lampkin,cam lampkin,DB,DB,2001-07-31,LAR,Active
12231,,JJ Laap,jj laap,WR,WR,2001-01-28,,Active
12232,,Omar Brown,omar brown,CB,DB,2000-10-12,,Inactive
12234,,Shemar Bartholomew,shemar bartholomew,CB,DB,2000-06-06,,Active
12235,,Marcus Riley,marcus riley,WR,WR,1999-05-09,,Active
12236,,Myles Jones,myles jones,CB,DB,1998-10-06,,Active
12237,,Lincoln Sefcik,lincoln sefcik,TE,TE,1999-07-14,,Active
12238,,Eric Watts,eric watts,DL,FRONT7,2000-10-01,MIA,Active
12239,,Peewee Jarrett,peewee jarrett,QB,QB,,,Active
12241,,Al Blades,al blades,DB,DB,1999-10-24,,Active
12242,,Easton Gibbs,easton gibbs,LB,FRONT7,2001-07-27,,Active
12243,,Ryan Cooper,ryan cooper,CB,DB,2001-08-31,,Active
12244,,DeAngelo Hardy,deangelo hardy,WR,WR,,,Active
12245,,Jelani Baker,jelani baker,WR,WR,2000-11-13,,Active
12246,,Mike Rigerman,mike rigerman,TE,TE,2001-06-29,,Active
12250,,Riley Sharp,riley sharp,TE,TE,1997-11-07,,Active
12251,,Jordan Toles,jordan toles,DB,DB,2001-05-13,,Active
12253,,Bo Bauer,bo bauer,LB,FRONT7,1999-12-11,,Active
12254,,Phillip Brooks,phillip brooks,WR,WR,1999-09-19,,Active
12255,,Swayze Bozeman,swayze bozeman,LB,FRONT7,1998-11-02,CIN,Active
12256,,Baylor Cupp,baylor cupp,TE,TE,2000-05-10,,Active
12257,,D.J. Miller,dj miller,CB,DB,2000-08-11,,Active
12258,,Buddha Jones,buddha jones,NT,FRONT7,2001-02-06,,Active
12259,,Taulia Tagovailoa,taulia tagovailoa,QB,QB,2000-02-15,,Active
12260,,Mason Fairchild,mason fairchild,TE,TE,2001-08-30,,Active
12261,,Nelson Paul,nelson paul,DE,FRONT7,,,Active
12263,,Philip Ossai,philip ossai,DL,FRONT7,2000-04-12,,Active
12264,,Cole Beck,cole beck,WR,WR,1995-03-15,,Active
12267,,Qadir Ismail,qadir ismail,WR,WR,2000-02-17,CHI,Active
12268,,Colby Suits,colby suits,QB,QB,,,Active
12269,,Brandon Codrington,brandon codrington,DB,DB,2000-11-17,SF,Active
12270,,Andrew Peasley,andrew peasley,QB,QB,2000-01-06,,Active
12271,,Kolbi Fuqua,kolbi fuqua,LB,FRONT7,1999-11-30,,Active
12272,,Travis Blackshear,travis blackshear,CB,DB,,,Active
12273,,Devin Phillips,devin phillips,DL,FRONT7,,,Active
12274,,Paul Moala,paul moala,LB,FRONT7,2000-01-31,,Active
12276,,RJ Mobley,rj mobley,WR,WR,,,Active
12277,,John Matocha,john matocha,QB,QB,,,Active
12278,,Jacob Sirmon,jacob sirmon,QB,QB,,,Active
12281,,Dimitri Stanley,dimitri stanley,WR,WR,1999-11-23,,Active
12282,,C.J. Ravenell,cj ravenell,DL,FRONT7,2000-07-07,NYG,Active
12283,,Dylan McDuffie,dylan mcduffie,RB,RB,2000-02-19,,Active
12284,,Michael Herzog,michael herzog,RB,RB,,,Active
12285,,Cade Peterson,cade peterson,QB,QB,,,Active
12286,,Eddie Heckard,eddie heckard,CB,DB,,,Active
12287,,Chris Chukwuneke,chris chukwuneke,LB,FRONT7,,,Active
12288,,Mathieu Severance,mathieu severance,RB,RB,,,Active
12290,,Brandon Bishop,brandon bishop,DB,DB,,,Active
12291,,Dakota Caton,dakota caton,WR,WR,,,Active
12294,,Devlin Kirklin,devlin kirklin,DB,DB,,,Active
12296,,Kaylon Horton,kaylon horton,WR,WR,,,Active
12298,,Kalon Gervin,kalon gervin,CB,DB,,,Active
12299,,Roje Stona,roje stona,DE,FRONT7,1999-02-26,,Active
12300,,Joshua Lingenfelter,joshua lingenfelter,TE,TE,,,Active
12302,,Chance Main,chance main,DL,FRONT7,,,Active
12304,,Noah Washington,noah washington,LB,FRONT7,,,Active
12306,,La'Damian Webb,la damian webb,RB,RB,,,Active
12307,,Quentin Bivens,quentin bivens,DL,FRONT7,,,Active
12308,,Samson Evans,samson evans,RB,RB,,,Active
12309,,Andrew Chatfield,andrew chatfield,DE,FRONT7,,,Active
12310,,Deshawn McCarthy,deshawn mccarthy,DE,FRONT7,,,Active
12311,,Daniel George,daniel george,WR,WR,,,Active
12312,,Noah Rauschenberg,noah rauschenberg,K,K,,,Active
12314,,Beau Corrales,beau corrales,WR,WR,,,Active
12316,,Jay Person,jay person,DE,FRONT7,2000-03-20,,Active
12317,,John Pupel,john pupel,DB,DB,,,Active
12318,,Mase Funa,mase funa,LB,FRONT7,2003-01-02,,Active
12319,,Elijah Chatman,elijah chatman,DT,FRONT7,2000-12-05,,Inactive
12320,,Treyton Pickering,treyton pickering,TE,TE,,,Active
12322,,Kam Pedescleaux,kam pedescleaux,DB,DB,2000-06-27,,Active
12324,,William Thompson,william thompson,QB,QB,,,Active
12325,,Nash Fouch,nash fouch,DB,DB,,,Active
12326,,Malik Langham,malik langham,DL,FRONT7,1999-11-12,,Active
12327,,Isaiah Major,isaiah major,LB,FRONT7,2001-05-03,,Active
12328,,Shawn Preston,shawn preston,DB,DB,,,Active
12330,,Aaron Brule,aaron brule,LB,FRONT7,2000-05-15,,Active
12331,,Irshaad Davis,irshaad davis,CB,DB,,,Active
12332,,Devin Richardson,devin richardson,LB,FRONT7,1999-12-05,,Active
12333,,Dakereon Joyner,dakereon joyner,WR,WR,2000-05-24,,Active
12335,,Travion Brown,travion brown,LB,FRONT7,,,Active
12336,,Richard Jibunor,richard jibunor,LB,FRONT7,,,Active
12338,,Kendarin Ray,kendarin ray,DB,DB,,,Active
12339,,Danny Abraham,danny abraham,LB,FRONT7,,,Active
12340,,Alex Larson,alex larson,TE,TE,,,Active
12341,,Markese Stepp,markese stepp,RB,RB,2000-02-11,,Active
12343,,Zion Puckett,zion puckett,DB,DB,,,Active
12344,,Tristan Wheeler,tristan wheeler,LB,FRONT7,,,Active
12345,,Jaylen Mahoney,jaylen mahoney,DB,DB,2000-11-19,,Active
12346,,Keonte Lusk,keonte lusk,CB,DB,,,Active
12347,,Mayan Ahanotu,mayan ahanotu,DL,FRONT7,,,Active
12349,,Daymond Williams,daymond williams,DT,FRONT7,,,Active
12350,,Anthony Grant,anthony grant,RB,RB,1999-02-27,,Active
12351,,Julius Wilkerson,julius wilkerson,LB,FRONT7,,,Active
12352,,Jeremy Moussa,jeremy moussa,QB,QB,,,Active
12354,,Easton Dean,easton dean,TE,TE,2004-12-01,,Active
12355,,Treveyon Pratt,treveyon pratt,WR,WR,2000-05-26,,Active
12356,,Jabari Small,jabari small,RB,RB,2001-01-31,DET,Active
12357,,David Martin-Robinson,david martin robinson,TE,TE,1999-12-26,TEN,Active
12358,,Shon Stephens,shon stephens,CB,DB,1998-12-15,,Active
12359,,Jett Stanley,jett stanley,DT,FRONT7,,,Active
12360,,Latreal Jones,latreal jones,WR,WR,1999-01-13,,Active
12361,,Aeneas Dennis,aeneas dennis,QB,QB,,,Active
12362,,Johnny Hudson,johnny hudson,DT,FRONT7,,,Active
12363,,Xavier Wade,xavier wade,WR,WR,,,Active
12364,,Kyon Barrs,kyon barrs,DL,FRONT7,2001-11-09,,Active
12365,,Jordan Strachan,jordan strachan,DE,FRONT7,1998-11-26,,Active
12366,,Salvatore Lupoli,salvatore lupoli,LB,FRONT7,2003-09-01,,Active
12369,,Bryce Sheppert,bryce sheppert,DB,DB,,,Active
12370,,Praise Olatoke,praise olatoke,WR,WR,2000-06-23,,Active
12371,,Luke Brubacher,luke brubacher,DE,FRONT7,,,Active
12372,,Vincent Blanchard,vincent blanchard,K,K,,,Active
12373,,Peter LeBlanc,peter leblanc,WR,WR,2001-04-12,,Active
12374,,Brenden Bates,brenden bates,TE,TE,1999-10-17,JAX,Active
12375,,Trajan Jeffcoat,trajan jeffcoat,DE,FRONT7,1999-10-07,,Active
12376,,Marquis Wilson,marquis wilson,DB,DB,,,Active
12377,,Anthony Averett,anthony averett,DB,DB,,,Active
12378,,Rondell Bothroyd,rondell bothroyd,DT,FRONT7,2000-01-08,,Active
12379,,David Ugwoegbu,david ugwoegbu,DE,FRONT7,2000-09-13,,Active
12380,,Te'Cory Couch,te cory couch,CB,DB,1999-09-06,BUF,Active
12383,,John Jiles,john jiles,WR,WR,2000-07-08,,Active
12385,,Jude McAtamney,jude mcatamney,K,K,2000-05-09,,Active
12387,,Leonard Payne,leonard payne,DT,FRONT7,2000-09-15,,Active
12388,,Jordan Colbert,jordan colbert,DB,DB,2000-03-18,,Active
12389,,Hayden Rucci,hayden rucci,TE,TE,2001-01-27,LAC,Active
12390,,Darius Hodges,darius hodges,DE,FRONT7,,,Active
12391,,Kenny Dyson,kenny dyson,LB,FRONT7,2001-06-27,MIN,Active
12392,,Tre Mosley,tre mosley,WR,WR,2001-09-25,,Active
12394,,Cam Allen,cam allen,DB,DB,,,Active
12395,,Tanner Knue,tanner knue,WR,WR,1999-11-26,,Active
12396,,Shaun Peterson,shaun peterson,DE,FRONT7,1999-10-22,,Active
12397,,Joe Andreessen,joe andreessen,LB,FRONT7,2000-02-07,BUF,Active
12398,,Jadon Janke,jadon janke,WR,WR,1999-11-10,,Active
12399,,Caleb Chapman,caleb chapman,WR,WR,,,Active
12400,,Billy Shaeffer,billy shaeffer,LB,FRONT7,1999-09-01,,Active
12401,,Andrew Hayes,andrew hayes,DB,DB,2001-05-17,,Active
12402,,Ramon Jefferson,ramon jefferson,RB,RB,2000-01-10,,Active
12403,,Valentino Ambrosio,valentino ambrosio,K,K,2000-05-13,,Active
12404,,Colton Theaker,colton theaker,K,K,,,Active
12405,,Mike Thompson,mike thompson,DL,FRONT7,,,Active
12407,,BJ Davis,bj davis,LB,FRONT7,,,Active
12408,,Michael Hiers,michael hiers,QB,QB,1999-05-28,,Active
12409,,Dashaun Mallory,dashaun mallory,DT,FRONT7,1999-10-10,,Active
12410,,John Jackson,john jackson,WR,WR,1999-08-23,,Active
12411,,Nathan Pickering,nathan pickering,DT,FRONT7,2000-11-18,,Active
12412,,Terrell Jennings,terrell jennings,RB,RB,2001-03-01,,Inactive
12413,,Hamze El-Zayat,hamze el zayat,WR,WR,1999-10-19,,Active
12415,,Jotham Russell,jotham russell,LB,FRONT7,2003-06-08,,Active
12417,,Jason Maitre,jason maitre,CB,DB,2000-02-01,,Active
12418,,Chris Collins,chris collins,LB,FRONT7,1999-12-14,,Active
12419,,Shane Lee,shane lee,LB,FRONT7,2000-12-12,,Active
12420,,Gable Steveson,gable steveson,DT,FRONT7,2000-05-31,,Active
12421,,David Wallis,david wallis,WR,WR,2001-08-08,,Active
12422,,Shayne Simon,shayne simon,LB,FRONT7,2000-03-14,,Active
12423,,Clay Fields,clay fields,CB,DB,2000-02-15,,Active
12424,,Derek Slywka,derek slywka,DB,DB,2001-02-03,,Active
12425,,Alex Gubner,alex gubner,DT,FRONT7,,,Active
12427,,Dondrea Tillman,dondrea tillman,DT,FRONT7,1998-04-30,DEN,Active
12428,,Ulumoo Ale,ulumoo ale,DT,FRONT7,1999-05-20,,Active
12430,,Malik Fisher,malik fisher,DE,FRONT7,1999-01-28,,Active
12431,,Rory Starkey,rory starkey,WR,WR,,,Active
12432,,Jacobi Francis,jacobi francis,CB,DB,1998-09-06,,Active
12433,,Ben Bryant,ben bryant,QB,QB,1999-09-17,,Active
12434,,Kairee Robinson,kairee robinson,RB,RB,,,Active
12435,,Geor'Quarius Spivey,geor quarius spivey,TE,TE,1999-10-06,,Active
12436,,Jamie Sheriff,jamie sheriff,LB,FRONT7,2000-08-18,LAR,Active
12437,,Landon Honeycutt,landon honeycutt,LB,FRONT7,2001-02-11,,Active
12438,,Alex Hale,alex hale,K,K,1998-07-03,,Active
12439,,Willie Roberts,willie roberts,CB,DB,,,Active
12440,,Jaylon Hutchings,jaylon hutchings,DT,FRONT7,1999-12-31,,Active
12441,,Chase Williams,chase williams,CB,DB,1999-12-09,,Active
12442,,Chris Russell,chris russell,LB,FRONT7,,,Active
12443,,Devon Garrison,devon garrison,TE,TE,,,Active
12444,,Mike Smith,mike smith,LB,FRONT7,,,Active
12445,,Christian McCarroll,christian mccarroll,DE,FRONT7,,,Active
12446,,Marvin Moody,marvin moody,LB,FRONT7,1999-02-23,,Active
12447,,Keonte Schad,keonte schad,DL,FRONT7,1998-10-09,,Active
12448,,Camron Peterson,camron peterson,DL,FRONT7,1999-09-13,,Active
12450,,Tra Fluellen,tra fluellen,DB,DB,2001-03-22,,Active
12451,,Elliott Brown,elliott brown,LB,FRONT7,1998-02-02,,Active
12452,,Ralph Holley,ralph holley,DT,FRONT7,1999-01-22,,Active
12453,,Ontaria Wilson,ontaria wilson,WR,WR,1999-08-12,,Active
12454,,Player Invalid,player invalid,TE,TE,,,Inactive
12455,,Brashard Smith,brashard smith,RB,RB,2003-04-11,KC,Active
12456,,Player Invalid,player invalid,WR,WR,,,Inactive
12457,,Jaydon Blue,jaydon blue,RB,RB,2004-01-08,PHI,Active
12458,,Player Invalid,player invalid,WR,WR,,,Inactive
12459,,Player Invalid,player invalid,RB,RB,,,Inactive
12460,,Antwane Wells,antwane wells,WR,WR,2001-04-02,ATL,Active
12461,,Player Invalid,player invalid,WR,WR,,,Inactive
12462,,Damien Martinez,damien martinez,RB,RB,2004-01-31,,Active
12463,,Player Invalid,player invalid,RB,RB,,,Inactive
12464,,Player Invalid,player invalid,RB,RB,,,Inactive
12465,,Player Invalid,player invalid,RB,RB,,,Inactive
12466,,Player Invalid,player invalid,QB,QB,,,Inactive
12467,,Jordan James,jordan james,RB,RB,2004-03-29,SF,Active
12468,,Player Invalid,player invalid,WR,WR,,,Inactive
12469,,Dylan Sampson,dylan sampson,RB,RB,2004-09-14,CLE,Inactive
12470,,Riley Leonard,riley leonard,QB,QB,2002-09-13,IND,Active
12471,,DJ Giddens,dj giddens,RB,RB,2003-08-26,IND,Active
12472,,Raheim Sanders,raheim sanders,RB,RB,2002-06-08,CLE,Active
12473,,Mitchell Evans,mitchell evans,TE,TE,2003-03-18,CAR,Active
12474,,Woody Marks,woody marks,RB,RB,2000-12-29,HOU,Active
12475,,Ricky White,ricky white,WR,WR,2002-02-06,SEA,Active
12476,,Devin Neal,devin neal,RB,RB,2003-08-12,MIN,Active
12477,,Kurtis Rourke,kurtis rourke,QB,QB,2000-10-25,SF,Active
12478,,Nick Nash,nick nash,WR,WR,2000-08-02,,Active
12479,,Ja'Quinden Jackson,ja quinden jackson,RB,RB,2001-09-12,,Inactive
12480,,Moliki Matavao,moliki matavao,TE,TE,2003-03-17,NO,Inactive
12481,,Cam Skattebo,cam skattebo,RB,RB,2002-02-05,NYG,Active
12482,,Savion Williams,savion williams,WR,WR,2001-11-22,GB,Inactive
12483,,Jack Bech,jack bech,WR,WR,2002-12-18,LV,Inactive
12484,,Jayden Higgins,jayden higgins,WR,WR,2002-12-15,HOU,Inactive
12485,,Tez Johnson,tez johnson,WR,WR,2002-05-18,TB,Active
12486,,Dillon Gabriel,dillon gabriel,QB,QB,2000-12-28,CLE,Inactive
12487,,Terrance Ferguson,terrance ferguson,TE,TE,2003-03-07,LAR,Inactive
12488,,Kobe Hudson,kobe hudson,WR,WR,,,Active
12489,,RJ Harvey,rj harvey,RB,RB,2001-02-04,DEN,Active
12490,,Bhayshul Tuten,bhayshul tuten,RB,RB,2003-02-14,JAX,Active
12491,,Corey Kiner,corey kiner,RB,RB,2002-01-21,NE,Active
12492,,Pat Bryant,pat bryant,WR,WR,2002-12-10,DEN,Active
12493,,Oronde Gadsden,oronde gadsden,TE,TE,2003-06-25,LAC,Active
12494,,Kyle McCord,kyle mccord,QB,QB,2002-09-19,MIA,Active
12495,,Ollie Gordon,ollie gordon,RB,RB,2004-01-15,MIA,Active
12496,,Tai Felton,tai felton,WR,WR,2003-03-15,MIN,Active
12497,,Tory Horton,tory horton,WR,WR,2002-11-29,SEA,Active
12498,,Mason Taylor,mason taylor,TE,TE,2004-05-08,NYJ,Active
12499,,Elic Ayomanor,elic ayomanor,WR,WR,2003-06-03,TEN,Active
12500,,Quinn Ewers,quinn ewers,QB,QB,2003-03-15,JAX,Active
12501,,Matthew Golden,matthew golden,WR,WR,2003-08-01,GB,Active
12502,,Gunnar Helm,gunnar helm,TE,TE,2002-09-06,TEN,Active
12503,,Isaiah Bond,isaiah bond,WR,WR,2004-03-15,CLE,Active
12504,,Kaleb Johnson,kaleb johnson,RB,RB,2003-08-14,GB,Active
12505,,Jalen Royals,jalen royals,WR,WR,2003-02-18,KC,Active
12506,,Harold Fannin,harold fannin,TE,TE,2004-07-20,CLE,Active
12507,,Omarion Hampton,omarion hampton,RB,RB,2003-03-16,LAC,Active
12508,,Jaxson Dart,jaxson dart,QB,QB,2003-05-13,NYG,Inactive
12509,,Tre' Harris,tre harris,WR,WR,2002-02-28,LAC,Active
12510,,Jalen Milroe,jalen milroe,QB,QB,2002-12-13,SEA,Active
12511,,Will Howard,will howard,QB,QB,2001-09-24,PIT,Active
12512,,Quinshon Judkins,quinshon judkins,RB,RB,2003-10-29,CLE,Active
12514,,Emeka Egbuka,emeka egbuka,WR,WR,2002-10-14,TB,Active
12515,,Donovan Edwards,donovan edwards,RB,RB,2003-02-25,,Active
12516,,Kalel Mullings,kalel mullings,RB,RB,2002-10-04,TEN,Active
12517,,Colston Loveland,colston loveland,TE,TE,2004-04-09,CHI,Active
12518,,Tyler Warren,tyler warren,TE,TE,2002-05-24,IND,Active
12519,,Luther Burden,luther burden,WR,WR,2003-12-12,CHI,Active
12520,,Xavier Restrepo,xavier restrepo,WR,WR,2002-04-12,TEN,Active
12521,,Elijah Arroyo,elijah arroyo,TE,TE,2003-04-05,SEA,Active
12522,,Cam Ward,cam ward,QB,QB,2002-05-25,TEN,Active
12523,,Jimmy Horn,jimmy horn,WR,WR,2002-09-12,CLE,Active
12524,,Shedeur Sanders,shedeur sanders,QB,QB,2002-02-07,CLE,Active
12526,,Tetairoa McMillan,tetairoa mcmillan,WR,WR,2003-04-05,CAR,Active
12527,,Ashton Jeanty,ashton jeanty,RB,RB,2003-12-02,LV,Active
12528,,Ajou Ajou,ajou ajou,WR,WR,2002-01-10,,Active
12529,,TreVeyon Henderson,treveyon henderson,RB,RB,2002-10-22,NE,Active
12530,,Travis Hunter,travis hunter,DB,DB,2003-05-18,JAX,Active
12531,,Trevor Etienne,trevor etienne,RB,RB,2004-07-09,CAR,Inactive
12532,,Ja'Corey Brooks,ja corey brooks,WR,WR,2001-10-31,,Active
12533,,Jacory Croskey-Merritt,jacory croskey merritt,RB,RB,2001-04-12,WAS,Active
12534,,Kyle Monangai,kyle monangai,RB,RB,2002-06-06,CHI,Active
12535,,Isaac TeSlaa,isaac teslaa,WR,WR,2002-02-20,DET,Active
12536,,Jaylin Noel,jaylin noel,WR,WR,2002-09-04,HOU,Active
12537,,Ryan-DUP Cooper-DUP,ryan dup cooper dup,CB,DB,2001-08-31,,Active
12538,,Brady Cook,brady cook,QB,QB,2001-10-12,MIA,Active
12539,,Arian Smith,arian smith,WR,WR,2001-10-11,NYJ,Inactive
12540,,Chimere Dike,chimere dike,WR,WR,2001-12-14,TEN,Active
12541,,Dont'e Thornton,dont e thornton,WR,WR,2002-11-30,LV,Inactive
12542,,Efton Chism,efton chism,WR,WR,2001-10-26,NE,Active
12543,,Tahj Brooks,tahj brooks,RB,RB,2002-05-13,CIN,Active
12544,,LeQuint Allen,lequint allen,RB,RB,2004-08-05,JAX,Active
12545,,Tyler Shough,tyler shough,QB,QB,1999-09-28,NO,Active
12546,,Marcus Yarns,marcus yarns,RB,RB,2001-10-30,,Active
12547,,Kyle Williams,kyle williams,WR,WR,2002-11-13,NE,Active
12548,,Lenny Krieg,lenny krieg,K,K,2002-08-05,GB,Active
12549,,Jordan Petaia,jordan petaia,TE,TE,2000-03-14,,Active
12550,,T.J. Maguranyanga,tj maguranyanga,DE,FRONT7,2002-12-22,,Inactive
12551,,Colin Granger,colin granger,TE,TE,,,Active
12552,,Walter Nolen,walter nolen,DL,FRONT7,2003-10-14,ARI,Active
12554,,Tyleik Williams,tyleik williams,DL,FRONT7,2003-02-25,DET,Active
12556,,Donovan Ezeiruaku,donovan ezeiruaku,DL,FRONT7,2003-09-25,DAL,Active
12557,,Jahdae Barron,jahdae barron,DB,DB,2001-12-04,DEN,Active
12559,,Shavon Revel,shavon revel,DB,DB,2001-04-08,DAL,Active
12560,,Shemar Stewart,shemar stewart,DL,FRONT7,2003-11-12,CIN,Active
12561,,Derrick Harmon,derrick harmon,DL,FRONT7,2003-08-03,PIT,Inactive
12562,,Nic Scourton,nic scourton,DL,FRONT7,2004-08-25,CAR,Inactive
12564,,Kenneth Grant,kenneth grant,DL,FRONT7,2003-10-27,MIA,Inactive
12565,,Will Johnson,will johnson,DB,DB,2003-03-29,ARI,Inactive
12566,,Jihaad Campbell,jihaad campbell,LB,FRONT7,2004-02-24,PHI,Active
12567,,Malaki Starks,malaki starks,DB,DB,2003-11-13,BAL,Active
12568,,Jalon Walker,jalon walker,DL,FRONT7,2004-02-24,ATL,Inactive
12571,,Mike Green,mike green,DL,FRONT7,2003-07-28,BAL,Active
12573,,Mason Graham,mason graham,DL,FRONT7,2003-09-02,CLE,Active
12574,,Abdul Carter,abdul carter,DL,FRONT7,2004-01-02,NYG,Active
12576,,Benjamin Morrison,benjamin morrison,DB,DB,2004-03-11,TB,Active
12578,,Carson Schwesinger,carson schwesinger,LB,FRONT7,2003-02-24,CLE,Active
12579,,Jordan Burch,jordan burch,DL,FRONT7,2001-10-10,ARI,Active
12580,,Landon Jackson,landon jackson,DL,FRONT7,2003-01-02,BUF,Active
12581,,Darius Alexander,darius alexander,DL,FRONT7,2000-08-26,NYG,Active
12583,,Oluwafemi Oladejo,oluwafemi oladejo,DL,FRONT7,2003-09-20,TEN,Active
12584,,Darien Porter,darien porter,DB,DB,2001-01-06,LV,Active
12585,,James Pearce,james pearce,DL,FRONT7,2003-10-12,ATL,Active
12587,,Joshua Farmer,joshua farmer,DL,FRONT7,2003-01-17,NE,Active
12588,,Kevin Winston,kevin winston,DB,DB,2003-12-02,TEN,Active
12590,,Alfred Collins,alfred collins,DL,FRONT7,2001-10-08,SF,Inactive
12591,,Xavier Watts,xavier watts,DB,DB,2001-11-22,ATL,Active
12593,,Jack Sawyer,jack sawyer,DL,FRONT7,2002-05-06,PIT,Active
12594,,Jaylahn Tuimoloau,jaylahn tuimoloau,DL,FRONT7,2003-05-10,IND,Active
12595,,Trey Amos,trey amos,DB,DB,2002-03-03,WAS,Inactive
12596,,Maxwell Hairston,maxwell hairston,DB,DB,2003-08-06,BUF,Active
12597,,Nick Emmanwori,nick emmanwori,DB,DB,2004-02-07,SEA,Active
12601,,Azareye'h Thomas,azareye h thomas,DB,DB,2004-07-06,NYJ,Active
12602,,Mykel Williams,mykel williams,DL,FRONT7,2004-06-29,SF,Inactive
12603,,Cobee Bryant,cobee bryant,DB,DB,2001-09-17,,Active
12604,,Andrew Mukuba,andrew mukuba,DB,DB,2002-12-07,PHI,Active
12605,,Jacob Parrish,jacob parrish,DB,DB,2004-02-29,TB,Active
12607,,Jamon Johnson,jamon johnson,LB,FRONT7,2001-11-28,,Active
12608,,Tyler Batty,tyler batty,DL,FRONT7,1999-05-02,MIN,Inactive
12609,,Fadil Diggs,fadil diggs,DL,FRONT7,2001-10-15,NO,Active
12610,,Princely Umanmielen,princely umanmielen,DL,FRONT7,2002-04-18,CAR,Active
12611,,Lathan Ransom,lathan ransom,DB,DB,2002-07-16,CAR,Active
12612,,T.J. Sanders,tj sanders,DL,FRONT7,2003-07-30,BUF,Active
12614,,Shemar James,shemar james,LB,FRONT7,2004-06-24,DAL,Active
12615,,Omarr Norman-Lott,omarr norman lott,DT,FRONT7,2002-03-11,KC,Active
12616,,Shemar Turner,shemar turner,DE,FRONT7,2003-01-14,CHI,Inactive
12617,,Demetrius Knight,demetrius knight,LB,FRONT7,2000-07-21,CIN,Active
12618,,Vernon Broughton,vernon broughton,DT,FRONT7,2001-07-15,NO,Active
12619,,Jonas Sanker,jonas sanker,DB,DB,2002-11-23,NO,Active
12620,,Jamaree Caldwell,jamaree caldwell,DT,FRONT7,2000-08-30,LAC,Active
12621,,Josaiah Stewart,josaiah stewart,DE,FRONT7,2003-04-26,LAR,Active
12622,,Nohl Williams,nohl williams,CB,DB,2002-09-23,KC,Active
12623,,Ashton Gillotte,ashton gillotte,DE,FRONT7,2002-10-30,KC,Active
12625,,Justin Walley,justin walley,CB,DB,2002-09-22,IND,Active
12626,,Jaylin Smith,jaylin smith,CB,DB,2003-11-05,HOU,Inactive
12628,,Sai'vion Jones,sai vion jones,DE,FRONT7,2003-07-03,DEN,Active
12630,,Nick Martin,nick martin,LB,FRONT7,2002-10-13,SF,Inactive
12631,,Upton Stout,upton stout,CB,DB,2002-01-09,SF,Active
12632,,Caleb Ransaw,caleb ransaw,DB,DB,2002-12-22,JAX,Inactive
12634,,Jordan Watkins,jordan watkins,WR,WR,2002-02-15,SF,Active
12635,,Tonka Hemingway,tonka hemingway,DT,FRONT7,2001-10-31,LV,Active
12636,,Que Robinson,que robinson,LB,FRONT7,2001-05-12,DEN,Active
12637,,Ruben Hyppolite,ruben hyppolite,LB,FRONT7,2001-09-16,,Inactive
12638,,Quincy Riley,quincy riley,CB,DB,2001-05-26,NO,Active
12639,,Malachi Moore,malachi moore,DB,DB,2001-09-13,NYJ,Active
12640,,Teddye Buchanan,teddye buchanan,LB,FRONT7,2002-10-03,BAL,Active
12641,,Jaylin Lane,jaylin lane,WR,WR,2002-05-01,WAS,Inactive
12643,,Kyle Kennard,kyle kennard,DE,FRONT7,2001-12-12,,Inactive
12644,,Barryn Sorrell,barryn sorrell,DE,FRONT7,2002-12-22,GB,Active
12645,,David Walker,david walker,LB,FRONT7,2000-06-03,TB,Active
12646,,Barrett Carter,barrett carter,LB,FRONT7,2002-10-23,CIN,Active
12647,,Billy Bowman,billy bowman,DB,DB,2003-01-29,ATL,Active
12648,,Cody Simon,cody simon,LB,FRONT7,2002-04-01,ARI,Active
12649,,C.J. West,cj west,DT,FRONT7,2002-06-12,SF,Inactive
12650,,Danny Stutsman,danny stutsman,LB,FRONT7,2003-03-10,NO,Active
12651,,Ty Robinson,ty robinson,DT,FRONT7,2001-05-03,PHI,Active
12652,,Deone Walker,deone walker,DT,FRONT7,2004-03-11,BUF,Active
12653,,Jack Kiser,jack kiser,LB,FRONT7,2000-09-10,JAX,Active
12654,,Craig Woodson,craig woodson,DB,DB,2001-02-20,NE,Active
12655,,Tyler Baron,tyler baron,DE,FRONT7,2001-10-22,NYJ,Active
12656,,Robbie Ouzts,robbie ouzts,RB,RB,2002-09-06,SEA,Inactive
12657,,Denzel Burke,denzel burke,CB,DB,2002-11-10,ARI,Active
12658,,Jackson Hawes,jackson hawes,TE,TE,2000-12-06,BUF,Active
12659,,Chris Paul,chris paul,LB,FRONT7,2002-11-04,,Inactive
12661,,Jordan Hancock,jordan hancock,DB,DB,2003-08-12,BUF,Inactive
12662,,Zah Frazier,zah frazier,CB,DB,2000-10-05,,Active
12665,,Yahya Black,yahya black,DT,FRONT7,2002-04-21,PIT,Active
12666,,Kiko Mauigoa,kiko mauigoa,LB,FRONT7,2003-03-17,NYJ,Active
12667,,Smael Mondon,smael mondon,LB,FRONT7,2003-02-13,PHI,Active
12668,,Marques Sigle,marques sigle,DB,DB,2002-07-18,SF,Active
12669,,Collin Oliver,collin oliver,DE,FRONT7,2002-09-23,GB,Inactive
12670,,KeAndre Lambert-Smith,keandre lambert smith,WR,WR,2001-10-16,LAC,Inactive
12671,,Elijah Roberts,elijah roberts,DT,FRONT7,2001-12-24,TB,Active
12672,,Jeffrey Bassa,jeffrey bassa,LB,FRONT7,2002-09-20,KC,Active
12673,,Dante Trader,dante trader,DB,DB,2003-02-13,MIA,Active
12675,,Jason Marshall,jason marshall,CB,DB,2002-09-06,MIA,Active
12676,,Ty Hamilton,ty hamilton,DT,FRONT7,2002-04-15,LAR,Active
12677,,Bradyn Swinson,bradyn swinson,DE,FRONT7,2002-07-04,PIT,Active
12678,,Mac McWilliams,mac mcwilliams,CB,DB,2001-11-29,PHI,Active
12679,,Jordan Phillips,jordan phillips,DL,FRONT7,2004-06-30,MIA,Active
12680,,Rylie Mills,rylie mills,DL,FRONT7,2001-08-20,SEA,Active
12682,,Cam Jackson,cam jackson,DT,FRONT7,2002-08-07,CAR,Active
12683,,Tyrion Ingram-Dawkins,tyrion ingram dawkins,DE,FRONT7,2003-06-26,MIN,Active
12684,,Kain Medrano,kain medrano,LB,FRONT7,2001-02-16,WAS,Active
12687,,Dorian Strong,dorian strong,CB,DB,2002-03-14,BUF,Inactive
12688,,Cam Miller,cam miller,QB,QB,2001-06-18,,Active
12689,,JJ Pegues,jj pegues,DT,FRONT7,2001-11-25,LV,Active
12690,,Tommy Mellott,tommy mellott,WR,WR,2001-10-16,,Active
12691,,Tim Smith,tim smith,DL,FRONT7,2002-08-09,IND,Active
12694,,RJ Mickens,rj mickens,DB,DB,2001-07-10,LAC,Active
12695,,Robert Longerbeam,robert longerbeam,DB,DB,2001-01-18,ATL,Active
12696,,Aeneas Peebles,aeneas peebles,DT,FRONT7,2001-09-03,BAL,Active
12697,,Antwaun Powell-Ryland,antwaun powell ryland,DE,FRONT7,2002-02-23,,Active
12699,,LaJohntay Wester,lajohntay wester,WR,WR,2002-03-29,BAL,Active
12700,,Gavin Bartholomew,gavin bartholomew,TE,TE,2003-04-30,MIN,Active
12701,,Kobe King,kobe king,LB,FRONT7,2003-01-28,,Inactive
12702,,Rayuan Lane,rayuan lane,DB,DB,2003-07-21,JAX,Active
12704,,Warren Brinson,warren brinson,DL,FRONT7,2002-02-04,GB,Inactive
12705,,Graham Mertz,graham mertz,QB,QB,2000-12-06,HOU,Inactive
12706,,Ahmed Hassanein,ahmed hassanein,DE,FRONT7,2002-07-09,DET,Active
12708,,Jalen McLeod,jalen mcleod,DE,FRONT7,2002-06-05,JAX,Active
12710,,Jaylen Reed,jaylen reed,DB,DB,2003-01-29,NE,Active
12711,,Tyler Loop,tyler loop,K,K,2001-08-04,BAL,Active
12712,,Marcus Harris,marcus harris,DB,DB,2001-03-06,TEN,Active
12713,,Andy Borregales,andy borregales,K,K,2003-01-02,NE,Active
12714,,Bilhal Kone,bilhal kone,CB,DB,2002-03-03,BAL,Inactive
12715,,Thomas Fidone,thomas fidone,TE,TE,2002-09-20,NYG,Active
12716,,Korie Black,korie black,CB,DB,2002-06-22,NYG,Inactive
12717,,Trikweze Bridges,trikweze bridges,DB,DB,2000-09-20,CIN,Active
12718,,Konata Mumpfield,konata mumpfield,WR,WR,2002-10-24,LAR,Active
12720,,Zeek Biggers,zeek biggers,DL,FRONT7,2003-10-04,MIA,Active
12721,,Kaden Prather,kaden prather,WR,WR,2002-09-06,,Active
12722,,Cody Lindenberg,cody lindenberg,LB,FRONT7,2002-01-15,LV,Active
12723,,Hunter Wohler,hunter wohler,DB,DB,2003-01-12,IND,Active
12724,,Kyonte Hamilton,kyonte hamilton,DL,FRONT7,2002-11-07,,Inactive
12725,,Luke Lachey,luke lachey,TE,TE,2001-06-29,,Inactive
12726,,Kobee Minor,kobee minor,DB,DB,2002-07-08,,Active
12730,,Micah Robinson,micah robinson,CB,DB,2002-02-05,TEN,Active
12731,,Dan Jackson,dan jackson,DB,DB,2000-11-30,,Active
12732,,Dominic Lovett,dominic lovett,WR,WR,2002-11-08,DET,Active
12733,,Carson Bruener,carson bruener,LB,FRONT7,2001-06-05,PIT,Active
12734,,Donte Kent,donte kent,CB,DB,2001-09-28,PIT,Active
12735,,Caleb Lohner,caleb lohner,TE,TE,2001-10-01,DEN,Inactive
12736,,Kitan Crawford,kitan crawford,DB,DB,2001-12-31,ARI,Inactive
12737,,Jay Toia,jay toia,DT,FRONT7,2003-07-16,ARI,Active
12738,,Phil Mafah,phil mafah,RB,RB,2002-10-24,NYG,Active
12739,,Tommy Akingbesote,tommy akingbesote,DT,FRONT7,2003-02-25,,Active
12743,,Junior Bergen,junior bergen,WR,WR,2002-10-23,,Active
12745,,Shilo Sanders,shilo sanders,DB,DB,2000-02-09,,Active
12746,,JP Richardson,jp richardson,WR,WR,2002-03-23,CHI,Active
12747,,Power Echols,power echols,LB,FRONT7,2003-01-20,,Inactive
12748,,Major Burns,major burns,DB,DB,2002-05-22,MIA,Active
12750,,Jonathan Kim,jonathan kim,K,K,2004-03-25,,Active
12751,,Howard Cross,howard cross,DT,FRONT7,2001-07-31,CIN,Active
12752,,Eric Gregory,eric gregory,DT,FRONT7,2000-09-13,NE,Active
12753,,Jamoi Mayes,jamoi mayes,WR,WR,2002-08-23,,Active
12755,,Kelly Akharaiyi,kelly akharaiyi,WR,WR,2000-02-05,,Active
12756,,Stephen Gosnell,stephen gosnell,WR,WR,2001-10-22,BUF,Active
12757,,Hal Presley,hal presley,WR,WR,2002-01-22,,Active
12758,,Hayden Harris,hayden harris,DE,FRONT7,2000-11-04,,Active
12760,,Rashod Owens,rashod owens,WR,WR,2001-12-07,,Active
12761,,Jordan Moore,jordan moore,WR,WR,2002-04-18,CIN,Active
12762,,Payton Thorne,payton thorne,QB,QB,2001-06-26,,Active
12763,,Jakob Robinson,jakob robinson,CB,DB,2000-10-10,TEN,Active
12764,,Keonta Jenkins,keonta jenkins,LB,FRONT7,2002-01-26,BUF,Active
12765,,Keleki Latu,keleki latu,TE,TE,2002-08-13,BUF,Active
12766,,Devin Brandt-Epps,devin brandt epps,DL,FRONT7,2001-11-28,,Active
12767,,Daryl Porter,daryl porter,DB,DB,2002-02-03,,Active
12768,,JB Brown,jb brown,CB,DB,,,Active
12770,,Johnny Walker,johnny walker,DE,FRONT7,2001-12-12,DEN,Active
12771,,Jaden Robinson,jaden robinson,CB,DB,2000-11-14,NYG,Active
12772,,Courtney Jackson,courtney jackson,WR,WR,2001-03-13,,Active
12773,,DJ Uiagalelei,dj uiagalelei,QB,QB,2001-04-17,LAC,Active
12775,,Max Brosmer,max brosmer,QB,QB,2001-03-28,MIN,Active
12776,,Connor Bazelak,connor bazelak,QB,QB,2000-09-22,,Active
12777,,Joaquin Davis,joaquin davis,WR,WR,2002-08-18,,Active
12778,,Jerjuan Newton,jerjuan newton,WR,WR,2001-05-19,,Active
12779,,Christian Dowell,christian dowell,NT,FRONT7,2002-12-16,,Active
12781,,Karene Reid,karene reid,LB,FRONT7,2000-02-19,DEN,Active
12783,,Donovan McMillon,donovan mcmillon,DB,DB,2002-06-18,CLE,Active
12785,,Dom Jones,dom jones,DB,DB,2000-07-16,,Active
12786,,Anthony Landphere,anthony landphere,TE,TE,,,Active
12787,,Josh Williams,josh williams,RB,RB,2001-06-09,TB,Active
12788,,Will Sheppard,will sheppard,WR,WR,2002-02-11,MIA,Active
12790,,John Bullock,john bullock,LB,FRONT7,2001-04-22,,Active
12791,,Ryan Coe,ryan coe,K,K,,,Active
12792,,Garrett Greene,garrett greene,QB,QB,2001-10-01,TB,Active
12793,,Desmond Watson,desmond watson,DL,FRONT7,2003-01-05,,Active
12796,,Roman Parodie,roman parodie,CB,DB,2002-04-04,,Active
12797,,Ahmani Marshall,ahmani marshall,RB,RB,2002-03-21,CAR,Active
12799,,Bryson Green,bryson green,WR,WR,2002-12-30,,Active
12800,,Oscar Cardenas,oscar cardenas,TE,TE,2001-07-25,,Active
12801,,TeRah Edwards,terah edwards,DL,FRONT7,2001-06-03,CAR,Active
12802,,Josh Fuga,josh fuga,DL,FRONT7,2001-02-14,,Active
12803,,Luke Grimm,luke grimm,WR,WR,2001-08-08,,Inactive
12804,,Kylan Guidry,kylan guidry,LB,FRONT7,,,Active
12805,,Glendon Miller,glendon miller,DB,DB,,,Active
12806,,Jacobe Covington,jacobe covington,CB,DB,,,Active
12808,,Brandon George,brandon george,LB,FRONT7,2000-11-19,,Active
12809,,Mac Dalena,mac dalena,WR,WR,2001-10-04,,Active
12810,,Elijhah Badger,elijhah badger,WR,WR,2001-08-15,,Active
12813,,Jaylen Jones,jaylen jones,DB,DB,,,Active
12815,,Stevo Klotz,stevo klotz,TE,TE,,,Active
12817,,Jake Briningstool,jake briningstool,TE,TE,2002-12-09,KC,Active
12818,,Elijah Young,elijah young,RB,RB,2001-09-14,,Active
12819,,Kevin Knowles,kevin knowles,DB,DB,2003-04-09,TB,Active
12820,,Landon Parker,landon parker,WR,WR,1999-09-02,,Active
12821,,Jordan Oladokun,jordan oladokun,CB,DB,2002-07-29,,Active
12823,,Joe Evans,joe evans,DT,FRONT7,2001-04-27,,Active
12824,,Maddux Trujillo,maddux trujillo,K,K,2003-04-12,,Active
12826,,Ulysses Bentley,ulysses bentley,RB,RB,2000-12-30,NO,Active
12827,,Myles Purchase,myles purchase,DB,DB,2002-11-26,,Active
12828,,Desmond Little,desmond little,DE,FRONT7,2004-12-12,,Active
12829,,Coleman Owen,coleman owen,WR,WR,2001-03-23,GB,Active
12830,,Devonta Davis,devonta davis,DL,FRONT7,2001-01-09,,Active
12831,,Tyler Kahmann,tyler kahmann,WR,WR,2000-10-15,,Active
12832,,Blayne Taylor,blayne taylor,WR,WR,2002-03-30,,Active
12834,,Jimmy Bell,jimmy bell,TE,TE,2000-07-08,,Active
12835,,Marlowe Wax,marlowe wax,LB,FRONT7,2002-12-13,LAC,Active
12836,,Trey Washington,trey washington,DB,DB,2002-12-09,IND,Active
12837,,Solomon DeShields,solomon deshields,LB,FRONT7,2002-04-23,,Active
12838,,Nikko Reed,nikko reed,DB,DB,2003-03-03,NYG,Active
12840,,Eric Rogers,eric rogers,DB,DB,2002-04-02,,Active
12841,,Garmon Randolph,garmon randolph,LB,FRONT7,2000-10-05,CIN,Active
12843,,Trey Rucker,trey rucker,DB,DB,2001-01-12,,Active
12844,,Ricky Barber,ricky barber,DT,FRONT7,2001-01-31,WAS,Active
12845,,Car'lin Vigers,car lin vigers,CB,DB,2000-08-16,PIT,Active
12846,,Fentrell Cypress,fentrell cypress,CB,DB,2001-06-05,,Active
12847,,Robert McDaniel,robert mcdaniel,CB,DB,2000-10-18,,Active
12848,,Josh Kelly,josh kelly,WR,WR,2001-07-01,HOU,Active
12849,,Traeshon Holden,traeshon holden,WR,WR,2001-08-12,,Active
12850,,Tyler Neville,tyler neville,TE,TE,,,Active
12851,,Rivaldo Fairweather,rivaldo fairweather,TE,TE,2002-07-19,,Active
12852,,Monaray Baldwin,monaray baldwin,WR,WR,2002-12-17,,Active
12853,,Justin Barron,justin barron,LB,FRONT7,2001-10-25,DAL,Active
12854,,Mike Smith,mike smith,DB,DB,,,Active
12855,,Alijah Clark,alijah clark,DB,DB,2003-07-11,DAL,Active
12856,,Zion Childress,zion childress,DB,DB,2002-01-21,CAR,Active
12857,,Bruce Harmon,bruce harmon,CB,DB,,,Active
12859,,Nate Noel,nate noel,RB,RB,2002-04-04,,Active
12860,,Theo Wease,theo wease,WR,WR,2001-06-25,LAC,Active
12861,,Ethan Robinson,ethan robinson,DB,DB,2003-04-30,,Inactive
12863,,Andrew Armstrong,andrew armstrong,WR,WR,2000-10-31,KC,Active
12864,,BJ Adams,bj adams,CB,DB,,,Active
12865,,AJ Henning,aj henning,WR,WR,2001-09-09,MIA,Active
12866,,Jalin Conyers,jalin conyers,TE,TE,2001-07-26,,Active
12868,,Montrell Johnson,montrell johnson,RB,RB,2002-10-13,,Inactive
12871,,Eugene Asante,eugene asante,LB,FRONT7,2001-01-22,ARI,Active
12872,,John Saunders,john saunders,DB,DB,2001-10-24,,Active
12873,,Alex Huntley,alex huntley,DT,FRONT7,2001-10-08,,Active
12874,,Lance Dixon,lance dixon,LB,FRONT7,2001-07-18,,Active
12875,,BJ Mayes,bj mayes,CB,DB,,,Active
12876,,Maxen Hook,maxen hook,DB,DB,2001-08-19,SEA,Active
12877,,Brandon Johnson,brandon johnson,DB,DB,2003-03-25,TB,Active
12879,,Chaz Chambliss,chaz chambliss,DE,FRONT7,2002-10-25,MIN,Active
12880,,Silas Bolden,silas bolden,WR,WR,2001-11-09,,Active
12882,,Nick Kubitz,nick kubitz,LB,FRONT7,,,Active
12883,,Joshua Simon,joshua simon,TE,TE,2000-11-27,,Active
12884,,Quincy Skinner,quincy skinner,WR,WR,2003-02-28,GB,Active
12885,,Dontae Manning,dontae manning,CB,DB,2001-09-17,,Active
12888,,Dalen Cambre,dalen cambre,WR,WR,2001-04-10,NYG,Active
12889,,Beaux Collins,beaux collins,WR,WR,2002-12-16,ATL,Inactive
12890,,R.J. Delancy,rj delancy,CB,DB,,,Active
12891,,Jordan Bly,jordan bly,WR,WR,,,Active
12892,,Da'Quan Felton,da quan felton,WR,WR,2001-01-13,,Active
12893,,Nate McCollum,nate mccollum,WR,WR,,,Active
12894,,Makari Paige,makari paige,DB,DB,2002-01-11,,Active
12895,,Malik Verdon,malik verdon,DB,DB,2002-10-31,,Inactive
12896,,Simeon Barrow,simeon barrow,DT,FRONT7,2002-07-06,,Active
12897,,Nate Carter,nate carter,RB,RB,2002-05-22,KC,Active
12898,,Seth Henigan,seth henigan,QB,QB,2003-03-10,,Active
12899,,Doneiko Slaughter,doneiko slaughter,DB,DB,2001-11-08,,Active
12900,,Danny Striggow,danny striggow,DL,FRONT7,2002-07-24,JAX,Active
12901,,Patrick Herbert,patrick herbert,TE,TE,2000-10-18,LAC,Active
12902,,Ethan Downs,ethan downs,DE,FRONT7,2002-10-13,KC,Inactive
12903,,Eli Mostaert,eli mostaert,DT,FRONT7,,,Active
12905,,John Copenhaver,john copenhaver,TE,TE,,,Active
12906,,Cam Camper,cam camper,WR,WR,2001-08-21,,Active
12907,,Quentin Skinner,quentin skinner,WR,WR,2001-12-24,,Active
12908,,Chandler Brayboy,chandler brayboy,WR,WR,2001-08-20,NE,Active
12909,,Eli Pancol,eli pancol,WR,WR,2000-07-07,IND,Active
12910,,B.J. Green,bj green,DE,FRONT7,2003-07-03,JAX,Inactive
12911,,Keivie Rose,keivie rose,DL,FRONT7,2000-12-14,,Inactive
12912,,Cam'Ron Silmon-Craig,cam ron silmon craig,DB,DB,2002-10-30,JAX,Active
12913,,J.J. Jones,jj jones,WR,WR,,,Active
12914,,Aydan White,aydan white,CB,DB,2002-02-12,,Active
12915,,James Carpenter,james carpenter,DL,FRONT7,,,Active
12916,,Jabbar Muhammad,jabbar muhammad,CB,DB,2001-12-28,JAX,Active
12917,,Branson Combs,branson combs,LB,FRONT7,2000-07-14,JAX,Active
12919,,Elijah Simmons,elijah simmons,DL,FRONT7,2001-07-26,TB,Active
12920,,Dean Clark,dean clark,DB,DB,2001-06-01,,Active
12922,,Ja'Markis Weston,ja markis weston,DE,FRONT7,2000-08-10,,Inactive
12923,,Jordan Clark,jordan clark,DB,DB,2001-04-22,NYJ,Active
12924,,Fatorma Mulbah,fatorma mulbah,DL,FRONT7,,,Active
12925,,Jamaal Pritchett,jamaal pritchett,WR,WR,2003-06-10,NYJ,Active
12927,,Nazir Stackhouse,nazir stackhouse,DL,FRONT7,2002-04-18,TEN,Active
12928,,Amar Johnson,amar johnson,RB,RB,2003-01-31,LAC,Active
12931,,Johnathan Baldwin,johnathan baldwin,DB,DB,2003-02-08,GB,Inactive
12932,,Tyron Herring,tyron herring,CB,DB,2001-04-14,,Active
12933,,Caden Prieskorn,caden prieskorn,TE,TE,1999-09-21,,Active
12934,,Ian Kennelly,ian kennelly,DB,DB,,,Active
12935,,Jakobie Keeney-James,jakobie keeney james,WR,WR,2000-09-26,,Active
12937,,Keith Cooper,keith cooper,DL,FRONT7,2003-03-30,MIA,Active
12938,,Jackson Meeks,jackson meeks,TE,TE,2003-03-24,DET,Active
12939,,Anthony Tyus,anthony tyus,RB,RB,2003-03-20,CAR,Active
12940,,Tre Stewart,tre stewart,RB,RB,2002-12-14,,Active
12941,,Bryson Nesbit,bryson nesbit,TE,TE,2002-09-25,,Inactive
12942,,Zemaiah Vaughn,zemaiah vaughn,CB,DB,2002-04-02,MIN,Active
12943,,Mishael Powell,mishael powell,DB,DB,,,Active
12944,,Dorian Mausi,dorian mausi,LB,FRONT7,2002-03-05,TEN,Inactive
12945,,Alexander Williams,alexander williams,DL,FRONT7,,,Active
12946,,Dontae Fleming,dontae fleming,WR,WR,2001-11-28,,Inactive
12948,,Austin Keys,austin keys,LB,FRONT7,2002-04-03,WAS,Active
12949,,Keenan Garber,keenan garber,CB,DB,2000-07-22,,Active
12950,,Robert Lewis,robert lewis,WR,WR,2002-01-17,,Active
12952,,Kahzir Brown,kahzir brown,CB,DB,2003-01-26,,Active
12953,,Jalen White,jalen white,RB,RB,2002-06-05,,Active
12954,,Kye Robichaux,kye robichaux,RB,RB,2002-10-06,,Inactive
12955,,Sebastian Castro,sebastian castro,DB,DB,2000-10-14,PIT,Active
12956,,Bam Martin-Scott,bam martin scott,LB,FRONT7,2000-07-04,CAR,Inactive
12957,,Corey Thornton,corey thornton,CB,DB,2000-01-30,CAR,Active
12958,,Isaac Gifford,isaac gifford,DB,DB,,,Active
12959,,Bryce Pierre,bryce pierre,TE,TE,2001-01-25,,Inactive
12960,,Mike Reid,mike reid,CB,DB,2002-05-24,NO,Active
12961,,Ryan Fitzgerald,ryan fitzgerald,K,K,2000-08-13,CAR,Active
12962,,Trevian Thomas,trevian thomas,DB,DB,2002-03-04,,Active
12963,,Kayron Lynch-Adams,kayron lynch adams,RB,RB,,,Active
12965,,Ethan Garbers,ethan garbers,QB,QB,2002-07-28,,Active
12966,,Moose Muhammad,moose muhammad,WR,WR,2001-05-05,,Active
12967,,Jacolby George,jacolby george,WR,WR,2003-01-25,,Active
12969,,Lan Larison,lan larison,RB,RB,2001-10-11,NE,Active
12970,,Cam Riley,cam riley,LB,FRONT7,2002-03-29,,Active
12971,,Ke'Shawn Williams,ke shawn williams,WR,WR,2001-12-27,CIN,Active
12972,,Roc Taylor,roc taylor,WR,WR,2002-08-26,,Active
12973,,DJ Thomas-Jones,dj thomas jones,TE,TE,2002-07-06,,Active
12975,,JJ Galbreath,jj galbreath,TE,TE,2001-08-05,,Active
12976,,DeMeer Blankumsee,demeer blankumsee,WR,WR,,,Active
12977,,Brandon Crossley,brandon crossley,CB,DB,2001-01-17,,Active
12978,,Elijah Ponder,elijah ponder,DE,FRONT7,2002-08-24,NE,Active
12979,,Josh Minkins,josh minkins,DB,DB,2002-01-21,,Inactive
12980,,Jordan Polk,jordan polk,CB,DB,2001-02-02,,Active
12981,,Gee Scott,gee scott,TE,TE,2000-12-28,,Inactive
12982,,Remario-DUP Steppings-DUP,remario dup steppings dup,DL,FRONT7,,,Active
12983,,Brock Lampe,brock lampe,FB,RB,2003-03-31,BUF,Active
12984,,CJ Dippre,cj dippre,TE,TE,2002-04-29,TB,Active
12986,,Wilfried Pene,wilfried pene,DT,FRONT7,,,Active
12987,,Kendall Paul,kendall paul,DB,DB,2001-07-10,,Active
12988,,Matt Jones,matt jones,LB,FRONT7,,,Active
12989,,Hudson Clark,hudson clark,DB,DB,2001-02-17,,Active
12990,,Jailin Walker,jailin walker,LB,FRONT7,2003-02-10,,Active
12991,,Anthony Booker,anthony booker,DT,FRONT7,2001-07-29,,Active
12992,,Mello Dotson,mello dotson,CB,DB,2002-02-19,,Active
12993,,Jah Joyner,jah joyner,DE,FRONT7,2001-07-30,,Active
12994,,Jordan Taylor,jordan taylor,CB,DB,,,Active
12995,,Tyreem Powell,tyreem powell,LB,FRONT7,2001-12-28,,Active
12996,,Omari Thomas,omari thomas,DT,FRONT7,2001-11-02,,Active
12998,,Da'Jon Terry,da jon terry,DL,FRONT7,2000-10-20,,Active
12999,,Malik Dixon-Williams,malik dixon williams,DB,DB,,,Active
13000,,Shaun Dolac,shaun dolac,LB,FRONT7,2001-09-14,LAR,Active
13001,,Mario Williams,mario williams,WR,WR,2003-01-21,,Inactive
13003,,Tru Edwards,tru edwards,WR,WR,2001-06-09,,Active
13005,,Anthony Torres,anthony torres,TE,TE,1999-10-26,,Active
13006,,Jamil Muhammad,jamil muhammad,DE,FRONT7,2001-02-01,,Active
13007,,Nate Valcarcel,nate valcarcel,DB,DB,2002-05-23,,Active
13008,,Bill Norton,bill norton,DL,FRONT7,2000-07-07,LAR,Active
13009,,Josh Pearcy,josh pearcy,LB,FRONT7,,,Active
13010,,Jordan Waters,jordan waters,RB,RB,2000-12-18,LAR,Active
13011,,Brennan Presley,brennan presley,WR,WR,2002-02-02,LAR,Active
13013,,Mark Redman,mark redman,TE,TE,2002-01-20,GB,Active
13014,,Pat Conroy,pat conroy,TE,TE,,,Active
13015,,John Humphrey,john humphrey,CB,DB,,,Active
13016,,Treven Ma'ae,treven ma ae,DL,FRONT7,2001-02-26,,Active
13017,,Hajj-Malik Williams,hajj malik williams,QB,QB,1999-11-25,,Active
13019,,Greedy Vance,greedy vance,CB,DB,2001-10-08,LV,Active
13020,,Jayson Jones,jayson jones,DL,FRONT7,2001-09-21,TB,Active
13021,,Desmond Igbinosun,desmond igbinosun,DB,DB,2003-02-20,,Active
13022,,Sone Ntoh,sone ntoh,RB,RB,,,Active
13024,,Jay Higgins,jay higgins,LB,FRONT7,2002-02-14,BAL,Active
13026,,Moochie Dixon,moochie dixon,WR,WR,,,Active
13027,,Dalys Beanum,dalys beanum,CB,DB,2002-10-12,,Active
13028,,Elliott Davison,elliott davison,DB,DB,2001-12-19,NE,Active
13031,,Jasheen Davis,jasheen davis,DE,FRONT7,2001-12-18,,Active
13032,,Marshall Lang,marshall lang,TE,TE,2001-10-15,MIN,Active
13033,,Zy Alexander,zy alexander,CB,DB,2001-12-26,,Active
13034,,Tyrone Broden,tyrone broden,WR,WR,2001-02-26,,Active
13036,,T.J. Jackson,tj jackson,DL,FRONT7,,,Active
13037,,Connor O'Toole,connor o toole,DE,FRONT7,2002-08-27,SEA,Active
13040,,Marquise Robinson,marquise robinson,DB,DB,2002-06-16,,Active
13041,,Jahmal Banks,jahmal banks,WR,WR,2001-10-02,,Active
13042,,Xavier Guillory,xavier guillory,WR,WR,2001-07-13,BAL,Active
13043,,Chris Tyree,chris tyree,WR,WR,2001-12-05,,Active
13044,,Wy'Kevious Thomas,wy kevious thomas,DL,FRONT7,2000-07-05,,Active
13046,,Jalan Gaines,jalan gaines,DL,FRONT7,2001-04-12,,Active
13047,,Jacardia Wright,jacardia wright,RB,RB,2000-09-26,SEA,Active
13048,,Jared Ivey,jared ivey,DE,FRONT7,2001-12-05,ATL,Active
13049,,Alijah Huzzie,alijah huzzie,DB,DB,2001-01-16,JAX,Active
13051,,K.C. Ossai,kc ossai,LB,FRONT7,2002-11-05,HOU,Inactive
13053,,Daniel Jackson,daniel jackson,WR,WR,2002-04-25,,Active
13054,,Junior Tafuna,junior tafuna,DT,FRONT7,2001-02-27,HOU,Active
13055,,Clarence Lewis,clarence lewis,CB,DB,,,Active
13056,,David Gbenda,david gbenda,LB,FRONT7,,,Active
13057,,Davion Ross,davion ross,DB,DB,,,Active
13058,,Cam Horsley,cam horsley,DT,FRONT7,2002-02-06,ARI,Active
13059,,Jalen Kimber,jalen kimber,CB,DB,2001-02-13,,Active
13060,,Isaiah Raikes,isaiah raikes,DL,FRONT7,1999-05-15,,Active
13062,,Jermari Harris,jermari harris,CB,DB,2000-09-19,,Active
13063,,Darius Lassiter,darius lassiter,WR,WR,2000-08-10,,Active
13064,,Dorian Singer,dorian singer,WR,WR,2002-10-16,,Active
13065,,Ben Wooldridge,ben wooldridge,QB,QB,1999-09-27,,Active
13066,,Ben Sauls,ben sauls,K,K,2001-07-31,,Active
13067,,Joshua Pickett,joshua pickett,CB,DB,,,Active
13069,,Kristian Williams,kristian williams,DT,FRONT7,2000-12-05,,Active
13070,,Kendall Bohler,kendall bohler,CB,DB,,,Active
13072,,Stone Blanton,stone blanton,LB,FRONT7,,,Active
13073,,Sebastian Valdez,sebastian valdez,DL,FRONT7,2002-08-01,SF,Active
13074,,Isaiah Neyor,isaiah neyor,WR,WR,2001-06-07,GB,Active
13075,,Myles Price,myles price,WR,WR,2001-12-16,MIN,Active
13076,,Diwun Black,diwun black,DE,FRONT7,,,Active
13078,,Tysheem Johnson,tysheem johnson,DB,DB,2002-09-30,,Active
13079,,Jahdae Walker,jahdae walker,WR,WR,2002-07-05,CHI,Active
13080,,Deion Hankins,deion hankins,RB,RB,2000-09-13,,Active
13081,,Xavier Carlton,xavier carlton,LB,FRONT7,2001-08-22,,Active
13082,,Jereme Robinson,jereme robinson,DE,FRONT7,2000-02-23,,Active
13083,,Bralyn Lux,bralyn lux,DB,DB,2000-08-28,CIN,Active
13084,,Shaquan Loyal,shaquan loyal,DB,DB,2001-11-19,,Active
13085,,Kole Taylor,kole taylor,TE,TE,,,Active
13087,,Dante Barnett,dante barnett,DL,FRONT7,2003-02-01,,Active
13088,,Quali Conley,quali conley,RB,RB,2002-09-25,,Active
13090,,Mapalo Mwansa,mapalo mwansa,LB,FRONT7,2004-04-02,CAR,Active
13093,,Tuasivi Nomura,tuasivi nomura,LB,FRONT7,,,Active
13094,,Jared Harrison-Hunte,jared harrison hunte,DT,FRONT7,2000-07-22,ARI,Active
13095,,Wande Owens,wande owens,DB,DB,2001-03-26,,Active
13096,,Paris Shand,paris shand,DE,FRONT7,2001-05-07,,Active
13097,,TaMuarion Wilson,tamuarion wilson,CB,DB,,,Active
13098,,Jack Henderson,jack henderson,DB,DB,2001-12-26,,Active
13100,,Eli Wilson,eli wilson,TE,TE,,,Active
13101,,Gage Larvadain,gage larvadain,WR,WR,2002-01-03,BAL,Active
13103,,LaMareon James,lamareon james,CB,DB,2000-10-25,,Active
13104,,Adin Huntington,adin huntington,DT,FRONT7,2002-03-18,CLE,Active
13106,,Evan Slocum,evan slocum,DB,DB,,,Active
13107,,Johnathan Edwards,johnathan edwards,DB,DB,2001-11-16,IND,Active
13108,,Julian Fleming,julian fleming,WR,WR,2000-12-19,,Active
13109,,Gavin Holmes,gavin holmes,CB,DB,,,Active
13110,,Zach Horton,zach horton,TE,TE,2002-12-02,,Active
13112,,Jordan Wright,jordan wright,DB,DB,,,Active
13113,,Dante Wright,dante wright,WR,WR,,,Inactive
13114,,Coziah Izzard,coziah izzard,DT,FRONT7,2001-11-06,,Active
13115,,Will Brooks,will brooks,DB,DB,2001-10-25,,Active
13116,,Tre Watson,tre watson,TE,TE,2002-10-12,MIA,Active
13117,,Qualan Jones,qualan jones,RB,RB,,,Inactive
13118,,Melvin Smith,melvin smith,DB,DB,2002-04-12,KC,Active
13119,,Collin Schlee,collin schlee,QB,QB,2001-05-30,,Active
13120,,Jacoby Jones,jacoby jones,WR,WR,2001-07-18,,Inactive
13121,,Ben Yurosek,ben yurosek,TE,TE,2002-03-17,MIN,Inactive
13122,,Carter Runyon,carter runyon,TE,TE,2001-07-23,LV,Inactive
13124,,Jeremiah Webb,jeremiah webb,WR,WR,2001-05-17,NE,Inactive
13125,,Micah Bernard,micah bernard,RB,RB,2001-10-22,,Active
13126,,Devonte O'Malley,devonte o malley,DT,FRONT7,,,Active
13128,,Rushawn Baker,rushawn baker,RB,RB,2003-04-17,,Active
13129,,Jermaine Terry,jermaine terry,TE,TE,,,Active
13130,,Jackson Woodard,jackson woodard,LB,FRONT7,2002-07-02,MIA,Active
13131,,Isas Waxter,isas waxter,DB,DB,2001-09-17,LAC,Active
13132,,JJ Roberts,jj roberts,DB,DB,2001-09-22,TB,Active
13133,,Mason Narcisse,mason narcisse,DL,FRONT7,2001-12-13,,Active
13134,,Bryce Ganious,bryce ganious,DL,FRONT7,2003-08-25,,Active
13135,,Garnett Hollis,garnett hollis,CB,DB,,,Active
13136,,Redd Douglas,redd douglas,WR,WR,,,Active
13137,,Trace Ford,trace ford,DL,FRONT7,2001-01-24,NYG,Active
13138,,Tommy McCormick,tommy mccormick,DB,DB,,,Active
13139,,Taylor Morin,taylor morin,WR,WR,,,Active
13140,,Demeco Roland,demeco roland,DL,FRONT7,,,Active
13141,,Seth Coleman-Lyles,seth coleman lyles,LB,FRONT7,2000-12-07,,Active
13142,,J.R. Singleton,jr singleton,DL,FRONT7,2002-02-13,,Active
13143,,Dymere Miller,dymere miller,WR,WR,,,Active
13144,,Laki Tasi,laki tasi,DL,FRONT7,2003-10-24,TEN,Active
13145,,ShunDerrick Powell,shunderrick powell,RB,RB,2002-05-16,,Active
13146,,Jared Bartlett,jared bartlett,LB,FRONT7,2001-04-01,JAX,Inactive
13148,,Aaron Smith,aaron smith,LB,FRONT7,2002-08-12,SEA,Inactive
13149,,Caden Davis,caden davis,K,K,2001-02-27,,Active
13150,,Darius Cooper,darius cooper,WR,WR,2001-11-22,PHI,Active
13151,,Nick Kallerup,nick kallerup,TE,TE,2001-03-27,SEA,Active
13152,,Justin Lockhart,justin lockhart,WR,WR,,,Active
13153,,Giles Jackson,giles jackson,WR,WR,2001-12-11,,Active
13154,,Marcus Major,marcus major,RB,RB,2000-11-14,,Active
13155,,Chandler Martin,chandler martin,LB,FRONT7,2002-12-11,NYG,Active
13156,,Keondre Jackson,keondre jackson,DB,DB,2002-05-02,BAL,Active
13157,,Reuben Lowery,reuben lowery,DB,DB,2002-07-30,,Active
13158,,Sam Pitz,sam pitz,TE,TE,,,Active
13159,,O'Donnell Fortune,o donnell fortune,CB,DB,2001-09-08,,Active
13160,,Reggie Brown,reggie brown,TE,TE,,,Active
13161,,Zakhari Franklin,zakhari franklin,WR,WR,2000-10-15,,Active
13162,,Maximilian Mang,maximilian mang,TE,TE,2000-03-13,,Active
13163,,Jahvaree Ritzie,jahvaree ritzie,DT,FRONT7,2003-01-31,MIN,Active
13164,,Blake Mangelson,blake mangelson,DE,FRONT7,,,Active
13165,,Easton Mascarenas-Arnold,easton mascarenas arnold,LB,FRONT7,2002-09-13,CLE,Active
13166,,Kisean Johnson,kisean johnson,WR,WR,,,Active
13167,,Nash Hutmacher,nash hutmacher,DT,FRONT7,2001-05-15,,Active
13168,,Jerrin Thompson,jerrin thompson,DB,DB,,,Active
13169,,Philip Blidi,philip blidi,DL,FRONT7,2002-05-12,,Active
13170,,Desmond Evans,desmond evans,DE,FRONT7,,,Active
13171,,Major Williams,major williams,DB,DB,,,Active
13172,,Keyon Martin,keyon martin,CB,DB,2001-05-16,BAL,Active
13173,,Jimmy Holiday,jimmy holiday,WR,WR,2001-12-16,KC,Inactive
13174,,Cooper McDonald,cooper mcdonald,LB,FRONT7,2001-08-07,KC,Inactive
13175,,Kinkead Dent,kinkead dent,QB,QB,2000-07-27,,Inactive
13176,,Ale Kaho,ale kaho,LB,FRONT7,2000-04-07,WAS,Active
13177,,Kam Arnold,kam arnold,LB,FRONT7,2002-12-19,,Active
13178,,Virgil Lemons,virgil lemons,DB,DB,,,Active
13179,,Ja'seem Reed,ja seem reed,WR,WR,2003-03-21,CAR,Active
13180,,Warren Peeples,warren peeples,DL,FRONT7,,,Active
13181,,Payton Page,payton page,DT,FRONT7,2002-09-27,NYJ,Active
13182,,Tre'vonn Rybka,tre vonn rybka,DL,FRONT7,,,Active
13184,,Ladarius Tennison,ladarius tennison,DB,DB,2001-01-31,,Active
13186,,JaTravis Broughton,jatravis broughton,CB,DB,,,Active
13187,,Nick Jackson,nick jackson,LB,FRONT7,2001-01-05,,Active
13189,,Luke Floriea,luke floriea,WR,WR,2001-10-23,,Active
13190,,Taylor Elgersma,taylor elgersma,QB,QB,2002-03-27,,Active
13191,,TJ Sheffield,tj sheffield,WR,WR,,,Active
13192,,Wesley Steiner,wesley steiner,LB,FRONT7,2002-02-21,,Active
13193,,Ketron Jackson,ketron jackson,WR,WR,,,Active
13194,,Key'Shawn Smith,key shawn smith,WR,WR,,,Active
13195,,Jahfari Harvey,jahfari harvey,DE,FRONT7,2001-05-02,DEN,Active
13196,,Elijah Williams,elijah williams,DL,FRONT7,2002-09-09,MIN,Active
13197,,Matt Harmon,matt harmon,LB,FRONT7,,,Active
13198,,D'Eryk Jackson,d eryk jackson,LB,FRONT7,2002-02-27,,Active
13199,,Montorie Foster,montorie foster,WR,WR,2001-08-03,SEA,Active
13200,,Max Hurleman,max hurleman,CB,DB,2001-10-19,PIT,Active
13201,,TJ Moore,tj moore,CB,DB,2001-12-15,,Active
13202,,Dalevon Campbell,dalevon campbell,WR,WR,2001-12-05,,Inactive
13203,,Jeremiah Walker,jeremiah walker,CB,DB,,,Active
13205,,Luke Deal,luke deal,TE,TE,,,Active
13206,,Dvon J-Thomas,dvon j thomas,DT,FRONT7,,,Active
13208,,Kyrese Rowan,kyrese rowan,WR,WR,2001-01-25,NO,Active
13209,,Jordan Turner,jordan turner,LB,FRONT7,2001-12-13,DEN,Active
13210,,Drake Dabney,drake dabney,TE,TE,2002-05-14,GB,Active
13211,,John Hoyland,john hoyland,K,K,,,Active
13212,,Cade McDonald,cade mcdonald,WR,WR,2001-05-07,,Active
13213,,Lucas Scott,lucas scott,FB,RB,2003-08-25,,Active
13214,,Kaimon Rucker,kaimon rucker,LB,FRONT7,2002-02-28,BAL,Active
13216,,Derrick Canteen,derrick canteen,CB,DB,2001-04-02,TEN,Active
13217,,Hunter Dekkers,hunter dekkers,QB,QB,2001-07-04,,Active
13218,,Michael Fletcher,michael fletcher,DE,FRONT7,,,Active
13220,,Keydrain Calligan,keydrain calligan,DB,DB,2001-12-04,,Active
13221,,Brett Gabbert,brett gabbert,QB,QB,2000-08-04,,Active
13222,,Montana Lemonious-Craig,montana lemonious craig,WR,WR,2002-07-29,,Active
13223,,Patrick Jenkins,patrick jenkins,DL,FRONT7,2003-08-20,,Active
13224,,Anthony Campbell,anthony campbell,DT,FRONT7,2000-09-09,GB,Active
13225,,Sam Brown,sam brown,WR,WR,2002-08-15,,Active
13227,,Mitch Van Vooren,mitch van vooren,WR,WR,,,Active
13228,,Ife Adeyi,ife adeyi,WR,WR,2000-12-05,,Active
13229,,Decarius Hawthorne,decarius hawthorne,DL,FRONT7,,,Active
13235,,Tyson Russell,tyson russell,CB,DB,2002-07-16,,Active
13236,,Kam Alexander,kam alexander,CB,DB,,,Active
13237,,Mark McNamee,mark mcnamee,K,K,1999-11-10,,Active
13238,,Winston Wright,winston wright,WR,WR,,,Active
13239,,J.J. Weaver,jj weaver,LB,FRONT7,1999-11-30,,Active
13240,,Toa Taua,toa taua,RB,RB,2000-02-15,,Active
13241,,D.K. Kaufman,dk kaufman,DB,DB,,,Active
13242,,Lawrance Toafili,lawrance toafili,RB,RB,2001-11-30,,Active
13243,,Thor Griffith,thor griffith,DT,FRONT7,,,Active
13244,,R.J. Moten,rj moten,LB,FRONT7,2002-04-23,,Active
13246,,Jaden Smith,jaden smith,WR,WR,2001-12-13,,Active
13247,,Ajani Carter,ajani carter,DB,DB,2000-08-17,,Active
13249,,Thomas Gordon,thomas gordon,TE,TE,2000-09-05,DET,Active
13250,,Nay'Quan Wright,nay quan wright,RB,RB,,,Active
13251,,Gunnar Oakes,gunnar oakes,TE,TE,1999-05-11,,Active
13252,,Alphonzo Tuputala,alphonzo tuputala,LB,FRONT7,,,Active
13253,,JayVian Farr,jayvian farr,DB,DB,,,Active
13254,,Nate Matlack,nate matlack,DE,FRONT7,2002-03-12,,Active
13255,,Shane Watts,shane watts,RB,RB,,,Active
13256,,Roderick Daniels,roderick daniels,WR,WR,,,Active
13257,,Xander Mueller,xander mueller,LB,FRONT7,,,Active
13258,,Phil Lutz,phil lutz,WR,WR,,,Active
13259,,Joseph Vaughn,joseph vaughn,LB,FRONT7,2000-08-08,,Inactive
13260,,Jake Chaney,jake chaney,LB,FRONT7,,,Active
13261,,Layne Pryor,layne pryor,TE,TE,2003-04-05,,Active
13262,,Paschal Ekeji,paschal ekeji,DE,FRONT7,2002-03-19,NYJ,Active
13263,,Wyett Ekeler,wyett ekeler,CB,DB,2001-03-15,,Active
13264,,Dohnte Meyers,dohnte meyers,WR,WR,2000-07-06,CIN,Active
13265,,Rob Carter,rob carter,CB,DB,2003-02-16,,Active
13266,,Devin-DUP Veresuk-DUP,devin dup veresuk dup,LB,FRONT7,,,Active
13267,,Devin Veresuk,devin veresuk,LB,FRONT7,2001-11-22,,Active
13268,,Elijah Sarratt,elijah sarratt,WR,WR,2003-05-28,BAL,Active
13269,,Fernando Mendoza,fernando mendoza,QB,QB,2003-10-01,LV,Active
13270,,CJ Daniels,cj daniels,WR,WR,2002-01-04,LAR,Active
13271,,Mark Fletcher,mark fletcher,RB,RB,,,Active
13272,,Carson Beck,carson beck,QB,QB,2002-11-19,ARI,Active
13273,,Josh Cuevas,josh cuevas,TE,TE,2003-09-15,BAL,Active
13274,,Germie Bernard,germie bernard,WR,WR,2003-12-02,PIT,Active
13275,,Ty Simpson,ty simpson,QB,QB,2002-12-21,LAR,Active
13276,,Omar Cooper,omar cooper,WR,WR,2003-12-14,NYJ,Inactive
13277,,CJ Donaldson,cj donaldson,RB,RB,2004-07-09,NO,Active
13278,,Max Klare,max klare,TE,TE,2003-07-08,LAR,Active
13279,,Carnell Tate,carnell tate,WR,WR,2005-01-19,TEN,Active
13280,,Chamon Metayer,chamon metayer,TE,TE,,,Active
13281,,Jordyn Tyson,jordyn tyson,WR,WR,2004-08-12,NO,Inactive
13282,,Jack Endries,jack endries,TE,TE,2004-03-26,CIN,Active
13283,,Hollywood Smothers,hollywood smothers,RB,RB,,,Active
13284,,Dylan Devezin,dylan devezin,RB,RB,,,Active
13285,,Malachi Fields,malachi fields,WR,WR,2003-08-26,NYG,Active
13286,,Jadarian Price,jadarian price,RB,RB,2003-10-09,SEA,Inactive
13287,,Jeremiyah Love,jeremiyah love,RB,RB,2005-05-31,ARI,Active
13288,,Nicholas Singleton,nicholas singleton,RB,RB,2004-01-06,TEN,Active
13289,,Drew Allar,drew allar,QB,QB,2004-03-08,PIT,Active
13290,,Jalen Moss,jalen moss,WR,WR,,,Active
13291,,Kejon Owens,kejon owens,RB,RB,,,Active
13292,,Lake McRee,lake mcree,TE,TE,2002-09-04,PIT,Active
13293,,Ja'Kobi Lane,ja kobi lane,WR,WR,2004-05-05,BAL,Inactive
13294,,Makai Lemon,makai lemon,WR,WR,2004-06-02,PHI,Active
13295,,Behren Morton,behren morton,QB,QB,2002-01-17,NE,Active
13296,,Caleb Douglas,caleb douglas,WR,WR,2003-09-09,MIA,Active
13297,,Reggie Virgil,reggie virgil,WR,WR,2004-05-14,ARI,Active
13298,,KC Concepcion,kc concepcion,WR,WR,2004-09-23,CLE,Active
13299,,Nate Boerkircher,nate boerkircher,TE,TE,2001-09-04,JAX,Active
13300,,Le'Veon Moss,le veon moss,RB,RB,,,Active
13301,,Antonio Williams,antonio williams,WR,WR,2004-07-14,WAS,Active
13302,,Adam Randall,adam randall,RB,RB,2004-07-14,BAL,Inactive
13303,,Cade Klubnik,cade klubnik,QB,QB,2003-10-10,NYJ,Active
13304,,O'Mega Blake,o mega blake,WR,WR,,,Active
13305,,Mike Washington,mike washington,RB,RB,2003-07-03,LV,Active
13306,,Taylen Green,taylen green,QB,QB,2002-10-18,CLE,Active
13307,,Marlin Klein,marlin klein,TE,TE,2002-09-17,HOU,Active
13308,,Bauer Sharp,bauer sharp,TE,TE,2003-05-03,TB,Active
13309,,Aaron Anderson,aaron anderson,WR,WR,2002-12-02,,Inactive
13310,,Miller Moss,miller moss,QB,QB,2002-03-19,CHI,Active
13311,,Chris Bell,chris bell,WR,WR,2004-06-07,MIA,Active
13312,,Josh Kattus,josh kattus,TE,TE,,,Active
13313,,Emmanuel Henderson,emmanuel henderson,WR,WR,2003-03-21,SEA,Active
13314,,Luke Altmyer,luke altmyer,QB,QB,2002-10-22,DET,Active
13315,,Dean Connors,dean connors,RB,RB,2003-08-29,LAR,Active
13316,,Eric Rivers,eric rivers,WR,WR,2002-09-17,TB,Active
13317,,Ted Hurst,ted hurst,WR,WR,2004-07-02,TB,Active
13318,,Noah Thomas,noah thomas,WR,WR,2004-01-13,CIN,Active
13319,,Oscar Delp,oscar delp,TE,TE,2003-08-04,NO,Active
13320,,Zachariah Branch,zachariah branch,WR,WR,2004-03-29,ATL,Active
13321,,Dan Villari,dan villari,TE,TE,2002-06-29,LAR,Active
13322,,Sam Roush,sam roush,TE,TE,2003-09-06,CHI,Active
13323,,Rahsul Faison,rahsul faison,RB,RB,,,Active
13324,,Matt Hibner,matt hibner,TE,TE,2002-03-09,BAL,Active
13325,,Jordan Hudson,jordan hudson,WR,WR,2003-11-22,DAL,Active
13326,,DT Sheffield,dt sheffield,WR,WR,2001-02-25,,Inactive
13327,,Desmond Reid,desmond reid,RB,RB,2004-07-29,,Inactive
13328,,Anthony Hankerson,anthony hankerson,RB,RB,2004-02-03,,Active
13329,,Malik Benson,malik benson,WR,WR,2002-10-17,LV,Active
13330,,Kenyon Sadiq,kenyon sadiq,TE,TE,2005-03-04,NYJ,Active
13331,,Dae'Quan Wright,dae quan wright,TE,TE,2003-09-21,,Active
13332,,Player Invalid,player invalid,QB,QB,,,Inactive
13333,,Deion Burks,deion burks,WR,WR,2003-01-08,IND,Active
13334,,C.J. Charleston,cj charleston,WR,WR,,,Active
13335,,Cole Payton,cole payton,QB,QB,2002-10-26,PHI,Active
13336,,Dane Key,dane key,WR,WR,2003-07-01,DEN,Active
13337,,Emmett Johnson,emmett johnson,RB,RB,2003-10-10,KC,Active
13338,,Kevin Coleman,kevin coleman,WR,WR,2003-09-10,MIA,Active
13339,,Davon Booth,davon booth,RB,RB,2002-01-23,IND,Active
13340,,Rueben Bain,rueben bain,DL,FRONT7,2004-09-08,TB,Active
13341,,Akheem Mesidor,akheem mesidor,DL,FRONT7,2001-04-05,LAC,Active
13342,,John Michael Gyllenborg,john michael gyllenborg,TE,TE,2002-08-07,KC,Inactive
13343,,Vinny Anthony,vinny anthony,WR,WR,2003-06-27,ATL,Active
13344,,Preston Fox,preston fox,WR,WR,,,Active
13345,,Jonah Coleman,jonah coleman,RB,RB,2003-08-20,DEN,Inactive
13346,,Denzel Boston,denzel boston,WR,WR,2003-12-06,CLE,Active
13347,,Demond Claiborne,demond claiborne,RB,RB,2003-10-09,MIN,Active
13348,,J'Mari Taylor,j mari taylor,RB,RB,2002-03-15,JAX,Active
13349,,Eli Stowers,eli stowers,TE,TE,2003-04-15,PHI,Inactive
13350,,Joe Fagnano,joe fagnano,QB,QB,2001-03-31,BAL,Active
13351,,Junior Vandeross,junior vandeross,WR,WR,,,Active
13352,,Lincoln Pare,lincoln pare,RB,RB,2001-06-29,,Active
13353,,Chris Brazzell,chris brazzell,WR,WR,2003-09-22,CAR,Inactive
13354,,Eric McAlister,eric mcalister,WR,WR,,,Active
13355,,DJ Rogers,dj rogers,TE,TE,2001-10-10,DAL,Inactive
13356,,Trebor Pena,trebor pena,WR,WR,2002-02-21,JAX,Active
13357,,Lance Mason,lance mason,TE,TE,,,Active
13358,,Anthony Lucas,anthony lucas,DL,FRONT7,2004-10-08,DET,Active
13359,,Malachi Lawrence,malachi lawrence,DL,FRONT7,2003-07-21,DAL,Active
13360,,Emmanuel McNeil-Warren,emmanuel mcneil warren,DB,DB,2004-01-08,CLE,Active
13361,,Romello Height,romello height,LB,FRONT7,2001-04-13,SF,Active
13362,,Lee Hunter,lee hunter,DL,FRONT7,2002-07-02,CAR,Active
13363,,David Bailey,david bailey,LB,FRONT7,2003-08-28,NYJ,Active
13364,,Cashius Howell,cashius howell,DL,FRONT7,2003-04-16,CIN,Active
13365,,Anthony Hill,anthony hill,LB,FRONT7,2005-02-14,TEN,Active
13366,,Joshua Josephs,joshua josephs,DL,FRONT7,2003-12-08,WAS,Active
13367,,Colton Hood,colton hood,DB,DB,2005-02-23,NYG,Active
13368,,Jermod McCoy,jermod mccoy,DB,DB,2005-08-16,LV,Active
13369,,Brandon Cisse,brandon cisse,DB,DB,2005-07-03,GB,Active
13370,,Chris Johnson,chris johnson,DB,DB,2004-11-09,MIA,Active
13371,,Dillon Thieneman,dillon thieneman,DB,DB,2004-08-08,CHI,Active
13372,,R Mason Thomas,r mason thomas,DL,FRONT7,2004-01-02,KC,Active
13373,,Caden Curry,caden curry,DL,FRONT7,2003-05-24,IND,Active
13374,,Kayden McDonald,kayden mcdonald,DL,FRONT7,2005-03-12,HOU,Inactive
13375,,Sonny Styles,sonny styles,LB,FRONT7,2004-11-24,WAS,Active
13376,,Caleb Downs,caleb downs,DB,DB,2004-12-10,DAL,Active
13377,,Arvell Reese,arvell reese,LB,FRONT7,2005-08-30,NYG,Active
13378,,Dante McClellan,dante mcclellan,LB,FRONT7,,,Active
13379,,Josiah Trotter,josiah trotter,LB,FRONT7,2005-04-15,TB,Active
13380,,Brenen Thompson,brenen thompson,WR,WR,2003-07-25,LAC,Active
13381,,Jaishawn Barham,jaishawn barham,LB,FRONT7,2004-02-02,DAL,Active
13382,,Keionte Scott,keionte scott,DB,DB,2001-08-11,TB,Active
13383,,Ahmad Moten,ahmad moten,DL,FRONT7,,,Active
13384,,AJ Haulcy,aj haulcy,DB,DB,2004-01-10,IND,Active
13385,,Mansoor Delane,mansoor delane,DB,DB,2003-12-15,KC,Active
13386,,D'Angelo Ponds,d angelo ponds,DB,DB,2005-01-13,NYJ,Active
13387,,Christen Miller,christen miller,DL,FRONT7,2004-08-05,NO,Active
13388,,CJ Allen,cj allen,LB,FRONT7,2005-03-01,IND,Active
13389,,Avieon Terrell,avieon terrell,DB,DB,2005-01-11,ATL,Active
13390,,Peter Woods,peter woods,DL,FRONT7,2005-03-05,KC,Active
13391,,Jake Golday,jake golday,LB,FRONT7,2003-05-23,MIN,Active
13392,,Jeff Caldwell,jeff caldwell,WR,WR,2003-03-02,KC,Inactive
13393,,Brent Austin,brent austin,DB,DB,2003-12-19,DEN,Active
13394,,Josh Cameron,josh cameron,WR,WR,2003-03-18,JAX,Active
13395,,Keldric Faulk,keldric faulk,DL,FRONT7,2004-09-07,TEN,Active
13396,,Julian Neal,julian neal,DB,DB,2003-02-12,SEA,Active
13397,,Keith Abney,keith abney,DB,DB,2005-01-11,DET,Active
13398,,Treydan Stukes,treydan stukes,DB,DB,2001-09-11,LV,Active
13399,,Genesis Smith,genesis smith,DB,DB,2004-11-05,LAC,Active
13400,,Justin Joly,justin joly,TE,TE,2004-07-09,MIA,Active
13401,,Michael Trigg,michael trigg,TE,TE,2002-06-27,DAL,Active
13402,,Skyler Bell,skyler bell,WR,WR,2002-07-05,BUF,Active
13403,,Jam Miller,jam miller,RB,RB,,ATL,Active
13404,,Garrett Nussmeier,garrett nussmeier,QB,QB,2002-02-07,KC,Active
13405,,Kaytron Allen,kaytron allen,RB,RB,2003-01-08,WAS,Active
13406,,Kamari Ramsey,kamari ramsey,DB,DB,2004-08-24,HOU,Active
13407,,Carson Towt,carson towt,TE,TE,2001-06-01,IND,Inactive
13408,,Tanner Koziol,tanner koziol,TE,TE,2004-01-28,JAX,Active
13409,,Donaven McCulley,donaven mcculley,WR,WR,2003-01-15,,Active
13410,,Chase Roberts,chase roberts,WR,WR,2001-01-21,,Inactive
13411,,Zavion Thomas,zavion thomas,WR,WR,2004-02-14,CHI,Active
13412,,Kendrick Law,kendrick law,WR,WR,2003-06-13,DET,Inactive
13413,,Cyrus Allen,cyrus allen,WR,WR,2003-02-11,KC,Active
13414,,Kaelon Black,kaelon black,RB,RB,2001-10-17,SF,Active
13415,,Haynes King,haynes king,QB,QB,2001-01-09,CAR,Active
13416,,Roman Hemby,roman hemby,RB,RB,2002-08-16,LV,Active
13417,,De'Zhaun Stribling,de zhaun stribling,WR,WR,2002-12-18,SF,Inactive
13418,,Robert Henry,robert henry,RB,RB,2001-12-31,SEA,Active
13419,,Jaydn Ott,jaydn ott,RB,RB,2002-12-16,KC,Active
13420,,Bryce Lance,bryce lance,WR,WR,2002-08-20,NO,Active
13421,,Eli Raridon,eli raridon,TE,TE,2004-02-12,NE,Active
13422,,Jaren Kanak,jaren kanak,TE,TE,2004-02-10,TEN,Inactive
13423,,Eli Heidenreich,eli heidenreich,RB,RB,2003-06-28,PIT,Active
13424,,Seth McGowan,seth mcgowan,RB,RB,2001-10-23,IND,Active
13425,,Jalon Daniels,jalon daniels,QB,QB,2002-10-29,TB,Active
13426,,Sawyer Robertson,sawyer robertson,QB,QB,,,Active
13427,,Diego Pavia,diego pavia,QB,QB,2002-02-16,,Active
13428,,Joey Aguilar,joey aguilar,QB,QB,2001-06-16,JAX,Active
13429,,Seydou Traore,seydou traore,TE,TE,2002-08-12,MIA,Active
13430,,RJ Maryland,rj maryland,TE,TE,2004-07-09,,Inactive
13431,,Miles Kitselman,miles kitselman,TE,TE,2002-09-25,DET,Active
13432,,Khalil Dinkins,khalil dinkins,TE,TE,2002-05-29,SF,Active
13433,,Riley Nowakowski,riley nowakowski,TE,TE,2002-06-30,PIT,Active
13434,,Will Kacmarek,will kacmarek,TE,TE,2003-02-12,MIA,Active
13435,,Joe Royer,joe royer,TE,TE,2002-02-25,CLE,Active
13436,,Kentrel Bullock,kentrel bullock,RB,RB,2002-03-31,CIN,Active
13437,,Noah Whittington,noah whittington,RB,RB,2001-12-13,HOU,Active
13438,,DeaMonte Trayanum,deamonte trayanum,RB,RB,2002-01-02,NYJ,Inactive
13440,,Damien Alford,damien alford,WR,WR,2001-04-06,,Active
13445,,Caleb Banks,caleb banks,DT,FRONT7,2003-03-12,MIN,Active
13452,,Bud Clark,bud clark,DB,DB,2002-05-03,SEA,Inactive
13453,,Jacob Rodriguez,jacob rodriguez,LB,FRONT7,2002-09-06,MIA,Active
13454,,Davison Igbinosun,davison igbinosun,CB,DB,2004-04-11,BUF,Active
13455,,TJ Parker,tj parker,DE,FRONT7,2004-09-19,BUF,Active
13457,,Gabe Jacas,gabe jacas,DE,FRONT7,2004-05-27,NE,Active
13458,,Derrick Moore,derrick moore,DE,FRONT7,2002-12-06,DET,Active
13460,,Zion Young,zion young,DE,FRONT7,2004-03-18,BAL,Active
13462,,Jakobe Thomas,jakobe thomas,DB,DB,2003-06-30,MIN,Active
13464,,Domonique Orange,domonique orange,DT,FRONT7,2004-03-11,MIN,Active
13466,,Keyron Crawford,keyron crawford,DE,FRONT7,2003-10-17,LV,Inactive
13468,,Chris McClellan,chris mcclellan,DT,FRONT7,2003-08-17,GB,Active
13469,,Tacario Davis,tacario davis,CB,DB,2004-08-17,CIN,Active
13470,,Daylen Everette,daylen everette,CB,DB,2004-05-06,PIT,Active
13472,,Tyler Onyedim,tyler onyedim,DT,FRONT7,2003-05-14,DEN,Active
13474,,Jalen Huskey,jalen huskey,DB,DB,2003-05-10,JAX,Active
13476,,Albert Regis,albert regis,DT,FRONT7,2003-05-17,JAX,Active
13477,,Colbie Young,colbie young,WR,WR,2002-07-24,CIN,Active
13478,,Ephesians Prysock,ephesians prysock,CB,DB,2003-02-28,SF,Active
13479,,Kyle Louis,kyle louis,LB,FRONT7,2004-03-09,MIA,Inactive
13480,,LT Overton,lt overton,DE,FRONT7,2004-10-11,DAL,Active
13481,,Bryce Boettcher,bryce boettcher,LB,FRONT7,2002-07-08,IND,Active
13482,,Kendal Daniels,kendal daniels,LB,FRONT7,2002-12-16,ATL,Active
13484,,Trey Moore,trey moore,LB,FRONT7,2003-05-05,MIA,Inactive
13485,,Will Lee,will lee,CB,DB,2003-09-09,CAR,Active
13488,,Kaleb Elarms-Orr,kaleb elarms orr,LB,FRONT7,2003-08-29,BUF,Active
13489,,Malik Muhammad,malik muhammad,CB,DB,2004-09-14,CHI,Active
13490,,Wade Woodaz,wade woodaz,LB,FRONT7,2004-02-04,HOU,Active
13491,,Kaden Wetjen,kaden wetjen,WR,WR,2002-03-09,PIT,Active
13492,,Dani Dennis-Sutton,dani dennis sutton,DE,FRONT7,2003-12-23,GB,Active
13493,,Wesley Williams,wesley williams,DE,FRONT7,2004-09-22,JAX,Active
13494,,Jimmy Rolder,jimmy rolder,LB,FRONT7,2004-02-09,DET,Active
13496,,Devin Moore,devin moore,CB,DB,2003-10-09,DAL,Inactive
13500,,Jadon Canady,jadon canady,CB,DB,2003-05-01,KC,Active
13501,,Gracen Halton,gracen halton,DT,FRONT7,2004-01-27,SF,Active
13503,,Kaleb Proctor,kaleb proctor,DT,FRONT7,2004-04-26,ARI,Inactive
13504,,Darrell Jackson,darrell jackson,DT,FRONT7,2003-04-28,NYJ,Active
13506,,Zane Durant,zane durant,DT,FRONT7,2004-05-06,BUF,Inactive
13508,,Hezekiah Masses,hezekiah masses,CB,DB,2004-06-30,LV,Active
13509,,Lorenzo Styles,lorenzo styles,DB,DB,2002-09-09,NO,Inactive
13510,,Karon Prunty,karon prunty,DB,DB,2001-12-24,NE,Active
13511,,Jalon Kilgore,jalon kilgore,CB,DB,2005-01-27,BUF,Active
13512,,Keyshaun Elliott,keyshaun elliott,LB,FRONT7,2003-12-12,CHI,Active
13513,,Charles Demmings,charles demmings,CB,DB,2003-04-05,MIN,Active
13514,,Chandler Rivers,chandler rivers,CB,DB,2003-10-17,BAL,Active
13516,,Max Bredeson,max bredeson,RB,RB,2002-10-04,MIN,Active
13517,,Michael Taaffe,michael taaffe,DB,DB,2003-02-18,MIA,Active
13518,,George Gumbs,george gumbs,DE,FRONT7,2002-10-25,IND,Active
13519,,DeMonte Capehart,demonte capehart,DT,FRONT7,2002-07-19,TB,Active
13520,,Jaden Dugger,jaden dugger,LB,FRONT7,2004-02-26,SF,Active
13522,,Zakee Wheatley,zakee wheatley,DB,DB,2002-02-28,CAR,Active
13523,,Dalton Johnson,dalton johnson,DB,DB,2003-04-15,LV,Active
13524,,Justin Jefferson,justin jefferson,LB,FRONT7,2003-03-20,CLE,Active
13527,,Nick Barrett,nick barrett,DT,FRONT7,2003-07-28,LAC,Active
13531,,Jack Kelly,jack kelly,LB,FRONT7,2003-01-02,NYG,Active
13532,,Bobby Jamison-Travis,bobby jamison travis,DL,FRONT7,2001-04-28,NYG,Active
13533,,Barion Brown,barion brown,WR,WR,2003-12-12,NO,Active
13540,,Jordan van den Berg,jordan van den berg,DL,FRONT7,2002-04-12,CHI,Active
13541,,Lewis Bond,lewis bond,WR,WR,2003-05-29,HOU,Active
13542,,Namdi Obiazor,namdi obiazor,LB,FRONT7,2002-04-19,NE,Active
13544,,Domani Jackson,domani jackson,CB,DB,2002-11-27,GB,Active
13545,,Trey Smack,trey smack,K,K,2003-06-12,GB,Active
13547,,Skyler Gill-Howard,skyler gill howard,DT,FRONT7,2002-10-13,DET,Active
13548,,Gabriel Rubio,gabriel rubio,DL,FRONT7,2003-07-09,PIT,Active
13549,,Jackie Marshall,jackie marshall,DE,FRONT7,2003-04-26,TEN,Active
13551,,Karson Sharar,karson sharar,LB,FRONT7,2003-03-07,ARI,Active
13552,,Anterio Thompson,anterio thompson,DT,FRONT7,2002-10-29,ATL,Active
13554,,CJ Williams,cj williams,WR,WR,2003-10-23,JAX,Active
13555,,Harold Perkins,harold perkins,LB,FRONT7,2004-09-10,ATL,Active
13556,,TJ Hall,tj hall,CB,DB,2004-04-26,NO,Active
13557,,Athan Kaliakmanis,athan kaliakmanis,QB,QB,2003-08-20,WAS,Active
13558,,Tim Keenan,tim keenan,DT,FRONT7,2002-12-09,LV,Active
13560,,Uar Bernard,uar bernard,DT,FRONT7,2004-10-10,PHI,Active
13561,,Cole Wisniewski,cole wisniewski,DB,DB,2002-03-09,PHI,Active
13562,,Keyshawn James-Newby,keyshawn james newby,DE,FRONT7,2002-08-08,PHI,Active
13563,,Deven Eastern,deven eastern,DT,FRONT7,2003-04-05,SEA,Active
13564,,Michael Dansby,michael dansby,DB,DB,2001-03-15,SEA,Active
13565,,Andre Fuller,andre fuller,CB,DB,2002-04-08,SEA,Active
13566,,Max Llewellyn,max llewellyn,DE,FRONT7,2002-08-16,MIA,Active
13567,,VJ Payne,vj payne,DB,DB,2004-03-17,NYJ,Inactive
13569,,Toriano Pride,toriano pride,CB,DB,2003-12-18,CLE,Active
13571,,Brandon Cleveland,brandon cleveland,DT,FRONT7,2004-08-27,LV,Active
13572,,Aiden Fisher,aiden fisher,LB,FRONT7,2003-12-23,HOU,Active
13573,,Quintayvious Hutchins,quintayvious hutchins,DE,FRONT7,2003-04-02,NE,Inactive
13574,,Landon Robinson,landon robinson,NT,FRONT7,2003-01-03,CIN,Active
13575,,Tyre West,tyre west,DT,FRONT7,2003-01-18,,Active
13576,,Robert Spears-Jennings,robert spears jennings,DB,DB,2004-01-25,PIT,Active
13577,,Dallen Bentley,dallen bentley,TE,TE,2000-12-31,DEN,Active
13578,,Miles Scott,miles scott,DB,DB,2002-03-28,DEN,Active
13579,,Red Murdock,red murdock,LB,FRONT7,2003-09-24,DEN,Active
13580,,Carsen Ryan,carsen ryan,TE,TE,2003-08-21,CLE,Active
13582,,Anthony Smith,anthony smith,WR,WR,2002-03-01,DAL,Active
13584,,Rayshaun Benny,rayshaun benny,DT,FRONT7,2002-05-08,BAL,Active
13586,,Jackson Kuwatch,jackson kuwatch,LB,FRONT7,2003-05-19,CAR,Active
13587,,Parker Hughes,parker hughes,LB,FRONT7,2003-01-02,JAX,Inactive
13588,,Zach Durfee,zach durfee,DE,FRONT7,2001-10-05,JAX,Inactive
13589,,Nadame Tucker,nadame tucker,DE,FRONT7,2000-06-21,CLE,Active
13591,,Deontae Lawson,deontae lawson,LB,FRONT7,2003-02-11,,Active
13592,,Chandler Morris,chandler morris,QB,QB,2000-12-26,,Active
13593,,Taurean York,taurean york,LB,FRONT7,2005-06-21,,Active
13594,,Latrell McCutchin,latrell mccutchin,DB,DB,2002-11-26,,Active
13595,,Cash Jones,cash jones,RB,RB,2002-04-05,ATL,Active
13596,,Mikail Kamara,mikail kamara,DE,FRONT7,2001-10-09,SF,Inactive
13597,,Matthew Caldwell,matthew caldwell,QB,QB,2003-05-23,LAR,Inactive
13598,,Mason Reiger,mason reiger,DE,FRONT7,2002-08-19,PHI,Active
13599,,Kyron Drones,kyron drones,QB,QB,2003-07-24,,Active
13600,,Tyren Montgomery,tyren montgomery,WR,WR,2001-07-03,TEN,Active
13601,,Logan Fano,logan fano,DE,FRONT7,2002-06-18,CLE,Active
13602,,Jack Strand,jack strand,QB,QB,2004-06-23,ATL,Active
13603,,Gregory Desrosiers,gregory desrosiers,RB,RB,2001-03-27,LAC,Active
13604,,Sincere Brown,sincere brown,WR,WR,,,Inactive
13605,,Noah Avinger,noah avinger,DB,DB,,,Active
13606,,Jahmeer Carter,jahmeer carter,DL,FRONT7,,,Active
13607,,Lander Barton,lander barton,LB,FRONT7,2003-12-30,LAC,Active
13608,,Jerand Bradley,jerand bradley,WR,WR,2002-10-10,,Active
13610,,Jordan Botelho,jordan botelho,LB,FRONT7,,,Active
13611,,Marcus Allen,marcus allen,CB,DB,2004-04-27,,Inactive
13612,,Scooby Williams,scooby williams,LB,FRONT7,2003-01-27,,Active
13613,,Tyreek Chappell,tyreek chappell,CB,DB,2002-11-22,MIN,Inactive
13614,,Cam'Ron Stewart,cam ron stewart,LB,FRONT7,,MIN,Active
13616,,Da'Veawn Armstead,da veawn armstead,CB,DB,2002-11-20,MIN,Active
13617,,Luke Wysong,luke wysong,WR,WR,2003-05-29,,Active
13618,,Jacob Thomas,jacob thomas,DB,DB,2004-05-30,MIN,Active
13619,,Marcus Sanders,marcus sanders,WR,WR,2004-07-14,,Active
13621,,Dillon Bell,dillon bell,WR,WR,2003-11-06,MIN,Active
13622,,Monkell Goodwine,monkell goodwine,DL,FRONT7,,,Active
13624,,Shaleak Knotts,shaleak knotts,WR,WR,,,Active
13625,,Keli Lawson,keli lawson,LB,FRONT7,,,Active
13626,,Arden Walker,arden walker,LB,FRONT7,,,Active
13627,,Devin Grant,devin grant,DB,DB,,,Active
13628,,Niles King,niles king,LB,FRONT7,,,Active
13629,,Jacobian Guillory,jacobian guillory,DL,FRONT7,,,Active
13630,,Evan Svoboda,evan svoboda,TE,TE,2003-03-31,LAC,Active
13631,,Terry Webb,terry webb,DL,FRONT7,2003-01-08,LAC,Active
13632,,Devonte Ross,devonte ross,WR,WR,2002-09-09,,Active
13633,,Rodney Shelley,rodney shelley,CB,DB,2002-08-14,LAC,Active
13634,,Jerry Wilson,jerry wilson,CB,DB,,,Active
13635,,Avery Smith,avery smith,CB,DB,2004-01-01,SEA,Active
13637,,Dashawn Jones,dashawn jones,CB,DB,,,Active
13638,,Jay'Viar Suggs,jay viar suggs,DT,FRONT7,2001-02-24,NO,Active
13641,,Jeremiah McClendon,jeremiah mcclendon,CB,DB,,,Active
13642,,Keeshawn Silver,keeshawn silver,DT,FRONT7,,,Inactive
13643,,Michael Heldman,michael heldman,DE,FRONT7,2003-01-02,KC,Active
13644,,Mason Shipley,mason shipley,K,K,,,Active
13645,,Michael Wortham,michael wortham,WR,WR,2002-06-27,JAX,Active
13647,,Ben Patterson,ben patterson,WR,WR,,,Active
13648,,Quindarius Dunnigan,quindarius dunnigan,DL,FRONT7,2001-08-14,,Active
13649,,Devin Neal,devin neal,DB,DB,2002-02-26,,Active
13650,,Bryan Thomas,bryan thomas,DE,FRONT7,2004-06-08,JAX,Active
13652,,Jalen Hunt,jalen hunt,DL,FRONT7,2001-08-23,,Active
13653,,Preston Hodge,preston hodge,CB,DB,,,Active
13654,,Devon Marshall,devon marshall,CB,DB,2004-08-27,,Inactive
13655,,Jalen Stroman,jalen stroman,DB,DB,2003-05-22,SF,Active
13656,,James Thompson,james thompson,DT,FRONT7,2002-08-29,SF,Active
13657,,Alex Bullock,alex bullock,WR,WR,,,Active
13658,,Brady Boyd,brady boyd,WR,WR,2002-06-06,,Active
13660,,T.J. Bollers,tj bollers,DL,FRONT7,2002-11-19,JAX,Active
13661,,Ethan Conner,ethan conner,TE,TE,,,Active
13662,,Will Pauling,will pauling,WR,WR,2003-03-04,SF,Active
13663,,Wesley Grimes,wesley grimes,WR,WR,2004-03-09,SF,Active
13664,,Bryson Eason,bryson eason,DL,FRONT7,2002-01-21,KC,Active
13667,,Marcus Burke,marcus burke,WR,WR,,,Active
13668,,Tony Grimes,tony grimes,DB,DB,,,Active
13670,,Harrison Wallace,harrison wallace,WR,WR,2003-04-23,ARI,Active
13671,,Damonic Williams,damonic williams,DT,FRONT7,2004-09-04,ARI,Active
13672,,Wydett Williams,wydett williams,DB,DB,2003-12-05,ARI,Active
13673,,Trent Battle,trent battle,RB,RB,,,Active
13674,,Chris Hilton,chris hilton,WR,WR,2002-10-11,,Active
13675,,Fred Davis,fred davis,CB,DB,2002-02-12,WAS,Active
13676,,Deshawn McKnight,deshawn mcknight,DL,FRONT7,2003-08-07,,Inactive
13677,,Noah Short,noah short,WR,WR,,,Active
13678,,Jack Pyburn,jack pyburn,DE,FRONT7,2003-09-03,KC,Active
13679,,Jalen McMurray,jalen mcmurray,CB,DB,2003-01-07,TEN,Active
13680,,Bishop Fitzgerald,bishop fitzgerald,DB,DB,2003-07-14,DET,Active
13681,,Kaidon Salter,kaidon salter,QB,QB,,,Active
13684,,Shad Banks,shad banks,LB,FRONT7,,,Inactive
13685,,Jake Retzlaff,jake retzlaff,QB,QB,2003-03-28,,Active
13686,,Aidan Hubbard,aidan hubbard,DE,FRONT7,2003-03-15,SEA,Active
13687,,Marvin Jones,marvin jones,DE,FRONT7,2004-06-08,,Active
13688,,Jordan Crook,jordan crook,LB,FRONT7,,,Active
13689,,Devean Deal,devean deal,DE,FRONT7,,,Active
13690,,Uso Seumalo,uso seumalo,DT,FRONT7,2002-05-17,,Active
13691,,Myles Rowser,myles rowser,DB,DB,2004-08-09,,Active
13692,,Marc Stampley,marc stampley,DB,DB,,,Active
13693,,Kody Huisman,kody huisman,DL,FRONT7,,,Active
13694,,Kani Walker,kani walker,DB,DB,2003-02-28,BUF,Active
13696,,Ja'Mori Maclin,ja mori maclin,WR,WR,2001-09-08,BUF,Active
13698,,Max Tomczak,max tomczak,WR,WR,,,Active
13699,,Prince Dorbah,prince dorbah,DL,FRONT7,,,Active
13701,,Carlos Allen,carlos allen,DT,FRONT7,2002-07-16,,Active
13702,,Malik Rutherford,malik rutherford,WR,WR,,,Active
13705,,Ty Pezza,ty pezza,TE,TE,2002-09-18,BAL,Active
13706,,Aaron Hall,aaron hall,DT,FRONT7,2003-04-18,CAR,Active
13707,,Jaylon Guilbeau,jaylon guilbeau,CB,DB,2004-03-29,,Active
13708,,Kobe Prentice,kobe prentice,WR,WR,2004-03-10,,Active
13710,,Gabriel Plascencia,gabriel plascencia,K,K,,,Active
13711,,Jayden Loving,jayden loving,DT,FRONT7,2003-04-08,CHI,Active
13712,,Hayden Large,hayden large,TE,TE,2002-03-27,CHI,Inactive
13713,,KC Eziomume,kc eziomume,DB,DB,,,Active
13717,,Devin Pringle,devin pringle,DB,DB,,,Active
13718,,Eric Gentry,eric gentry,LB,FRONT7,2003-05-20,,Active
13720,,Ceyair Wright,ceyair wright,CB,DB,2002-12-19,,Active
13721,,Jack Dingle,jack dingle,LB,FRONT7,2003-05-27,,Active
13722,,Isaiah Nwokobia,isaiah nwokobia,DB,DB,2002-12-16,CIN,Active
13723,,Devan Boykin,devan boykin,DB,DB,,,Active
13724,,Daylan Carnell,daylan carnell,DB,DB,2002-11-16,,Active
13725,,Dominic Richardson,dominic richardson,RB,RB,2001-04-12,,Inactive
13726,,Camden Brown,camden brown,WR,WR,2004-05-06,DAL,Active
13727,,Lardarius Webb,lardarius webb,DB,DB,2003-01-11,BAL,Active
13729,,Olasunkonmi Agunloye,olasunkonmi agunloye,DT,FRONT7,,,Active
13731,,Luke Drzewiecki,luke drzewiecki,K,K,,,Active
13732,,Aaron Graves,aaron graves,DT,FRONT7,2003-07-14,HOU,Active
13733,,Ethan Burke,ethan burke,DE,FRONT7,2003-06-20,BAL,Active
13735,,Dominic DeLuca,dominic deluca,LB,FRONT7,2001-09-25,,Active
13736,,Reid Williford,reid williford,LB,FRONT7,2003-12-06,,Active
13737,,Silas Walters,silas walters,DB,DB,2002-07-20,TB,Active
13738,,Colby Humphrey,colby humphrey,CB,DB,,,Active
13739,,Erick Hunter,erick hunter,LB,FRONT7,2003-02-26,NE,Active
13740,,Aamaris Brown,aamaris brown,DB,DB,2002-08-26,DET,Active
13742,,De'Shawn Rucker,de shawn rucker,CB,DB,,,Inactive
13743,,Joseph Manjack,joseph manjack,WR,WR,2002-11-15,,Active
13744,,Cameron Ross,cameron ross,WR,WR,2001-08-16,DEN,Active
13745,,Zion Washington,zion washington,DB,DB,2003-02-16,CLE,Active
13746,,Bernard Gooden,bernard gooden,DL,FRONT7,,,Active
13747,,Khordae Sydnor,khordae sydnor,DL,FRONT7,2003-08-24,CLE,Active
13749,,Kole Wilson,kole wilson,WR,WR,2003-12-16,,Active
13750,,TJ Harden,tj harden,RB,RB,2004-04-23,,Active
13751,,Michael Coats,michael coats,CB,DB,2001-06-20,CLE,Active
13752,,Tyreak Sapp,tyreak sapp,DE,FRONT7,2002-10-05,,Active
13753,,DeCarlos Nicholson,decarlos nicholson,CB,DB,2001-11-16,,Active
13754,,Langston Patterson,langston patterson,LB,FRONT7,2003-02-28,,Active
13756,,Tommy Dunn,tommy dunn,DT,FRONT7,2004-05-04,DAL,Active
13757,,Kelvin Gilliam,kelvin gilliam,DT,FRONT7,2003-03-19,DAL,Inactive
13759,,DJ Withers,dj withers,DT,FRONT7,,,Active
13760,,Jaden Bradley,jaden bradley,WR,WR,2003-03-25,WAS,Active
13761,,Jeffrey M'ba,jeffrey m ba,DL,FRONT7,1999-09-14,WAS,Active
13763,,Javin Wright,javin wright,LB,FRONT7,2000-03-19,TB,Active
13764,,Chris Freeman,chris freeman,K,K,,,Active
13765,,Stephen Hall,stephen hall,CB,DB,,,Active
13768,,Josh Pitsenburger,josh pitsenburger,RB,RB,,,Active
13769,,Collin Wright,collin wright,CB,DB,2003-12-13,HOU,Active
13770,,J. Michael Sturdivant,j michael sturdivant,WR,WR,2002-09-06,GB,Active
13771,,Nyjalik Kelly,nyjalik kelly,DE,FRONT7,2004-10-29,GB,Active
13772,,Eni Falayi,eni falayi,TE,TE,,,Active
13773,,Isaiah Jacobs,isaiah jacobs,RB,RB,,,Active
13775,,TJ Quinn,tj quinn,LB,FRONT7,,,Active
13776,,Hank Beatty,hank beatty,WR,WR,2003-09-20,,Active
13777,,Ademola Faleye,ademola faleye,TE,TE,2002-03-09,,Active
13778,,EJ Smith,ej smith,RB,RB,2002-05-15,,Inactive
13779,,Al-Jay Henderson,al jay henderson,RB,RB,2003-06-21,NYJ,Active
13780,,Terion Stewart,terion stewart,RB,RB,2001-11-29,,Active
13781,,Ken Seals,ken seals,QB,QB,,,Active
13783,,Raylen Sharpe,raylen sharpe,WR,WR,,,Active
13784,,Cam Ball,cam ball,DT,FRONT7,2003-02-19,IND,Active
13785,,West Weeks,west weeks,LB,FRONT7,2002-08-13,IND,Active
13786,,Austin Brown,austin brown,DB,DB,2003-10-22,,Active
13787,,Tahj Chambers,tahj chambers,LB,FRONT7,2000-04-09,IND,Active
13788,,Mitchell Melton,mitchell melton,DE,FRONT7,2002-03-17,IND,Active
13790,,Zelmar Vedder,zelmar vedder,DB,DB,,,Active
13791,,Wesley Bissainthe,wesley bissainthe,LB,FRONT7,2004-05-23,,Active
13793,,Xavier Nwankpa,xavier nwankpa,DB,DB,2003-12-08,KC,Active
13794,,DeShon Singleton,deshon singleton,DB,DB,2003-02-04,KC,Active
13795,,Vincent Anthony,vincent anthony,DE,FRONT7,2004-04-26,,Active
13797,,Donovan Branch,donovan branch,LB,FRONT7,,,Active
13798,,Ethan Hurkett,ethan hurkett,DL,FRONT7,,,Active
13800,,Xavian Sorey,xavian sorey,LB,FRONT7,2002-04-07,,Active
13802,,Jacob Clark,jacob clark,QB,QB,2000-11-01,,Active
13803,,Tanner Wall,tanner wall,DB,DB,1999-11-12,,Active
13804,,Kansei Matsuzawa,kansei matsuzawa,K,K,1999-01-08,LV,Active
13805,,E.J. Williams,ej williams,WR,WR,2001-11-14,,Active
13806,,Matt Lauter,matt lauter,TE,TE,,,Active
13807,,Gary Smith,gary smith,DT,FRONT7,2001-11-01,SEA,Active
13808,,Wesley Bailey,wesley bailey,DL,FRONT7,2001-04-26,LAR,Active
13809,,Nikhai Hill-Green,nikhai hill green,LB,FRONT7,2000-12-30,,Active
13810,,Rohan Jones,rohan jones,TE,TE,,,Active
13811,,Drey Norwood,drey norwood,CB,DB,2003-01-27,,Active
13812,,Eddie Walls,eddie walls,DL,FRONT7,2002-08-07,LAR,Inactive
13813,,Laith Marjan,laith marjan,K,K,,,Active
13814,,Nick Andersen,nick andersen,DB,DB,2002-01-28,LAR,Active
13815,,Rene Konga,rene konga,DL,FRONT7,2002-11-14,MIA,Inactive
13816,,Mark Gronowski,mark gronowski,QB,QB,2001-10-05,,Active
13817,,Louis Moore,louis moore,DB,DB,2001-01-29,,Active
13818,,Romello Brinson,romello brinson,WR,WR,2002-01-23,,Active
13819,,Kevin Jobity,kevin jobity,DL,FRONT7,2003-10-06,PIT,Active
13820,,Tucker Large,tucker large,DB,DB,2001-08-23,PHI,Active
13823,,Kapena Gushiken,kapena gushiken,DB,DB,2002-08-15,IND,Active
13824,,Joshua Weru,joshua weru,DE,FRONT7,2003-10-03,PHI,Active
13825,,Malik McClain,malik mcclain,WR,WR,2002-10-08,NYJ,Active
13826,,Caullin Lacy,caullin lacy,WR,WR,2001-12-22,,Inactive
13827,,Tanner Arkin,tanner arkin,TE,TE,2003-07-07,NE,Active
13828,,Channing Canada,channing canada,CB,DB,2002-08-17,NE,Active
13829,,David Blay,david blay,DT,FRONT7,2003-01-28,GB,Active
13830,,Kyle Dixon,kyle dixon,WR,WR,2000-09-14,NE,Active
13831,,Kevorian Barnes,kevorian barnes,RB,RB,,,Active
13833,,Dominic Zvada,dominic zvada,K,K,2003-10-25,NYG,Active
13834,,Cody Hardy,cody hardy,TE,TE,,NYJ,Active
13835,,Mekhi Mews,mekhi mews,WR,WR,,,Active
13836,,Kendrick Blackshire,kendrick blackshire,LB,FRONT7,,,Active
13838,,Will Ferrin,will ferrin,K,K,,,Active
13839,,Chase Curtis,chase curtis,TE,TE,,,Inactive
13840,,Cameron Robertson,cameron robertson,DE,FRONT7,2004-02-26,ARI,Active
13841,,Deshawn McCuin,deshawn mccuin,DB,DB,,,Active
13842,,Ethan Sanchez,ethan sanchez,K,K,2002-04-14,,Active
13843,,Theron Gaines,theron gaines,LB,FRONT7,,,Active
13844,,Coleman Bennett,coleman bennett,RB,RB,,,Active
13845,,Elijah Culp,elijah culp,CB,DB,2002-09-14,IND,Active
13846,,Jack Velling,jack velling,TE,TE,2003-10-29,ATL,Active
13847,,CJ Nunnally,cj nunnally,DE,FRONT7,,,Active
13848,,Matthew McDoom,matthew mcdoom,CB,DB,2002-12-02,,Active
13849,,Cortez Braham,cortez braham,WR,WR,2000-03-06,,Active
13850,,Octavian Smith,octavian smith,WR,WR,2003-05-12,,Active
13851,,Jahquez Robinson,jahquez robinson,DB,DB,2001-06-20,BAL,Inactive
13852,,Dontae McMillan,dontae mcmillan,RB,RB,2001-10-04,SEA,Active
13853,,Cam Miller,cam miller,CB,DB,,,Active
13854,,Malik Spencer,malik spencer,DB,DB,,,Inactive
13856,,Darryl Peterson,darryl peterson,LB,FRONT7,2003-09-13,LAR,Active
13857,,Bryce Phillips,bryce phillips,DB,DB,2003-02-22,,Active
13858,,Caleb Offord,caleb offord,CB,DB,2001-12-10,,Active
13859,,Jalen Walthall,jalen walthall,WR,WR,2002-10-14,,Inactive
13860,,Sabastian Harsh,sabastian harsh,DE,FRONT7,2001-11-28,HOU,Active
13861,,Daniel Sobkowicz,daniel sobkowicz,WR,WR,2002-09-16,HOU,Active
13862,,Treyvhon Saunders,treyvhon saunders,WR,WR,,HOU,Active
13863,,Murvin Kenion,murvin kenion,DB,DB,,,Active
13864,,Aidan Keanaaina,aidan keanaaina,DL,FRONT7,,,Inactive
13865,,Dasan McCullough,dasan mccullough,LB,FRONT7,2003-03-07,,Active
13867,,Sean Brown,sean brown,WR,WR,,,Active
13868,,Thaddeus Dixon,thaddeus dixon,CB,DB,2002-02-20,NYG,Inactive
13869,,Anquin Barnes,anquin barnes,DT,FRONT7,2022-10-21,,Active
13870,,Quentin Moore,quentin moore,TE,TE,,,Inactive
13872,,Jaxson Moi,jaxson moi,DT,FRONT7,2004-01-11,,Active
13873,,Sam Scott,sam scott,RB,RB,,,Inactive
13874,,Mory Bamba,mory bamba,CB,DB,2000-11-21,NYJ,Active
13875,,Sean Brown,sean brown,LB,FRONT7,2003-04-24,,Inactive
13876,,Duce Chestnut,duce chestnut,DB,DB,2002-12-05,,Active
13877,,Maximus Pulley,maximus pulley,DB,DB,2002-09-11,LAR,Active
13879,,Jameson Geers,jameson geers,TE,TE,2002-12-05,ARI,Inactive
13881,,Al'zillion Hamilton,al zillion hamilton,DB,DB,,NE,Active
13883,,Payton Zdroik,payton zdroik,DL,FRONT7,,,Active
13886,,Jalen Logan-Redding,jalen logan redding,DL,FRONT7,2001-02-21,,Active
13887,,Nyzier Fourqurean,nyzier fourqurean,CB,DB,2002-02-11,LAR,Active
13888,,DeShawn Hanika,deshawn hanika,TE,TE,,,Active
13889,,Levi Wentz,levi wentz,WR,WR,,,Active
13890,,Michael Briscoe,michael briscoe,WR,WR,2002-07-24,MIN,Active
13892,,Jeadyn Lukus,jeadyn lukus,CB,DB,2004-02-11,,Active
13893,,Mani Powell,mani powell,LB,FRONT7,2003-06-08,,Active
13895,,Cian Slone,cian slone,DE,FRONT7,2002-09-19,LV,Active
13896,,Devin Lafayette,devin lafayette,DB,DB,,,Active
13897,,Christian Thomas,christian thomas,LB,FRONT7,2002-07-08,,Active
13898,,Corey Rucker,corey rucker,WR,WR,2002-06-09,LV,Inactive
13899,,Amari McNeill,amari mcneill,DT,FRONT7,,,Active
13900,,Cole Brevard,cole brevard,DT,FRONT7,2001-11-06,KC,Active
13901,,Anthony Dunn,anthony dunn,DE,FRONT7,,,Active
13902,,Damon Payne,damon payne,DT,FRONT7,2003-04-15,,Active
13903,,D'Arco Perkins-McAllister,d arco perkins mcallister,CB,DB,2002-09-11,KC,Active
13904,,Jacob De Jesus,jacob de jesus,WR,WR,,,Active
13905,,Omari Evans,omari evans,WR,WR,2003-12-31,KC,Active
13906,,Jaden Nixon,jaden nixon,RB,RB,,,Active
13909,,Elijah Tau-Tolliver,elijah tau tolliver,RB,RB,2003-05-16,,Active
13910,,Dion Wilson,dion wilson,DL,FRONT7,2002-05-06,,Active
13913,,Patrick Gurd,patrick gurd,TE,TE,2002-02-18,LV,Active
13914,,Devyn Perkins,devyn perkins,DB,DB,,,Active
13915,,Khalil Jacobs,khalil jacobs,LB,FRONT7,2003-12-01,NE,Inactive
13916,,Xavier Loyd,xavier loyd,WR,WR,2003-03-11,,Active
13917,,Marlen Sewell,marlen sewell,DB,DB,,,Active
13920,,Jonathan Brady,jonathan brady,WR,WR,2003-10-08,,Active
13921,,Isiah King,isiah king,LB,FRONT7,,,Active
13923,,Joshua Pitsenberger,joshua pitsenberger,RB,RB,,,Inactive
13924,,Dominic Bailey,dominic bailey,DL,FRONT7,,,Active
13926,,Ben Barten,ben barten,DL,FRONT7,2002-04-01,,Active
13927,,Zxavian Harris,zxavian harris,DL,FRONT7,2003-10-22,,Active
13929,,Sahmir Hagans,sahmir hagans,WR,WR,,,Active
13930,,Jordon Vaughn,jordon vaughn,RB,RB,,,Active
13931,,E.J. Horton,ej horton,WR,WR,,,Active
13934,,Rodney McGraw,rodney mcgraw,DL,FRONT7,2002-03-31,MIA,Active
13935,,Kahlil Saunders,kahlil saunders,DL,FRONT7,,,Active
13936,,Cade Denhoff,cade denhoff,DE,FRONT7,2002-12-03,,Active
13937,,Jackson Acker,jackson acker,FB,RB,2002-11-15,,Active
13938,,Jordan Dunbar,jordan dunbar,CB,DB,,,Active
13939,,Gabriel Benyard,gabriel benyard,WR,WR,,,Active
13941,,Omari Kelly,omari kelly,WR,WR,,,Active
13943,,Squirrel White,squirrel white,WR,WR,,,Active
13946,,Jamal Haynes,jamal haynes,RB,RB,2002-10-05,,Active
13949,,Damon Bankston,damon bankston,RB,RB,2003-04-25,GB,Active
13951,,Nathan Voorhis,nathan voorhis,DE,FRONT7,,,Inactive
13953,,Nate Evans,nate evans,CB,DB,,,Active
13955,,Josiah Green,josiah green,DT,FRONT7,2003-01-03,,Active
13957,,Kenny Fletcher,kenny fletcher,TE,TE,2003-12-04,IND,Active
13959,,Ayden Garnes,ayden garnes,DB,DB,2003-03-20,TB,Active
13960,,Ja'Qurious Conley,ja qurious conley,DB,DB,,,Active
13962,,Cameron Dorner,cameron dorner,WR,WR,2004-02-04,NE,Active
13963,,Nick DeGennaro,nick degennaro,WR,WR,,,Active
13964,,Myles Montgomery,myles montgomery,RB,RB,2003-04-04,NE,Inactive
13965,,Kenneth Harris,kenneth harris,CB,DB,2002-05-02,IND,Active
13967,,Jimmy Kibble,jimmy kibble,WR,WR,,,Inactive
13968,,Drew Stevens,drew stevens,K,K,2003-12-09,WAS,Active
13969,,Jy Gilmore,jy gilmore,DB,DB,,,Active
13970,,Riley Wilson,riley wilson,LB,FRONT7,2002-05-30,,Active
13971,,Caden Fordham,caden fordham,LB,FRONT7,2002-10-21,TB,Active
13972,,Brandon Frazier,brandon frazier,TE,TE,,,Active
13973,,Keelan Marion,keelan marion,WR,WR,2000-06-22,,Active
13974,,Malcolm DeWalt,malcolm dewalt,CB,DB,2002-01-04,ATL,Active
13975,,Le'Meke Brockington,le meke brockington,WR,WR,2002-01-15,,Active
13977,,DeVonta Smith,devonta smith,CB,DB,2002-12-11,CAR,Active
13979,,Isaiah Smith,isaiah smith,LB,FRONT7,2003-09-27,,Active
13980,,Parker Petersen,parker petersen,DT,FRONT7,2003-01-16,CAR,Active
13981,,Kolbe Katsis,kolbe katsis,WR,WR,2001-12-28,DEN,Active
13983,,Ahmari Harvey,ahmari harvey,DB,DB,2003-03-23,,Active
13985,,William Wright,william wright,DB,DB,,,Active
13986,,Parker Robertson,parker robertson,DB,DB,2002-04-22,,Active
13987,,Smith Vilbert,smith vilbert,DL,FRONT7,2001-05-11,,Active
13988,,Stone Eby,stone eby,TE,TE,,,Active
13989,,E.J. Warner,ej warner,QB,QB,,,Active
13990,,Paul Geelen,paul geelen,K,K,,,Active
13991,,Tamatoa McDonough,tamatoa mcdonough,DL,FRONT7,,,Active
13992,,Paul Manning,paul manning,DB,DB,,,Active
13993,,Samuel Dankah,samuel dankah,DL,FRONT7,,,Active
13994,,Max Harris,max harris,LB,FRONT7,,,Active
13996,,Trent Howland,trent howland,RB,RB,,,Active
13997,,Kekoura Tarnue,kekoura tarnue,DB,DB,,,Active
13999,,Ian Conerly-Goodly,ian conerly goodly,DB,DB,,,Active
14000,,Randy Franklin,randy franklin,DB,DB,,,Active
14001,,Julius Davis,julius davis,RB,RB,,,Active
14003,,Herbert Gums,herbert gums,NT,FRONT7,,,Active
14004,,Nuer Gatkuoth,nuer gatkuoth,DL,FRONT7,,,Active
14005,,Tommy Thomas,tommy thomas,WR,WR,,,Active
14007,,Andrew Jones,andrew jones,LB,FRONT7,,,Active
14008,,Rodney Hammond,rodney hammond,RB,RB,2002-09-02,,Active
14009,,Josh Celiscar,josh celiscar,DL,FRONT7,,,Active
14012,,Jahari Rogers,jahari rogers,DB,DB,,,Active
14013,,Tyce Westland,tyce westland,DE,FRONT7,2003-05-02,,Active
14014,,John Miller,john miller,LB,FRONT7,,,Active
14015,,Hunter Peck,hunter peck,DE,FRONT7,,,Active
14016,,DQ Smith,dq smith,DB,DB,,,Active
14017,,Brett Weaver,brett weaver,TE,TE,,,Active
14018,,Jordan Nubin,jordan nubin,RB,RB,,,Active
14020,,Dean Patterson,dean patterson,WR,WR,2002-05-20,TB,Active
14021,,Kadarius Calloway,kadarius calloway,RB,RB,,,Inactive
14022,,Yasir Holmes,yasir holmes,LB,FRONT7,2003-05-06,TB,Active
14023,,Jaden Keller,jaden keller,LB,FRONT7,2003-04-17,NYJ,Active
14024,,Bangally Kamara,bangally kamara,LB,FRONT7,2001-10-13,MIN,Active
14025,,Peter Manuma,peter manuma,DB,DB,,,Active
14026,,DJ Herman,dj herman,RB,RB,2002-03-17,MIA,Active
14028,,Daveren Rayner,daveren rayner,LB,FRONT7,,,Active
14029,,Johnny Pascuzzi,johnny pascuzzi,TE,TE,,,Active
14030,,Wayne Matthews,wayne matthews,LB,FRONT7,2002-07-10,CHI,Active
14031,,Kyron Hudson,kyron hudson,WR,WR,2002-05-16,,Inactive
14032,,Xavier Holmes,xavier holmes,DL,FRONT7,2002-04-16,NE,Active
14033,,Larry Worth,larry worth,DB,DB,2004-09-29,,Active
14034,,Brock Rechsteiner,brock rechsteiner,WR,WR,,,Active
14035,,Eric O'Neill,eric o neill,DE,FRONT7,2003-07-01,DET,Active
14036,,Stephen Dix,stephen dix,LB,FRONT7,2002-01-13,,Active
14037,,Rashad Rochelle,rashad rochelle,WR,WR,2003-05-19,,Active
14038,,Trayvon Rudolph,trayvon rudolph,WR,WR,2001-09-06,,Active
14039,,Mante Morrow,mante morrow,WR,WR,,,Active
14040,,Terrill Davis,terrill davis,WR,WR,2003-08-11,,Active
14041,,Anderson Castle,anderson castle,RB,RB,2002-01-28,,Active
14042,,Tamon Lynum,tamon lynum,DB,DB,,,Active
14043,,Tywone Malone,tywone malone,DT,FRONT7,2003-05-02,,Active
14044,,Miles Davis,miles davis,RB,RB,1999-10-01,,Active
14045,,Marlon Jones,marlon jones,CB,DB,2001-08-19,,Inactive
14046,,Reid Carrico,reid carrico,LB,FRONT7,2002-08-16,,Active
14047,,Heinrich Haarberg,heinrich haarberg,TE,TE,2003-03-15,,Active
14048,,Travis Shaw,travis shaw,DT,FRONT7,2004-06-08,,Active
14049,,Brandon Hayes,brandon hayes,WR,WR,,,Active
14051,,Chase Wilson,chase wilson,LB,FRONT7,,TEN,Active
14052,,Jai'Onte' McMillan,jai onte mcmillan,CB,DB,,,Active
14055,,Louis Hansen,louis hansen,TE,TE,,,Active
14056,,Kyre Duplessis,kyre duplessis,WR,WR,,,Active
14057,,Zion Wilson,zion wilson,DT,FRONT7,,,Active
14058,,Malick Meiga,malick meiga,WR,WR,2001-03-25,SEA,Active
14059,,Sean Fresch,sean fresch,CB,DB,2001-11-10,DEN,Active
14060,,Blake Cotton,blake cotton,DB,DB,,,Inactive
14061,,Jeremiah Franklin,jeremiah franklin,TE,TE,,,Active
14062,,Tyler Moore,tyler moore,TE,TE,,,Active
14063,,Liam Clifford,liam clifford,WR,WR,,,Active
14064,,Roydell Williams,roydell williams,RB,RB,2001-12-08,,Active
14065,,Jarod Washington,jarod washington,DB,DB,,,Active
14066,,Mekhi Rodgers,mekhi rodgers,CB,DB,,,Active
14067,,Jeff Weimer,jeff weimer,WR,WR,,,Active
14068,,Drew Biber,drew biber,TE,TE,,,Active
14069,,Connor Hulstein,connor hulstein,TE,TE,,,Inactive
14070,,Jordan Washington,jordan washington,CB,DB,2003-05-09,,Active
14071,,Grant Finley,grant finley,FB,RB,2003-08-19,NYG,Active
14072,,Daniel Rickert,daniel rickert,DE,FRONT7,,,Inactive
14073,,Eric Butler,eric butler,DB,DB,,,Inactive
14074,,Brien Taylor,brien taylor,DL,FRONT7,,,Active
14075,,Malakai Williams,malakai williams,DE,FRONT7,,,Active
14076,,Justin Jones,justin jones,RB,RB,,,Active
14077,,Ricardo Hallman,ricardo hallman,CB,DB,2005-07-30,,Active
14078,,Xavier Williams,xavier williams,DB,DB,2002-10-07,,Inactive
14079,,Keveion'ta Spears,keveion ta spears,DT,FRONT7,,,Active
14080,,Barika Kpeenu,barika kpeenu,RB,RB,,,Active
14081,,Cam Rice,cam rice,DL,FRONT7,,,Active
14082,,Alex Tecza,alex tecza,RB,RB,,,Active
14083,,Jaheim Thomas,jaheim thomas,LB,FRONT7,,,Active
14084,,Devyn Bobby,devyn bobby,DB,DB,,,Active
14085,,Matthew Henry,matthew henry,WR,WR,,,Active
14086,,Terrelle Smith,terrelle smith,FB,RB,1978-03-12,,Active
14087,,Skyler Thomas,skyler thomas,DB,DB,2003-09-17,CHI,Active
14088,,Maceo Beard,maceo beard,DB,DB,2000-05-12,MIN,Active
