sleeper_id,gsis_id,identity_source,position,origin_week,model_score,tier_index,role_tier,prior_active_games,frozen_feature_missing_count_before_imputation,frozen_feature_count,evidence_source,confidence_status
11739,00-0039813,STABLE_CROSSWALK,DB,4,0.85884221323884646,6,Elite,4,6,20,B41F_FROZEN_MODEL_CURRENT_2026_COMPLETED_WEEKS,NOT_CALIBRATED_B42_DOES_NOT_INVENT_CONFIDENCE_THRESHOLDS
4081,00-0033890,STABLE_CROSSWALK,DB,4,0.84643631384193896,6,Elite,4,6,20,B41F_FROZEN_MODEL_CURRENT_2026_COMPLETED_WEEKS,NOT_CALIBRATED_B42_DOES_NOT_INVENT_CONFIDENCE_THRESHOLDS
7666,00-0036998,STABLE_CROSSWALK,DB,4,0.8428133709231439,6,Elite,4,6,20,B41F_FROZEN_MODEL_CURRENT_2026_COMPLETED_WEEKS,NOT_CALIBRATED_B42_DOES_NOT_INVENT_CONFIDENCE_THRESHOLDS
8330,00-0037841,STABLE_CROSSWALK,DB,4,0.8409251782456848,6,Elite,4,6,20,B41F_FROZEN_MODEL_CURRENT_2026_COMPLETED_WEEKS,NOT_CALIBRATED_B42_DOES_NOT_INVENT_CONFIDENCE_THRESHOLDS
11685,00-0039343,STABLE_CROSSWALK,DB,4,0.83920126562550978,6,Elite,4,6,20,B41F_FROZEN_MODEL_CURRENT_2026_COMPLETED_WEEKS,NOT_CALIBRATED_B42_DOES_NOT_INVENT_CONFIDENCE_THRESHOLDS
6333,00-0035133,STABLE_CROSSWALK,DB,4,0.83060703801108293,6,Elite,4,6,20,B41F_FROZEN_MODEL_CURRENT_2026_COMPLETED_WEEKS,NOT_CALIBRATED_B42_DOES_NOT_INVENT_CONFIDENCE_THRESHOLDS
8395,00-0038123,STABLE_CROSSWALK,DB,4,0.82959802823356099,6,Elite,4,6,20,B41F_FROZEN_MODEL_CURRENT_2026_COMPLETED_WEEKS,NOT_CALIBRATED_B42_DOES_NOT_INVENT_CONFIDENCE_THRESHOLDS
7016,00-0036293,STABLE_CROSSWALK,DB,4,0.82553169102116153,6,Elite,4,6,20,B41F_FROZEN_MODEL_CURRENT_2026_COMPLETED_WEEKS,NOT_CALIBRATED_B42_DOES_NOT_INVENT_CONFIDENCE_THRESHOLDS
8286,00-0037743,STABLE_CROSSWALK,DB,4,0.82361953714827851,6,Elite,4,6,20,B41F_FROZEN_MODEL_CURRENT_2026_COMPLETED_WEEKS,NOT_CALIBRATED_B42_DOES_NOT_INVENT_CONFIDENCE_THRESHOLDS
13371,00-0041538,DOB_POSITION_OVERLAY,DB,4,0.82346218837329554,6,Elite,4,6,20,B41F_FROZEN_MODEL_CURRENT_2026_COMPLETED_WEEKS,NOT_CALIBRATED_B42_DOES_NOT_INVENT_CONFIDENCE_THRESHOLDS
6901,00-0036348,STABLE_CROSSWALK,DB,4,0.8227242661293408,6,Elite,4,6,20,B41F_FROZEN_MODEL_CURRENT_2026_COMPLETED_WEEKS,NOT_CALIBRATED_B42_DOES_NOT_INVENT_CONFIDENCE_THRESHOLDS
5876,00-0034974,STABLE_CROSSWALK,DB,4,0.82164148644398727,6,Elite,3,6,20,B41F_FROZEN_MODEL_CURRENT_2026_COMPLETED_WEEKS,NOT_CALIBRATED_B42_DOES_NOT_INVENT_CONFIDENCE_THRESHOLDS
8339,00-0038038,STABLE_CROSSWALK,DB,4,0.82023197630805067,6,Elite,4,6,20,B41F_FROZEN_MODEL_CURRENT_2026_COMPLETED_WEEKS,NOT_CALIBRATED_B42_DOES_NOT_INVENT_CONFIDENCE_THRESHOLDS
7811,00-0036564,STABLE_CROSSWALK,DB,4,0.82008509394702289,6,Elite,4,6,20,B41F_FROZEN_MODEL_CURRENT_2026_COMPLETED_WEEKS,NOT_CALIBRATED_B42_DOES_NOT_INVENT_CONFIDENCE_THRESHOLDS
6911,00-0036221,STABLE_CROSSWALK,DB,4,0.81644817219427723,6,Elite,4,6,20,B41F_FROZEN_MODEL_CURRENT_2026_COMPLETED_WEEKS,NOT_CALIBRATED_B42_DOES_NOT_INVENT_CONFIDENCE_THRESHOLDS
8364,00-0037191,STABLE_CROSSWALK,DB,4,0.81326995491519416,6,Elite,4,6,20,B41F_FROZEN_MODEL_CURRENT_2026_COMPLETED_WEEKS,NOT_CALIBRATED_B42_DOES_NOT_INVENT_CONFIDENCE_THRESHOLDS
10878,00-0039000,STABLE_CROSSWALK,DB,4,0.81126917768639262,6,Elite,2,6,20,B41F_FROZEN_MODEL_CURRENT_2026_COMPLETED_WEEKS,NOT_CALIBRATED_B42_DOES_NOT_INVENT_CONFIDENCE_THRESHOLDS
8333,00-0038121,STABLE_CROSSWALK,DB,4,0.80365168344940863,6,Elite,4,6,20,B41F_FROZEN_MODEL_CURRENT_2026_COMPLETED_WEEKS,NOT_CALIBRATED_B42_DOES_NOT_INVENT_CONFIDENCE_THRESHOLDS
7630,00-0036996,STABLE_CROSSWALK,DB,4,0.79924239901951122,6,Elite,4,6,20,B41F_FROZEN_MODEL_CURRENT_2026_COMPLETED_WEEKS,NOT_CALIBRATED_B42_DOES_NOT_INVENT_CONFIDENCE_THRESHOLDS
6896,00-0036375,STABLE_CROSSWALK,DB,4,0.79866104682892258,6,Elite,4,6,20,B41F_FROZEN_MODEL_CURRENT_2026_COMPLETED_WEEKS,NOT_CALIBRATED_B42_DOES_NOT_INVENT_CONFIDENCE_THRESHOLDS
6788,00-0036388,STABLE_CROSSWALK,DB,4,0.79675539257916517,6,Elite,4,6,20,B41F_FROZEN_MODEL_CURRENT_2026_COMPLETED_WEEKS,NOT_CALIBRATED_B42_DOES_NOT_INVENT_CONFIDENCE_THRESHOLDS
10927,00-0038560,STABLE_CROSSWALK,DB,4,0.79517533007988916,6,Elite,4,6,20,B41F_FROZEN_MODEL_CURRENT_2026_COMPLETED_WEEKS,NOT_CALIBRATED_B42_DOES_NOT_INVENT_CONFIDENCE_THRESHOLDS
12588,00-0040141,STABLE_CROSSWALK,DB,4,0.79469341387236681,6,Elite,4,6,20,B41F_FROZEN_MODEL_CURRENT_2026_COMPLETED_WEEKS,NOT_CALIBRATED_B42_DOES_NOT_INVENT_CONFIDENCE_THRESHOLDS
10891,00-0039169,STABLE_CROSSWALK,DB,4,0.79466578756343498,6,Elite,4,6,20,B41F_FROZEN_MODEL_CURRENT_2026_COMPLETED_WEEKS,NOT_CALIBRATED_B42_DOES_NOT_INVENT_CONFIDENCE_THRESHOLDS
8384,00-0037268,STABLE_CROSSWALK,DB,4,0.79243913746682682,6,Elite,4,6,20,B41F_FROZEN_MODEL_CURRENT_2026_COMPLETED_WEEKS,NOT_CALIBRATED_B42_DOES_NOT_INVENT_CONFIDENCE_THRESHOLDS
4964,00-0034856,STABLE_CROSSWALK,DB,4,0.79203686530733353,6,Elite,4,6,20,B41F_FROZEN_MODEL_CURRENT_2026_COMPLETED_WEEKS,NOT_CALIBRATED_B42_DOES_NOT_INVENT_CONFIDENCE_THRESHOLDS
11352,00-0038715,STABLE_CROSSWALK,DB,4,0.7911584273783322,6,Elite,4,6,20,B41F_FROZEN_MODEL_CURRENT_2026_COMPLETED_WEEKS,NOT_CALIBRATED_B42_DOES_NOT_INVENT_CONFIDENCE_THRESHOLDS
13376,00-0040865,DOB_POSITION_OVERLAY,DB,4,0.79088584527360462,6,Elite,4,6,20,B41F_FROZEN_MODEL_CURRENT_2026_COMPLETED_WEEKS,NOT_CALIBRATED_B42_DOES_NOT_INVENT_CONFIDENCE_THRESHOLDS
8392,00-0037616,STABLE_CROSSWALK,DB,4,0.79041409982214272,6,Elite,2,6,20,B41F_FROZEN_MODEL_CURRENT_2026_COMPLETED_WEEKS,NOT_CALIBRATED_B42_DOES_NOT_INVENT_CONFIDENCE_THRESHOLDS
5908,00-0035632,STABLE_CROSSWALK,DB,4,0.78983773052272166,6,Elite,4,6,20,B41F_FROZEN_MODEL_CURRENT_2026_COMPLETED_WEEKS,NOT_CALIBRATED_B42_DOES_NOT_INVENT_CONFIDENCE_THRESHOLDS
7044,00-0036253,STABLE_CROSSWALK,DB,4,0.78807053260353344,6,Elite,4,6,20,B41F_FROZEN_MODEL_CURRENT_2026_COMPLETED_WEEKS,NOT_CALIBRATED_B42_DOES_NOT_INVENT_CONFIDENCE_THRESHOLDS
12601,00-0040133,STABLE_CROSSWALK,DB,4,0.78464438481975929,6,Elite,4,6,20,B41F_FROZEN_MODEL_CURRENT_2026_COMPLETED_WEEKS,NOT_CALIBRATED_B42_DOES_NOT_INVENT_CONFIDENCE_THRESHOLDS
5372,00-0034384,STABLE_CROSSWALK,DB,4,0.7843902884292927,6,Elite,4,6,20,B41F_FROZEN_MODEL_CURRENT_2026_COMPLETED_WEEKS,NOT_CALIBRATED_B42_DOES_NOT_INVENT_CONFIDENCE_THRESHOLDS
11678,00-0039841,STABLE_CROSSWALK,DB,4,0.78025994609807547,6,Elite,4,6,20,B41F_FROZEN_MODEL_CURRENT_2026_COMPLETED_WEEKS,NOT_CALIBRATED_B42_DOES_NOT_INVENT_CONFIDENCE_THRESHOLDS
4224,00-0033294,STABLE_CROSSWALK,DB,4,0.77968958961769741,6,Elite,4,6,20,B41F_FROZEN_MODEL_CURRENT_2026_COMPLETED_WEEKS,NOT_CALIBRATED_B42_DOES_NOT_INVENT_CONFIDENCE_THRESHOLDS
8323,00-0038135,STABLE_CROSSWALK,DB,4,0.77172345128327591,6,Elite,4,6,20,B41F_FROZEN_MODEL_CURRENT_2026_COMPLETED_WEEKS,NOT_CALIBRATED_B42_DOES_NOT_INVENT_CONFIDENCE_THRESHOLDS
7628,00-0036901,STABLE_CROSSWALK,DB,4,0.7708067175762936,6,Elite,4,6,20,B41F_FROZEN_MODEL_CURRENT_2026_COMPLETED_WEEKS,NOT_CALIBRATED_B42_DOES_NOT_INVENT_CONFIDENCE_THRESHOLDS
12591,00-0040148,STABLE_CROSSWALK,DB,4,0.76913999297245061,6,Elite,4,6,20,B41F_FROZEN_MODEL_CURRENT_2026_COMPLETED_WEEKS,NOT_CALIBRATED_B42_DOES_NOT_INVENT_CONFIDENCE_THRESHOLDS
6799,00-0036282,STABLE_CROSSWALK,DB,4,0.7648255917922413,6,Elite,4,6,20,B41F_FROZEN_MODEL_CURRENT_2026_COMPLETED_WEEKS,NOT_CALIBRATED_B42_DOES_NOT_INVENT_CONFIDENCE_THRESHOLDS
12654,00-0040716,STABLE_CROSSWALK,DB,4,0.7623816959479166,6,Elite,3,6,20,B41F_FROZEN_MODEL_CURRENT_2026_COMPLETED_WEEKS,NOT_CALIBRATED_B42_DOES_NOT_INVENT_CONFIDENCE_THRESHOLDS
11725,00-0039353,STABLE_CROSSWALK,DB,4,0.76175084027300954,6,Elite,4,6,20,B41F_FROZEN_MODEL_CURRENT_2026_COMPLETED_WEEKS,NOT_CALIBRATED_B42_DOES_NOT_INVENT_CONFIDENCE_THRESHOLDS
4971,00-0034790,STABLE_CROSSWALK,DB,4,0.75873226475385713,6,Elite,3,6,20,B41F_FROZEN_MODEL_CURRENT_2026_COMPLETED_WEEKS,NOT_CALIBRATED_B42_DOES_NOT_INVENT_CONFIDENCE_THRESHOLDS
5893,00-0035253,STABLE_CROSSWALK,DB,4,0.75749223507699026,6,Elite,4,6,20,B41F_FROZEN_MODEL_CURRENT_2026_COMPLETED_WEEKS,NOT_CALIBRATED_B42_DOES_NOT_INVENT_CONFIDENCE_THRESHOLDS
8406,00-0037130,STABLE_CROSSWALK,DB,4,0.75716917302931408,6,Elite,4,6,20,B41F_FROZEN_MODEL_CURRENT_2026_COMPLETED_WEEKS,NOT_CALIBRATED_B42_DOES_NOT_INVENT_CONFIDENCE_THRESHOLDS
12604,00-0040749,STABLE_CROSSWALK,DB,4,0.75607608583623953,6,Elite,4,6,20,B41F_FROZEN_MODEL_CURRENT_2026_COMPLETED_WEEKS,NOT_CALIBRATED_B42_DOES_NOT_INVENT_CONFIDENCE_THRESHOLDS
11675,00-0039860,STABLE_CROSSWALK,DB,4,0.75563338280219738,6,Elite,4,6,20,B41F_FROZEN_MODEL_CURRENT_2026_COMPLETED_WEEKS,NOT_CALIBRATED_B42_DOES_NOT_INVENT_CONFIDENCE_THRESHOLDS
8314,00-0037246,STABLE_CROSSWALK,DB,4,0.75310943106954942,6,Elite,4,6,20,B41F_FROZEN_MODEL_CURRENT_2026_COMPLETED_WEEKS,NOT_CALIBRATED_B42_DOES_NOT_INVENT_CONFIDENCE_THRESHOLDS
11705,00-0039846,STABLE_CROSSWALK,DB,4,0.75183743986310825,6,Elite,4,6,20,B41F_FROZEN_MODEL_CURRENT_2026_COMPLETED_WEEKS,NOT_CALIBRATED_B42_DOES_NOT_INVENT_CONFIDENCE_THRESHOLDS
11427,00-0038820,STABLE_CROSSWALK,DB,4,0.74909627528879397,6,Elite,3,6,20,B41F_FROZEN_MODEL_CURRENT_2026_COMPLETED_WEEKS,NOT_CALIBRATED_B42_DOES_NOT_INVENT_CONFIDENCE_THRESHOLDS
7715,00-0036629,STABLE_CROSSWALK,DB,4,0.74885342129857813,6,Elite,4,6,20,B41F_FROZEN_MODEL_CURRENT_2026_COMPLETED_WEEKS,NOT_CALIBRATED_B42_DOES_NOT_INVENT_CONFIDENCE_THRESHOLDS
13508,00-0040889,STABLE_CROSSWALK,DB,4,0.74542551439559024,6,Elite,4,6,20,B41F_FROZEN_MODEL_CURRENT_2026_COMPLETED_WEEKS,NOT_CALIBRATED_B42_DOES_NOT_INVENT_CONFIDENCE_THRESHOLDS
13370,00-0041533,DOB_POSITION_OVERLAY,DB,4,0.74271947628347901,6,Elite,4,6,20,B41F_FROZEN_MODEL_CURRENT_2026_COMPLETED_WEEKS,NOT_CALIBRATED_B42_DOES_NOT_INVENT_CONFIDENCE_THRESHOLDS
8359,00-0037253,STABLE_CROSSWALK,DB,4,0.74201839877757791,6,Elite,4,6,20,B41F_FROZEN_MODEL_CURRENT_2026_COMPLETED_WEEKS,NOT_CALIBRATED_B42_DOES_NOT_INVENT_CONFIDENCE_THRESHOLDS
5054,00-0034778,STABLE_CROSSWALK,DB,4,0.74164998535781057,6,Elite,3,6,20,B41F_FROZEN_MODEL_CURRENT_2026_COMPLETED_WEEKS,NOT_CALIBRATED_B42_DOES_NOT_INVENT_CONFIDENCE_THRESHOLDS
4963,00-0034789,STABLE_CROSSWALK,DB,4,0.74150915223509961,6,Elite,2,6,20,B41F_FROZEN_MODEL_CURRENT_2026_COMPLETED_WEEKS,NOT_CALIBRATED_B42_DOES_NOT_INVENT_CONFIDENCE_THRESHOLDS
11682,00-0039872,STABLE_CROSSWALK,DB,4,0.73869323508411577,6,Elite,4,6,20,B41F_FROZEN_MODEL_CURRENT_2026_COMPLETED_WEEKS,NOT_CALIBRATED_B42_DOES_NOT_INVENT_CONFIDENCE_THRESHOLDS
6791,00-0036281,STABLE_CROSSWALK,DB,4,0.73669800745614655,6,Elite,4,6,20,B41F_FROZEN_MODEL_CURRENT_2026_COMPLETED_WEEKS,NOT_CALIBRATED_B42_DOES_NOT_INVENT_CONFIDENCE_THRESHOLDS
12605,00-0040143,STABLE_CROSSWALK,DB,4,0.73653068549285849,6,Elite,3,6,20,B41F_FROZEN_MODEL_CURRENT_2026_COMPLETED_WEEKS,NOT_CALIBRATED_B42_DOES_NOT_INVENT_CONFIDENCE_THRESHOLDS
10894,00-0038549,STABLE_CROSSWALK,DB,4,0.73569587282158788,6,Elite,4,6,20,B41F_FROZEN_MODEL_CURRENT_2026_COMPLETED_WEEKS,NOT_CALIBRATED_B42_DOES_NOT_INVENT_CONFIDENCE_THRESHOLDS
11697,00-0039345,STABLE_CROSSWALK,DB,4,0.73125858902993823,6,Elite,4,6,20,B41F_FROZEN_MODEL_CURRENT_2026_COMPLETED_WEEKS,NOT_CALIBRATED_B42_DOES_NOT_INVENT_CONFIDENCE_THRESHOLDS
12567,00-0040688,STABLE_CROSSWALK,DB,4,0.730683830289792,6,Elite,4,6,20,B41F_FROZEN_MODEL_CURRENT_2026_COMPLETED_WEEKS,NOT_CALIBRATED_B42_DOES_NOT_INVENT_CONFIDENCE_THRESHOLDS
8290,00-0037190,STABLE_CROSSWALK,DB,4,0.73003750457400252,6,Elite,4,6,20,B41F_FROZEN_MODEL_CURRENT_2026_COMPLETED_WEEKS,NOT_CALIBRATED_B42_DOES_NOT_INVENT_CONFIDENCE_THRESHOLDS
8374,00-0037079,STABLE_CROSSWALK,DB,4,0.72920976390048842,6,Elite,4,6,20,B41F_FROZEN_MODEL_CURRENT_2026_COMPLETED_WEEKS,NOT_CALIBRATED_B42_DOES_NOT_INVENT_CONFIDENCE_THRESHOLDS
7667,00-0036974,STABLE_CROSSWALK,DB,4,0.72915616068307287,6,Elite,3,6,20,B41F_FROZEN_MODEL_CURRENT_2026_COMPLETED_WEEKS,NOT_CALIBRATED_B42_DOES_NOT_INVENT_CONFIDENCE_THRESHOLDS
13385,00-0041543,DOB_POSITION_OVERLAY,DB,4,0.72745044163028361,6,Elite,3,6,20,B41F_FROZEN_MODEL_CURRENT_2026_COMPLETED_WEEKS,NOT_CALIBRATED_B42_DOES_NOT_INVENT_CONFIDENCE_THRESHOLDS
5036,00-0034361,STABLE_CROSSWALK,DB,4,0.72348590463259776,5,Every-Down,4,6,20,B41F_FROZEN_MODEL_CURRENT_2026_COMPLETED_WEEKS,NOT_CALIBRATED_B42_DOES_NOT_INVENT_CONFIDENCE_THRESHOLDS
8275,00-0037137,STABLE_CROSSWALK,DB,4,0.72063977093354625,5,Every-Down,4,6,20,B41F_FROZEN_MODEL_CURRENT_2026_COMPLETED_WEEKS,NOT_CALIBRATED_B42_DOES_NOT_INVENT_CONFIDENCE_THRESHOLDS
7133,00-0036222,STABLE_CROSSWALK,DB,4,0.71745992209873688,5,Every-Down,4,6,20,B41F_FROZEN_MODEL_CURRENT_2026_COMPLETED_WEEKS,NOT_CALIBRATED_B42_DOES_NOT_INVENT_CONFIDENCE_THRESHOLDS
13517,00-0041528,DOB_POSITION_OVERLAY,DB,4,0.71728337237365769,5,Every-Down,4,6,20,B41F_FROZEN_MODEL_CURRENT_2026_COMPLETED_WEEKS,NOT_CALIBRATED_B42_DOES_NOT_INVENT_CONFIDENCE_THRESHOLDS
12530,00-0040718,STABLE_CROSSWALK,DB,4,0.71602548222715823,5,Every-Down,4,6,20,B41F_FROZEN_MODEL_CURRENT_2026_COMPLETED_WEEKS,NOT_CALIBRATED_B42_DOES_NOT_INVENT_CONFIDENCE_THRESHOLDS
8308,00-0037237,STABLE_CROSSWALK,DB,4,0.71157451114556347,5,Every-Down,4,6,20,B41F_FROZEN_MODEL_CURRENT_2026_COMPLETED_WEEKS,NOT_CALIBRATED_B42_DOES_NOT_INVENT_CONFIDENCE_THRESHOLDS
5493,00-0034573,STABLE_CROSSWALK,DB,4,0.71117638821517359,5,Every-Down,4,6,20,B41F_FROZEN_MODEL_CURRENT_2026_COMPLETED_WEEKS,NOT_CALIBRATED_B42_DOES_NOT_INVENT_CONFIDENCE_THRESHOLDS
11749,00-0039369,STABLE_CROSSWALK,DB,4,0.70927152140186789,5,Every-Down,4,6,20,B41F_FROZEN_MODEL_CURRENT_2026_COMPLETED_WEEKS,NOT_CALIBRATED_B42_DOES_NOT_INVENT_CONFIDENCE_THRESHOLDS
12622,00-0040670,STABLE_CROSSWALK,DB,4,0.70847437878460251,5,Every-Down,4,6,20,B41F_FROZEN_MODEL_CURRENT_2026_COMPLETED_WEEKS,NOT_CALIBRATED_B42_DOES_NOT_INVENT_CONFIDENCE_THRESHOLDS
10936,00-0038554,STABLE_CROSSWALK,DB,4,0.7053817516679769,5,Every-Down,4,6,20,B41F_FROZEN_MODEL_CURRENT_2026_COMPLETED_WEEKS,NOT_CALIBRATED_B42_DOES_NOT_INVENT_CONFIDENCE_THRESHOLDS
11674,00-0039861,STABLE_CROSSWALK,DB,4,0.70279539572350747,5,Every-Down,3,6,20,B41F_FROZEN_MODEL_CURRENT_2026_COMPLETED_WEEKS,NOT_CALIBRATED_B42_DOES_NOT_INVENT_CONFIDENCE_THRESHOLDS
6888,00-0036411,STABLE_CROSSWALK,DB,4,0.70173751905872983,5,Every-Down,4,6,20,B41F_FROZEN_MODEL_CURRENT_2026_COMPLETED_WEEKS,NOT_CALIBRATED_B42_DOES_NOT_INVENT_CONFIDENCE_THRESHOLDS
13485,00-0041063,STABLE_CROSSWALK,DB,4,0.7015868391836253,5,Every-Down,4,6,20,B41F_FROZEN_MODEL_CURRENT_2026_COMPLETED_WEEKS,NOT_CALIBRATED_B42_DOES_NOT_INVENT_CONFIDENCE_THRESHOLDS
11710,00-0039838,STABLE_CROSSWALK,DB,4,0.70142358830634044,5,Every-Down,4,6,20,B41F_FROZEN_MODEL_CURRENT_2026_COMPLETED_WEEKS,NOT_CALIBRATED_B42_DOES_NOT_INVENT_CONFIDENCE_THRESHOLDS
8476,00-0037275,STABLE_CROSSWALK,DB,4,0.69812786216370426,5,Every-Down,4,6,20,B41F_FROZEN_MODEL_CURRENT_2026_COMPLETED_WEEKS,NOT_CALIBRATED_B42_DOES_NOT_INVENT_CONFIDENCE_THRESHOLDS
7685,00-0036987,STABLE_CROSSWALK,DB,4,0.69789669936945475,5,Every-Down,4,6,20,B41F_FROZEN_MODEL_CURRENT_2026_COMPLETED_WEEKS,NOT_CALIBRATED_B42_DOES_NOT_INVENT_CONFIDENCE_THRESHOLDS
7117,00-0036374,STABLE_CROSSWALK,DB,4,0.69580014455561767,5,Every-Down,4,6,20,B41F_FROZEN_MODEL_CURRENT_2026_COMPLETED_WEEKS,NOT_CALIBRATED_B42_DOES_NOT_INVENT_CONFIDENCE_THRESHOLDS
12625,00-0040139,STABLE_CROSSWALK,DB,4,0.69290544716155611,5,Every-Down,4,6,20,B41F_FROZEN_MODEL_CURRENT_2026_COMPLETED_WEEKS,NOT_CALIBRATED_B42_DOES_NOT_INVENT_CONFIDENCE_THRESHOLDS
3160,00-0033055,STABLE_CROSSWALK,DB,4,0.69213906458696461,5,Every-Down,4,6,20,B41F_FROZEN_MODEL_CURRENT_2026_COMPLETED_WEEKS,NOT_CALIBRATED_B42_DOES_NOT_INVENT_CONFIDENCE_THRESHOLDS
8517,00-0037323,STABLE_CROSSWALK,DB,4,0.68830399610708326,5,Every-Down,4,6,20,B41F_FROZEN_MODEL_CURRENT_2026_COMPLETED_WEEKS,NOT_CALIBRATED_B42_DOES_NOT_INVENT_CONFIDENCE_THRESHOLDS
10881,00-0039147,STABLE_CROSSWALK,DB,4,0.68635188300573158,5,Every-Down,3,6,20,B41F_FROZEN_MODEL_CURRENT_2026_COMPLETED_WEEKS,NOT_CALIBRATED_B42_DOES_NOT_INVENT_CONFIDENCE_THRESHOLDS
3233,00-0033132,STABLE_CROSSWALK,DB,4,0.68578130998561604,5,Every-Down,4,6,20,B41F_FROZEN_MODEL_CURRENT_2026_COMPLETED_WEEKS,NOT_CALIBRATED_B42_DOES_NOT_INVENT_CONFIDENCE_THRESHOLDS
7136,00-0036349,STABLE_CROSSWALK,DB,4,0.68469011750302367,5,Every-Down,4,6,20,B41F_FROZEN_MODEL_CURRENT_2026_COMPLETED_WEEKS,NOT_CALIBRATED_B42_DOES_NOT_INVENT_CONFIDENCE_THRESHOLDS
5864,00-0035236,STABLE_CROSSWALK,DB,4,0.68464137646855094,5,Every-Down,4,6,20,B41F_FROZEN_MODEL_CURRENT_2026_COMPLETED_WEEKS,NOT_CALIBRATED_B42_DOES_NOT_INVENT_CONFIDENCE_THRESHOLDS
8487,00-0037288,STABLE_CROSSWALK,DB,4,0.68430063171978517,5,Every-Down,3,6,20,B41F_FROZEN_MODEL_CURRENT_2026_COMPLETED_WEEKS,NOT_CALIBRATED_B42_DOES_NOT_INVENT_CONFIDENCE_THRESHOLDS
10974,00-0038596,STABLE_CROSSWALK,DB,4,0.68343993545858017,5,Every-Down,4,6,20,B41F_FROZEN_MODEL_CURRENT_2026_COMPLETED_WEEKS,NOT_CALIBRATED_B42_DOES_NOT_INVENT_CONFIDENCE_THRESHOLDS
13489,00-0041060,STABLE_CROSSWALK,DB,4,0.6774751448549311,5,Every-Down,4,6,20,B41F_FROZEN_MODEL_CURRENT_2026_COMPLETED_WEEKS,NOT_CALIBRATED_B42_DOES_NOT_INVENT_CONFIDENCE_THRESHOLDS
6839,00-0036292,STABLE_CROSSWALK,DB,4,0.67668856822539569,5,Every-Down,4,6,20,B41F_FROZEN_MODEL_CURRENT_2026_COMPLETED_WEEKS,NOT_CALIBRATED_B42_DOES_NOT_INVENT_CONFIDENCE_THRESHOLDS
8310,00-0037758,STABLE_CROSSWALK,DB,4,0.67475851019239352,5,Every-Down,3,6,20,B41F_FROZEN_MODEL_CURRENT_2026_COMPLETED_WEEKS,NOT_CALIBRATED_B42_DOES_NOT_INVENT_CONFIDENCE_THRESHOLDS
10930,00-0038552,STABLE_CROSSWALK,DB,4,0.6746602609469351,5,Every-Down,4,6,20,B41F_FROZEN_MODEL_CURRENT_2026_COMPLETED_WEEKS,NOT_CALIBRATED_B42_DOES_NOT_INVENT_CONFIDENCE_THRESHOLDS
5341,00-0034376,STABLE_CROSSWALK,DB,4,0.6728108846009675,5,Every-Down,4,6,20,B41F_FROZEN_MODEL_CURRENT_2026_COMPLETED_WEEKS,NOT_CALIBRATED_B42_DOES_NOT_INVENT_CONFIDENCE_THRESHOLDS
11686,00-0039867,STABLE_CROSSWALK,DB,4,0.67058871357492078,5,Every-Down,4,6,20,B41F_FROZEN_MODEL_CURRENT_2026_COMPLETED_WEEKS,NOT_CALIBRATED_B42_DOES_NOT_INVENT_CONFIDENCE_THRESHOLDS
10949,00-0038982,STABLE_CROSSWALK,DB,4,0.66948051387240015,5,Every-Down,1,6,20,B41F_FROZEN_MODEL_CURRENT_2026_COMPLETED_WEEKS,NOT_CALIBRATED_B42_DOES_NOT_INVENT_CONFIDENCE_THRESHOLDS
13398,00-0040868,DOB_POSITION_OVERLAY,DB,4,0.66880975988694025,5,Every-Down,3,6,20,B41F_FROZEN_MODEL_CURRENT_2026_COMPLETED_WEEKS,NOT_CALIBRATED_B42_DOES_NOT_INVENT_CONFIDENCE_THRESHOLDS
7659,00-0036962,STABLE_CROSSWALK,DB,4,0.66763004324046282,5,Every-Down,4,6,20,B41F_FROZEN_MODEL_CURRENT_2026_COMPLETED_WEEKS,NOT_CALIBRATED_B42_DOES_NOT_INVENT_CONFIDENCE_THRESHOLDS
11656,00-0039232,STABLE_CROSSWALK,DB,4,0.66678590773355306,5,Every-Down,4,6,20,B41F_FROZEN_MODEL_CURRENT_2026_COMPLETED_WEEKS,NOT_CALIBRATED_B42_DOES_NOT_INVENT_CONFIDENCE_THRESHOLDS
13369,00-0041470,DOB_POSITION_OVERLAY,DB,4,0.66512402995833664,5,Every-Down,4,6,20,B41F_FROZEN_MODEL_CURRENT_2026_COMPLETED_WEEKS,NOT_CALIBRATED_B42_DOES_NOT_INVENT_CONFIDENCE_THRESHOLDS
11726,00-0039834,STABLE_CROSSWALK,DB,4,0.66349936771829665,5,Every-Down,2,6,20,B41F_FROZEN_MODEL_CURRENT_2026_COMPLETED_WEEKS,NOT_CALIBRATED_B42_DOES_NOT_INVENT_CONFIDENCE_THRESHOLDS
12668,00-0040185,STABLE_CROSSWALK,DB,4,0.66286532629111994,5,Every-Down,4,6,20,B41F_FROZEN_MODEL_CURRENT_2026_COMPLETED_WEEKS,NOT_CALIBRATED_B42_DOES_NOT_INVENT_CONFIDENCE_THRESHOLDS
4982,00-0034843,STABLE_CROSSWALK,DB,4,0.66202679993227886,5,Every-Down,4,6,20,B41F_FROZEN_MODEL_CURRENT_2026_COMPLETED_WEEKS,NOT_CALIBRATED_B42_DOES_NOT_INVENT_CONFIDENCE_THRESHOLDS
10897,00-0039071,STABLE_CROSSWALK,DB,4,0.65798826454106807,5,Every-Down,4,6,20,B41F_FROZEN_MODEL_CURRENT_2026_COMPLETED_WEEKS,NOT_CALIBRATED_B42_DOES_NOT_INVENT_CONFIDENCE_THRESHOLDS
12565,00-0040751,STABLE_CROSSWALK,DB,4,0.65565044061448885,5,Every-Down,2,6,20,B41F_FROZEN_MODEL_CURRENT_2026_COMPLETED_WEEKS,NOT_CALIBRATED_B42_DOES_NOT_INVENT_CONFIDENCE_THRESHOLDS
4129,00-0033928,STABLE_CROSSWALK,DB,4,0.6555030355704986,5,Every-Down,4,6,20,B41F_FROZEN_MODEL_CURRENT_2026_COMPLETED_WEEKS,NOT_CALIBRATED_B42_DOES_NOT_INVENT_CONFIDENCE_THRESHOLDS
12597,00-0040733,STABLE_CROSSWALK,DB,4,0.65541718238074576,5,Every-Down,3,6,20,B41F_FROZEN_MODEL_CURRENT_2026_COMPLETED_WEEKS,NOT_CALIBRATED_B42_DOES_NOT_INVENT_CONFIDENCE_THRESHOLDS
5792,00-0034465,STABLE_CROSSWALK,DB,4,0.65488459331858928,5,Every-Down,4,6,20,B41F_FROZEN_MODEL_CURRENT_2026_COMPLETED_WEEKS,NOT_CALIBRATED_B42_DOES_NOT_INVENT_CONFIDENCE_THRESHOLDS
7819,00-0036563,STABLE_CROSSWALK,DB,4,0.65229251244955166,5,Every-Down,4,6,20,B41F_FROZEN_MODEL_CURRENT_2026_COMPLETED_WEEKS,NOT_CALIBRATED_B42_DOES_NOT_INVENT_CONFIDENCE_THRESHOLDS
12712,00-0040201,STABLE_CROSSWALK,DB,4,0.65065513461512148,5,Every-Down,4,6,20,B41F_FROZEN_MODEL_CURRENT_2026_COMPLETED_WEEKS,NOT_CALIBRATED_B42_DOES_NOT_INVENT_CONFIDENCE_THRESHOLDS
11662,00-0039888,STABLE_CROSSWALK,DB,4,0.64626260250581902,4,Starter,4,6,20,B41F_FROZEN_MODEL_CURRENT_2026_COMPLETED_WEEKS,NOT_CALIBRATED_B42_DOES_NOT_INVENT_CONFIDENCE_THRESHOLDS
8303,00-0038125,STABLE_CROSSWALK,DB,4,0.64474307309368595,4,Starter,4,6,20,B41F_FROZEN_MODEL_CURRENT_2026_COMPLETED_WEEKS,NOT_CALIBRATED_B42_DOES_NOT_INVENT_CONFIDENCE_THRESHOLDS
12657,00-0040195,STABLE_CROSSWALK,DB,4,0.64381607019724008,4,Starter,4,6,20,B41F_FROZEN_MODEL_CURRENT_2026_COMPLETED_WEEKS,NOT_CALIBRATED_B42_DOES_NOT_INVENT_CONFIDENCE_THRESHOLDS
12638,00-0040166,STABLE_CROSSWALK,DB,4,0.64189942790463916,4,Starter,4,6,20,B41F_FROZEN_MODEL_CURRENT_2026_COMPLETED_WEEKS,NOT_CALIBRATED_B42_DOES_NOT_INVENT_CONFIDENCE_THRESHOLDS
8389,00-0038101,STABLE_CROSSWALK,DB,4,0.63877765489838556,4,Starter,4,6,20,B41F_FROZEN_MODEL_CURRENT_2026_COMPLETED_WEEKS,NOT_CALIBRATED_B42_DOES_NOT_INVENT_CONFIDENCE_THRESHOLDS
4136,00-0033551,STABLE_CROSSWALK,DB,4,0.62954408731966638,4,Starter,4,6,20,B41F_FROZEN_MODEL_CURRENT_2026_COMPLETED_WEEKS,NOT_CALIBRATED_B42_DOES_NOT_INVENT_CONFIDENCE_THRESHOLDS
12132,00-0039772,STABLE_CROSSWALK,DB,4,0.62842085565575068,4,Starter,4,6,20,B41F_FROZEN_MODEL_CURRENT_2026_COMPLETED_WEEKS,NOT_CALIBRATED_B42_DOES_NOT_INVENT_CONFIDENCE_THRESHOLDS
7655,00-0036617,STABLE_CROSSWALK,DB,4,0.6277848908008079,4,Starter,4,6,20,B41F_FROZEN_MODEL_CURRENT_2026_COMPLETED_WEEKS,NOT_CALIBRATED_B42_DOES_NOT_INVENT_CONFIDENCE_THRESHOLDS
7069,00-0036380,STABLE_CROSSWALK,DB,4,0.62498652961859891,4,Starter,4,6,20,B41F_FROZEN_MODEL_CURRENT_2026_COMPLETED_WEEKS,NOT_CALIBRATED_B42_DOES_NOT_INVENT_CONFIDENCE_THRESHOLDS
12673,00-0040182,STABLE_CROSSWALK,DB,4,0.62475369875491182,4,Starter,4,6,20,B41F_FROZEN_MODEL_CURRENT_2026_COMPLETED_WEEKS,NOT_CALIBRATED_B42_DOES_NOT_INVENT_CONFIDENCE_THRESHOLDS
5017,00-0034675,STABLE_CROSSWALK,DB,4,0.62219334563378503,4,Starter,4,6,20,B41F_FROZEN_MODEL_CURRENT_2026_COMPLETED_WEEKS,NOT_CALIBRATED_B42_DOES_NOT_INVENT_CONFIDENCE_THRESHOLDS
13454,00-0041391,STABLE_CROSSWALK,DB,4,0.61852515515645567,4,Starter,4,6,20,B41F_FROZEN_MODEL_CURRENT_2026_COMPLETED_WEEKS,NOT_CALIBRATED_B42_DOES_NOT_INVENT_CONFIDENCE_THRESHOLDS
11779,00-0039366,STABLE_CROSSWALK,DB,4,0.61050086043507024,4,Starter,4,6,20,B41F_FROZEN_MODEL_CURRENT_2026_COMPLETED_WEEKS,NOT_CALIBRATED_B42_DOES_NOT_INVENT_CONFIDENCE_THRESHOLDS
11728,00-0039825,STABLE_CROSSWALK,DB,4,0.60393775277736594,4,Starter,4,6,20,B41F_FROZEN_MODEL_CURRENT_2026_COMPLETED_WEEKS,NOT_CALIBRATED_B42_DOES_NOT_INVENT_CONFIDENCE_THRESHOLDS
6416,00-0035378,STABLE_CROSSWALK,DB,4,0.60237107277258972,4,Starter,4,6,20,B41F_FROZEN_MODEL_CURRENT_2026_COMPLETED_WEEKS,NOT_CALIBRATED_B42_DOES_NOT_INVENT_CONFIDENCE_THRESHOLDS
6301,00-0035669,STABLE_CROSSWALK,DB,4,0.60204698336009355,4,Starter,3,6,20,B41F_FROZEN_MODEL_CURRENT_2026_COMPLETED_WEEKS,NOT_CALIBRATED_B42_DOES_NOT_INVENT_CONFIDENCE_THRESHOLDS
4074,00-0033877,STABLE_CROSSWALK,DB,4,0.60085078301077155,4,Starter,2,6,20,B41F_FROZEN_MODEL_CURRENT_2026_COMPLETED_WEEKS,NOT_CALIBRATED_B42_DOES_NOT_INVENT_CONFIDENCE_THRESHOLDS
12619,00-0040643,STABLE_CROSSWALK,DB,4,0.59980124660218848,4,Starter,4,6,20,B41F_FROZEN_MODEL_CURRENT_2026_COMPLETED_WEEKS,NOT_CALIBRATED_B42_DOES_NOT_INVENT_CONFIDENCE_THRESHOLDS
13399,00-0041064,DOB_POSITION_OVERLAY,DB,4,0.59920713893889299,4,Starter,4,6,20,B41F_FROZEN_MODEL_CURRENT_2026_COMPLETED_WEEKS,NOT_CALIBRATED_B42_DOES_NOT_INVENT_CONFIDENCE_THRESHOLDS
7641,00-0036874,STABLE_CROSSWALK,DB,4,0.59918396082791925,4,Starter,4,6,20,B41F_FROZEN_MODEL_CURRENT_2026_COMPLETED_WEEKS,NOT_CALIBRATED_B42_DOES_NOT_INVENT_CONFIDENCE_THRESHOLDS
12596,00-0040709,STABLE_CROSSWALK,DB,4,0.59735181128550063,4,Starter,4,6,20,B41F_FROZEN_MODEL_CURRENT_2026_COMPLETED_WEEKS,NOT_CALIBRATED_B42_DOES_NOT_INVENT_CONFIDENCE_THRESHOLDS
1686,00-0030294,STABLE_CROSSWALK,DB,4,0.59603749952955776,4,Starter,4,6,20,B41F_FROZEN_MODEL_CURRENT_2026_COMPLETED_WEEKS,NOT_CALIBRATED_B42_DOES_NOT_INVENT_CONFIDENCE_THRESHOLDS
4238,00-0033579,STABLE_CROSSWALK,DB,4,0.59516953813528239,4,Starter,3,6,20,B41F_FROZEN_MODEL_CURRENT_2026_COMPLETED_WEEKS,NOT_CALIBRATED_B42_DOES_NOT_INVENT_CONFIDENCE_THRESHOLDS
8373,00-0037195,STABLE_CROSSWALK,DB,4,0.59407124237038456,4,Starter,3,6,20,B41F_FROZEN_MODEL_CURRENT_2026_COMPLETED_WEEKS,NOT_CALIBRATED_B42_DOES_NOT_INVENT_CONFIDENCE_THRESHOLDS
11836,00-0039417,STABLE_CROSSWALK,DB,4,0.59356643145830079,4,Starter,4,6,20,B41F_FROZEN_MODEL_CURRENT_2026_COMPLETED_WEEKS,NOT_CALIBRATED_B42_DOES_NOT_INVENT_CONFIDENCE_THRESHOLDS
6314,00-0035357,STABLE_CROSSWALK,DB,4,0.5926917761290692,4,Starter,3,6,20,B41F_FROZEN_MODEL_CURRENT_2026_COMPLETED_WEEKS,NOT_CALIBRATED_B42_DOES_NOT_INVENT_CONFIDENCE_THRESHOLDS
8294,00-0037193,STABLE_CROSSWALK,DB,4,0.58967545861700343,4,Starter,3,6,20,B41F_FROZEN_MODEL_CURRENT_2026_COMPLETED_WEEKS,NOT_CALIBRATED_B42_DOES_NOT_INVENT_CONFIDENCE_THRESHOLDS
7642,00-0036944,STABLE_CROSSWALK,DB,4,0.58613076138289211,4,Starter,3,6,20,B41F_FROZEN_MODEL_CURRENT_2026_COMPLETED_WEEKS,NOT_CALIBRATED_B42_DOES_NOT_INVENT_CONFIDENCE_THRESHOLDS
11700,00-0039821,STABLE_CROSSWALK,DB,4,0.58578708950200065,4,Starter,4,6,20,B41F_FROZEN_MODEL_CURRENT_2026_COMPLETED_WEEKS,NOT_CALIBRATED_B42_DOES_NOT_INVENT_CONFIDENCE_THRESHOLDS
5361,00-0034377,STABLE_CROSSWALK,DB,4,0.58439343041214642,4,Starter,2,6,20,B41F_FROZEN_MODEL_CURRENT_2026_COMPLETED_WEEKS,NOT_CALIBRATED_B42_DOES_NOT_INVENT_CONFIDENCE_THRESHOLDS
11693,00-0039807,STABLE_CROSSWALK,DB,4,0.58416271781567242,4,Starter,4,6,20,B41F_FROZEN_MODEL_CURRENT_2026_COMPLETED_WEEKS,NOT_CALIBRATED_B42_DOES_NOT_INVENT_CONFIDENCE_THRESHOLDS
7058,00-0036302,STABLE_CROSSWALK,DB,4,0.58120533019326837,4,Starter,4,6,20,B41F_FROZEN_MODEL_CURRENT_2026_COMPLETED_WEEKS,NOT_CALIBRATED_B42_DOES_NOT_INVENT_CONFIDENCE_THRESHOLDS
7698,00-0036941,STABLE_CROSSWALK,DB,4,0.58065171929663673,4,Starter,4,6,20,B41F_FROZEN_MODEL_CURRENT_2026_COMPLETED_WEEKS,NOT_CALIBRATED_B42_DOES_NOT_INVENT_CONFIDENCE_THRESHOLDS
12675,00-0040178,STABLE_CROSSWALK,DB,4,0.58056701683472833,4,Starter,4,6,20,B41F_FROZEN_MODEL_CURRENT_2026_COMPLETED_WEEKS,NOT_CALIBRATED_B42_DOES_NOT_INVENT_CONFIDENCE_THRESHOLDS
6711,00-0035705,STABLE_CROSSWALK,DB,4,0.58027349051617039,4,Starter,3,6,20,B41F_FROZEN_MODEL_CURRENT_2026_COMPLETED_WEEKS,NOT_CALIBRATED_B42_DOES_NOT_INVENT_CONFIDENCE_THRESHOLDS
13384,00-0041043,DOB_POSITION_OVERLAY,DB,4,0.5751602980604763,4,Starter,4,6,20,B41F_FROZEN_MODEL_CURRENT_2026_COMPLETED_WEEKS,NOT_CALIBRATED_B42_DOES_NOT_INVENT_CONFIDENCE_THRESHOLDS
4071,00-0033281,STABLE_CROSSWALK,DB,4,0.57361834177008109,4,Starter,4,6,20,B41F_FROZEN_MODEL_CURRENT_2026_COMPLETED_WEEKS,NOT_CALIBRATED_B42_DOES_NOT_INVENT_CONFIDENCE_THRESHOLDS
12631,00-0040152,STABLE_CROSSWALK,DB,4,0.57228097048050786,4,Starter,4,6,20,B41F_FROZEN_MODEL_CURRENT_2026_COMPLETED_WEEKS,NOT_CALIBRATED_B42_DOES_NOT_INVENT_CONFIDENCE_THRESHOLDS
7682,00-0036992,STABLE_CROSSWALK,DB,4,0.57210669551076954,4,Starter,2,6,20,B41F_FROZEN_MODEL_CURRENT_2026_COMPLETED_WEEKS,NOT_CALIBRATED_B42_DOES_NOT_INVENT_CONFIDENCE_THRESHOLDS
10903,00-0039149,STABLE_CROSSWALK,DB,4,0.57200419152656667,4,Starter,4,6,20,B41F_FROZEN_MODEL_CURRENT_2026_COMPLETED_WEEKS,NOT_CALIBRATED_B42_DOES_NOT_INVENT_CONFIDENCE_THRESHOLDS
13522,00-0041076,DOB_POSITION_OVERLAY,DB,4,0.56371647843812189,4,Starter,3,6,20,B41F_FROZEN_MODEL_CURRENT_2026_COMPLETED_WEEKS,NOT_CALIBRATED_B42_DOES_NOT_INVENT_CONFIDENCE_THRESHOLDS
10906,00-0039156,STABLE_CROSSWALK,DB,4,0.55866581878794552,4,Starter,4,6,20,B41F_FROZEN_MODEL_CURRENT_2026_COMPLETED_WEEKS,NOT_CALIBRATED_B42_DOES_NOT_INVENT_CONFIDENCE_THRESHOLDS
5946,00-0035699,STABLE_CROSSWALK,DB,4,0.55307359162100977,4,Starter,4,6,20,B41F_FROZEN_MODEL_CURRENT_2026_COMPLETED_WEEKS,NOT_CALIBRATED_B42_DOES_NOT_INVENT_CONFIDENCE_THRESHOLDS
12647,00-0040156,STABLE_CROSSWALK,DB,4,0.55239831290086672,4,Starter,2,6,20,B41F_FROZEN_MODEL_CURRENT_2026_COMPLETED_WEEKS,NOT_CALIBRATED_B42_DOES_NOT_INVENT_CONFIDENCE_THRESHOLDS
8381,00-0037839,STABLE_CROSSWALK,DB,4,0.54879385515083101,4,Starter,2,6,20,B41F_FROZEN_MODEL_CURRENT_2026_COMPLETED_WEEKS,NOT_CALIBRATED_B42_DOES_NOT_INVENT_CONFIDENCE_THRESHOLDS
12137,00-0039770,STABLE_CROSSWALK,DB,4,0.54440781423959195,4,Starter,4,6,20,B41F_FROZEN_MODEL_CURRENT_2026_COMPLETED_WEEKS,NOT_CALIBRATED_B42_DOES_NOT_INVENT_CONFIDENCE_THRESHOLDS
11872,00-0039660,STABLE_CROSSWALK,DB,4,0.54243915673302645,4,Starter,2,6,20,B41F_FROZEN_MODEL_CURRENT_2026_COMPLETED_WEEKS,NOT_CALIBRATED_B42_DOES_NOT_INVENT_CONFIDENCE_THRESHOLDS
11689,00-0039862,STABLE_CROSSWALK,DB,4,0.54199030234652701,4,Starter,2,6,20,B41F_FROZEN_MODEL_CURRENT_2026_COMPLETED_WEEKS,NOT_CALIBRATED_B42_DOES_NOT_INVENT_CONFIDENCE_THRESHOLDS
7835,00-0036501,STABLE_CROSSWALK,DB,4,0.53840729197213855,4,Starter,4,6,20,B41F_FROZEN_MODEL_CURRENT_2026_COMPLETED_WEEKS,NOT_CALIBRATED_B42_DOES_NOT_INVENT_CONFIDENCE_THRESHOLDS
6284,00-0034993,STABLE_CROSSWALK,DB,4,0.53569476054596032,4,Starter,3,6,20,B41F_FROZEN_MODEL_CURRENT_2026_COMPLETED_WEEKS,NOT_CALIBRATED_B42_DOES_NOT_INVENT_CONFIDENCE_THRESHOLDS
8305,00-0037313,STABLE_CROSSWALK,DB,4,0.53174241009706091,3,Rotational,3,6,20,B41F_FROZEN_MODEL_CURRENT_2026_COMPLETED_WEEKS,NOT_CALIBRATED_B42_DOES_NOT_INVENT_CONFIDENCE_THRESHOLDS
3268,00-0033038,STABLE_CROSSWALK,DB,4,0.53078233232034255,3,Rotational,4,6,20,B41F_FROZEN_MODEL_CURRENT_2026_COMPLETED_WEEKS,NOT_CALIBRATED_B42_DOES_NOT_INVENT_CONFIDENCE_THRESHOLDS
12611,00-0040159,STABLE_CROSSWALK,DB,4,0.52772318675620966,3,Rotational,4,6,20,B41F_FROZEN_MODEL_CURRENT_2026_COMPLETED_WEEKS,NOT_CALIBRATED_B42_DOES_NOT_INVENT_CONFIDENCE_THRESHOLDS
5222,00-0034446,STABLE_CROSSWALK,DB,4,0.52699056524168719,3,Rotational,3,6,20,B41F_FROZEN_MODEL_CURRENT_2026_COMPLETED_WEEKS,NOT_CALIBRATED_B42_DOES_NOT_INVENT_CONFIDENCE_THRESHOLDS
13382,00-0041057,DOB_POSITION_OVERLAY,DB,4,0.52399295463935747,3,Rotational,4,6,20,B41F_FROZEN_MODEL_CURRENT_2026_COMPLETED_WEEKS,NOT_CALIBRATED_B42_DOES_NOT_INVENT_CONFIDENCE_THRESHOLDS
8104,00-0037034,STABLE_CROSSWALK,DB,4,0.52163386339978279,3,Rotational,4,6,20,B41F_FROZEN_MODEL_CURRENT_2026_COMPLETED_WEEKS,NOT_CALIBRATED_B42_DOES_NOT_INVENT_CONFIDENCE_THRESHOLDS
6829,00-0036416,STABLE_CROSSWALK,DB,4,0.51697499932050484,3,Rotational,3,6,20,B41F_FROZEN_MODEL_CURRENT_2026_COMPLETED_WEEKS,NOT_CALIBRATED_B42_DOES_NOT_INVENT_CONFIDENCE_THRESHOLDS
11753,00-0039795,STABLE_CROSSWALK,DB,4,0.5160971742341478,3,Rotational,4,6,20,B41F_FROZEN_MODEL_CURRENT_2026_COMPLETED_WEEKS,NOT_CALIBRATED_B42_DOES_NOT_INVENT_CONFIDENCE_THRESHOLDS
13576,00-0041401,DOB_POSITION_OVERLAY,DB,4,0.50738132591693808,3,Rotational,4,6,20,B41F_FROZEN_MODEL_CURRENT_2026_COMPLETED_WEEKS,NOT_CALIBRATED_B42_DOES_NOT_INVENT_CONFIDENCE_THRESHOLDS
12576,00-0040747,STABLE_CROSSWALK,DB,4,0.50721939150928519,3,Rotational,3,6,20,B41F_FROZEN_MODEL_CURRENT_2026_COMPLETED_WEEKS,NOT_CALIBRATED_B42_DOES_NOT_INVENT_CONFIDENCE_THRESHOLDS
13470,00-0041393,STABLE_CROSSWALK,DB,4,0.50148383691998788,3,Rotational,4,6,20,B41F_FROZEN_MODEL_CURRENT_2026_COMPLETED_WEEKS,NOT_CALIBRATED_B42_DOES_NOT_INVENT_CONFIDENCE_THRESHOLDS
4107,00-0033548,STABLE_CROSSWALK,DB,4,0.49863616321177001,3,Rotational,4,6,20,B41F_FROZEN_MODEL_CURRENT_2026_COMPLETED_WEEKS,NOT_CALIBRATED_B42_DOES_NOT_INVENT_CONFIDENCE_THRESHOLDS
1213,00-0029606,STABLE_CROSSWALK,DB,4,0.49557727099718452,3,Rotational,4,6,20,B41F_FROZEN_MODEL_CURRENT_2026_COMPLETED_WEEKS,NOT_CALIBRATED_B42_DOES_NOT_INVENT_CONFIDENCE_THRESHOLDS
12037,00-0039465,STABLE_CROSSWALK,DB,4,0.49101893725131746,3,Rotational,2,6,20,B41F_FROZEN_MODEL_CURRENT_2026_COMPLETED_WEEKS,NOT_CALIBRATED_B42_DOES_NOT_INVENT_CONFIDENCE_THRESHOLDS
8496,00-0037301,STABLE_CROSSWALK,DB,4,0.49003107798916495,3,Rotational,4,6,20,B41F_FROZEN_MODEL_CURRENT_2026_COMPLETED_WEEKS,NOT_CALIBRATED_B42_DOES_NOT_INVENT_CONFIDENCE_THRESHOLDS
10932,00-0039007,STABLE_CROSSWALK,DB,4,0.48912946550017283,3,Rotational,2,6,20,B41F_FROZEN_MODEL_CURRENT_2026_COMPLETED_WEEKS,NOT_CALIBRATED_B42_DOES_NOT_INVENT_CONFIDENCE_THRESHOLDS
7419,00-0035795,STABLE_CROSSWALK,DB,4,0.48355812504700402,3,Rotational,4,6,20,B41F_FROZEN_MODEL_CURRENT_2026_COMPLETED_WEEKS,NOT_CALIBRATED_B42_DOES_NOT_INVENT_CONFIDENCE_THRESHOLDS
13672,00-0041370,DOB_POSITION_OVERLAY,DB,4,0.48005361823057624,3,Rotational,4,6,20,B41F_FROZEN_MODEL_CURRENT_2026_COMPLETED_WEEKS,NOT_CALIBRATED_B42_DOES_NOT_INVENT_CONFIDENCE_THRESHOLDS
6872,00-0036231,STABLE_CROSSWALK,DB,4,0.47970475943471003,3,Rotational,3,6,20,B41F_FROZEN_MODEL_CURRENT_2026_COMPLETED_WEEKS,NOT_CALIBRATED_B42_DOES_NOT_INVENT_CONFIDENCE_THRESHOLDS
13514,00-0040885,STABLE_CROSSWALK,DB,4,0.47480723718483109,3,Rotational,3,6,20,B41F_FROZEN_MODEL_CURRENT_2026_COMPLETED_WEEKS,NOT_CALIBRATED_B42_DOES_NOT_INVENT_CONFIDENCE_THRESHOLDS
13360,00-0041471,DOB_POSITION_OVERLAY,DB,4,0.46931053301170844,3,Rotational,4,6,20,B41F_FROZEN_MODEL_CURRENT_2026_COMPLETED_WEEKS,NOT_CALIBRATED_B42_DOES_NOT_INVENT_CONFIDENCE_THRESHOLDS
12702,00-0040213,STABLE_CROSSWALK,DB,4,0.46922145698363443,3,Rotational,4,6,20,B41F_FROZEN_MODEL_CURRENT_2026_COMPLETED_WEEKS,NOT_CALIBRATED_B42_DOES_NOT_INVENT_CONFIDENCE_THRESHOLDS
12557,00-0040720,STABLE_CROSSWALK,DB,4,0.46670101390148722,3,Rotational,4,6,20,B41F_FROZEN_MODEL_CURRENT_2026_COMPLETED_WEEKS,NOT_CALIBRATED_B42_DOES_NOT_INVENT_CONFIDENCE_THRESHOLDS
4180,00-0033941,STABLE_CROSSWALK,DB,4,0.46430958328150224,3,Rotational,4,6,20,B41F_FROZEN_MODEL_CURRENT_2026_COMPLETED_WEEKS,NOT_CALIBRATED_B42_DOES_NOT_INVENT_CONFIDENCE_THRESHOLDS
5051,00-0034356,STABLE_CROSSWALK,DB,4,0.46307337193360742,2,Understudy,4,6,20,B41F_FROZEN_MODEL_CURRENT_2026_COMPLETED_WEEKS,NOT_CALIBRATED_B42_DOES_NOT_INVENT_CONFIDENCE_THRESHOLDS
6025,00-0035277,STABLE_CROSSWALK,DB,4,0.463021388517177,2,Understudy,3,6,20,B41F_FROZEN_MODEL_CURRENT_2026_COMPLETED_WEEKS,NOT_CALIBRATED_B42_DOES_NOT_INVENT_CONFIDENCE_THRESHOLDS
8752,00-0037384,STABLE_CROSSWALK,DB,4,0.46301673653097675,2,Understudy,4,6,20,B41F_FROZEN_MODEL_CURRENT_2026_COMPLETED_WEEKS,NOT_CALIBRATED_B42_DOES_NOT_INVENT_CONFIDENCE_THRESHOLDS
8000,00-0036677,STABLE_CROSSWALK,DB,4,0.46254565748261645,2,Understudy,4,6,20,B41F_FROZEN_MODEL_CURRENT_2026_COMPLETED_WEEKS,NOT_CALIBRATED_B42_DOES_NOT_INVENT_CONFIDENCE_THRESHOLDS
12694,00-0040221,STABLE_CROSSWALK,DB,4,0.46077538532806089,2,Understudy,3,6,20,B41F_FROZEN_MODEL_CURRENT_2026_COMPLETED_WEEKS,NOT_CALIBRATED_B42_DOES_NOT_INVENT_CONFIDENCE_THRESHOLDS
6836,00-0036285,STABLE_CROSSWALK,DB,4,0.4585199912874261,2,Understudy,2,6,20,B41F_FROZEN_MODEL_CURRENT_2026_COMPLETED_WEEKS,NOT_CALIBRATED_B42_DOES_NOT_INVENT_CONFIDENCE_THRESHOLDS
10919,00-0039002,STABLE_CROSSWALK,DB,4,0.45322945190145991,2,Understudy,4,6,20,B41F_FROZEN_MODEL_CURRENT_2026_COMPLETED_WEEKS,NOT_CALIBRATED_B42_DOES_NOT_INVENT_CONFIDENCE_THRESHOLDS
8399,00-0037561,STABLE_CROSSWALK,DB,4,0.45297319737926534,2,Understudy,4,6,20,B41F_FROZEN_MODEL_CURRENT_2026_COMPLETED_WEEKS,NOT_CALIBRATED_B42_DOES_NOT_INVENT_CONFIDENCE_THRESHOLDS
8510,00-0037844,STABLE_CROSSWALK,DB,4,0.45180518822968119,2,Understudy,1,6,20,B41F_FROZEN_MODEL_CURRENT_2026_COMPLETED_WEEKS,NOT_CALIBRATED_B42_DOES_NOT_INVENT_CONFIDENCE_THRESHOLDS
11032,00-0038642,STABLE_CROSSWALK,DB,4,0.45069954250965938,2,Understudy,4,6,20,B41F_FROZEN_MODEL_CURRENT_2026_COMPLETED_WEEKS,NOT_CALIBRATED_B42_DOES_NOT_INVENT_CONFIDENCE_THRESHOLDS
11766,00-0039372,STABLE_CROSSWALK,DB,4,0.44599966386067247,2,Understudy,4,6,20,B41F_FROZEN_MODEL_CURRENT_2026_COMPLETED_WEEKS,NOT_CALIBRATED_B42_DOES_NOT_INVENT_CONFIDENCE_THRESHOLDS
12559,00-0040008,STABLE_CROSSWALK,DB,4,0.44337155816823487,2,Understudy,4,6,20,B41F_FROZEN_MODEL_CURRENT_2026_COMPLETED_WEEKS,NOT_CALIBRATED_B42_DOES_NOT_INVENT_CONFIDENCE_THRESHOLDS
10918,00-0038565,STABLE_CROSSWALK,DB,4,0.44029012827588848,2,Understudy,4,6,20,B41F_FROZEN_MODEL_CURRENT_2026_COMPLETED_WEEKS,NOT_CALIBRATED_B42_DOES_NOT_INVENT_CONFIDENCE_THRESHOLDS
7816,00-0036502,STABLE_CROSSWALK,DB,4,0.43854201048121699,2,Understudy,2,6,20,B41F_FROZEN_MODEL_CURRENT_2026_COMPLETED_WEEKS,NOT_CALIBRATED_B42_DOES_NOT_INVENT_CONFIDENCE_THRESHOLDS
11676,00-0039898,STABLE_CROSSWALK,DB,4,0.43699657076914677,2,Understudy,4,6,20,B41F_FROZEN_MODEL_CURRENT_2026_COMPLETED_WEEKS,NOT_CALIBRATED_B42_DOES_NOT_INVENT_CONFIDENCE_THRESHOLDS
6928,00-0036307,STABLE_CROSSWALK,DB,4,0.43087953595656858,2,Understudy,1,6,20,B41F_FROZEN_MODEL_CURRENT_2026_COMPLETED_WEEKS,NOT_CALIBRATED_B42_DOES_NOT_INVENT_CONFIDENCE_THRESHOLDS
3415,00-0032580,STABLE_CROSSWALK,DB,4,0.43060679653431805,2,Understudy,4,6,20,B41F_FROZEN_MODEL_CURRENT_2026_COMPLETED_WEEKS,NOT_CALIBRATED_B42_DOES_NOT_INVENT_CONFIDENCE_THRESHOLDS
8261,00-0038039,STABLE_CROSSWALK,DB,4,0.42409985772228387,2,Understudy,4,6,20,B41F_FROZEN_MODEL_CURRENT_2026_COMPLETED_WEEKS,NOT_CALIBRATED_B42_DOES_NOT_INVENT_CONFIDENCE_THRESHOLDS
12058,00-0039632,STABLE_CROSSWALK,DB,4,0.42401846350459438,2,Understudy,4,6,20,B41F_FROZEN_MODEL_CURRENT_2026_COMPLETED_WEEKS,NOT_CALIBRATED_B42_DOES_NOT_INVENT_CONFIDENCE_THRESHOLDS
13469,00-0041464,STABLE_CROSSWALK,DB,4,0.42301756672225754,2,Understudy,4,6,20,B41F_FROZEN_MODEL_CURRENT_2026_COMPLETED_WEEKS,NOT_CALIBRATED_B42_DOES_NOT_INVENT_CONFIDENCE_THRESHOLDS
11731,00-0039360,STABLE_CROSSWALK,DB,4,0.41989819960671593,2,Understudy,4,6,20,B41F_FROZEN_MODEL_CURRENT_2026_COMPLETED_WEEKS,NOT_CALIBRATED_B42_DOES_NOT_INVENT_CONFIDENCE_THRESHOLDS
6128,00-0035637,STABLE_CROSSWALK,DB,4,0.41460553132266442,2,Understudy,4,6,20,B41F_FROZEN_MODEL_CURRENT_2026_COMPLETED_WEEKS,NOT_CALIBRATED_B42_DOES_NOT_INVENT_CONFIDENCE_THRESHOLDS
10882,00-0039151,STABLE_CROSSWALK,DB,4,0.40845602248301632,2,Understudy,4,6,20,B41F_FROZEN_MODEL_CURRENT_2026_COMPLETED_WEEKS,NOT_CALIBRATED_B42_DOES_NOT_INVENT_CONFIDENCE_THRESHOLDS
13389,00-0041469,DOB_POSITION_OVERLAY,DB,4,0.40460018471839271,2,Understudy,4,6,20,B41F_FROZEN_MODEL_CURRENT_2026_COMPLETED_WEEKS,NOT_CALIBRATED_B42_DOES_NOT_INVENT_CONFIDENCE_THRESHOLDS
7669,00-0036937,STABLE_CROSSWALK,DB,4,0.40208361016527461,2,Understudy,1,6,20,B41F_FROZEN_MODEL_CURRENT_2026_COMPLETED_WEEKS,NOT_CALIBRATED_B42_DOES_NOT_INVENT_CONFIDENCE_THRESHOLDS
12661,00-0040192,STABLE_CROSSWALK,DB,4,0.39949917625262077,2,Understudy,2,6,20,B41F_FROZEN_MODEL_CURRENT_2026_COMPLETED_WEEKS,NOT_CALIBRATED_B42_DOES_NOT_INVENT_CONFIDENCE_THRESHOLDS
11765,00-0039371,STABLE_CROSSWALK,DB,4,0.39931863201461443,2,Understudy,4,6,20,B41F_FROZEN_MODEL_CURRENT_2026_COMPLETED_WEEKS,NOT_CALIBRATED_B42_DOES_NOT_INVENT_CONFIDENCE_THRESHOLDS
7787,00-0036888,STABLE_CROSSWALK,DB,4,0.39715069793199442,2,Understudy,4,6,20,B41F_FROZEN_MODEL_CURRENT_2026_COMPLETED_WEEKS,NOT_CALIBRATED_B42_DOES_NOT_INVENT_CONFIDENCE_THRESHOLDS
12183,00-0039324,STABLE_CROSSWALK,DB,4,0.3962313050962587,2,Understudy,4,6,20,B41F_FROZEN_MODEL_CURRENT_2026_COMPLETED_WEEKS,NOT_CALIBRATED_B42_DOES_NOT_INVENT_CONFIDENCE_THRESHOLDS
12142,00-0039776,STABLE_CROSSWALK,DB,4,0.39040511842324443,2,Understudy,4,6,20,B41F_FROZEN_MODEL_CURRENT_2026_COMPLETED_WEEKS,NOT_CALIBRATED_B42_DOES_NOT_INVENT_CONFIDENCE_THRESHOLDS
12584,00-0040641,STABLE_CROSSWALK,DB,4,0.38811574541498939,2,Understudy,3,6,20,B41F_FROZEN_MODEL_CURRENT_2026_COMPLETED_WEEKS,NOT_CALIBRATED_B42_DOES_NOT_INVENT_CONFIDENCE_THRESHOLDS
12723,00-0040235,STABLE_CROSSWALK,DB,4,0.3880345774517811,2,Understudy,4,6,20,B41F_FROZEN_MODEL_CURRENT_2026_COMPLETED_WEEKS,NOT_CALIBRATED_B42_DOES_NOT_INVENT_CONFIDENCE_THRESHOLDS
6419,00-0035227,STABLE_CROSSWALK,DB,4,0.37806783211268213,2,Understudy,2,6,20,B41F_FROZEN_MODEL_CURRENT_2026_COMPLETED_WEEKS,NOT_CALIBRATED_B42_DOES_NOT_INVENT_CONFIDENCE_THRESHOLDS
11006,00-0038624,STABLE_CROSSWALK,DB,4,0.37787593226318006,2,Understudy,4,6,20,B41F_FROZEN_MODEL_CURRENT_2026_COMPLETED_WEEKS,NOT_CALIBRATED_B42_DOES_NOT_INVENT_CONFIDENCE_THRESHOLDS
13367,00-0041462,DOB_POSITION_OVERLAY,DB,4,0.37786534372893293,2,Understudy,4,6,20,B41F_FROZEN_MODEL_CURRENT_2026_COMPLETED_WEEKS,NOT_CALIBRATED_B42_DOES_NOT_INVENT_CONFIDENCE_THRESHOLDS
11769,00-0039387,STABLE_CROSSWALK,DB,4,0.37698426926272366,2,Understudy,1,6,20,B41F_FROZEN_MODEL_CURRENT_2026_COMPLETED_WEEKS,NOT_CALIBRATED_B42_DOES_NOT_INVENT_CONFIDENCE_THRESHOLDS
8394,00-0038100,STABLE_CROSSWALK,DB,4,0.37631886553903804,2,Understudy,4,6,20,B41F_FROZEN_MODEL_CURRENT_2026_COMPLETED_WEEKS,NOT_CALIBRATED_B42_DOES_NOT_INVENT_CONFIDENCE_THRESHOLDS
8838,00-0037512,STABLE_CROSSWALK,DB,4,0.37491061648113827,2,Understudy,4,6,20,B41F_FROZEN_MODEL_CURRENT_2026_COMPLETED_WEEKS,NOT_CALIBRATED_B42_DOES_NOT_INVENT_CONFIDENCE_THRESHOLDS
8341,00-0037753,STABLE_CROSSWALK,DB,4,0.37490375459563713,2,Understudy,3,6,20,B41F_FROZEN_MODEL_CURRENT_2026_COMPLETED_WEEKS,NOT_CALIBRATED_B42_DOES_NOT_INVENT_CONFIDENCE_THRESHOLDS
11050,00-0038628,STABLE_CROSSWALK,DB,4,0.37214383638855153,2,Understudy,4,6,20,B41F_FROZEN_MODEL_CURRENT_2026_COMPLETED_WEEKS,NOT_CALIBRATED_B42_DOES_NOT_INVENT_CONFIDENCE_THRESHOLDS
4126,00-0033918,STABLE_CROSSWALK,DB,4,0.37168892962485767,2,Understudy,4,6,20,B41F_FROZEN_MODEL_CURRENT_2026_COMPLETED_WEEKS,NOT_CALIBRATED_B42_DOES_NOT_INVENT_CONFIDENCE_THRESHOLDS
13633,00-0041381,STABLE_CROSSWALK,DB,4,0.36985496317508565,2,Understudy,4,6,20,B41F_FROZEN_MODEL_CURRENT_2026_COMPLETED_WEEKS,NOT_CALIBRATED_B42_DOES_NOT_INVENT_CONFIDENCE_THRESHOLDS
13386,00-0041038,DOB_POSITION_OVERLAY,DB,4,0.36914147012413617,2,Understudy,2,6,20,B41F_FROZEN_MODEL_CURRENT_2026_COMPLETED_WEEKS,NOT_CALIBRATED_B42_DOES_NOT_INVENT_CONFIDENCE_THRESHOLDS
12736,00-0040230,STABLE_CROSSWALK,DB,4,0.36258062186219397,2,Understudy,1,6,20,B41F_FROZEN_MODEL_CURRENT_2026_COMPLETED_WEEKS,NOT_CALIBRATED_B42_DOES_NOT_INVENT_CONFIDENCE_THRESHOLDS
10913,00-0039167,STABLE_CROSSWALK,DB,4,0.36075033549740115,2,Understudy,1,6,20,B41F_FROZEN_MODEL_CURRENT_2026_COMPLETED_WEEKS,NOT_CALIBRATED_B42_DOES_NOT_INVENT_CONFIDENCE_THRESHOLDS
12855,00-0040045,STABLE_CROSSWALK,DB,4,0.36021637505436527,2,Understudy,4,6,20,B41F_FROZEN_MODEL_CURRENT_2026_COMPLETED_WEEKS,NOT_CALIBRATED_B42_DOES_NOT_INVENT_CONFIDENCE_THRESHOLDS
11014,00-0038984,STABLE_CROSSWALK,DB,4,0.35982282727482529,2,Understudy,4,6,20,B41F_FROZEN_MODEL_CURRENT_2026_COMPLETED_WEEKS,NOT_CALIBRATED_B42_DOES_NOT_INVENT_CONFIDENCE_THRESHOLDS
7970,00-0036587,STABLE_CROSSWALK,DB,4,0.35851606570255629,2,Understudy,3,6,20,B41F_FROZEN_MODEL_CURRENT_2026_COMPLETED_WEEKS,NOT_CALIBRATED_B42_DOES_NOT_INVENT_CONFIDENCE_THRESHOLDS
13406,00-0041466,DOB_POSITION_OVERLAY,DB,4,0.3584327909516809,2,Understudy,4,6,20,B41F_FROZEN_MODEL_CURRENT_2026_COMPLETED_WEEKS,NOT_CALIBRATED_B42_DOES_NOT_INVENT_CONFIDENCE_THRESHOLDS
11771,00-0039380,STABLE_CROSSWALK,DB,4,0.35534875445913316,2,Understudy,3,6,20,B41F_FROZEN_MODEL_CURRENT_2026_COMPLETED_WEEKS,NOT_CALIBRATED_B42_DOES_NOT_INVENT_CONFIDENCE_THRESHOLDS
12730,00-0040020,STABLE_CROSSWALK,DB,4,0.35291784446255214,2,Understudy,4,6,20,B41F_FROZEN_MODEL_CURRENT_2026_COMPLETED_WEEKS,NOT_CALIBRATED_B42_DOES_NOT_INVENT_CONFIDENCE_THRESHOLDS
12710,00-0040204,STABLE_CROSSWALK,DB,4,0.34970387168937056,2,Understudy,4,6,20,B41F_FROZEN_MODEL_CURRENT_2026_COMPLETED_WEEKS,NOT_CALIBRATED_B42_DOES_NOT_INVENT_CONFIDENCE_THRESHOLDS
8860,00-0037155,STABLE_CROSSWALK,DB,4,0.3495466793837364,2,Understudy,4,6,20,B41F_FROZEN_MODEL_CURRENT_2026_COMPLETED_WEEKS,NOT_CALIBRATED_B42_DOES_NOT_INVENT_CONFIDENCE_THRESHOLDS
11042,00-0038408,STABLE_CROSSWALK,DB,4,0.34250155520601283,2,Understudy,3,6,20,B41F_FROZEN_MODEL_CURRENT_2026_COMPLETED_WEEKS,NOT_CALIBRATED_B42_DOES_NOT_INVENT_CONFIDENCE_THRESHOLDS
13793,00-0040957,DOB_POSITION_OVERLAY,DB,4,0.34175120896700173,2,Understudy,4,6,20,B41F_FROZEN_MODEL_CURRENT_2026_COMPLETED_WEEKS,NOT_CALIBRATED_B42_DOES_NOT_INVENT_CONFIDENCE_THRESHOLDS
3388,00-0032803,STABLE_CROSSWALK,DB,4,0.34003622446362969,2,Understudy,1,6,20,B41F_FROZEN_MODEL_CURRENT_2026_COMPLETED_WEEKS,NOT_CALIBRATED_B42_DOES_NOT_INVENT_CONFIDENCE_THRESHOLDS
12632,00-0040145,STABLE_CROSSWALK,DB,4,0.33812113135250677,1,Depth,4,6,20,B41F_FROZEN_MODEL_CURRENT_2026_COMPLETED_WEEKS,NOT_CALIBRATED_B42_DOES_NOT_INVENT_CONFIDENCE_THRESHOLDS
8509,00-0037096,STABLE_CROSSWALK,DB,4,0.33177907495104342,1,Depth,4,6,20,B41F_FROZEN_MODEL_CURRENT_2026_COMPLETED_WEEKS,NOT_CALIBRATED_B42_DOES_NOT_INVENT_CONFIDENCE_THRESHOLDS
6817,00-0036287,STABLE_CROSSWALK,DB,4,0.33058322556979602,1,Depth,2,6,20,B41F_FROZEN_MODEL_CURRENT_2026_COMPLETED_WEEKS,NOT_CALIBRATED_B42_DOES_NOT_INVENT_CONFIDENCE_THRESHOLDS
11121,00-0038866,STABLE_CROSSWALK,DB,4,0.32971540389459375,1,Depth,3,6,20,B41F_FROZEN_MODEL_CURRENT_2026_COMPLETED_WEEKS,NOT_CALIBRATED_B42_DOES_NOT_INVENT_CONFIDENCE_THRESHOLDS
12115,00-0039692,STABLE_CROSSWALK,DB,4,0.32192744948482438,1,Depth,2,6,20,B41F_FROZEN_MODEL_CURRENT_2026_COMPLETED_WEEKS,NOT_CALIBRATED_B42_DOES_NOT_INVENT_CONFIDENCE_THRESHOLDS
8390,00-0037250,STABLE_CROSSWALK,DB,4,0.31442895906084856,1,Depth,3,6,20,B41F_FROZEN_MODEL_CURRENT_2026_COMPLETED_WEEKS,NOT_CALIBRATED_B42_DOES_NOT_INVENT_CONFIDENCE_THRESHOLDS
13828,00-0041316,STABLE_CROSSWALK,DB,4,0.30906258760119365,1,Depth,3,6,20,B41F_FROZEN_MODEL_CURRENT_2026_COMPLETED_WEEKS,NOT_CALIBRATED_B42_DOES_NOT_INVENT_CONFIDENCE_THRESHOLDS
13397,00-0041445,DOB_POSITION_OVERLAY,DB,4,0.30841823749762631,1,Depth,3,6,20,B41F_FROZEN_MODEL_CURRENT_2026_COMPLETED_WEEKS,NOT_CALIBRATED_B42_DOES_NOT_INVENT_CONFIDENCE_THRESHOLDS
12678,00-0040071,STABLE_CROSSWALK,DB,4,0.30291811422407405,1,Depth,3,6,20,B41F_FROZEN_MODEL_CURRENT_2026_COMPLETED_WEEKS,NOT_CALIBRATED_B42_DOES_NOT_INVENT_CONFIDENCE_THRESHOLDS
5098,00-0034391,STABLE_CROSSWALK,DB,4,0.30264780425381133,1,Depth,4,6,20,B41F_FROZEN_MODEL_CURRENT_2026_COMPLETED_WEEKS,NOT_CALIBRATED_B42_DOES_NOT_INVENT_CONFIDENCE_THRESHOLDS
7796,00-0036504,STABLE_CROSSWALK,DB,4,0.30143881039252729,1,Depth,4,6,20,B41F_FROZEN_MODEL_CURRENT_2026_COMPLETED_WEEKS,NOT_CALIBRATED_B42_DOES_NOT_INVENT_CONFIDENCE_THRESHOLDS
13823,00-0040928,DOB_POSITION_OVERLAY,DB,4,0.29931682739030147,1,Depth,4,6,20,B41F_FROZEN_MODEL_CURRENT_2026_COMPLETED_WEEKS,NOT_CALIBRATED_B42_DOES_NOT_INVENT_CONFIDENCE_THRESHOLDS
10985,00-0038588,STABLE_CROSSWALK,DB,4,0.2948517832658889,1,Depth,4,6,20,B41F_FROZEN_MODEL_CURRENT_2026_COMPLETED_WEEKS,NOT_CALIBRATED_B42_DOES_NOT_INVENT_CONFIDENCE_THRESHOLDS
13368,00-0041563,DOB_POSITION_OVERLAY,DB,4,0.29415692559196027,1,Depth,3,6,20,B41F_FROZEN_MODEL_CURRENT_2026_COMPLETED_WEEKS,NOT_CALIBRATED_B42_DOES_NOT_INVENT_CONFIDENCE_THRESHOLDS
8004,00-0036683,STABLE_CROSSWALK,DB,4,0.29367573523387691,1,Depth,4,6,20,B41F_FROZEN_MODEL_CURRENT_2026_COMPLETED_WEEKS,NOT_CALIBRATED_B42_DOES_NOT_INVENT_CONFIDENCE_THRESHOLDS
6809,00-0036361,STABLE_CROSSWALK,DB,4,0.28956437251472977,1,Depth,1,6,20,B41F_FROZEN_MODEL_CURRENT_2026_COMPLETED_WEEKS,NOT_CALIBRATED_B42_DOES_NOT_INVENT_CONFIDENCE_THRESHOLDS
11018,00-0038616,STABLE_CROSSWALK,DB,4,0.28261458790802352,1,Depth,3,6,20,B41F_FROZEN_MODEL_CURRENT_2026_COMPLETED_WEEKS,NOT_CALIBRATED_B42_DOES_NOT_INVENT_CONFIDENCE_THRESHOLDS
8519,00-0037320,STABLE_CROSSWALK,DB,4,0.28039946047688907,1,Depth,2,6,20,B41F_FROZEN_MODEL_CURRENT_2026_COMPLETED_WEEKS,NOT_CALIBRATED_B42_DOES_NOT_INVENT_CONFIDENCE_THRESHOLDS
13156,00-0040104,DOB_POSITION_OVERLAY,DB,4,0.27785328108564578,1,Depth,4,6,20,B41F_FROZEN_MODEL_CURRENT_2026_COMPLETED_WEEKS,NOT_CALIBRATED_B42_DOES_NOT_INVENT_CONFIDENCE_THRESHOLDS
12942,00-0040507,STABLE_CROSSWALK,DB,4,0.27488985238770552,1,Depth,1,6,20,B41F_FROZEN_MODEL_CURRENT_2026_COMPLETED_WEEKS,NOT_CALIBRATED_B42_DOES_NOT_INVENT_CONFIDENCE_THRESHOLDS
8532,00-0037493,STABLE_CROSSWALK,DB,4,0.27457600373290725,1,Depth,2,6,20,B41F_FROZEN_MODEL_CURRENT_2026_COMPLETED_WEEKS,NOT_CALIBRATED_B42_DOES_NOT_INVENT_CONFIDENCE_THRESHOLDS
13618,00-0041354,DOB_POSITION_OVERLAY,DB,4,0.27389722756577756,1,Depth,4,6,20,B41F_FROZEN_MODEL_CURRENT_2026_COMPLETED_WEEKS,NOT_CALIBRATED_B42_DOES_NOT_INVENT_CONFIDENCE_THRESHOLDS
13172,00-0040636,STABLE_CROSSWALK,DB,4,0.27072889585522486,1,Depth,4,6,20,B41F_FROZEN_MODEL_CURRENT_2026_COMPLETED_WEEKS,NOT_CALIBRATED_B42_DOES_NOT_INVENT_CONFIDENCE_THRESHOLDS
12089,00-0039532,STABLE_CROSSWALK,DB,4,0.26931104679782691,1,Depth,4,6,20,B41F_FROZEN_MODEL_CURRENT_2026_COMPLETED_WEEKS,NOT_CALIBRATED_B42_DOES_NOT_INVENT_CONFIDENCE_THRESHOLDS
7200,00-0036124,STABLE_CROSSWALK,DB,4,0.26513967806699773,1,Depth,4,6,20,B41F_FROZEN_MODEL_CURRENT_2026_COMPLETED_WEEKS,NOT_CALIBRATED_B42_DOES_NOT_INVENT_CONFIDENCE_THRESHOLDS
11029,00-0038986,STABLE_CROSSWALK,DB,4,0.26445691713610253,1,Depth,3,6,20,B41F_FROZEN_MODEL_CURRENT_2026_COMPLETED_WEEKS,NOT_CALIBRATED_B42_DOES_NOT_INVENT_CONFIDENCE_THRESHOLDS
12626,00-0040149,STABLE_CROSSWALK,DB,4,0.2633080521503855,1,Depth,4,6,20,B41F_FROZEN_MODEL_CURRENT_2026_COMPLETED_WEEKS,NOT_CALIBRATED_B42_DOES_NOT_INVENT_CONFIDENCE_THRESHOLDS
11019,00-0038620,STABLE_CROSSWALK,DB,4,0.26058421637627927,1,Depth,4,6,20,B41F_FROZEN_MODEL_CURRENT_2026_COMPLETED_WEEKS,NOT_CALIBRATED_B42_DOES_NOT_INVENT_CONFIDENCE_THRESHOLDS
7680,00-0036993,STABLE_CROSSWALK,DB,4,0.26010508216809014,1,Depth,4,6,20,B41F_FROZEN_MODEL_CURRENT_2026_COMPLETED_WEEKS,NOT_CALIBRATED_B42_DOES_NOT_INVENT_CONFIDENCE_THRESHOLDS
11744,00-0039864,STABLE_CROSSWALK,DB,4,0.25719408730566806,1,Depth,1,6,20,B41F_FROZEN_MODEL_CURRENT_2026_COMPLETED_WEEKS,NOT_CALIBRATED_B42_DOES_NOT_INVENT_CONFIDENCE_THRESHOLDS
12916,00-0040336,DOB_POSITION_OVERLAY,DB,4,0.25719408730566806,1,Depth,1,6,20,B41F_FROZEN_MODEL_CURRENT_2026_COMPLETED_WEEKS,NOT_CALIBRATED_B42_DOES_NOT_INVENT_CONFIDENCE_THRESHOLDS
6947,00-0036395,STABLE_CROSSWALK,DB,4,0.25719408730566806,1,Depth,1,6,20,B41F_FROZEN_MODEL_CURRENT_2026_COMPLETED_WEEKS,NOT_CALIBRATED_B42_DOES_NOT_INVENT_CONFIDENCE_THRESHOLDS
13396,00-0040873,DOB_POSITION_OVERLAY,DB,4,0.25325474328360775,1,Depth,4,6,20,B41F_FROZEN_MODEL_CURRENT_2026_COMPLETED_WEEKS,NOT_CALIBRATED_B42_DOES_NOT_INVENT_CONFIDENCE_THRESHOLDS
13513,00-0041083,STABLE_CROSSWALK,DB,4,0.24744756004615737,1,Depth,3,6,20,B41F_FROZEN_MODEL_CURRENT_2026_COMPLETED_WEEKS,NOT_CALIBRATED_B42_DOES_NOT_INVENT_CONFIDENCE_THRESHOLDS
6781,00-0036356,STABLE_CROSSWALK,DB,4,0.24679563228159562,0,Speculative,4,6,20,B41F_FROZEN_MODEL_CURRENT_2026_COMPLETED_WEEKS,NOT_CALIBRATED_B42_DOES_NOT_INVENT_CONFIDENCE_THRESHOLDS
3272,00-0032399,STABLE_CROSSWALK,DB,4,0.24403512704182195,0,Speculative,4,6,20,B41F_FROZEN_MODEL_CURRENT_2026_COMPLETED_WEEKS,NOT_CALIBRATED_B42_DOES_NOT_INVENT_CONFIDENCE_THRESHOLDS
5520,00-0034485,STABLE_CROSSWALK,DB,4,0.24403512704182195,0,Speculative,4,6,20,B41F_FROZEN_MODEL_CURRENT_2026_COMPLETED_WEEKS,NOT_CALIBRATED_B42_DOES_NOT_INVENT_CONFIDENCE_THRESHOLDS
4427,00-0033393,STABLE_CROSSWALK,DB,4,0.24088577790051702,0,Speculative,1,6,20,B41F_FROZEN_MODEL_CURRENT_2026_COMPLETED_WEEKS,NOT_CALIBRATED_B42_DOES_NOT_INVENT_CONFIDENCE_THRESHOLDS
13500,00-0041497,STABLE_CROSSWALK,DB,4,0.23547178654465351,0,Speculative,3,6,20,B41F_FROZEN_MODEL_CURRENT_2026_COMPLETED_WEEKS,NOT_CALIBRATED_B42_DOES_NOT_INVENT_CONFIDENCE_THRESHOLDS
11755,00-0039789,STABLE_CROSSWALK,DB,4,0.22890656554796146,0,Speculative,4,6,20,B41F_FROZEN_MODEL_CURRENT_2026_COMPLETED_WEEKS,NOT_CALIBRATED_B42_DOES_NOT_INVENT_CONFIDENCE_THRESHOLDS
11830,00-0039239,STABLE_CROSSWALK,DB,4,0.22613855125941973,0,Speculative,4,6,20,B41F_FROZEN_MODEL_CURRENT_2026_COMPLETED_WEEKS,NOT_CALIBRATED_B42_DOES_NOT_INVENT_CONFIDENCE_THRESHOLDS
5691,00-0034639,STABLE_CROSSWALK,DB,4,0.22424034042504887,0,Speculative,4,6,20,B41F_FROZEN_MODEL_CURRENT_2026_COMPLETED_WEEKS,NOT_CALIBRATED_B42_DOES_NOT_INVENT_CONFIDENCE_THRESHOLDS
12639,00-0040165,STABLE_CROSSWALK,DB,4,0.22368429840128334,0,Speculative,4,6,20,B41F_FROZEN_MODEL_CURRENT_2026_COMPLETED_WEEKS,NOT_CALIBRATED_B42_DOES_NOT_INVENT_CONFIDENCE_THRESHOLDS
13510,00-0041088,DOB_POSITION_OVERLAY,DB,4,0.2195312213012085,0,Speculative,3,6,20,B41F_FROZEN_MODEL_CURRENT_2026_COMPLETED_WEEKS,NOT_CALIBRATED_B42_DOES_NOT_INVENT_CONFIDENCE_THRESHOLDS
10939,00-0038578,STABLE_CROSSWALK,DB,4,0.21429378022932349,0,Speculative,4,6,20,B41F_FROZEN_MODEL_CURRENT_2026_COMPLETED_WEEKS,NOT_CALIBRATED_B42_DOES_NOT_INVENT_CONFIDENCE_THRESHOLDS
7671,00-0036625,STABLE_CROSSWALK,DB,4,0.21252738033394408,0,Speculative,3,6,20,B41F_FROZEN_MODEL_CURRENT_2026_COMPLETED_WEEKS,NOT_CALIBRATED_B42_DOES_NOT_INVENT_CONFIDENCE_THRESHOLDS
11011,00-0038605,STABLE_CROSSWALK,DB,4,0.21178358579612144,0,Speculative,4,6,20,B41F_FROZEN_MODEL_CURRENT_2026_COMPLETED_WEEKS,NOT_CALIBRATED_B42_DOES_NOT_INVENT_CONFIDENCE_THRESHOLDS
10954,00-0038568,STABLE_CROSSWALK,DB,4,0.19085888377652044,0,Speculative,3,6,20,B41F_FROZEN_MODEL_CURRENT_2026_COMPLETED_WEEKS,NOT_CALIBRATED_B42_DOES_NOT_INVENT_CONFIDENCE_THRESHOLDS
10962,00-0039140,STABLE_CROSSWALK,DB,4,0.19085888377652044,0,Speculative,4,6,20,B41F_FROZEN_MODEL_CURRENT_2026_COMPLETED_WEEKS,NOT_CALIBRATED_B42_DOES_NOT_INVENT_CONFIDENCE_THRESHOLDS
10978,00-0038594,STABLE_CROSSWALK,DB,4,0.19085888377652044,0,Speculative,1,6,20,B41F_FROZEN_MODEL_CURRENT_2026_COMPLETED_WEEKS,NOT_CALIBRATED_B42_DOES_NOT_INVENT_CONFIDENCE_THRESHOLDS
10986,00-0038587,STABLE_CROSSWALK,DB,4,0.19085888377652044,0,Speculative,1,6,20,B41F_FROZEN_MODEL_CURRENT_2026_COMPLETED_WEEKS,NOT_CALIBRATED_B42_DOES_NOT_INVENT_CONFIDENCE_THRESHOLDS
11022,00-0038414,STABLE_CROSSWALK,DB,4,0.19085888377652044,0,Speculative,4,6,20,B41F_FROZEN_MODEL_CURRENT_2026_COMPLETED_WEEKS,NOT_CALIBRATED_B42_DOES_NOT_INVENT_CONFIDENCE_THRESHOLDS
11052,00-0038407,STABLE_CROSSWALK,DB,4,0.19085888377652044,0,Speculative,1,6,20,B41F_FROZEN_MODEL_CURRENT_2026_COMPLETED_WEEKS,NOT_CALIBRATED_B42_DOES_NOT_INVENT_CONFIDENCE_THRESHOLDS
11151,00-0038366,DOB_POSITION_OVERLAY,DB,4,0.19085888377652044,0,Speculative,3,6,20,B41F_FROZEN_MODEL_CURRENT_2026_COMPLETED_WEEKS,NOT_CALIBRATED_B42_DOES_NOT_INVENT_CONFIDENCE_THRESHOLDS
11325,00-0038521,STABLE_CROSSWALK,DB,4,0.19085888377652044,0,Speculative,3,6,20,B41F_FROZEN_MODEL_CURRENT_2026_COMPLETED_WEEKS,NOT_CALIBRATED_B42_DOES_NOT_INVENT_CONFIDENCE_THRESHOLDS
11343,00-0038663,STABLE_CROSSWALK,DB,4,0.19085888377652044,0,Speculative,1,6,20,B41F_FROZEN_MODEL_CURRENT_2026_COMPLETED_WEEKS,NOT_CALIBRATED_B42_DOES_NOT_INVENT_CONFIDENCE_THRESHOLDS
11730,00-0039234,STABLE_CROSSWALK,DB,4,0.19085888377652044,0,Speculative,1,6,20,B41F_FROZEN_MODEL_CURRENT_2026_COMPLETED_WEEKS,NOT_CALIBRATED_B42_DOES_NOT_INVENT_CONFIDENCE_THRESHOLDS
11738,00-0039357,STABLE_CROSSWALK,DB,4,0.19085888377652044,0,Speculative,2,6,20,B41F_FROZEN_MODEL_CURRENT_2026_COMPLETED_WEEKS,NOT_CALIBRATED_B42_DOES_NOT_INVENT_CONFIDENCE_THRESHOLDS
11763,00-0039818,STABLE_CROSSWALK,DB,4,0.19085888377652044,0,Speculative,4,6,20,B41F_FROZEN_MODEL_CURRENT_2026_COMPLETED_WEEKS,NOT_CALIBRATED_B42_DOES_NOT_INVENT_CONFIDENCE_THRESHOLDS
11764,00-0039375,STABLE_CROSSWALK,DB,4,0.19085888377652044,0,Speculative,1,6,20,B41F_FROZEN_MODEL_CURRENT_2026_COMPLETED_WEEKS,NOT_CALIBRATED_B42_DOES_NOT_INVENT_CONFIDENCE_THRESHOLDS
11775,00-0039383,STABLE_CROSSWALK,DB,4,0.19085888377652044,0,Speculative,3,6,20,B41F_FROZEN_MODEL_CURRENT_2026_COMPLETED_WEEKS,NOT_CALIBRATED_B42_DOES_NOT_INVENT_CONFIDENCE_THRESHOLDS
11787,00-0039831,STABLE_CROSSWALK,DB,4,0.19085888377652044,0,Speculative,4,6,20,B41F_FROZEN_MODEL_CURRENT_2026_COMPLETED_WEEKS,NOT_CALIBRATED_B42_DOES_NOT_INVENT_CONFIDENCE_THRESHOLDS
11809,00-0039390,STABLE_CROSSWALK,DB,4,0.19085888377652044,0,Speculative,1,6,20,B41F_FROZEN_MODEL_CURRENT_2026_COMPLETED_WEEKS,NOT_CALIBRATED_B42_DOES_NOT_INVENT_CONFIDENCE_THRESHOLDS
11934,00-0039681,STABLE_CROSSWALK,DB,4,0.19085888377652044,0,Speculative,4,6,20,B41F_FROZEN_MODEL_CURRENT_2026_COMPLETED_WEEKS,NOT_CALIBRATED_B42_DOES_NOT_INVENT_CONFIDENCE_THRESHOLDS
12196,00-0039725,STABLE_CROSSWALK,DB,4,0.19085888377652044,0,Speculative,4,6,20,B41F_FROZEN_MODEL_CURRENT_2026_COMPLETED_WEEKS,NOT_CALIBRATED_B42_DOES_NOT_INVENT_CONFIDENCE_THRESHOLDS
12380,00-0039469,DOB_POSITION_OVERLAY,DB,4,0.19085888377652044,0,Speculative,2,6,20,B41F_FROZEN_MODEL_CURRENT_2026_COMPLETED_WEEKS,NOT_CALIBRATED_B42_DOES_NOT_INVENT_CONFIDENCE_THRESHOLDS
12783,00-0040263,DOB_POSITION_OVERLAY,DB,4,0.19085888377652044,0,Speculative,4,6,20,B41F_FROZEN_MODEL_CURRENT_2026_COMPLETED_WEEKS,NOT_CALIBRATED_B42_DOES_NOT_INVENT_CONFIDENCE_THRESHOLDS
12819,00-0040089,DOB_POSITION_OVERLAY,DB,4,0.19085888377652044,0,Speculative,4,6,20,B41F_FROZEN_MODEL_CURRENT_2026_COMPLETED_WEEKS,NOT_CALIBRATED_B42_DOES_NOT_INVENT_CONFIDENCE_THRESHOLDS
12838,00-0040471,STABLE_CROSSWALK,DB,4,0.19085888377652044,0,Speculative,2,6,20,B41F_FROZEN_MODEL_CURRENT_2026_COMPLETED_WEEKS,NOT_CALIBRATED_B42_DOES_NOT_INVENT_CONFIDENCE_THRESHOLDS
12876,00-0040026,DOB_POSITION_OVERLAY,DB,4,0.19085888377652044,0,Speculative,2,6,20,B41F_FROZEN_MODEL_CURRENT_2026_COMPLETED_WEEKS,NOT_CALIBRATED_B42_DOES_NOT_INVENT_CONFIDENCE_THRESHOLDS
12899,00-0040341,DOB_POSITION_OVERLAY,DB,4,0.19085888377652044,0,Speculative,4,6,20,B41F_FROZEN_MODEL_CURRENT_2026_COMPLETED_WEEKS,NOT_CALIBRATED_B42_DOES_NOT_INVENT_CONFIDENCE_THRESHOLDS
12923,00-0040397,DOB_POSITION_OVERLAY,DB,4,0.19085888377652044,0,Speculative,2,6,20,B41F_FROZEN_MODEL_CURRENT_2026_COMPLETED_WEEKS,NOT_CALIBRATED_B42_DOES_NOT_INVENT_CONFIDENCE_THRESHOLDS
13083,00-0040372,DOB_POSITION_OVERLAY,DB,4,0.19085888377652044,0,Speculative,1,6,20,B41F_FROZEN_MODEL_CURRENT_2026_COMPLETED_WEEKS,NOT_CALIBRATED_B42_DOES_NOT_INVENT_CONFIDENCE_THRESHOLDS
13523,00-0040883,DOB_POSITION_OVERLAY,DB,4,0.19085888377652044,0,Speculative,1,6,20,B41F_FROZEN_MODEL_CURRENT_2026_COMPLETED_WEEKS,NOT_CALIBRATED_B42_DOES_NOT_INVENT_CONFIDENCE_THRESHOLDS
13569,00-0041115,STABLE_CROSSWALK,DB,4,0.19085888377652044,0,Speculative,2,6,20,B41F_FROZEN_MODEL_CURRENT_2026_COMPLETED_WEEKS,NOT_CALIBRATED_B42_DOES_NOT_INVENT_CONFIDENCE_THRESHOLDS
13635,00-0041382,STABLE_CROSSWALK,DB,4,0.19085888377652044,0,Speculative,2,6,20,B41F_FROZEN_MODEL_CURRENT_2026_COMPLETED_WEEKS,NOT_CALIBRATED_B42_DOES_NOT_INVENT_CONFIDENCE_THRESHOLDS
13694,00-0041275,DOB_POSITION_OVERLAY,DB,4,0.19085888377652044,0,Speculative,1,6,20,B41F_FROZEN_MODEL_CURRENT_2026_COMPLETED_WEEKS,NOT_CALIBRATED_B42_DOES_NOT_INVENT_CONFIDENCE_THRESHOLDS
13769,00-0041313,DOB_POSITION_OVERLAY,DB,4,0.19085888377652044,0,Speculative,1,6,20,B41F_FROZEN_MODEL_CURRENT_2026_COMPLETED_WEEKS,NOT_CALIBRATED_B42_DOES_NOT_INVENT_CONFIDENCE_THRESHOLDS
13877,00-0040923,DOB_POSITION_OVERLAY,DB,4,0.19085888377652044,0,Speculative,2,6,20,B41F_FROZEN_MODEL_CURRENT_2026_COMPLETED_WEEKS,NOT_CALIBRATED_B42_DOES_NOT_INVENT_CONFIDENCE_THRESHOLDS
13959,00-0041253,DOB_POSITION_OVERLAY,DB,4,0.19085888377652044,0,Speculative,1,6,20,B41F_FROZEN_MODEL_CURRENT_2026_COMPLETED_WEEKS,NOT_CALIBRATED_B42_DOES_NOT_INVENT_CONFIDENCE_THRESHOLDS
5048,00-0034780,STABLE_CROSSWALK,DB,4,0.19085888377652044,0,Speculative,2,6,20,B41F_FROZEN_MODEL_CURRENT_2026_COMPLETED_WEEKS,NOT_CALIBRATED_B42_DOES_NOT_INVENT_CONFIDENCE_THRESHOLDS
5328,00-0034278,STABLE_CROSSWALK,DB,4,0.19085888377652044,0,Speculative,4,6,20,B41F_FROZEN_MODEL_CURRENT_2026_COMPLETED_WEEKS,NOT_CALIBRATED_B42_DOES_NOT_INVENT_CONFIDENCE_THRESHOLDS
5445,00-0034091,STABLE_CROSSWALK,DB,4,0.19085888377652044,0,Speculative,3,6,20,B41F_FROZEN_MODEL_CURRENT_2026_COMPLETED_WEEKS,NOT_CALIBRATED_B42_DOES_NOT_INVENT_CONFIDENCE_THRESHOLDS
5534,00-0034248,STABLE_CROSSWALK,DB,4,0.19085888377652044,0,Speculative,4,6,20,B41F_FROZEN_MODEL_CURRENT_2026_COMPLETED_WEEKS,NOT_CALIBRATED_B42_DOES_NOT_INVENT_CONFIDENCE_THRESHOLDS
6476,00-0034966,STABLE_CROSSWALK,DB,4,0.19085888377652044,0,Speculative,1,6,20,B41F_FROZEN_MODEL_CURRENT_2026_COMPLETED_WEEKS,NOT_CALIBRATED_B42_DOES_NOT_INVENT_CONFIDENCE_THRESHOLDS
6855,00-0036329,STABLE_CROSSWALK,DB,4,0.19085888377652044,0,Speculative,4,6,20,B41F_FROZEN_MODEL_CURRENT_2026_COMPLETED_WEEKS,NOT_CALIBRATED_B42_DOES_NOT_INVENT_CONFIDENCE_THRESHOLDS
7036,00-0036421,STABLE_CROSSWALK,DB,4,0.19085888377652044,0,Speculative,4,6,20,B41F_FROZEN_MODEL_CURRENT_2026_COMPLETED_WEEKS,NOT_CALIBRATED_B42_DOES_NOT_INVENT_CONFIDENCE_THRESHOLDS
7053,00-0036306,STABLE_CROSSWALK,DB,4,0.19085888377652044,0,Speculative,2,6,20,B41F_FROZEN_MODEL_CURRENT_2026_COMPLETED_WEEKS,NOT_CALIBRATED_B42_DOES_NOT_INVENT_CONFIDENCE_THRESHOLDS
7224,00-0036037,STABLE_CROSSWALK,DB,4,0.19085888377652044,0,Speculative,4,6,20,B41F_FROZEN_MODEL_CURRENT_2026_COMPLETED_WEEKS,NOT_CALIBRATED_B42_DOES_NOT_INVENT_CONFIDENCE_THRESHOLDS
7687,00-0036986,STABLE_CROSSWALK,DB,4,0.19085888377652044,0,Speculative,2,6,20,B41F_FROZEN_MODEL_CURRENT_2026_COMPLETED_WEEKS,NOT_CALIBRATED_B42_DOES_NOT_INVENT_CONFIDENCE_THRESHOLDS
7712,00-0036904,STABLE_CROSSWALK,DB,4,0.19085888377652044,0,Speculative,1,6,20,B41F_FROZEN_MODEL_CURRENT_2026_COMPLETED_WEEKS,NOT_CALIBRATED_B42_DOES_NOT_INVENT_CONFIDENCE_THRESHOLDS
7974,00-0036589,STABLE_CROSSWALK,DB,4,0.19085888377652044,0,Speculative,1,6,20,B41F_FROZEN_MODEL_CURRENT_2026_COMPLETED_WEEKS,NOT_CALIBRATED_B42_DOES_NOT_INVENT_CONFIDENCE_THRESHOLDS
8377,00-0037752,STABLE_CROSSWALK,DB,4,0.19085888377652044,0,Speculative,4,6,20,B41F_FROZEN_MODEL_CURRENT_2026_COMPLETED_WEEKS,NOT_CALIBRATED_B42_DOES_NOT_INVENT_CONFIDENCE_THRESHOLDS
8397,00-0037578,STABLE_CROSSWALK,DB,4,0.19085888377652044,0,Speculative,1,6,20,B41F_FROZEN_MODEL_CURRENT_2026_COMPLETED_WEEKS,NOT_CALIBRATED_B42_DOES_NOT_INVENT_CONFIDENCE_THRESHOLDS
8542,00-0037461,STABLE_CROSSWALK,DB,4,0.19085888377652044,0,Speculative,2,6,20,B41F_FROZEN_MODEL_CURRENT_2026_COMPLETED_WEEKS,NOT_CALIBRATED_B42_DOES_NOT_INVENT_CONFIDENCE_THRESHOLDS
8714,00-0037129,STABLE_CROSSWALK,DB,4,0.19085888377652044,0,Speculative,4,6,20,B41F_FROZEN_MODEL_CURRENT_2026_COMPLETED_WEEKS,NOT_CALIBRATED_B42_DOES_NOT_INVENT_CONFIDENCE_THRESHOLDS
10892,00-0039108,STABLE_CROSSWALK,DL,4,0.87058481630137818,6,Elite,4,7,23,B41F_FROZEN_MODEL_CURRENT_2026_COMPLETED_WEEKS,NOT_CALIBRATED_B42_DOES_NOT_INVENT_CONFIDENCE_THRESHOLDS
8385,00-0037192,STABLE_CROSSWALK,DL,4,0.8699096104602454,6,Elite,4,7,23,B41F_FROZEN_MODEL_CURRENT_2026_COMPLETED_WEEKS,NOT_CALIBRATED_B42_DOES_NOT_INVENT_CONFIDENCE_THRESHOLDS
8289,00-0037236,STABLE_CROSSWALK,DL,4,0.86730278797640281,6,Elite,4,7,23,B41F_FROZEN_MODEL_CURRENT_2026_COMPLETED_WEEKS,NOT_CALIBRATED_B42_DOES_NOT_INVENT_CONFIDENCE_THRESHOLDS
6125,00-0035643,STABLE_CROSSWALK,DL,4,0.86411011476876609,6,Elite,4,7,23,B41F_FROZEN_MODEL_CURRENT_2026_COMPLETED_WEEKS,NOT_CALIBRATED_B42_DOES_NOT_INVENT_CONFIDENCE_THRESHOLDS
3172,00-0032378,STABLE_CROSSWALK,DL,4,0.85907742218195082,6,Elite,4,7,23,B41F_FROZEN_MODEL_CURRENT_2026_COMPLETED_WEEKS,NOT_CALIBRATED_B42_DOES_NOT_INVENT_CONFIDENCE_THRESHOLDS
5991,00-0034973,STABLE_CROSSWALK,DL,4,0.85061771220972326,6,Elite,4,7,23,B41F_FROZEN_MODEL_CURRENT_2026_COMPLETED_WEEKS,NOT_CALIBRATED_B42_DOES_NOT_INVENT_CONFIDENCE_THRESHOLDS
7679,00-0036624,STABLE_CROSSWALK,DL,4,0.84107454458192488,6,Elite,4,7,23,B41F_FROZEN_MODEL_CURRENT_2026_COMPLETED_WEEKS,NOT_CALIBRATED_B42_DOES_NOT_INVENT_CONFIDENCE_THRESHOLDS
5840,00-0035642,STABLE_CROSSWALK,DL,4,0.83337170990164611,6,Elite,4,7,23,B41F_FROZEN_MODEL_CURRENT_2026_COMPLETED_WEEKS,NOT_CALIBRATED_B42_DOES_NOT_INVENT_CONFIDENCE_THRESHOLDS
5871,00-0035248,STABLE_CROSSWALK,DL,4,0.82456555172122703,6,Elite,4,7,23,B41F_FROZEN_MODEL_CURRENT_2026_COMPLETED_WEEKS,NOT_CALIBRATED_B42_DOES_NOT_INVENT_CONFIDENCE_THRESHOLDS
5847,00-0035683,STABLE_CROSSWALK,DL,4,0.8203199768181989,6,Elite,4,7,23,B41F_FROZEN_MODEL_CURRENT_2026_COMPLETED_WEEKS,NOT_CALIBRATED_B42_DOES_NOT_INVENT_CONFIDENCE_THRESHOLDS
12652,00-0040710,STABLE_CROSSWALK,DL,4,0.80917836945795552,6,Elite,4,7,23,B41F_FROZEN_MODEL_CURRENT_2026_COMPLETED_WEEKS,NOT_CALIBRATED_B42_DOES_NOT_INVENT_CONFIDENCE_THRESHOLDS
5297,00-0034285,STABLE_CROSSWALK,DL,4,0.80709289658764793,6,Elite,4,7,23,B41F_FROZEN_MODEL_CURRENT_2026_COMPLETED_WEEKS,NOT_CALIBRATED_B42_DOES_NOT_INVENT_CONFIDENCE_THRESHOLDS
2393,00-0031565,STABLE_CROSSWALK,DL,4,0.80583747947410667,6,Elite,4,7,23,B41F_FROZEN_MODEL_CURRENT_2026_COMPLETED_WEEKS,NOT_CALIBRATED_B42_DOES_NOT_INVENT_CONFIDENCE_THRESHOLDS
8265,00-0037235,STABLE_CROSSWALK,DL,4,0.80449203261666735,6,Elite,4,7,23,B41F_FROZEN_MODEL_CURRENT_2026_COMPLETED_WEEKS,NOT_CALIBRATED_B42_DOES_NOT_INVENT_CONFIDENCE_THRESHOLDS
6782,00-0036321,STABLE_CROSSWALK,DL,4,0.80043429287619627,6,Elite,4,7,23,B41F_FROZEN_MODEL_CURRENT_2026_COMPLETED_WEEKS,NOT_CALIBRATED_B42_DOES_NOT_INVENT_CONFIDENCE_THRESHOLDS
11669,00-0039340,STABLE_CROSSWALK,DL,4,0.80038704151594031,6,Elite,4,7,23,B41F_FROZEN_MODEL_CURRENT_2026_COMPLETED_WEEKS,NOT_CALIBRATED_B42_DOES_NOT_INVENT_CONFIDENCE_THRESHOLDS
3188,00-0032759,STABLE_CROSSWALK,DL,4,0.79463967673786984,6,Elite,4,7,23,B41F_FROZEN_MODEL_CURRENT_2026_COMPLETED_WEEKS,NOT_CALIBRATED_B42_DOES_NOT_INVENT_CONFIDENCE_THRESHOLDS
6118,00-0035718,STABLE_CROSSWALK,DL,4,0.79324611215253527,6,Elite,4,7,23,B41F_FROZEN_MODEL_CURRENT_2026_COMPLETED_WEEKS,NOT_CALIBRATED_B42_DOES_NOT_INVENT_CONFIDENCE_THRESHOLDS
843,00-0027969,STABLE_CROSSWALK,DL,4,0.79278314560492968,6,Elite,4,7,23,B41F_FROZEN_MODEL_CURRENT_2026_COMPLETED_WEEKS,NOT_CALIBRATED_B42_DOES_NOT_INVENT_CONFIDENCE_THRESHOLDS
4032,00-0033523,STABLE_CROSSWALK,DL,4,0.79134110000645552,6,Elite,4,7,23,B41F_FROZEN_MODEL_CURRENT_2026_COMPLETED_WEEKS,NOT_CALIBRATED_B42_DOES_NOT_INVENT_CONFIDENCE_THRESHOLDS
2311,00-0031933,STABLE_CROSSWALK,DL,4,0.78652504622867758,6,Elite,4,7,23,B41F_FROZEN_MODEL_CURRENT_2026_COMPLETED_WEEKS,NOT_CALIBRATED_B42_DOES_NOT_INVENT_CONFIDENCE_THRESHOLDS
8343,00-0038133,STABLE_CROSSWALK,DL,4,0.7815213517699644,6,Elite,4,7,23,B41F_FROZEN_MODEL_CURRENT_2026_COMPLETED_WEEKS,NOT_CALIBRATED_B42_DOES_NOT_INVENT_CONFIDENCE_THRESHOLDS
6818,00-0036130,STABLE_CROSSWALK,DL,4,0.77134361958962738,5,Every-Down,2,7,23,B41F_FROZEN_MODEL_CURRENT_2026_COMPLETED_WEEKS,NOT_CALIBRATED_B42_DOES_NOT_INVENT_CONFIDENCE_THRESHOLDS
10888,00-0038386,STABLE_CROSSWALK,DL,4,0.76880080057859834,5,Every-Down,4,7,23,B41F_FROZEN_MODEL_CURRENT_2026_COMPLETED_WEEKS,NOT_CALIBRATED_B42_DOES_NOT_INVENT_CONFIDENCE_THRESHOLDS
8383,00-0037815,STABLE_CROSSWALK,DL,4,0.76506310723329207,5,Every-Down,4,7,23,B41F_FROZEN_MODEL_CURRENT_2026_COMPLETED_WEEKS,NOT_CALIBRATED_B42_DOES_NOT_INVENT_CONFIDENCE_THRESHOLDS
3558,00-0032762,STABLE_CROSSWALK,DL,4,0.76461178932338847,5,Every-Down,4,7,23,B41F_FROZEN_MODEL_CURRENT_2026_COMPLETED_WEEKS,NOT_CALIBRATED_B42_DOES_NOT_INVENT_CONFIDENCE_THRESHOLDS
4976,00-0034333,STABLE_CROSSWALK,DL,4,0.75414075722695662,5,Every-Down,4,7,23,B41F_FROZEN_MODEL_CURRENT_2026_COMPLETED_WEEKS,NOT_CALIBRATED_B42_DOES_NOT_INVENT_CONFIDENCE_THRESHOLDS
3236,00-0033131,STABLE_CROSSWALK,DL,4,0.75250782801982974,5,Every-Down,4,7,23,B41F_FROZEN_MODEL_CURRENT_2026_COMPLETED_WEEKS,NOT_CALIBRATED_B42_DOES_NOT_INVENT_CONFIDENCE_THRESHOLDS
7695,00-0036942,STABLE_CROSSWALK,DL,4,0.74311230770342285,5,Every-Down,4,7,23,B41F_FROZEN_MODEL_CURRENT_2026_COMPLETED_WEEKS,NOT_CALIBRATED_B42_DOES_NOT_INVENT_CONFIDENCE_THRESHOLDS
6124,00-0035647,STABLE_CROSSWALK,DL,4,0.737154453176872,5,Every-Down,4,7,23,B41F_FROZEN_MODEL_CURRENT_2026_COMPLETED_WEEKS,NOT_CALIBRATED_B42_DOES_NOT_INVENT_CONFIDENCE_THRESHOLDS
6792,00-0036260,STABLE_CROSSWALK,DL,4,0.73714321981828357,5,Every-Down,4,7,23,B41F_FROZEN_MODEL_CURRENT_2026_COMPLETED_WEEKS,NOT_CALIBRATED_B42_DOES_NOT_INVENT_CONFIDENCE_THRESHOLDS
4969,00-0034773,STABLE_CROSSWALK,DL,4,0.73439607095736104,5,Every-Down,4,7,23,B41F_FROZEN_MODEL_CURRENT_2026_COMPLETED_WEEKS,NOT_CALIBRATED_B42_DOES_NOT_INVENT_CONFIDENCE_THRESHOLDS
7018,00-0035763,STABLE_CROSSWALK,DL,4,0.73330190802567385,5,Every-Down,4,7,23,B41F_FROZEN_MODEL_CURRENT_2026_COMPLETED_WEEKS,NOT_CALIBRATED_B42_DOES_NOT_INVENT_CONFIDENCE_THRESHOLDS
11030,00-0038412,STABLE_CROSSWALK,DL,4,0.73309075930114054,5,Every-Down,4,7,23,B41F_FROZEN_MODEL_CURRENT_2026_COMPLETED_WEEKS,NOT_CALIBRATED_B42_DOES_NOT_INVENT_CONFIDENCE_THRESHOLDS
5816,00-0035717,STABLE_CROSSWALK,DL,4,0.7220343477843314,5,Every-Down,2,7,23,B41F_FROZEN_MODEL_CURRENT_2026_COMPLETED_WEEKS,NOT_CALIBRATED_B42_DOES_NOT_INVENT_CONFIDENCE_THRESHOLDS
7649,00-0036480,STABLE_CROSSWALK,DL,4,0.72055705655763636,5,Every-Down,4,7,23,B41F_FROZEN_MODEL_CURRENT_2026_COMPLETED_WEEKS,NOT_CALIBRATED_B42_DOES_NOT_INVENT_CONFIDENCE_THRESHOLDS
10916,00-0039138,STABLE_CROSSWALK,DL,4,0.71989638901494679,5,Every-Down,4,7,23,B41F_FROZEN_MODEL_CURRENT_2026_COMPLETED_WEEKS,NOT_CALIBRATED_B42_DOES_NOT_INVENT_CONFIDENCE_THRESHOLDS
10904,00-0039148,STABLE_CROSSWALK,DL,4,0.71870669101303519,5,Every-Down,4,7,23,B41F_FROZEN_MODEL_CURRENT_2026_COMPLETED_WEEKS,NOT_CALIBRATED_B42_DOES_NOT_INVENT_CONFIDENCE_THRESHOLDS
11668,00-0039309,STABLE_CROSSWALK,DL,4,0.71741401473213073,5,Every-Down,4,7,23,B41F_FROZEN_MODEL_CURRENT_2026_COMPLETED_WEEKS,NOT_CALIBRATED_B42_DOES_NOT_INVENT_CONFIDENCE_THRESHOLDS
10875,00-0038546,STABLE_CROSSWALK,DL,4,0.71275656196996684,5,Every-Down,4,7,23,B41F_FROZEN_MODEL_CURRENT_2026_COMPLETED_WEEKS,NOT_CALIBRATED_B42_DOES_NOT_INVENT_CONFIDENCE_THRESHOLDS
12635,00-0040169,STABLE_CROSSWALK,DL,4,0.71240279975490217,5,Every-Down,4,7,23,B41F_FROZEN_MODEL_CURRENT_2026_COMPLETED_WEEKS,NOT_CALIBRATED_B42_DOES_NOT_INVENT_CONFIDENCE_THRESHOLDS
5912,00-0035402,STABLE_CROSSWALK,DL,4,0.70785489284867753,5,Every-Down,3,7,23,B41F_FROZEN_MODEL_CURRENT_2026_COMPLETED_WEEKS,NOT_CALIBRATED_B42_DOES_NOT_INVENT_CONFIDENCE_THRESHOLDS
6784,00-0036220,STABLE_CROSSWALK,DL,4,0.70779719632066573,5,Every-Down,4,7,23,B41F_FROZEN_MODEL_CURRENT_2026_COMPLETED_WEEKS,NOT_CALIBRATED_B42_DOES_NOT_INVENT_CONFIDENCE_THRESHOLDS
11328,00-0038778,STABLE_CROSSWALK,DL,4,0.70554691262260272,5,Every-Down,4,7,23,B41F_FROZEN_MODEL_CURRENT_2026_COMPLETED_WEEKS,NOT_CALIBRATED_B42_DOES_NOT_INVENT_CONFIDENCE_THRESHOLDS
10943,00-0038574,STABLE_CROSSWALK,DL,4,0.70410438982097134,5,Every-Down,4,7,23,B41F_FROZEN_MODEL_CURRENT_2026_COMPLETED_WEEKS,NOT_CALIBRATED_B42_DOES_NOT_INVENT_CONFIDENCE_THRESHOLDS
11760,00-0039840,STABLE_CROSSWALK,DL,4,0.70193317286964418,5,Every-Down,4,7,23,B41F_FROZEN_MODEL_CURRENT_2026_COMPLETED_WEEKS,NOT_CALIBRATED_B42_DOES_NOT_INVENT_CONFIDENCE_THRESHOLDS
3186,00-0033120,STABLE_CROSSWALK,DL,4,0.70006244493285541,5,Every-Down,4,7,23,B41F_FROZEN_MODEL_CURRENT_2026_COMPLETED_WEEKS,NOT_CALIBRATED_B42_DOES_NOT_INVENT_CONFIDENCE_THRESHOLDS
11015,00-0038623,STABLE_CROSSWALK,DL,4,0.69875127159079986,5,Every-Down,4,7,23,B41F_FROZEN_MODEL_CURRENT_2026_COMPLETED_WEEKS,NOT_CALIBRATED_B42_DOES_NOT_INVENT_CONFIDENCE_THRESHOLDS
11743,00-0039835,STABLE_CROSSWALK,DL,4,0.69737569175502989,5,Every-Down,4,7,23,B41F_FROZEN_MODEL_CURRENT_2026_COMPLETED_WEEKS,NOT_CALIBRATED_B42_DOES_NOT_INVENT_CONFIDENCE_THRESHOLDS
11665,00-0039852,STABLE_CROSSWALK,DL,4,0.6956398607106562,4,Starter,4,7,23,B41F_FROZEN_MODEL_CURRENT_2026_COMPLETED_WEEKS,NOT_CALIBRATED_B42_DOES_NOT_INVENT_CONFIDENCE_THRESHOLDS
5043,00-0034760,STABLE_CROSSWALK,DL,4,0.69546335060964781,4,Starter,4,7,23,B41F_FROZEN_MODEL_CURRENT_2026_COMPLETED_WEEKS,NOT_CALIBRATED_B42_DOES_NOT_INVENT_CONFIDENCE_THRESHOLDS
12552,00-0040706,STABLE_CROSSWALK,DL,4,0.69230519473807661,4,Starter,4,7,23,B41F_FROZEN_MODEL_CURRENT_2026_COMPLETED_WEEKS,NOT_CALIBRATED_B42_DOES_NOT_INVENT_CONFIDENCE_THRESHOLDS
6868,00-0036335,STABLE_CROSSWALK,DL,4,0.68801049679376036,4,Starter,4,7,23,B41F_FROZEN_MODEL_CURRENT_2026_COMPLETED_WEEKS,NOT_CALIBRATED_B42_DOES_NOT_INVENT_CONFIDENCE_THRESHOLDS
7633,00-0036479,STABLE_CROSSWALK,DL,4,0.68622005504074124,4,Starter,4,7,23,B41F_FROZEN_MODEL_CURRENT_2026_COMPLETED_WEEKS,NOT_CALIBRATED_B42_DOES_NOT_INVENT_CONFIDENCE_THRESHOLDS
7443,00-0036181,STABLE_CROSSWALK,DL,4,0.68475028366791135,4,Starter,4,7,23,B41F_FROZEN_MODEL_CURRENT_2026_COMPLETED_WEEKS,NOT_CALIBRATED_B42_DOES_NOT_INVENT_CONFIDENCE_THRESHOLDS
5049,00-0034782,STABLE_CROSSWALK,DL,4,0.67715774360887038,4,Starter,4,7,23,B41F_FROZEN_MODEL_CURRENT_2026_COMPLETED_WEEKS,NOT_CALIBRATED_B42_DOES_NOT_INVENT_CONFIDENCE_THRESHOLDS
2322,00-0032164,STABLE_CROSSWALK,DL,4,0.67616661260776156,4,Starter,4,7,23,B41F_FROZEN_MODEL_CURRENT_2026_COMPLETED_WEEKS,NOT_CALIBRATED_B42_DOES_NOT_INVENT_CONFIDENCE_THRESHOLDS
5378,00-0034163,STABLE_CROSSWALK,DL,4,0.67377105697399797,4,Starter,4,7,23,B41F_FROZEN_MODEL_CURRENT_2026_COMPLETED_WEEKS,NOT_CALIBRATED_B42_DOES_NOT_INVENT_CONFIDENCE_THRESHOLDS
11740,00-0039859,STABLE_CROSSWALK,DL,4,0.66518143559737941,4,Starter,4,7,23,B41F_FROZEN_MODEL_CURRENT_2026_COMPLETED_WEEKS,NOT_CALIBRATED_B42_DOES_NOT_INVENT_CONFIDENCE_THRESHOLDS
7696,00-0036916,STABLE_CROSSWALK,DL,4,0.66347676588341897,4,Starter,4,7,23,B41F_FROZEN_MODEL_CURRENT_2026_COMPLETED_WEEKS,NOT_CALIBRATED_B42_DOES_NOT_INVENT_CONFIDENCE_THRESHOLDS
4170,00-0033945,STABLE_CROSSWALK,DL,4,0.66340066965287214,4,Starter,3,7,23,B41F_FROZEN_MODEL_CURRENT_2026_COMPLETED_WEEKS,NOT_CALIBRATED_B42_DOES_NOT_INVENT_CONFIDENCE_THRESHOLDS
4168,00-0033952,STABLE_CROSSWALK,DL,4,0.66225650785682977,4,Starter,4,7,23,B41F_FROZEN_MODEL_CURRENT_2026_COMPLETED_WEEKS,NOT_CALIBRATED_B42_DOES_NOT_INVENT_CONFIDENCE_THRESHOLDS
5067,00-0034825,STABLE_CROSSWALK,DL,4,0.65705379617230364,4,Starter,4,7,23,B41F_FROZEN_MODEL_CURRENT_2026_COMPLETED_WEEKS,NOT_CALIBRATED_B42_DOES_NOT_INVENT_CONFIDENCE_THRESHOLDS
5466,00-0034805,STABLE_CROSSWALK,DL,4,0.6505675427514449,4,Starter,4,7,23,B41F_FROZEN_MODEL_CURRENT_2026_COMPLETED_WEEKS,NOT_CALIBRATED_B42_DOES_NOT_INVENT_CONFIDENCE_THRESHOLDS
5841,00-0035230,STABLE_CROSSWALK,DL,4,0.65055514636685774,4,Starter,3,7,23,B41F_FROZEN_MODEL_CURRENT_2026_COMPLETED_WEEKS,NOT_CALIBRATED_B42_DOES_NOT_INVENT_CONFIDENCE_THRESHOLDS
7711,00-0036883,STABLE_CROSSWALK,DL,4,0.65013181450900537,4,Starter,4,7,23,B41F_FROZEN_MODEL_CURRENT_2026_COMPLETED_WEEKS,NOT_CALIBRATED_B42_DOES_NOT_INVENT_CONFIDENCE_THRESHOLDS
8398,00-0037663,STABLE_CROSSWALK,DL,4,0.64572783487716234,4,Starter,4,7,23,B41F_FROZEN_MODEL_CURRENT_2026_COMPLETED_WEEKS,NOT_CALIBRATED_B42_DOES_NOT_INVENT_CONFIDENCE_THRESHOLDS
7664,00-0036981,STABLE_CROSSWALK,DL,4,0.64540831544808352,4,Starter,3,7,23,B41F_FROZEN_MODEL_CURRENT_2026_COMPLETED_WEEKS,NOT_CALIBRATED_B42_DOES_NOT_INVENT_CONFIDENCE_THRESHOLDS
12720,00-0040248,STABLE_CROSSWALK,DL,4,0.64444580729706624,4,Starter,4,7,23,B41F_FROZEN_MODEL_CURRENT_2026_COMPLETED_WEEKS,NOT_CALIBRATED_B42_DOES_NOT_INVENT_CONFIDENCE_THRESHOLDS
11677,00-0039734,STABLE_CROSSWALK,DL,4,0.64147802885663519,4,Starter,4,7,23,B41F_FROZEN_MODEL_CURRENT_2026_COMPLETED_WEEKS,NOT_CALIBRATED_B42_DOES_NOT_INVENT_CONFIDENCE_THRESHOLDS
2592,00-0031583,STABLE_CROSSWALK,DL,4,0.64112464348669029,4,Starter,4,7,23,B41F_FROZEN_MODEL_CURRENT_2026_COMPLETED_WEEKS,NOT_CALIBRATED_B42_DOES_NOT_INVENT_CONFIDENCE_THRESHOLDS
10899,00-0039070,STABLE_CROSSWALK,DL,4,0.63697435129485325,4,Starter,4,7,23,B41F_FROZEN_MODEL_CURRENT_2026_COMPLETED_WEEKS,NOT_CALIBRATED_B42_DOES_NOT_INVENT_CONFIDENCE_THRESHOLDS
3218,00-0032889,STABLE_CROSSWALK,DL,4,0.63085384059196881,4,Starter,4,7,23,B41F_FROZEN_MODEL_CURRENT_2026_COMPLETED_WEEKS,NOT_CALIBRATED_B42_DOES_NOT_INVENT_CONFIDENCE_THRESHOLDS
11846,00-0039431,STABLE_CROSSWALK,DL,4,0.62902533419785922,4,Starter,4,7,23,B41F_FROZEN_MODEL_CURRENT_2026_COMPLETED_WEEKS,NOT_CALIBRATED_B42_DOES_NOT_INVENT_CONFIDENCE_THRESHOLDS
12554,00-0040672,STABLE_CROSSWALK,DL,4,0.62877287586894104,4,Starter,4,7,23,B41F_FROZEN_MODEL_CURRENT_2026_COMPLETED_WEEKS,NOT_CALIBRATED_B42_DOES_NOT_INVENT_CONFIDENCE_THRESHOLDS
12573,00-0040685,STABLE_CROSSWALK,DL,4,0.62858647815553814,4,Starter,4,7,23,B41F_FROZEN_MODEL_CURRENT_2026_COMPLETED_WEEKS,NOT_CALIBRATED_B42_DOES_NOT_INVENT_CONFIDENCE_THRESHOLDS
12620,00-0040144,STABLE_CROSSWALK,DL,4,0.62474460250259889,4,Starter,4,7,23,B41F_FROZEN_MODEL_CURRENT_2026_COMPLETED_WEEKS,NOT_CALIBRATED_B42_DOES_NOT_INVENT_CONFIDENCE_THRESHOLDS
7676,00-0036989,STABLE_CROSSWALK,DL,4,0.61019326104612304,4,Starter,4,7,23,B41F_FROZEN_MODEL_CURRENT_2026_COMPLETED_WEEKS,NOT_CALIBRATED_B42_DOES_NOT_INVENT_CONFIDENCE_THRESHOLDS
6972,00-0036262,STABLE_CROSSWALK,DL,4,0.60899268934965434,4,Starter,4,7,23,B41F_FROZEN_MODEL_CURRENT_2026_COMPLETED_WEEKS,NOT_CALIBRATED_B42_DOES_NOT_INVENT_CONFIDENCE_THRESHOLDS
10872,00-0039006,STABLE_CROSSWALK,DL,4,0.60748093179302309,4,Starter,4,7,23,B41F_FROZEN_MODEL_CURRENT_2026_COMPLETED_WEEKS,NOT_CALIBRATED_B42_DOES_NOT_INVENT_CONFIDENCE_THRESHOLDS
2227,00-0031388,STABLE_CROSSWALK,DL,4,0.60745762463649355,4,Starter,2,7,23,B41F_FROZEN_MODEL_CURRENT_2026_COMPLETED_WEEKS,NOT_CALIBRATED_B42_DOES_NOT_INVENT_CONFIDENCE_THRESHOLDS
10901,00-0039110,STABLE_CROSSWALK,DL,4,0.60404302189543624,4,Starter,4,7,23,B41F_FROZEN_MODEL_CURRENT_2026_COMPLETED_WEEKS,NOT_CALIBRATED_B42_DOES_NOT_INVENT_CONFIDENCE_THRESHOLDS
12679,00-0040175,STABLE_CROSSWALK,DL,4,0.60376764264848104,4,Starter,4,7,23,B41F_FROZEN_MODEL_CURRENT_2026_COMPLETED_WEEKS,NOT_CALIBRATED_B42_DOES_NOT_INVENT_CONFIDENCE_THRESHOLDS
3220,00-0032387,STABLE_CROSSWALK,DL,4,0.59984424859186569,4,Starter,4,7,23,B41F_FROZEN_MODEL_CURRENT_2026_COMPLETED_WEEKS,NOT_CALIBRATED_B42_DOES_NOT_INVENT_CONFIDENCE_THRESHOLDS
12618,00-0040642,STABLE_CROSSWALK,DL,4,0.59730645179142694,4,Starter,4,7,23,B41F_FROZEN_MODEL_CURRENT_2026_COMPLETED_WEEKS,NOT_CALIBRATED_B42_DOES_NOT_INVENT_CONFIDENCE_THRESHOLDS
13104,00-0040255,STABLE_CROSSWALK,DL,4,0.59186731069018117,4,Starter,4,7,23,B41F_FROZEN_MODEL_CURRENT_2026_COMPLETED_WEEKS,NOT_CALIBRATED_B42_DOES_NOT_INVENT_CONFIDENCE_THRESHOLDS
1947,00-0031364,STABLE_CROSSWALK,DL,4,0.59184306366074191,4,Starter,2,7,23,B41F_FROZEN_MODEL_CURRENT_2026_COMPLETED_WEEKS,NOT_CALIBRATED_B42_DOES_NOT_INVENT_CONFIDENCE_THRESHOLDS
11819,00-0039421,STABLE_CROSSWALK,DL,4,0.58999444150120728,4,Starter,4,7,23,B41F_FROZEN_MODEL_CURRENT_2026_COMPLETED_WEEKS,NOT_CALIBRATED_B42_DOES_NOT_INVENT_CONFIDENCE_THRESHOLDS
7678,00-0036902,STABLE_CROSSWALK,DL,4,0.58732056168657532,4,Starter,2,7,23,B41F_FROZEN_MODEL_CURRENT_2026_COMPLETED_WEEKS,NOT_CALIBRATED_B42_DOES_NOT_INVENT_CONFIDENCE_THRESHOLDS
3322,00-0032424,STABLE_CROSSWALK,DL,4,0.5863768229445725,4,Starter,4,7,23,B41F_FROZEN_MODEL_CURRENT_2026_COMPLETED_WEEKS,NOT_CALIBRATED_B42_DOES_NOT_INVENT_CONFIDENCE_THRESHOLDS
10883,00-0039142,STABLE_CROSSWALK,DL,4,0.57707868070031298,4,Starter,4,7,23,B41F_FROZEN_MODEL_CURRENT_2026_COMPLETED_WEEKS,NOT_CALIBRATED_B42_DOES_NOT_INVENT_CONFIDENCE_THRESHOLDS
8347,00-0038106,STABLE_CROSSWALK,DL,4,0.57621550653055886,4,Starter,4,7,23,B41F_FROZEN_MODEL_CURRENT_2026_COMPLETED_WEEKS,NOT_CALIBRATED_B42_DOES_NOT_INVENT_CONFIDENCE_THRESHOLDS
8400,00-0037756,STABLE_CROSSWALK,DL,4,0.57463331512736138,4,Starter,4,7,23,B41F_FROZEN_MODEL_CURRENT_2026_COMPLETED_WEEKS,NOT_CALIBRATED_B42_DOES_NOT_INVENT_CONFIDENCE_THRESHOLDS
125,00-0026190,STABLE_CROSSWALK,DL,4,0.5689359104006867,4,Starter,4,7,23,B41F_FROZEN_MODEL_CURRENT_2026_COMPLETED_WEEKS,NOT_CALIBRATED_B42_DOES_NOT_INVENT_CONFIDENCE_THRESHOLDS
7799,00-0036568,STABLE_CROSSWALK,DL,4,0.56596401851112776,4,Starter,4,7,23,B41F_FROZEN_MODEL_CURRENT_2026_COMPLETED_WEEKS,NOT_CALIBRATED_B42_DOES_NOT_INVENT_CONFIDENCE_THRESHOLDS
10879,00-0039063,STABLE_CROSSWALK,DL,4,0.56490403887891283,4,Starter,4,7,23,B41F_FROZEN_MODEL_CURRENT_2026_COMPLETED_WEEKS,NOT_CALIBRATED_B42_DOES_NOT_INVENT_CONFIDENCE_THRESHOLDS
12644,00-0040010,STABLE_CROSSWALK,DL,4,0.55899470415314356,4,Starter,4,7,23,B41F_FROZEN_MODEL_CURRENT_2026_COMPLETED_WEEKS,NOT_CALIBRATED_B42_DOES_NOT_INVENT_CONFIDENCE_THRESHOLDS
4092,00-0033546,STABLE_CROSSWALK,DL,4,0.5568792197710335,4,Starter,2,7,23,B41F_FROZEN_MODEL_CURRENT_2026_COMPLETED_WEEKS,NOT_CALIBRATED_B42_DOES_NOT_INVENT_CONFIDENCE_THRESHOLDS
5330,00-0034373,STABLE_CROSSWALK,DL,4,0.55484620592568223,4,Starter,3,7,23,B41F_FROZEN_MODEL_CURRENT_2026_COMPLETED_WEEKS,NOT_CALIBRATED_B42_DOES_NOT_INVENT_CONFIDENCE_THRESHOLDS
8331,00-0037270,STABLE_CROSSWALK,DL,4,0.55409063990427798,4,Starter,4,7,23,B41F_FROZEN_MODEL_CURRENT_2026_COMPLETED_WEEKS,NOT_CALIBRATED_B42_DOES_NOT_INVENT_CONFIDENCE_THRESHOLDS
11193,00-0038463,STABLE_CROSSWALK,DL,4,0.54746090700999295,4,Starter,4,7,23,B41F_FROZEN_MODEL_CURRENT_2026_COMPLETED_WEEKS,NOT_CALIBRATED_B42_DOES_NOT_INVENT_CONFIDENCE_THRESHOLDS
5090,00-0034275,STABLE_CROSSWALK,DL,4,0.54328547141583972,4,Starter,4,7,23,B41F_FROZEN_MODEL_CURRENT_2026_COMPLETED_WEEKS,NOT_CALIBRATED_B42_DOES_NOT_INVENT_CONFIDENCE_THRESHOLDS
10957,00-0039031,STABLE_CROSSWALK,DL,4,0.54125296366558129,4,Starter,4,7,23,B41F_FROZEN_MODEL_CURRENT_2026_COMPLETED_WEEKS,NOT_CALIBRATED_B42_DOES_NOT_INVENT_CONFIDENCE_THRESHOLDS
11338,00-0038653,STABLE_CROSSWALK,DL,4,0.5387574247254705,4,Starter,4,7,23,B41F_FROZEN_MODEL_CURRENT_2026_COMPLETED_WEEKS,NOT_CALIBRATED_B42_DOES_NOT_INVENT_CONFIDENCE_THRESHOLDS
13547,00-0041447,STABLE_CROSSWALK,DL,4,0.53161095587774609,3,Rotational,4,7,23,B41F_FROZEN_MODEL_CURRENT_2026_COMPLETED_WEEKS,NOT_CALIBRATED_B42_DOES_NOT_INVENT_CONFIDENCE_THRESHOLDS
3256,00-0033109,STABLE_CROSSWALK,DL,4,0.53105539816249192,3,Rotational,3,7,23,B41F_FROZEN_MODEL_CURRENT_2026_COMPLETED_WEEKS,NOT_CALIBRATED_B42_DOES_NOT_INVENT_CONFIDENCE_THRESHOLDS
4278,00-0033297,STABLE_CROSSWALK,DL,4,0.53025007074762487,3,Rotational,4,7,23,B41F_FROZEN_MODEL_CURRENT_2026_COMPLETED_WEEKS,NOT_CALIBRATED_B42_DOES_NOT_INVENT_CONFIDENCE_THRESHOLDS
8368,00-0037665,STABLE_CROSSWALK,DL,4,0.52931861970820016,3,Rotational,4,7,23,B41F_FROZEN_MODEL_CURRENT_2026_COMPLETED_WEEKS,NOT_CALIBRATED_B42_DOES_NOT_INVENT_CONFIDENCE_THRESHOLDS
12682,00-0040174,STABLE_CROSSWALK,DL,4,0.52873665394915037,3,Rotational,1,7,23,B41F_FROZEN_MODEL_CURRENT_2026_COMPLETED_WEEKS,NOT_CALIBRATED_B42_DOES_NOT_INVENT_CONFIDENCE_THRESHOLDS
11009,00-0038398,STABLE_CROSSWALK,DL,4,0.52647398158512504,3,Rotational,4,7,23,B41F_FROZEN_MODEL_CURRENT_2026_COMPLETED_WEEKS,NOT_CALIBRATED_B42_DOES_NOT_INVENT_CONFIDENCE_THRESHOLDS
8360,00-0038127,STABLE_CROSSWALK,DL,4,0.52642730925235137,3,Rotational,4,7,23,B41F_FROZEN_MODEL_CURRENT_2026_COMPLETED_WEEKS,NOT_CALIBRATED_B42_DOES_NOT_INVENT_CONFIDENCE_THRESHOLDS
11706,00-0039873,STABLE_CROSSWALK,DL,4,0.52461483097925576,3,Rotational,4,7,23,B41F_FROZEN_MODEL_CURRENT_2026_COMPLETED_WEEKS,NOT_CALIBRATED_B42_DOES_NOT_INVENT_CONFIDENCE_THRESHOLDS
11796,00-0039401,STABLE_CROSSWALK,DL,4,0.51936638954836944,3,Rotational,3,7,23,B41F_FROZEN_MODEL_CURRENT_2026_COMPLETED_WEEKS,NOT_CALIBRATED_B42_DOES_NOT_INVENT_CONFIDENCE_THRESHOLDS
6129,00-0035674,STABLE_CROSSWALK,DL,4,0.51775220064713035,3,Rotational,4,7,23,B41F_FROZEN_MODEL_CURRENT_2026_COMPLETED_WEEKS,NOT_CALIBRATED_B42_DOES_NOT_INVENT_CONFIDENCE_THRESHOLDS
11698,00-0039889,STABLE_CROSSWALK,DL,4,0.5175403637592807,3,Rotational,4,7,23,B41F_FROZEN_MODEL_CURRENT_2026_COMPLETED_WEEKS,NOT_CALIBRATED_B42_DOES_NOT_INVENT_CONFIDENCE_THRESHOLDS
7693,00-0036982,STABLE_CROSSWALK,DL,4,0.51428108126231109,3,Rotational,4,7,23,B41F_FROZEN_MODEL_CURRENT_2026_COMPLETED_WEEKS,NOT_CALIBRATED_B42_DOES_NOT_INVENT_CONFIDENCE_THRESHOLDS
12649,00-0040711,STABLE_CROSSWALK,DL,4,0.51098328546086869,3,Rotational,2,7,23,B41F_FROZEN_MODEL_CURRENT_2026_COMPLETED_WEEKS,NOT_CALIBRATED_B42_DOES_NOT_INVENT_CONFIDENCE_THRESHOLDS
12594,00-0040744,STABLE_CROSSWALK,DL,4,0.5101038783950278,3,Rotational,4,7,23,B41F_FROZEN_MODEL_CURRENT_2026_COMPLETED_WEEKS,NOT_CALIBRATED_B42_DOES_NOT_INVENT_CONFIDENCE_THRESHOLDS
2033,00-0031270,STABLE_CROSSWALK,DL,4,0.50660100821468745,3,Rotational,4,7,23,B41F_FROZEN_MODEL_CURRENT_2026_COMPLETED_WEEKS,NOT_CALIBRATED_B42_DOES_NOT_INVENT_CONFIDENCE_THRESHOLDS
13361,00-0041556,DOB_POSITION_OVERLAY,DL,4,0.50553462022466067,3,Rotational,3,7,23,B41F_FROZEN_MODEL_CURRENT_2026_COMPLETED_WEEKS,NOT_CALIBRATED_B42_DOES_NOT_INVENT_CONFIDENCE_THRESHOLDS
13706,00-0041148,STABLE_CROSSWALK,DL,4,0.50477860276631958,3,Rotational,4,7,23,B41F_FROZEN_MODEL_CURRENT_2026_COMPLETED_WEEKS,NOT_CALIBRATED_B42_DOES_NOT_INVENT_CONFIDENCE_THRESHOLDS
8269,00-0037073,STABLE_CROSSWALK,DL,4,0.50169251081122379,3,Rotational,4,7,23,B41F_FROZEN_MODEL_CURRENT_2026_COMPLETED_WEEKS,NOT_CALIBRATED_B42_DOES_NOT_INVENT_CONFIDENCE_THRESHOLDS
11692,00-0039895,STABLE_CROSSWALK,DL,4,0.50015968456334303,3,Rotational,4,7,23,B41F_FROZEN_MODEL_CURRENT_2026_COMPLETED_WEEKS,NOT_CALIBRATED_B42_DOES_NOT_INVENT_CONFIDENCE_THRESHOLDS
8270,00-0037075,STABLE_CROSSWALK,DL,4,0.49998701896592274,3,Rotational,4,7,23,B41F_FROZEN_MODEL_CURRENT_2026_COMPLETED_WEEKS,NOT_CALIBRATED_B42_DOES_NOT_INVENT_CONFIDENCE_THRESHOLDS
4415,00-0033381,STABLE_CROSSWALK,DL,4,0.49905721318917223,3,Rotational,4,7,23,B41F_FROZEN_MODEL_CURRENT_2026_COMPLETED_WEEKS,NOT_CALIBRATED_B42_DOES_NOT_INVENT_CONFIDENCE_THRESHOLDS
12683,00-0040173,STABLE_CROSSWALK,DL,4,0.49674293923490442,3,Rotational,4,7,23,B41F_FROZEN_MODEL_CURRENT_2026_COMPLETED_WEEKS,NOT_CALIBRATED_B42_DOES_NOT_INVENT_CONFIDENCE_THRESHOLDS
5371,00-0034320,STABLE_CROSSWALK,DL,4,0.49353917643574641,3,Rotational,4,7,23,B41F_FROZEN_MODEL_CURRENT_2026_COMPLETED_WEEKS,NOT_CALIBRATED_B42_DOES_NOT_INVENT_CONFIDENCE_THRESHOLDS
13073,00-0040560,DOB_POSITION_OVERLAY,DL,4,0.49297697020841835,3,Rotational,2,7,23,B41F_FROZEN_MODEL_CURRENT_2026_COMPLETED_WEEKS,NOT_CALIBRATED_B42_DOES_NOT_INVENT_CONFIDENCE_THRESHOLDS
5226,00-0034234,STABLE_CROSSWALK,DL,4,0.49183969812391115,3,Rotational,4,7,23,B41F_FROZEN_MODEL_CURRENT_2026_COMPLETED_WEEKS,NOT_CALIBRATED_B42_DOES_NOT_INVENT_CONFIDENCE_THRESHOLDS
10889,00-0038541,STABLE_CROSSWALK,DL,4,0.48912168315654991,3,Rotational,3,7,23,B41F_FROZEN_MODEL_CURRENT_2026_COMPLETED_WEEKS,NOT_CALIBRATED_B42_DOES_NOT_INVENT_CONFIDENCE_THRESHOLDS
13501,00-0041557,STABLE_CROSSWALK,DL,4,0.48698011043773221,3,Rotational,4,7,23,B41F_FROZEN_MODEL_CURRENT_2026_COMPLETED_WEEKS,NOT_CALIBRATED_B42_DOES_NOT_INVENT_CONFIDENCE_THRESHOLDS
10934,00-0038980,STABLE_CROSSWALK,DL,4,0.48290249234730576,3,Rotational,3,7,23,B41F_FROZEN_MODEL_CURRENT_2026_COMPLETED_WEEKS,NOT_CALIBRATED_B42_DOES_NOT_INVENT_CONFIDENCE_THRESHOLDS
11658,00-0039854,STABLE_CROSSWALK,DL,4,0.48243544487751339,3,Rotational,4,7,23,B41F_FROZEN_MODEL_CURRENT_2026_COMPLETED_WEEKS,NOT_CALIBRATED_B42_DOES_NOT_INVENT_CONFIDENCE_THRESHOLDS
11691,00-0039886,STABLE_CROSSWALK,DL,4,0.48087133348527628,3,Rotational,4,7,23,B41F_FROZEN_MODEL_CURRENT_2026_COMPLETED_WEEKS,NOT_CALIBRATED_B42_DOES_NOT_INVENT_CONFIDENCE_THRESHOLDS
5366,00-0034397,STABLE_CROSSWALK,DL,4,0.479690119187273,3,Rotational,4,7,23,B41F_FROZEN_MODEL_CURRENT_2026_COMPLETED_WEEKS,NOT_CALIBRATED_B42_DOES_NOT_INVENT_CONFIDENCE_THRESHOLDS
11695,00-0039733,STABLE_CROSSWALK,DL,4,0.47806441675625727,3,Rotational,4,7,23,B41F_FROZEN_MODEL_CURRENT_2026_COMPLETED_WEEKS,NOT_CALIBRATED_B42_DOES_NOT_INVENT_CONFIDENCE_THRESHOLDS
12561,00-0040678,STABLE_CROSSWALK,DL,4,0.47614802158087682,3,Rotational,4,7,23,B41F_FROZEN_MODEL_CURRENT_2026_COMPLETED_WEEKS,NOT_CALIBRATED_B42_DOES_NOT_INVENT_CONFIDENCE_THRESHOLDS
4065,00-0033876,STABLE_CROSSWALK,DL,4,0.47595650446401438,3,Rotational,4,7,23,B41F_FROZEN_MODEL_CURRENT_2026_COMPLETED_WEEKS,NOT_CALIBRATED_B42_DOES_NOT_INVENT_CONFIDENCE_THRESHOLDS
5075,00-0034807,STABLE_CROSSWALK,DL,4,0.47422966890873247,3,Rotational,4,7,23,B41F_FROZEN_MODEL_CURRENT_2026_COMPLETED_WEEKS,NOT_CALIBRATED_B42_DOES_NOT_INVENT_CONFIDENCE_THRESHOLDS
11688,00-0039908,STABLE_CROSSWALK,DL,4,0.45282787658432899,3,Rotational,4,7,23,B41F_FROZEN_MODEL_CURRENT_2026_COMPLETED_WEEKS,NOT_CALIBRATED_B42_DOES_NOT_INVENT_CONFIDENCE_THRESHOLDS
13364,00-0041546,DOB_POSITION_OVERLAY,DL,4,0.45236672961352992,3,Rotational,4,7,23,B41F_FROZEN_MODEL_CURRENT_2026_COMPLETED_WEEKS,NOT_CALIBRATED_B42_DOES_NOT_INVENT_CONFIDENCE_THRESHOLDS
6858,00-0036337,STABLE_CROSSWALK,DL,4,0.449535194762538,3,Rotational,3,7,23,B41F_FROZEN_MODEL_CURRENT_2026_COMPLETED_WEEKS,NOT_CALIBRATED_B42_DOES_NOT_INVENT_CONFIDENCE_THRESHOLDS
12623,00-0040640,STABLE_CROSSWALK,DL,4,0.4475874200499208,3,Rotational,4,7,23,B41F_FROZEN_MODEL_CURRENT_2026_COMPLETED_WEEKS,NOT_CALIBRATED_B42_DOES_NOT_INVENT_CONFIDENCE_THRESHOLDS
2427,00-0031576,STABLE_CROSSWALK,DL,4,0.44602027488181312,3,Rotational,4,7,23,B41F_FROZEN_MODEL_CURRENT_2026_COMPLETED_WEEKS,NOT_CALIBRATED_B42_DOES_NOT_INVENT_CONFIDENCE_THRESHOLDS
3281,00-0033051,STABLE_CROSSWALK,DL,4,0.44059634764073768,3,Rotational,2,7,23,B41F_FROZEN_MODEL_CURRENT_2026_COMPLETED_WEEKS,NOT_CALIBRATED_B42_DOES_NOT_INVENT_CONFIDENCE_THRESHOLDS
10941,00-0038940,STABLE_CROSSWALK,DL,4,0.4398168035311224,3,Rotational,4,7,23,B41F_FROZEN_MODEL_CURRENT_2026_COMPLETED_WEEKS,NOT_CALIBRATED_B42_DOES_NOT_INVENT_CONFIDENCE_THRESHOLDS
4207,00-0033860,STABLE_CROSSWALK,DL,4,0.43892754097930714,3,Rotational,4,7,23,B41F_FROZEN_MODEL_CURRENT_2026_COMPLETED_WEEKS,NOT_CALIBRATED_B42_DOES_NOT_INVENT_CONFIDENCE_THRESHOLDS
13390,00-0041545,DOB_POSITION_OVERLAY,DL,4,0.4378674071962948,3,Rotational,4,10,23,B41F_FROZEN_MODEL_CURRENT_2026_COMPLETED_WEEKS,NOT_CALIBRATED_B42_DOES_NOT_INVENT_CONFIDENCE_THRESHOLDS
2340,00-0032265,STABLE_CROSSWALK,DL,4,0.43687974769491389,3,Rotational,3,7,23,B41F_FROZEN_MODEL_CURRENT_2026_COMPLETED_WEEKS,NOT_CALIBRATED_B42_DOES_NOT_INVENT_CONFIDENCE_THRESHOLDS
8380,00-0037262,STABLE_CROSSWALK,DL,4,0.4302655405305062,3,Rotational,4,7,23,B41F_FROZEN_MODEL_CURRENT_2026_COMPLETED_WEEKS,NOT_CALIBRATED_B42_DOES_NOT_INVENT_CONFIDENCE_THRESHOLDS
8001,00-0036682,STABLE_CROSSWALK,DL,4,0.42368109245404639,3,Rotational,4,7,23,B41F_FROZEN_MODEL_CURRENT_2026_COMPLETED_WEEKS,NOT_CALIBRATED_B42_DOES_NOT_INVENT_CONFIDENCE_THRESHOLDS
11785,00-0039752,STABLE_CROSSWALK,DL,4,0.423355778161708,3,Rotational,4,7,23,B41F_FROZEN_MODEL_CURRENT_2026_COMPLETED_WEEKS,NOT_CALIBRATED_B42_DOES_NOT_INVENT_CONFIDENCE_THRESHOLDS
11799,00-0039749,STABLE_CROSSWALK,DL,4,0.41841358081144542,2,Understudy,4,7,23,B41F_FROZEN_MODEL_CURRENT_2026_COMPLETED_WEEKS,NOT_CALIBRATED_B42_DOES_NOT_INVENT_CONFIDENCE_THRESHOLDS
12581,00-0040694,STABLE_CROSSWALK,DL,4,0.41783283662671328,2,Understudy,3,7,23,B41F_FROZEN_MODEL_CURRENT_2026_COMPLETED_WEEKS,NOT_CALIBRATED_B42_DOES_NOT_INVENT_CONFIDENCE_THRESHOLDS
12580,00-0040132,STABLE_CROSSWALK,DL,4,0.41772048351344998,2,Understudy,4,7,23,B41F_FROZEN_MODEL_CURRENT_2026_COMPLETED_WEEKS,NOT_CALIBRATED_B42_DOES_NOT_INVENT_CONFIDENCE_THRESHOLDS
3241,00-0033093,STABLE_CROSSWALK,DL,4,0.413416648156605,2,Understudy,3,7,23,B41F_FROZEN_MODEL_CURRENT_2026_COMPLETED_WEEKS,NOT_CALIBRATED_B42_DOES_NOT_INVENT_CONFIDENCE_THRESHOLDS
6005,00-0035026,STABLE_CROSSWALK,DL,4,0.41248040440539602,2,Understudy,1,7,23,B41F_FROZEN_MODEL_CURRENT_2026_COMPLETED_WEEKS,NOT_CALIBRATED_B42_DOES_NOT_INVENT_CONFIDENCE_THRESHOLDS
13362,00-0041478,DOB_POSITION_OVERLAY,DL,4,0.40165160948397538,2,Understudy,4,7,23,B41F_FROZEN_MODEL_CURRENT_2026_COMPLETED_WEEKS,NOT_CALIBRATED_B42_DOES_NOT_INVENT_CONFIDENCE_THRESHOLDS
12665,00-0040188,STABLE_CROSSWALK,DL,4,0.40153211319657173,2,Understudy,4,7,23,B41F_FROZEN_MODEL_CURRENT_2026_COMPLETED_WEEKS,NOT_CALIBRATED_B42_DOES_NOT_INVENT_CONFIDENCE_THRESHOLDS
5934,00-0035279,STABLE_CROSSWALK,DL,4,0.40116972598177159,2,Understudy,4,7,23,B41F_FROZEN_MODEL_CURRENT_2026_COMPLETED_WEEKS,NOT_CALIBRATED_B42_DOES_NOT_INVENT_CONFIDENCE_THRESHOLDS
13468,00-0040869,STABLE_CROSSWALK,DL,4,0.39906284783876567,2,Understudy,4,7,23,B41F_FROZEN_MODEL_CURRENT_2026_COMPLETED_WEEKS,NOT_CALIBRATED_B42_DOES_NOT_INVENT_CONFIDENCE_THRESHOLDS
10952,00-0038387,STABLE_CROSSWALK,DL,4,0.39175897602068332,2,Understudy,4,7,23,B41F_FROZEN_MODEL_CURRENT_2026_COMPLETED_WEEKS,NOT_CALIBRATED_B42_DOES_NOT_INVENT_CONFIDENCE_THRESHOLDS
13527,00-0041072,STABLE_CROSSWALK,DL,4,0.38981395661922463,2,Understudy,4,7,23,B41F_FROZEN_MODEL_CURRENT_2026_COMPLETED_WEEKS,NOT_CALIBRATED_B42_DOES_NOT_INVENT_CONFIDENCE_THRESHOLDS
7756,00-0036909,STABLE_CROSSWALK,DL,4,0.38902476051951446,2,Understudy,4,7,23,B41F_FROZEN_MODEL_CURRENT_2026_COMPLETED_WEEKS,NOT_CALIBRATED_B42_DOES_NOT_INVENT_CONFIDENCE_THRESHOLDS
13934,00-0041159,DOB_POSITION_OVERLAY,DL,4,0.38748298995215275,2,Understudy,1,7,23,B41F_FROZEN_MODEL_CURRENT_2026_COMPLETED_WEEKS,NOT_CALIBRATED_B42_DOES_NOT_INVENT_CONFIDENCE_THRESHOLDS
12587,00-0040171,STABLE_CROSSWALK,DL,4,0.38568509093585102,2,Understudy,4,7,23,B41F_FROZEN_MODEL_CURRENT_2026_COMPLETED_WEEKS,NOT_CALIBRATED_B42_DOES_NOT_INVENT_CONFIDENCE_THRESHOLDS
7722,00-0036903,STABLE_CROSSWALK,DL,4,0.38444856030406133,2,Understudy,3,7,23,B41F_FROZEN_MODEL_CURRENT_2026_COMPLETED_WEEKS,NOT_CALIBRATED_B42_DOES_NOT_INVENT_CONFIDENCE_THRESHOLDS
8344,00-0037094,STABLE_CROSSWALK,DL,4,0.37860908363647616,2,Understudy,4,7,23,B41F_FROZEN_MODEL_CURRENT_2026_COMPLETED_WEEKS,NOT_CALIBRATED_B42_DOES_NOT_INVENT_CONFIDENCE_THRESHOLDS
13504,00-0041549,STABLE_CROSSWALK,DL,4,0.37523689269811733,2,Understudy,4,7,23,B41F_FROZEN_MODEL_CURRENT_2026_COMPLETED_WEEKS,NOT_CALIBRATED_B42_DOES_NOT_INVENT_CONFIDENCE_THRESHOLDS
5981,00-0035667,STABLE_CROSSWALK,DL,4,0.3751227751849413,2,Understudy,4,7,23,B41F_FROZEN_MODEL_CURRENT_2026_COMPLETED_WEEKS,NOT_CALIBRATED_B42_DOES_NOT_INVENT_CONFIDENCE_THRESHOLDS
11827,00-0039423,STABLE_CROSSWALK,DL,4,0.37438678581994439,2,Understudy,3,7,23,B41F_FROZEN_MODEL_CURRENT_2026_COMPLETED_WEEKS,NOT_CALIBRATED_B42_DOES_NOT_INVENT_CONFIDENCE_THRESHOLDS
6864,00-0036341,STABLE_CROSSWALK,DL,4,0.3727073860978789,2,Understudy,4,7,23,B41F_FROZEN_MODEL_CURRENT_2026_COMPLETED_WEEKS,NOT_CALIBRATED_B42_DOES_NOT_INVENT_CONFIDENCE_THRESHOLDS
5861,00-0035636,STABLE_CROSSWALK,DL,4,0.37148881568821301,2,Understudy,4,7,23,B41F_FROZEN_MODEL_CURRENT_2026_COMPLETED_WEEKS,NOT_CALIBRATED_B42_DOES_NOT_INVENT_CONFIDENCE_THRESHOLDS
12900,00-0040342,DOB_POSITION_OVERLAY,DL,4,0.3713272337381337,2,Understudy,4,7,23,B41F_FROZEN_MODEL_CURRENT_2026_COMPLETED_WEEKS,NOT_CALIBRATED_B42_DOES_NOT_INVENT_CONFIDENCE_THRESHOLDS
5073,00-0034810,STABLE_CROSSWALK,DL,4,0.36970105409022463,2,Understudy,4,7,23,B41F_FROZEN_MODEL_CURRENT_2026_COMPLETED_WEEKS,NOT_CALIBRATED_B42_DOES_NOT_INVENT_CONFIDENCE_THRESHOLDS
12801,00-0040458,DOB_POSITION_OVERLAY,DL,4,0.36934035427838297,2,Understudy,4,7,23,B41F_FROZEN_MODEL_CURRENT_2026_COMPLETED_WEEKS,NOT_CALIBRATED_B42_DOES_NOT_INVENT_CONFIDENCE_THRESHOLDS
7231,00-0036204,STABLE_CROSSWALK,DL,4,0.3682608430573211,2,Understudy,4,7,23,B41F_FROZEN_MODEL_CURRENT_2026_COMPLETED_WEEKS,NOT_CALIBRATED_B42_DOES_NOT_INVENT_CONFIDENCE_THRESHOLDS
4371,00-0033347,STABLE_CROSSWALK,DL,4,0.36706203699044532,2,Understudy,1,7,23,B41F_FROZEN_MODEL_CURRENT_2026_COMPLETED_WEEKS,NOT_CALIBRATED_B42_DOES_NOT_INVENT_CONFIDENCE_THRESHOLDS
5020,00-0034800,STABLE_CROSSWALK,DL,4,0.36706203699044532,2,Understudy,1,7,23,B41F_FROZEN_MODEL_CURRENT_2026_COMPLETED_WEEKS,NOT_CALIBRATED_B42_DOES_NOT_INVENT_CONFIDENCE_THRESHOLDS
7818,00-0036642,STABLE_CROSSWALK,DL,4,0.36186402498933834,2,Understudy,4,7,23,B41F_FROZEN_MODEL_CURRENT_2026_COMPLETED_WEEKS,NOT_CALIBRATED_B42_DOES_NOT_INVENT_CONFIDENCE_THRESHOLDS
6841,00-0036266,STABLE_CROSSWALK,DL,4,0.35744246152704495,2,Understudy,4,7,23,B41F_FROZEN_MODEL_CURRENT_2026_COMPLETED_WEEKS,NOT_CALIBRATED_B42_DOES_NOT_INVENT_CONFIDENCE_THRESHOLDS
4965,00-0034344,STABLE_CROSSWALK,DL,4,0.35598171971395237,2,Understudy,1,7,23,B41F_FROZEN_MODEL_CURRENT_2026_COMPLETED_WEEKS,NOT_CALIBRATED_B42_DOES_NOT_INVENT_CONFIDENCE_THRESHOLDS
6627,00-0035409,STABLE_CROSSWALK,DL,4,0.35054275608331925,2,Understudy,4,7,23,B41F_FROZEN_MODEL_CURRENT_2026_COMPLETED_WEEKS,NOT_CALIBRATED_B42_DOES_NOT_INVENT_CONFIDENCE_THRESHOLDS
7122,00-0036081,STABLE_CROSSWALK,DL,4,0.34908055934180543,2,Understudy,4,7,23,B41F_FROZEN_MODEL_CURRENT_2026_COMPLETED_WEEKS,NOT_CALIBRATED_B42_DOES_NOT_INVENT_CONFIDENCE_THRESHOLDS
6825,00-0036366,STABLE_CROSSWALK,DL,4,0.34564239790055951,2,Understudy,4,7,23,B41F_FROZEN_MODEL_CURRENT_2026_COMPLETED_WEEKS,NOT_CALIBRATED_B42_DOES_NOT_INVENT_CONFIDENCE_THRESHOLDS
13445,00-0041033,STABLE_CROSSWALK,DL,4,0.34186316735775363,2,Understudy,4,7,23,B41F_FROZEN_MODEL_CURRENT_2026_COMPLETED_WEEKS,NOT_CALIBRATED_B42_DOES_NOT_INVENT_CONFIDENCE_THRESHOLDS
2993,00-0031957,STABLE_CROSSWALK,DL,4,0.33281162282385063,2,Understudy,3,7,23,B41F_FROZEN_MODEL_CURRENT_2026_COMPLETED_WEEKS,NOT_CALIBRATED_B42_DOES_NOT_INVENT_CONFIDENCE_THRESHOLDS
5615,00-0034657,STABLE_CROSSWALK,DL,4,0.3323738813801852,2,Understudy,4,7,23,B41F_FROZEN_MODEL_CURRENT_2026_COMPLETED_WEEKS,NOT_CALIBRATED_B42_DOES_NOT_INVENT_CONFIDENCE_THRESHOLDS
12560,00-0040756,STABLE_CROSSWALK,DL,4,0.33048091671673285,2,Understudy,2,7,23,B41F_FROZEN_MODEL_CURRENT_2026_COMPLETED_WEEKS,NOT_CALIBRATED_B42_DOES_NOT_INVENT_CONFIDENCE_THRESHOLDS
13480,00-0040880,STABLE_CROSSWALK,DL,4,0.32330728809431625,1,Depth,4,7,23,B41F_FROZEN_MODEL_CURRENT_2026_COMPLETED_WEEKS,NOT_CALIBRATED_B42_DOES_NOT_INVENT_CONFIDENCE_THRESHOLDS
13464,00-0041046,STABLE_CROSSWALK,DL,4,0.32114821691401113,1,Depth,4,7,23,B41F_FROZEN_MODEL_CURRENT_2026_COMPLETED_WEEKS,NOT_CALIBRATED_B42_DOES_NOT_INVENT_CONFIDENCE_THRESHOLDS
12671,00-0040183,STABLE_CROSSWALK,DL,4,0.31765779329542254,1,Depth,4,7,23,B41F_FROZEN_MODEL_CURRENT_2026_COMPLETED_WEEKS,NOT_CALIBRATED_B42_DOES_NOT_INVENT_CONFIDENCE_THRESHOLDS
12680,00-0040647,STABLE_CROSSWALK,DL,4,0.31130267368875658,1,Depth,4,7,23,B41F_FROZEN_MODEL_CURRENT_2026_COMPLETED_WEEKS,NOT_CALIBRATED_B42_DOES_NOT_INVENT_CONFIDENCE_THRESHOLDS
11795,00-0039402,STABLE_CROSSWALK,DL,4,0.30950663053168542,1,Depth,3,7,23,B41F_FROZEN_MODEL_CURRENT_2026_COMPLETED_WEEKS,NOT_CALIBRATED_B42_DOES_NOT_INVENT_CONFIDENCE_THRESHOLDS
13650,00-0041218,STABLE_CROSSWALK,DL,4,0.30681068827469687,1,Depth,3,7,23,B41F_FROZEN_MODEL_CURRENT_2026_COMPLETED_WEEKS,NOT_CALIBRATED_B42_DOES_NOT_INVENT_CONFIDENCE_THRESHOLDS
10966,00-0038603,STABLE_CROSSWALK,DL,4,0.30175993142166979,1,Depth,2,7,23,B41F_FROZEN_MODEL_CURRENT_2026_COMPLETED_WEEKS,NOT_CALIBRATED_B42_DOES_NOT_INVENT_CONFIDENCE_THRESHOLDS
1932,00-0031054,STABLE_CROSSWALK,DL,4,0.30108308237712966,1,Depth,3,7,23,B41F_FROZEN_MODEL_CURRENT_2026_COMPLETED_WEEKS,NOT_CALIBRATED_B42_DOES_NOT_INVENT_CONFIDENCE_THRESHOLDS
12927,00-0040041,STABLE_CROSSWALK,DL,4,0.29658894042830963,1,Depth,4,7,23,B41F_FROZEN_MODEL_CURRENT_2026_COMPLETED_WEEKS,NOT_CALIBRATED_B42_DOES_NOT_INVENT_CONFIDENCE_THRESHOLDS
13540,00-0041110,DOB_POSITION_OVERLAY,DL,4,0.2947017282775834,1,Depth,4,7,23,B41F_FROZEN_MODEL_CURRENT_2026_COMPLETED_WEEKS,NOT_CALIBRATED_B42_DOES_NOT_INVENT_CONFIDENCE_THRESHOLDS
13458,00-0041441,STABLE_CROSSWALK,DL,4,0.29344295873408272,1,Depth,4,7,23,B41F_FROZEN_MODEL_CURRENT_2026_COMPLETED_WEEKS,NOT_CALIBRATED_B42_DOES_NOT_INVENT_CONFIDENCE_THRESHOLDS
13387,00-0041390,DOB_POSITION_OVERLAY,DL,4,0.28596420079899126,1,Depth,1,7,23,B41F_FROZEN_MODEL_CURRENT_2026_COMPLETED_WEEKS,NOT_CALIBRATED_B42_DOES_NOT_INVENT_CONFIDENCE_THRESHOLDS
4058,00-0033870,STABLE_CROSSWALK,DL,4,0.28563227336365793,1,Depth,4,7,23,B41F_FROZEN_MODEL_CURRENT_2026_COMPLETED_WEEKS,NOT_CALIBRATED_B42_DOES_NOT_INVENT_CONFIDENCE_THRESHOLDS
3207,00-0033066,STABLE_CROSSWALK,DL,4,0.28172365558661316,1,Depth,1,7,23,B41F_FROZEN_MODEL_CURRENT_2026_COMPLETED_WEEKS,NOT_CALIBRATED_B42_DOES_NOT_INVENT_CONFIDENCE_THRESHOLDS
12583,00-0040752,STABLE_CROSSWALK,DL,4,0.28014429781663369,1,Depth,4,7,23,B41F_FROZEN_MODEL_CURRENT_2026_COMPLETED_WEEKS,NOT_CALIBRATED_B42_DOES_NOT_INVENT_CONFIDENCE_THRESHOLDS
12696,00-0040076,STABLE_CROSSWALK,DL,4,0.27834948574642543,1,Depth,2,7,23,B41F_FROZEN_MODEL_CURRENT_2026_COMPLETED_WEEKS,NOT_CALIBRATED_B42_DOES_NOT_INVENT_CONFIDENCE_THRESHOLDS
12919,00-0040384,DOB_POSITION_OVERLAY,DL,4,0.26859416784449996,1,Depth,2,7,23,B41F_FROZEN_MODEL_CURRENT_2026_COMPLETED_WEEKS,NOT_CALIBRATED_B42_DOES_NOT_INVENT_CONFIDENCE_THRESHOLDS
1553,00-0030070,STABLE_CROSSWALK,DL,4,0.26291729343246623,1,Depth,4,7,23,B41F_FROZEN_MODEL_CURRENT_2026_COMPLETED_WEEKS,NOT_CALIBRATED_B42_DOES_NOT_INVENT_CONFIDENCE_THRESHOLDS
5842,00-0035692,STABLE_CROSSWALK,DL,4,0.26079971048278822,1,Depth,3,7,23,B41F_FROZEN_MODEL_CURRENT_2026_COMPLETED_WEEKS,NOT_CALIBRATED_B42_DOES_NOT_INVENT_CONFIDENCE_THRESHOLDS
13860,00-0041305,STABLE_CROSSWALK,DL,4,0.26005169932161659,1,Depth,4,7,23,B41F_FROZEN_MODEL_CURRENT_2026_COMPLETED_WEEKS,NOT_CALIBRATED_B42_DOES_NOT_INVENT_CONFIDENCE_THRESHOLDS
7853,00-0036695,STABLE_CROSSWALK,DL,4,0.25915056498264166,1,Depth,2,7,23,B41F_FROZEN_MODEL_CURRENT_2026_COMPLETED_WEEKS,NOT_CALIBRATED_B42_DOES_NOT_INVENT_CONFIDENCE_THRESHOLDS
10925,00-0038978,STABLE_CROSSWALK,DL,4,0.2584122572611085,1,Depth,4,7,23,B41F_FROZEN_MODEL_CURRENT_2026_COMPLETED_WEEKS,NOT_CALIBRATED_B42_DOES_NOT_INVENT_CONFIDENCE_THRESHOLDS
12031,00-0039289,STABLE_CROSSWALK,DL,4,0.25595300083934103,1,Depth,2,7,23,B41F_FROZEN_MODEL_CURRENT_2026_COMPLETED_WEEKS,NOT_CALIBRATED_B42_DOES_NOT_INVENT_CONFIDENCE_THRESHOLDS
13373,00-0041111,DOB_POSITION_OVERLAY,DL,4,0.25470385165579079,1,Depth,4,7,23,B41F_FROZEN_MODEL_CURRENT_2026_COMPLETED_WEEKS,NOT_CALIBRATED_B42_DOES_NOT_INVENT_CONFIDENCE_THRESHOLDS
8316,00-0038107,STABLE_CROSSWALK,DL,4,0.25425070718934462,1,Depth,2,7,23,B41F_FROZEN_MODEL_CURRENT_2026_COMPLETED_WEEKS,NOT_CALIBRATED_B42_DOES_NOT_INVENT_CONFIDENCE_THRESHOLDS
8914,00-0037711,STABLE_CROSSWALK,DL,4,0.25296191110500049,1,Depth,1,7,23,B41F_FROZEN_MODEL_CURRENT_2026_COMPLETED_WEEKS,NOT_CALIBRATED_B42_DOES_NOT_INVENT_CONFIDENCE_THRESHOLDS
8370,00-0037294,STABLE_CROSSWALK,DL,4,0.25213031084579174,1,Depth,2,7,23,B41F_FROZEN_MODEL_CURRENT_2026_COMPLETED_WEEKS,NOT_CALIBRATED_B42_DOES_NOT_INVENT_CONFIDENCE_THRESHOLDS
12030,00-0039284,STABLE_CROSSWALK,DL,4,0.25135454828097009,1,Depth,4,7,23,B41F_FROZEN_MODEL_CURRENT_2026_COMPLETED_WEEKS,NOT_CALIBRATED_B42_DOES_NOT_INVENT_CONFIDENCE_THRESHOLDS
6887,00-0036237,STABLE_CROSSWALK,DL,4,0.24565771694715552,1,Depth,1,7,23,B41F_FROZEN_MODEL_CURRENT_2026_COMPLETED_WEEKS,NOT_CALIBRATED_B42_DOES_NOT_INVENT_CONFIDENCE_THRESHOLDS
8306,00-0037283,STABLE_CROSSWALK,DL,4,0.24013359501000878,1,Depth,1,7,23,B41F_FROZEN_MODEL_CURRENT_2026_COMPLETED_WEEKS,NOT_CALIBRATED_B42_DOES_NOT_INVENT_CONFIDENCE_THRESHOLDS
12689,00-0040199,STABLE_CROSSWALK,DL,4,0.23386261912218703,0,Speculative,1,7,23,B41F_FROZEN_MODEL_CURRENT_2026_COMPLETED_WEEKS,NOT_CALIBRATED_B42_DOES_NOT_INVENT_CONFIDENCE_THRESHOLDS
13224,00-0040689,DOB_POSITION_OVERLAY,DL,4,0.23386261912218703,0,Speculative,1,7,23,B41F_FROZEN_MODEL_CURRENT_2026_COMPLETED_WEEKS,NOT_CALIBRATED_B42_DOES_NOT_INVENT_CONFIDENCE_THRESHOLDS
12676,00-0040585,STABLE_CROSSWALK,DL,4,0.22972963230018095,0,Speculative,4,7,23,B41F_FROZEN_MODEL_CURRENT_2026_COMPLETED_WEEKS,NOT_CALIBRATED_B42_DOES_NOT_INVENT_CONFIDENCE_THRESHOLDS
8391,00-0037082,STABLE_CROSSWALK,DL,4,0.2278471976151025,0,Speculative,4,7,23,B41F_FROZEN_MODEL_CURRENT_2026_COMPLETED_WEEKS,NOT_CALIBRATED_B42_DOES_NOT_INVENT_CONFIDENCE_THRESHOLDS
12691,00-0040207,STABLE_CROSSWALK,DL,4,0.22615416817153425,0,Speculative,4,7,23,B41F_FROZEN_MODEL_CURRENT_2026_COMPLETED_WEEKS,NOT_CALIBRATED_B42_DOES_NOT_INVENT_CONFIDENCE_THRESHOLDS
7661,00-0036954,STABLE_CROSSWALK,DL,4,0.22430351690581851,0,Speculative,3,7,23,B41F_FROZEN_MODEL_CURRENT_2026_COMPLETED_WEEKS,NOT_CALIBRATED_B42_DOES_NOT_INVENT_CONFIDENCE_THRESHOLDS
8736,00-0037051,STABLE_CROSSWALK,DL,4,0.22236187418567113,0,Speculative,1,7,23,B41F_FROZEN_MODEL_CURRENT_2026_COMPLETED_WEEKS,NOT_CALIBRATED_B42_DOES_NOT_INVENT_CONFIDENCE_THRESHOLDS
7770,00-0036922,STABLE_CROSSWALK,DL,4,0.22057716335884084,0,Speculative,4,7,23,B41F_FROZEN_MODEL_CURRENT_2026_COMPLETED_WEEKS,NOT_CALIBRATED_B42_DOES_NOT_INVENT_CONFIDENCE_THRESHOLDS
12628,00-0040153,STABLE_CROSSWALK,DL,4,0.21507382028885061,0,Speculative,3,7,23,B41F_FROZEN_MODEL_CURRENT_2026_COMPLETED_WEEKS,NOT_CALIBRATED_B42_DOES_NOT_INVENT_CONFIDENCE_THRESHOLDS
12937,00-0040655,DOB_POSITION_OVERLAY,DL,4,0.21021624832501931,0,Speculative,3,7,23,B41F_FROZEN_MODEL_CURRENT_2026_COMPLETED_WEEKS,NOT_CALIBRATED_B42_DOES_NOT_INVENT_CONFIDENCE_THRESHOLDS
11319,00-0038514,STABLE_CROSSWALK,DL,4,0.19991137607527981,0,Speculative,4,7,23,B41F_FROZEN_MODEL_CURRENT_2026_COMPLETED_WEEKS,NOT_CALIBRATED_B42_DOES_NOT_INVENT_CONFIDENCE_THRESHOLDS
10942,00-0038575,STABLE_CROSSWALK,DL,4,0.1984450464197412,0,Speculative,1,7,23,B41F_FROZEN_MODEL_CURRENT_2026_COMPLETED_WEEKS,NOT_CALIBRATED_B42_DOES_NOT_INVENT_CONFIDENCE_THRESHOLDS
7880,00-0036788,STABLE_CROSSWALK,DL,4,0.19672680147561572,0,Speculative,2,7,23,B41F_FROZEN_MODEL_CURRENT_2026_COMPLETED_WEEKS,NOT_CALIBRATED_B42_DOES_NOT_INVENT_CONFIDENCE_THRESHOLDS
13476,00-0041045,STABLE_CROSSWALK,DL,4,0.19379207164750051,0,Speculative,3,7,23,B41F_FROZEN_MODEL_CURRENT_2026_COMPLETED_WEEKS,NOT_CALIBRATED_B42_DOES_NOT_INVENT_CONFIDENCE_THRESHOLDS
10982,00-0038591,STABLE_CROSSWALK,DL,4,0.19082413556570715,0,Speculative,2,7,23,B41F_FROZEN_MODEL_CURRENT_2026_COMPLETED_WEEKS,NOT_CALIBRATED_B42_DOES_NOT_INVENT_CONFIDENCE_THRESHOLDS
10877,00-0038545,STABLE_CROSSWALK,DL,4,0.18477976664305251,0,Speculative,1,7,23,B41F_FROZEN_MODEL_CURRENT_2026_COMPLETED_WEEKS,NOT_CALIBRATED_B42_DOES_NOT_INVENT_CONFIDENCE_THRESHOLDS
14035,00-0041459,STABLE_CROSSWALK,DL,4,0.18415969667159432,0,Speculative,4,7,23,B41F_FROZEN_MODEL_CURRENT_2026_COMPLETED_WEEKS,NOT_CALIBRATED_B42_DOES_NOT_INVENT_CONFIDENCE_THRESHOLDS
12651,00-0040662,STABLE_CROSSWALK,DL,4,0.18334942520650857,0,Speculative,4,7,23,B41F_FROZEN_MODEL_CURRENT_2026_COMPLETED_WEEKS,NOT_CALIBRATED_B42_DOES_NOT_INVENT_CONFIDENCE_THRESHOLDS
13664,00-0041358,DOB_POSITION_OVERLAY,DL,4,0.18104663854329908,0,Speculative,2,7,23,B41F_FROZEN_MODEL_CURRENT_2026_COMPLETED_WEEKS,NOT_CALIBRATED_B42_DOES_NOT_INVENT_CONFIDENCE_THRESHOLDS
5351,00-0034371,STABLE_CROSSWALK,DL,4,0.17793756547650025,0,Speculative,1,7,23,B41F_FROZEN_MODEL_CURRENT_2026_COMPLETED_WEEKS,NOT_CALIBRATED_B42_DOES_NOT_INVENT_CONFIDENCE_THRESHOLDS
8850,00-0037356,STABLE_CROSSWALK,DL,4,0.17793756547650025,0,Speculative,1,7,23,B41F_FROZEN_MODEL_CURRENT_2026_COMPLETED_WEEKS,NOT_CALIBRATED_B42_DOES_NOT_INVENT_CONFIDENCE_THRESHOLDS
11828,00-0039433,STABLE_CROSSWALK,DL,4,0.17508459466086695,0,Speculative,2,7,23,B41F_FROZEN_MODEL_CURRENT_2026_COMPLETED_WEEKS,NOT_CALIBRATED_B42_DOES_NOT_INVENT_CONFIDENCE_THRESHOLDS
8520,00-0037843,STABLE_CROSSWALK,DL,4,0.16199475340992042,0,Speculative,4,7,23,B41F_FROZEN_MODEL_CURRENT_2026_COMPLETED_WEEKS,NOT_CALIBRATED_B42_DOES_NOT_INVENT_CONFIDENCE_THRESHOLDS
13566,00-0041531,STABLE_CROSSWALK,DL,4,0.16011166639815619,0,Speculative,1,7,23,B41F_FROZEN_MODEL_CURRENT_2026_COMPLETED_WEEKS,NOT_CALIBRATED_B42_DOES_NOT_INVENT_CONFIDENCE_THRESHOLDS
11396,00-0038694,STABLE_CROSSWALK,DL,4,0.15809733515968263,0,Speculative,2,7,23,B41F_FROZEN_MODEL_CURRENT_2026_COMPLETED_WEEKS,NOT_CALIBRATED_B42_DOES_NOT_INVENT_CONFIDENCE_THRESHOLDS
12910,00-0040329,STABLE_CROSSWALK,DL,4,0.15356667550426048,0,Speculative,1,7,23,B41F_FROZEN_MODEL_CURRENT_2026_COMPLETED_WEEKS,NOT_CALIBRATED_B42_DOES_NOT_INVENT_CONFIDENCE_THRESHOLDS
11533,00-0037692,STABLE_CROSSWALK,K,4,0.59352853107076775,6,Elite,4,4,14,B41F_FROZEN_MODEL_CURRENT_2026_COMPLETED_WEEKS,NOT_CALIBRATED_B42_DOES_NOT_INVENT_CONFIDENCE_THRESHOLDS
11539,00-0039172,STABLE_CROSSWALK,K,4,0.57593144879360703,6,Elite,4,4,14,B41F_FROZEN_MODEL_CURRENT_2026_COMPLETED_WEEKS,NOT_CALIBRATED_B42_DOES_NOT_INVENT_CONFIDENCE_THRESHOLDS
12711,00-0040074,STABLE_CROSSWALK,K,4,0.5689487505875308,6,Elite,4,4,14,B41F_FROZEN_MODEL_CURRENT_2026_COMPLETED_WEEKS,NOT_CALIBRATED_B42_DOES_NOT_INVENT_CONFIDENCE_THRESHOLDS
12185,00-0039576,STABLE_CROSSWALK,K,4,0.56392775973357856,6,Elite,4,4,14,B41F_FROZEN_MODEL_CURRENT_2026_COMPLETED_WEEKS,NOT_CALIBRATED_B42_DOES_NOT_INVENT_CONFIDENCE_THRESHOLDS
12961,00-0040279,STABLE_CROSSWALK,K,4,0.55638891910581645,6,Elite,4,4,14,B41F_FROZEN_MODEL_CURRENT_2026_COMPLETED_WEEKS,NOT_CALIBRATED_B42_DOES_NOT_INVENT_CONFIDENCE_THRESHOLDS
11786,00-0039409,STABLE_CROSSWALK,K,4,0.55141548511069194,6,Elite,4,4,14,B41F_FROZEN_MODEL_CURRENT_2026_COMPLETED_WEEKS,NOT_CALIBRATED_B42_DOES_NOT_INVENT_CONFIDENCE_THRESHOLDS
6083,00-0035269,STABLE_CROSSWALK,K,4,0.54781929653486405,5,Every-Down,4,4,14,B41F_FROZEN_MODEL_CURRENT_2026_COMPLETED_WEEKS,NOT_CALIBRATED_B42_DOES_NOT_INVENT_CONFIDENCE_THRESHOLDS
4227,00-0033303,STABLE_CROSSWALK,K,4,0.54640018854574635,5,Every-Down,4,4,14,B41F_FROZEN_MODEL_CURRENT_2026_COMPLETED_WEEKS,NOT_CALIBRATED_B42_DOES_NOT_INVENT_CONFIDENCE_THRESHOLDS
7839,00-0036854,STABLE_CROSSWALK,K,4,0.54559929530157047,5,Every-Down,4,4,14,B41F_FROZEN_MODEL_CURRENT_2026_COMPLETED_WEEKS,NOT_CALIBRATED_B42_DOES_NOT_INVENT_CONFIDENCE_THRESHOLDS
7042,00-0036162,STABLE_CROSSWALK,K,4,0.5383420487637659,4,Starter,4,4,14,B41F_FROZEN_MODEL_CURRENT_2026_COMPLETED_WEEKS,NOT_CALIBRATED_B42_DOES_NOT_INVENT_CONFIDENCE_THRESHOLDS
5189,00-0034173,STABLE_CROSSWALK,K,4,0.53377571412261149,4,Starter,4,4,14,B41F_FROZEN_MODEL_CURRENT_2026_COMPLETED_WEEKS,NOT_CALIBRATED_B42_DOES_NOT_INVENT_CONFIDENCE_THRESHOLDS
650,00-0025565,STABLE_CROSSWALK,K,4,0.52751362267225832,4,Starter,4,4,14,B41F_FROZEN_MODEL_CURRENT_2026_COMPLETED_WEEKS,NOT_CALIBRATED_B42_DOES_NOT_INVENT_CONFIDENCE_THRESHOLDS
10955,00-0038567,STABLE_CROSSWALK,K,4,0.52031297990053982,4,Starter,4,4,14,B41F_FROZEN_MODEL_CURRENT_2026_COMPLETED_WEEKS,NOT_CALIBRATED_B42_DOES_NOT_INVENT_CONFIDENCE_THRESHOLDS
2747,00-0031492,STABLE_CROSSWALK,K,4,0.51399180514521792,4,Starter,4,4,14,B41F_FROZEN_MODEL_CURRENT_2026_COMPLETED_WEEKS,NOT_CALIBRATED_B42_DOES_NOT_INVENT_CONFIDENCE_THRESHOLDS
11792,00-0039404,STABLE_CROSSWALK,K,4,0.51398323990691885,4,Starter,4,4,14,B41F_FROZEN_MODEL_CURRENT_2026_COMPLETED_WEEKS,NOT_CALIBRATED_B42_DOES_NOT_INVENT_CONFIDENCE_THRESHOLDS
2020,00-0031203,STABLE_CROSSWALK,K,4,0.51151066564220526,4,Starter,4,4,14,B41F_FROZEN_MODEL_CURRENT_2026_COMPLETED_WEEKS,NOT_CALIBRATED_B42_DOES_NOT_INVENT_CONFIDENCE_THRESHOLDS
11261,00-0038428,STABLE_CROSSWALK,K,4,0.49889139964747958,4,Starter,4,4,14,B41F_FROZEN_MODEL_CURRENT_2026_COMPLETED_WEEKS,NOT_CALIBRATED_B42_DOES_NOT_INVENT_CONFIDENCE_THRESHOLDS
12015,00-0039498,STABLE_CROSSWALK,K,4,0.4978297938412436,4,Starter,4,4,14,B41F_FROZEN_MODEL_CURRENT_2026_COMPLETED_WEEKS,NOT_CALIBRATED_B42_DOES_NOT_INVENT_CONFIDENCE_THRESHOLDS
3451,00-0032726,STABLE_CROSSWALK,K,4,0.49354614554373588,3,Rotational,4,4,14,B41F_FROZEN_MODEL_CURRENT_2026_COMPLETED_WEEKS,NOT_CALIBRATED_B42_DOES_NOT_INVENT_CONFIDENCE_THRESHOLDS
13968,00-0041182,DOB_POSITION_OVERLAY,K,4,0.49183996040471745,3,Rotational,4,4,14,B41F_FROZEN_MODEL_CURRENT_2026_COMPLETED_WEEKS,NOT_CALIBRATED_B42_DOES_NOT_INVENT_CONFIDENCE_THRESHOLDS
6650,00-0035358,STABLE_CROSSWALK,K,4,0.48880485809804541,3,Rotational,4,4,14,B41F_FROZEN_MODEL_CURRENT_2026_COMPLETED_WEEKS,NOT_CALIBRATED_B42_DOES_NOT_INVENT_CONFIDENCE_THRESHOLDS
5095,00-0034161,STABLE_CROSSWALK,K,4,0.4865721507504614,3,Rotational,4,4,14,B41F_FROZEN_MODEL_CURRENT_2026_COMPLETED_WEEKS,NOT_CALIBRATED_B42_DOES_NOT_INVENT_CONFIDENCE_THRESHOLDS
13833,00-0041145,DOB_POSITION_OVERLAY,K,4,0.46837939580011873,2,Understudy,4,4,14,B41F_FROZEN_MODEL_CURRENT_2026_COMPLETED_WEEKS,NOT_CALIBRATED_B42_DOES_NOT_INVENT_CONFIDENCE_THRESHOLDS
8259,00-0037224,STABLE_CROSSWALK,K,4,0.44865167562009689,2,Understudy,4,4,14,B41F_FROZEN_MODEL_CURRENT_2026_COMPLETED_WEEKS,NOT_CALIBRATED_B42_DOES_NOT_INVENT_CONFIDENCE_THRESHOLDS
1945,00-0031136,STABLE_CROSSWALK,K,4,0.44643680638321565,1,Depth,4,4,14,B41F_FROZEN_MODEL_CURRENT_2026_COMPLETED_WEEKS,NOT_CALIBRATED_B42_DOES_NOT_INVENT_CONFIDENCE_THRESHOLDS
4195,00-0033787,STABLE_CROSSWALK,K,4,0.44528743642580393,1,Depth,4,4,14,B41F_FROZEN_MODEL_CURRENT_2026_COMPLETED_WEEKS,NOT_CALIBRATED_B42_DOES_NOT_INVENT_CONFIDENCE_THRESHOLDS
5119,00-0034794,STABLE_CROSSWALK,K,4,0.43276257278537283,1,Depth,4,4,14,B41F_FROZEN_MODEL_CURRENT_2026_COMPLETED_WEEKS,NOT_CALIBRATED_B42_DOES_NOT_INVENT_CONFIDENCE_THRESHOLDS
12713,00-0040200,STABLE_CROSSWALK,K,4,0.41159277340193789,0,Speculative,4,4,14,B41F_FROZEN_MODEL_CURRENT_2026_COMPLETED_WEEKS,NOT_CALIBRATED_B42_DOES_NOT_INVENT_CONFIDENCE_THRESHOLDS
3678,00-0032569,STABLE_CROSSWALK,K,4,0.40962181968284966,0,Speculative,4,4,14,B41F_FROZEN_MODEL_CURRENT_2026_COMPLETED_WEEKS,NOT_CALIBRATED_B42_DOES_NOT_INVENT_CONFIDENCE_THRESHOLDS
7922,00-0036816,STABLE_CROSSWALK,K,4,0.38650489802130489,0,Speculative,4,4,14,B41F_FROZEN_MODEL_CURRENT_2026_COMPLETED_WEEKS,NOT_CALIBRATED_B42_DOES_NOT_INVENT_CONFIDENCE_THRESHOLDS
6528,00-0035192,STABLE_CROSSWALK,K,4,0.38388856265592342,0,Speculative,4,4,14,B41F_FROZEN_MODEL_CURRENT_2026_COMPLETED_WEEKS,NOT_CALIBRATED_B42_DOES_NOT_INVENT_CONFIDENCE_THRESHOLDS
1052,00-0029607,STABLE_CROSSWALK,LB,4,0.89604587935619373,6,Elite,4,7,23,B41F_FROZEN_MODEL_CURRENT_2026_COMPLETED_WEEKS,NOT_CALIBRATED_B42_DOES_NOT_INVENT_CONFIDENCE_THRESHOLDS
13377,00-0041509,STABLE_CROSSWALK,LB,4,0.89212595707027509,6,Elite,4,7,23,B41F_FROZEN_MODEL_CURRENT_2026_COMPLETED_WEEKS,NOT_CALIBRATED_B42_DOES_NOT_INVENT_CONFIDENCE_THRESHOLDS
4968,00-0034673,STABLE_CROSSWALK,LB,4,0.89194480938377774,6,Elite,4,7,23,B41F_FROZEN_MODEL_CURRENT_2026_COMPLETED_WEEKS,NOT_CALIBRATED_B42_DOES_NOT_INVENT_CONFIDENCE_THRESHOLDS
2617,00-0031898,STABLE_CROSSWALK,LB,4,0.88951993897479664,6,Elite,4,7,23,B41F_FROZEN_MODEL_CURRENT_2026_COMPLETED_WEEKS,NOT_CALIBRATED_B42_DOES_NOT_INVENT_CONFIDENCE_THRESHOLDS
13453,00-0041522,STABLE_CROSSWALK,LB,4,0.88856859731289295,6,Elite,4,7,23,B41F_FROZEN_MODEL_CURRENT_2026_COMPLETED_WEEKS,NOT_CALIBRATED_B42_DOES_NOT_INVENT_CONFIDENCE_THRESHOLDS
7672,00-0036994,STABLE_CROSSWALK,LB,4,0.88826968656401295,6,Elite,4,7,23,B41F_FROZEN_MODEL_CURRENT_2026_COMPLETED_WEEKS,NOT_CALIBRATED_B42_DOES_NOT_INVENT_CONFIDENCE_THRESHOLDS
7648,00-0036621,STABLE_CROSSWALK,LB,4,0.88678224765106506,6,Elite,4,7,23,B41F_FROZEN_MODEL_CURRENT_2026_COMPLETED_WEEKS,NOT_CALIBRATED_B42_DOES_NOT_INVENT_CONFIDENCE_THRESHOLDS
6302,00-0035316,STABLE_CROSSWALK,LB,4,0.88427809467353946,6,Elite,3,7,23,B41F_FROZEN_MODEL_CURRENT_2026_COMPLETED_WEEKS,NOT_CALIBRATED_B42_DOES_NOT_INVENT_CONFIDENCE_THRESHOLDS
12646,00-0040157,STABLE_CROSSWALK,LB,4,0.88160033896895196,6,Elite,4,7,23,B41F_FROZEN_MODEL_CURRENT_2026_COMPLETED_WEEKS,NOT_CALIBRATED_B42_DOES_NOT_INVENT_CONFIDENCE_THRESHOLDS
8267,00-0037615,STABLE_CROSSWALK,LB,4,0.87694559052209031,6,Elite,4,7,23,B41F_FROZEN_MODEL_CURRENT_2026_COMPLETED_WEEKS,NOT_CALIBRATED_B42_DOES_NOT_INVENT_CONFIDENCE_THRESHOLDS
10880,00-0039018,STABLE_CROSSWALK,LB,4,0.87557911483201312,6,Elite,4,7,23,B41F_FROZEN_MODEL_CURRENT_2026_COMPLETED_WEEKS,NOT_CALIBRATED_B42_DOES_NOT_INVENT_CONFIDENCE_THRESHOLDS
8266,00-0037074,STABLE_CROSSWALK,LB,4,0.86959592503799632,6,Elite,4,7,23,B41F_FROZEN_MODEL_CURRENT_2026_COMPLETED_WEEKS,NOT_CALIBRATED_B42_DOES_NOT_INVENT_CONFIDENCE_THRESHOLDS
4960,00-0034874,STABLE_CROSSWALK,LB,4,0.86750156672920831,6,Elite,4,7,23,B41F_FROZEN_MODEL_CURRENT_2026_COMPLETED_WEEKS,NOT_CALIBRATED_B42_DOES_NOT_INVENT_CONFIDENCE_THRESHOLDS
8329,00-0037244,STABLE_CROSSWALK,LB,4,0.86691091216876826,6,Elite,3,7,23,B41F_FROZEN_MODEL_CURRENT_2026_COMPLETED_WEEKS,NOT_CALIBRATED_B42_DOES_NOT_INVENT_CONFIDENCE_THRESHOLDS
13365,00-0041479,STABLE_CROSSWALK,LB,4,0.86506240771598009,6,Elite,4,7,23,B41F_FROZEN_MODEL_CURRENT_2026_COMPLETED_WEEKS,NOT_CALIBRATED_B42_DOES_NOT_INVENT_CONFIDENCE_THRESHOLDS
12578,00-0040579,STABLE_CROSSWALK,LB,4,0.85580063634115155,6,Elite,4,7,23,B41F_FROZEN_MODEL_CURRENT_2026_COMPLETED_WEEKS,NOT_CALIBRATED_B42_DOES_NOT_INVENT_CONFIDENCE_THRESHOLDS
6217,00-0035276,STABLE_CROSSWALK,LB,4,0.85405587750351541,6,Elite,4,7,23,B41F_FROZEN_MODEL_CURRENT_2026_COMPLETED_WEEKS,NOT_CALIBRATED_B42_DOES_NOT_INVENT_CONFIDENCE_THRESHOLDS
6815,00-0036418,STABLE_CROSSWALK,LB,4,0.85396914391262813,6,Elite,3,7,23,B41F_FROZEN_MODEL_CURRENT_2026_COMPLETED_WEEKS,NOT_CALIBRATED_B42_DOES_NOT_INVENT_CONFIDENCE_THRESHOLDS
6807,00-0036323,STABLE_CROSSWALK,LB,4,0.8478763905492841,6,Elite,4,7,23,B41F_FROZEN_MODEL_CURRENT_2026_COMPLETED_WEEKS,NOT_CALIBRATED_B42_DOES_NOT_INVENT_CONFIDENCE_THRESHOLDS
5041,00-0034815,STABLE_CROSSWALK,LB,4,0.84485871647927202,6,Elite,4,7,23,B41F_FROZEN_MODEL_CURRENT_2026_COMPLETED_WEEKS,NOT_CALIBRATED_B42_DOES_NOT_INVENT_CONFIDENCE_THRESHOLDS
6949,00-0036409,STABLE_CROSSWALK,LB,4,0.84337495805816898,6,Elite,4,7,23,B41F_FROZEN_MODEL_CURRENT_2026_COMPLETED_WEEKS,NOT_CALIBRATED_B42_DOES_NOT_INVENT_CONFIDENCE_THRESHOLDS
5332,00-0034413,STABLE_CROSSWALK,LB,4,0.8390874617337658,6,Elite,4,7,23,B41F_FROZEN_MODEL_CURRENT_2026_COMPLETED_WEEKS,NOT_CALIBRATED_B42_DOES_NOT_INVENT_CONFIDENCE_THRESHOLDS
7921,00-0036813,STABLE_CROSSWALK,LB,4,0.83894358269199365,6,Elite,4,7,23,B41F_FROZEN_MODEL_CURRENT_2026_COMPLETED_WEEKS,NOT_CALIBRATED_B42_DOES_NOT_INVENT_CONFIDENCE_THRESHOLDS
5346,00-0034431,STABLE_CROSSWALK,LB,4,0.83866420608211256,6,Elite,4,7,23,B41F_FROZEN_MODEL_CURRENT_2026_COMPLETED_WEEKS,NOT_CALIBRATED_B42_DOES_NOT_INVENT_CONFIDENCE_THRESHOLDS
6860,00-0036298,STABLE_CROSSWALK,LB,4,0.83738390570976684,6,Elite,4,7,23,B41F_FROZEN_MODEL_CURRENT_2026_COMPLETED_WEEKS,NOT_CALIBRATED_B42_DOES_NOT_INVENT_CONFIDENCE_THRESHOLDS
5726,00-0034720,STABLE_CROSSWALK,LB,4,0.83306518753073877,6,Elite,4,7,23,B41F_FROZEN_MODEL_CURRENT_2026_COMPLETED_WEEKS,NOT_CALIBRATED_B42_DOES_NOT_INVENT_CONFIDENCE_THRESHOLDS
12566,00-0040708,STABLE_CROSSWALK,LB,4,0.8329064637342487,6,Elite,4,7,23,B41F_FROZEN_MODEL_CURRENT_2026_COMPLETED_WEEKS,NOT_CALIBRATED_B42_DOES_NOT_INVENT_CONFIDENCE_THRESHOLDS
6131,00-0035144,STABLE_CROSSWALK,LB,4,0.83131705691379365,6,Elite,4,7,23,B41F_FROZEN_MODEL_CURRENT_2026_COMPLETED_WEEKS,NOT_CALIBRATED_B42_DOES_NOT_INVENT_CONFIDENCE_THRESHOLDS
7841,00-0036500,STABLE_CROSSWALK,LB,4,0.8278799686782583,6,Elite,4,7,23,B41F_FROZEN_MODEL_CURRENT_2026_COMPLETED_WEEKS,NOT_CALIBRATED_B42_DOES_NOT_INVENT_CONFIDENCE_THRESHOLDS
5960,00-0035386,STABLE_CROSSWALK,LB,4,0.81969718607286846,6,Elite,4,7,23,B41F_FROZEN_MODEL_CURRENT_2026_COMPLETED_WEEKS,NOT_CALIBRATED_B42_DOES_NOT_INVENT_CONFIDENCE_THRESHOLDS
13379,00-0041502,STABLE_CROSSWALK,LB,4,0.8194417886620462,6,Elite,3,7,23,B41F_FROZEN_MODEL_CURRENT_2026_COMPLETED_WEEKS,NOT_CALIBRATED_B42_DOES_NOT_INVENT_CONFIDENCE_THRESHOLDS
4118,00-0033914,STABLE_CROSSWALK,LB,4,0.81703381257749585,6,Elite,4,7,23,B41F_FROZEN_MODEL_CURRENT_2026_COMPLETED_WEEKS,NOT_CALIBRATED_B42_DOES_NOT_INVENT_CONFIDENCE_THRESHOLDS
8311,00-0037254,STABLE_CROSSWALK,LB,4,0.81467082098551602,6,Elite,4,7,23,B41F_FROZEN_MODEL_CURRENT_2026_COMPLETED_WEEKS,NOT_CALIBRATED_B42_DOES_NOT_INVENT_CONFIDENCE_THRESHOLDS
5843,00-0035525,STABLE_CROSSWALK,LB,4,0.8113271987113303,6,Elite,4,7,23,B41F_FROZEN_MODEL_CURRENT_2026_COMPLETED_WEEKS,NOT_CALIBRATED_B42_DOES_NOT_INVENT_CONFIDENCE_THRESHOLDS
11470,00-0038922,STABLE_CROSSWALK,LB,4,0.80837048159737657,5,Every-Down,4,7,23,B41F_FROZEN_MODEL_CURRENT_2026_COMPLETED_WEEKS,NOT_CALIBRATED_B42_DOES_NOT_INVENT_CONFIDENCE_THRESHOLDS
11667,00-0039924,STABLE_CROSSWALK,LB,4,0.80746541159352014,5,Every-Down,4,7,23,B41F_FROZEN_MODEL_CURRENT_2026_COMPLETED_WEEKS,NOT_CALIBRATED_B42_DOES_NOT_INVENT_CONFIDENCE_THRESHOLDS
8680,00-0037596,STABLE_CROSSWALK,LB,4,0.80303681085246492,5,Every-Down,4,7,23,B41F_FROZEN_MODEL_CURRENT_2026_COMPLETED_WEEKS,NOT_CALIBRATED_B42_DOES_NOT_INVENT_CONFIDENCE_THRESHOLDS
6214,00-0035680,STABLE_CROSSWALK,LB,4,0.80133296005908572,5,Every-Down,4,7,23,B41F_FROZEN_MODEL_CURRENT_2026_COMPLETED_WEEKS,NOT_CALIBRATED_B42_DOES_NOT_INVENT_CONFIDENCE_THRESHOLDS
4413,00-0033336,STABLE_CROSSWALK,LB,4,0.80022367005933437,5,Every-Down,4,7,23,B41F_FROZEN_MODEL_CURRENT_2026_COMPLETED_WEEKS,NOT_CALIBRATED_B42_DOES_NOT_INVENT_CONFIDENCE_THRESHOLDS
6485,00-0035166,STABLE_CROSSWALK,LB,4,0.79687820106216911,5,Every-Down,3,7,23,B41F_FROZEN_MODEL_CURRENT_2026_COMPLETED_WEEKS,NOT_CALIBRATED_B42_DOES_NOT_INVENT_CONFIDENCE_THRESHOLDS
7627,00-0036914,STABLE_CROSSWALK,LB,4,0.79629590098813441,5,Every-Down,4,7,23,B41F_FROZEN_MODEL_CURRENT_2026_COMPLETED_WEEKS,NOT_CALIBRATED_B42_DOES_NOT_INVENT_CONFIDENCE_THRESHOLDS
10898,00-0039111,STABLE_CROSSWALK,LB,4,0.79106156391402138,5,Every-Down,4,7,23,B41F_FROZEN_MODEL_CURRENT_2026_COMPLETED_WEEKS,NOT_CALIBRATED_B42_DOES_NOT_INVENT_CONFIDENCE_THRESHOLDS
10917,00-0039137,STABLE_CROSSWALK,LB,4,0.78981010566376952,5,Every-Down,4,7,23,B41F_FROZEN_MODEL_CURRENT_2026_COMPLETED_WEEKS,NOT_CALIBRATED_B42_DOES_NOT_INVENT_CONFIDENCE_THRESHOLDS
8349,00-0037457,STABLE_CROSSWALK,LB,4,0.78607199246214654,5,Every-Down,4,7,23,B41F_FROZEN_MODEL_CURRENT_2026_COMPLETED_WEEKS,NOT_CALIBRATED_B42_DOES_NOT_INVENT_CONFIDENCE_THRESHOLDS
10914,00-0038553,STABLE_CROSSWALK,LB,4,0.78414624246081888,5,Every-Down,4,7,23,B41F_FROZEN_MODEL_CURRENT_2026_COMPLETED_WEEKS,NOT_CALIBRATED_B42_DOES_NOT_INVENT_CONFIDENCE_THRESHOLDS
11727,00-0039741,STABLE_CROSSWALK,LB,4,0.78298471622122179,5,Every-Down,4,7,23,B41F_FROZEN_MODEL_CURRENT_2026_COMPLETED_WEEKS,NOT_CALIBRATED_B42_DOES_NOT_INVENT_CONFIDENCE_THRESHOLDS
8659,00-0037587,STABLE_CROSSWALK,LB,4,0.78131126764805103,5,Every-Down,4,7,23,B41F_FROZEN_MODEL_CURRENT_2026_COMPLETED_WEEKS,NOT_CALIBRATED_B42_DOES_NOT_INVENT_CONFIDENCE_THRESHOLDS
13375,00-0041028,STABLE_CROSSWALK,LB,4,0.76882429868789959,5,Every-Down,4,7,23,B41F_FROZEN_MODEL_CURRENT_2026_COMPLETED_WEEKS,NOT_CALIBRATED_B42_DOES_NOT_INVENT_CONFIDENCE_THRESHOLDS
12617,00-0040738,STABLE_CROSSWALK,LB,4,0.7672363698999376,5,Every-Down,4,7,23,B41F_FROZEN_MODEL_CURRENT_2026_COMPLETED_WEEKS,NOT_CALIBRATED_B42_DOES_NOT_INVENT_CONFIDENCE_THRESHOLDS
6183,00-0035272,STABLE_CROSSWALK,LB,4,0.76623644997308404,5,Every-Down,4,7,23,B41F_FROZEN_MODEL_CURRENT_2026_COMPLETED_WEEKS,NOT_CALIBRATED_B42_DOES_NOT_INVENT_CONFIDENCE_THRESHOLDS
5944,00-0035687,STABLE_CROSSWALK,LB,4,0.76506441857071195,5,Every-Down,4,7,23,B41F_FROZEN_MODEL_CURRENT_2026_COMPLETED_WEEKS,NOT_CALIBRATED_B42_DOES_NOT_INVENT_CONFIDENCE_THRESHOLDS
6141,00-0035262,STABLE_CROSSWALK,LB,4,0.76460042388894256,5,Every-Down,4,7,23,B41F_FROZEN_MODEL_CURRENT_2026_COMPLETED_WEEKS,NOT_CALIBRATED_B42_DOES_NOT_INVENT_CONFIDENCE_THRESHOLDS
11687,00-0039850,STABLE_CROSSWALK,LB,4,0.76001106055430723,5,Every-Down,4,7,23,B41F_FROZEN_MODEL_CURRENT_2026_COMPLETED_WEEKS,NOT_CALIBRATED_B42_DOES_NOT_INVENT_CONFIDENCE_THRESHOLDS
6056,00-0034982,STABLE_CROSSWALK,LB,4,0.75675058382224625,5,Every-Down,4,7,23,B41F_FROZEN_MODEL_CURRENT_2026_COMPLETED_WEEKS,NOT_CALIBRATED_B42_DOES_NOT_INVENT_CONFIDENCE_THRESHOLDS
12574,00-0040677,STABLE_CROSSWALK,LB,4,0.74659250528483012,5,Every-Down,4,7,23,B41F_FROZEN_MODEL_CURRENT_2026_COMPLETED_WEEKS,NOT_CALIBRATED_B42_DOES_NOT_INVENT_CONFIDENCE_THRESHOLDS
12978,00-0040574,STABLE_CROSSWALK,LB,4,0.74656003762720768,5,Every-Down,4,7,23,B41F_FROZEN_MODEL_CURRENT_2026_COMPLETED_WEEKS,NOT_CALIBRATED_B42_DOES_NOT_INVENT_CONFIDENCE_THRESHOLDS
4070,00-0033886,STABLE_CROSSWALK,LB,4,0.74521846337900399,5,Every-Down,4,7,23,B41F_FROZEN_MODEL_CURRENT_2026_COMPLETED_WEEKS,NOT_CALIBRATED_B42_DOES_NOT_INVENT_CONFIDENCE_THRESHOLDS
13363,00-0041026,DOB_POSITION_OVERLAY,LB,4,0.73869824928608108,5,Every-Down,4,7,23,B41F_FROZEN_MODEL_CURRENT_2026_COMPLETED_WEEKS,NOT_CALIBRATED_B42_DOES_NOT_INVENT_CONFIDENCE_THRESHOLDS
11017,00-0038625,STABLE_CROSSWALK,LB,4,0.73812215589165242,5,Every-Down,4,7,23,B41F_FROZEN_MODEL_CURRENT_2026_COMPLETED_WEEKS,NOT_CALIBRATED_B42_DOES_NOT_INVENT_CONFIDENCE_THRESHOLDS
5580,00-0034302,STABLE_CROSSWALK,LB,4,0.73502003199536747,5,Every-Down,2,7,23,B41F_FROZEN_MODEL_CURRENT_2026_COMPLETED_WEEKS,NOT_CALIBRATED_B42_DOES_NOT_INVENT_CONFIDENCE_THRESHOLDS
4967,00-0034832,STABLE_CROSSWALK,LB,4,0.73396171111445674,5,Every-Down,4,7,23,B41F_FROZEN_MODEL_CURRENT_2026_COMPLETED_WEEKS,NOT_CALIBRATED_B42_DOES_NOT_INVENT_CONFIDENCE_THRESHOLDS
10885,00-0039112,STABLE_CROSSWALK,LB,4,0.73317016281040448,5,Every-Down,4,7,23,B41F_FROZEN_MODEL_CURRENT_2026_COMPLETED_WEEKS,NOT_CALIBRATED_B42_DOES_NOT_INVENT_CONFIDENCE_THRESHOLDS
6977,00-0036428,STABLE_CROSSWALK,LB,4,0.73223204902717887,5,Every-Down,4,7,23,B41F_FROZEN_MODEL_CURRENT_2026_COMPLETED_WEEKS,NOT_CALIBRATED_B42_DOES_NOT_INVENT_CONFIDENCE_THRESHOLDS
10947,00-0038570,STABLE_CROSSWALK,LB,4,0.73113053643285808,5,Every-Down,4,7,23,B41F_FROZEN_MODEL_CURRENT_2026_COMPLETED_WEEKS,NOT_CALIBRATED_B42_DOES_NOT_INVENT_CONFIDENCE_THRESHOLDS
7677,00-0036990,STABLE_CROSSWALK,LB,4,0.73089148397035897,5,Every-Down,4,7,23,B41F_FROZEN_MODEL_CURRENT_2026_COMPLETED_WEEKS,NOT_CALIBRATED_B42_DOES_NOT_INVENT_CONFIDENCE_THRESHOLDS
7726,00-0036964,STABLE_CROSSWALK,LB,4,0.73063439407553843,5,Every-Down,4,7,23,B41F_FROZEN_MODEL_CURRENT_2026_COMPLETED_WEEKS,NOT_CALIBRATED_B42_DOES_NOT_INVENT_CONFIDENCE_THRESHOLDS
6065,00-0035672,STABLE_CROSSWALK,LB,4,0.71546223140352194,5,Every-Down,4,7,23,B41F_FROZEN_MODEL_CURRENT_2026_COMPLETED_WEEKS,NOT_CALIBRATED_B42_DOES_NOT_INVENT_CONFIDENCE_THRESHOLDS
7647,00-0036927,STABLE_CROSSWALK,LB,4,0.7139025566237216,5,Every-Down,4,7,23,B41F_FROZEN_MODEL_CURRENT_2026_COMPLETED_WEEKS,NOT_CALIBRATED_B42_DOES_NOT_INVENT_CONFIDENCE_THRESHOLDS
10923,00-0038557,STABLE_CROSSWALK,LB,4,0.71181026897502009,5,Every-Down,4,7,23,B41F_FROZEN_MODEL_CURRENT_2026_COMPLETED_WEEKS,NOT_CALIBRATED_B42_DOES_NOT_INVENT_CONFIDENCE_THRESHOLDS
2036,00-0031040,STABLE_CROSSWALK,LB,4,0.71071516851246497,5,Every-Down,4,7,23,B41F_FROZEN_MODEL_CURRENT_2026_COMPLETED_WEEKS,NOT_CALIBRATED_B42_DOES_NOT_INVENT_CONFIDENCE_THRESHOLDS
11703,00-0039740,STABLE_CROSSWALK,LB,4,0.7003594589071731,5,Every-Down,4,7,23,B41F_FROZEN_MODEL_CURRENT_2026_COMPLETED_WEEKS,NOT_CALIBRATED_B42_DOES_NOT_INVENT_CONFIDENCE_THRESHOLDS
12556,00-0040725,STABLE_CROSSWALK,LB,4,0.69428179605779738,4,Starter,4,7,23,B41F_FROZEN_MODEL_CURRENT_2026_COMPLETED_WEEKS,NOT_CALIBRATED_B42_DOES_NOT_INVENT_CONFIDENCE_THRESHOLDS
10944,00-0038505,STABLE_CROSSWALK,LB,4,0.69312092778765333,4,Starter,4,7,23,B41F_FROZEN_MODEL_CURRENT_2026_COMPLETED_WEEKS,NOT_CALIBRATED_B42_DOES_NOT_INVENT_CONFIDENCE_THRESHOLDS
10935,00-0038504,STABLE_CROSSWALK,LB,4,0.69270609176124998,4,Starter,4,7,23,B41F_FROZEN_MODEL_CURRENT_2026_COMPLETED_WEEKS,NOT_CALIBRATED_B42_DOES_NOT_INVENT_CONFIDENCE_THRESHOLDS
10873,00-0039013,STABLE_CROSSWALK,LB,4,0.69169299159558351,4,Starter,4,7,23,B41F_FROZEN_MODEL_CURRENT_2026_COMPLETED_WEEKS,NOT_CALIBRATED_B42_DOES_NOT_INVENT_CONFIDENCE_THRESHOLDS
13381,00-0040872,STABLE_CROSSWALK,LB,4,0.68688268570186506,4,Starter,4,7,23,B41F_FROZEN_MODEL_CURRENT_2026_COMPLETED_WEEKS,NOT_CALIBRATED_B42_DOES_NOT_INVENT_CONFIDENCE_THRESHOLDS
6348,00-0035202,STABLE_CROSSWALK,LB,4,0.68377059931946271,4,Starter,4,7,23,B41F_FROZEN_MODEL_CURRENT_2026_COMPLETED_WEEKS,NOT_CALIBRATED_B42_DOES_NOT_INVENT_CONFIDENCE_THRESHOLDS
6811,00-0036441,STABLE_CROSSWALK,LB,4,0.68321770595761933,4,Starter,1,7,23,B41F_FROZEN_MODEL_CURRENT_2026_COMPLETED_WEEKS,NOT_CALIBRATED_B42_DOES_NOT_INVENT_CONFIDENCE_THRESHOLDS
6921,00-0036159,STABLE_CROSSWALK,LB,4,0.68137077318033479,4,Starter,4,7,23,B41F_FROZEN_MODEL_CURRENT_2026_COMPLETED_WEEKS,NOT_CALIBRATED_B42_DOES_NOT_INVENT_CONFIDENCE_THRESHOLDS
10970,00-0038599,STABLE_CROSSWALK,LB,4,0.68088564012967212,4,Starter,1,7,23,B41F_FROZEN_MODEL_CURRENT_2026_COMPLETED_WEEKS,NOT_CALIBRATED_B42_DOES_NOT_INVENT_CONFIDENCE_THRESHOLDS
7626,00-0036940,STABLE_CROSSWALK,LB,4,0.67824816183350634,4,Starter,4,7,23,B41F_FROZEN_MODEL_CURRENT_2026_COMPLETED_WEEKS,NOT_CALIBRATED_B42_DOES_NOT_INVENT_CONFIDENCE_THRESHOLDS
12650,00-0040155,STABLE_CROSSWALK,LB,4,0.67507828045131535,4,Starter,4,7,23,B41F_FROZEN_MODEL_CURRENT_2026_COMPLETED_WEEKS,NOT_CALIBRATED_B42_DOES_NOT_INVENT_CONFIDENCE_THRESHOLDS
10933,00-0038556,STABLE_CROSSWALK,LB,4,0.6749232412440539,4,Starter,1,7,23,B41F_FROZEN_MODEL_CURRENT_2026_COMPLETED_WEEKS,NOT_CALIBRATED_B42_DOES_NOT_INVENT_CONFIDENCE_THRESHOLDS
7113,00-0036333,STABLE_CROSSWALK,LB,4,0.67127647005825608,4,Starter,4,7,23,B41F_FROZEN_MODEL_CURRENT_2026_COMPLETED_WEEKS,NOT_CALIBRATED_B42_DOES_NOT_INVENT_CONFIDENCE_THRESHOLDS
6800,00-0036286,STABLE_CROSSWALK,LB,4,0.66877778792085651,4,Starter,4,7,23,B41F_FROZEN_MODEL_CURRENT_2026_COMPLETED_WEEKS,NOT_CALIBRATED_B42_DOES_NOT_INVENT_CONFIDENCE_THRESHOLDS
11752,00-0039826,STABLE_CROSSWALK,LB,4,0.66337493975396533,4,Starter,4,7,23,B41F_FROZEN_MODEL_CURRENT_2026_COMPLETED_WEEKS,NOT_CALIBRATED_B42_DOES_NOT_INVENT_CONFIDENCE_THRESHOLDS
7674,00-0037007,STABLE_CROSSWALK,LB,4,0.65481995354508704,4,Starter,2,7,23,B41F_FROZEN_MODEL_CURRENT_2026_COMPLETED_WEEKS,NOT_CALIBRATED_B42_DOES_NOT_INVENT_CONFIDENCE_THRESHOLDS
5839,00-0034967,STABLE_CROSSWALK,LB,4,0.64970802879012279,4,Starter,4,7,23,B41F_FROZEN_MODEL_CURRENT_2026_COMPLETED_WEEKS,NOT_CALIBRATED_B42_DOES_NOT_INVENT_CONFIDENCE_THRESHOLDS
8382,00-0037083,STABLE_CROSSWALK,LB,4,0.63913646177352923,4,Starter,3,7,23,B41F_FROZEN_MODEL_CURRENT_2026_COMPLETED_WEEKS,NOT_CALIBRATED_B42_DOES_NOT_INVENT_CONFIDENCE_THRESHOLDS
11663,00-0039911,STABLE_CROSSWALK,LB,4,0.63605424036107616,4,Starter,3,7,23,B41F_FROZEN_MODEL_CURRENT_2026_COMPLETED_WEEKS,NOT_CALIBRATED_B42_DOES_NOT_INVENT_CONFIDENCE_THRESHOLDS
13555,00-0041112,STABLE_CROSSWALK,LB,4,0.63469267236132543,4,Starter,4,7,23,B41F_FROZEN_MODEL_CURRENT_2026_COMPLETED_WEEKS,NOT_CALIBRATED_B42_DOES_NOT_INVENT_CONFIDENCE_THRESHOLDS
2064,00-0031411,STABLE_CROSSWALK,LB,4,0.6319284253336267,4,Starter,4,7,23,B41F_FROZEN_MODEL_CURRENT_2026_COMPLETED_WEEKS,NOT_CALIBRATED_B42_DOES_NOT_INVENT_CONFIDENCE_THRESHOLDS
10911,00-0039047,STABLE_CROSSWALK,LB,4,0.62822477519431053,4,Starter,4,7,23,B41F_FROZEN_MODEL_CURRENT_2026_COMPLETED_WEEKS,NOT_CALIBRATED_B42_DOES_NOT_INVENT_CONFIDENCE_THRESHOLDS
7637,00-0036933,STABLE_CROSSWALK,LB,4,0.62346370217808522,4,Starter,4,7,23,B41F_FROZEN_MODEL_CURRENT_2026_COMPLETED_WEEKS,NOT_CALIBRATED_B42_DOES_NOT_INVENT_CONFIDENCE_THRESHOLDS
7635,00-0036934,STABLE_CROSSWALK,LB,4,0.61963790000678365,4,Starter,4,7,23,B41F_FROZEN_MODEL_CURRENT_2026_COMPLETED_WEEKS,NOT_CALIBRATED_B42_DOES_NOT_INVENT_CONFIDENCE_THRESHOLDS
12610,00-0040136,STABLE_CROSSWALK,LB,4,0.61655355367309839,4,Starter,4,7,23,B41F_FROZEN_MODEL_CURRENT_2026_COMPLETED_WEEKS,NOT_CALIBRATED_B42_DOES_NOT_INVENT_CONFIDENCE_THRESHOLDS
8355,00-0037611,STABLE_CROSSWALK,LB,4,0.61375622324290013,4,Starter,4,7,23,B41F_FROZEN_MODEL_CURRENT_2026_COMPLETED_WEEKS,NOT_CALIBRATED_B42_DOES_NOT_INVENT_CONFIDENCE_THRESHOLDS
13457,00-0041569,STABLE_CROSSWALK,LB,4,0.61112417648558692,4,Starter,4,7,23,B41F_FROZEN_MODEL_CURRENT_2026_COMPLETED_WEEKS,NOT_CALIBRATED_B42_DOES_NOT_INVENT_CONFIDENCE_THRESHOLDS
4135,00-0033935,STABLE_CROSSWALK,LB,4,0.61046117783143605,4,Starter,3,7,23,B41F_FROZEN_MODEL_CURRENT_2026_COMPLETED_WEEKS,NOT_CALIBRATED_B42_DOES_NOT_INVENT_CONFIDENCE_THRESHOLDS
5061,00-0034350,STABLE_CROSSWALK,LB,4,0.60833107312631585,4,Starter,4,7,23,B41F_FROZEN_MODEL_CURRENT_2026_COMPLETED_WEEKS,NOT_CALIBRATED_B42_DOES_NOT_INVENT_CONFIDENCE_THRESHOLDS
10921,00-0039068,STABLE_CROSSWALK,LB,4,0.60734149200289234,4,Starter,4,7,23,B41F_FROZEN_MODEL_CURRENT_2026_COMPLETED_WEEKS,NOT_CALIBRATED_B42_DOES_NOT_INVENT_CONFIDENCE_THRESHOLDS
8280,00-0037249,STABLE_CROSSWALK,LB,4,0.60564666618515184,4,Starter,4,7,23,B41F_FROZEN_MODEL_CURRENT_2026_COMPLETED_WEEKS,NOT_CALIBRATED_B42_DOES_NOT_INVENT_CONFIDENCE_THRESHOLDS
11777,00-0039377,STABLE_CROSSWALK,LB,4,0.60539069820925573,4,Starter,4,7,23,B41F_FROZEN_MODEL_CURRENT_2026_COMPLETED_WEEKS,NOT_CALIBRATED_B42_DOES_NOT_INVENT_CONFIDENCE_THRESHOLDS
12571,00-0040722,STABLE_CROSSWALK,LB,4,0.60241503769395566,4,Starter,4,7,23,B41F_FROZEN_MODEL_CURRENT_2026_COMPLETED_WEEKS,NOT_CALIBRATED_B42_DOES_NOT_INVENT_CONFIDENCE_THRESHOLDS
5865,00-0035678,STABLE_CROSSWALK,LB,4,0.60069728331285965,4,Starter,3,7,23,B41F_FROZEN_MODEL_CURRENT_2026_COMPLETED_WEEKS,NOT_CALIBRATED_B42_DOES_NOT_INVENT_CONFIDENCE_THRESHOLDS
12636,00-0040168,STABLE_CROSSWALK,LB,4,0.59329166650644649,3,Rotational,4,7,23,B41F_FROZEN_MODEL_CURRENT_2026_COMPLETED_WEEKS,NOT_CALIBRATED_B42_DOES_NOT_INVENT_CONFIDENCE_THRESHOLDS
2130,00-0031360,STABLE_CROSSWALK,LB,4,0.58811163721249893,3,Rotational,4,7,23,B41F_FROZEN_MODEL_CURRENT_2026_COMPLETED_WEEKS,NOT_CALIBRATED_B42_DOES_NOT_INVENT_CONFIDENCE_THRESHOLDS
11742,00-0039858,STABLE_CROSSWALK,LB,4,0.58787813993655147,3,Rotational,3,7,23,B41F_FROZEN_MODEL_CURRENT_2026_COMPLETED_WEEKS,NOT_CALIBRATED_B42_DOES_NOT_INVENT_CONFIDENCE_THRESHOLDS
4999,00-0034381,STABLE_CROSSWALK,LB,4,0.58589626824937957,3,Rotational,4,7,23,B41F_FROZEN_MODEL_CURRENT_2026_COMPLETED_WEEKS,NOT_CALIBRATED_B42_DOES_NOT_INVENT_CONFIDENCE_THRESHOLDS
11714,00-0039809,STABLE_CROSSWALK,LB,4,0.58490353808884055,3,Rotational,4,7,23,B41F_FROZEN_MODEL_CURRENT_2026_COMPLETED_WEEKS,NOT_CALIBRATED_B42_DOES_NOT_INVENT_CONFIDENCE_THRESHOLDS
10940,00-0038577,STABLE_CROSSWALK,LB,4,0.58393983351233802,3,Rotational,4,7,23,B41F_FROZEN_MODEL_CURRENT_2026_COMPLETED_WEEKS,NOT_CALIBRATED_B42_DOES_NOT_INVENT_CONFIDENCE_THRESHOLDS
13341,00-0041544,DOB_POSITION_OVERLAY,LB,4,0.58326427978431439,3,Rotational,4,7,23,B41F_FROZEN_MODEL_CURRENT_2026_COMPLETED_WEEKS,NOT_CALIBRATED_B42_DOES_NOT_INVENT_CONFIDENCE_THRESHOLDS
12140,00-0039774,STABLE_CROSSWALK,LB,4,0.58017725635211048,3,Rotational,4,7,23,B41F_FROZEN_MODEL_CURRENT_2026_COMPLETED_WEEKS,NOT_CALIBRATED_B42_DOES_NOT_INVENT_CONFIDENCE_THRESHOLDS
8362,00-0037819,STABLE_CROSSWALK,LB,4,0.57692921977649259,3,Rotational,3,7,23,B41F_FROZEN_MODEL_CURRENT_2026_COMPLETED_WEEKS,NOT_CALIBRATED_B42_DOES_NOT_INVENT_CONFIDENCE_THRESHOLDS
13482,00-0041066,STABLE_CROSSWALK,LB,4,0.56849243278811623,3,Rotational,4,7,23,B41F_FROZEN_MODEL_CURRENT_2026_COMPLETED_WEEKS,NOT_CALIBRATED_B42_DOES_NOT_INVENT_CONFIDENCE_THRESHOLDS
5862,00-0035713,STABLE_CROSSWALK,LB,4,0.5618246141481037,3,Rotational,3,7,23,B41F_FROZEN_MODEL_CURRENT_2026_COMPLETED_WEEKS,NOT_CALIBRATED_B42_DOES_NOT_INVENT_CONFIDENCE_THRESHOLDS
12621,00-0040580,STABLE_CROSSWALK,LB,4,0.55506167431173403,3,Rotational,4,7,23,B41F_FROZEN_MODEL_CURRENT_2026_COMPLETED_WEEKS,NOT_CALIBRATED_B42_DOES_NOT_INVENT_CONFIDENCE_THRESHOLDS
6119,00-0035707,STABLE_CROSSWALK,LB,4,0.54022295951551269,3,Rotational,2,7,23,B41F_FROZEN_MODEL_CURRENT_2026_COMPLETED_WEEKS,NOT_CALIBRATED_B42_DOES_NOT_INVENT_CONFIDENCE_THRESHOLDS
12609,00-0040249,STABLE_CROSSWALK,LB,4,0.5346864981880568,3,Rotational,1,7,23,B41F_FROZEN_MODEL_CURRENT_2026_COMPLETED_WEEKS,NOT_CALIBRATED_B42_DOES_NOT_INVENT_CONFIDENCE_THRESHOLDS
12427,00-0037799,STABLE_CROSSWALK,LB,4,0.53340725513594744,3,Rotational,3,7,23,B41F_FROZEN_MODEL_CURRENT_2026_COMPLETED_WEEKS,NOT_CALIBRATED_B42_DOES_NOT_INVENT_CONFIDENCE_THRESHOLDS
12579,00-0040137,STABLE_CROSSWALK,LB,4,0.53197888413921512,3,Rotational,4,7,23,B41F_FROZEN_MODEL_CURRENT_2026_COMPLETED_WEEKS,NOT_CALIBRATED_B42_DOES_NOT_INVENT_CONFIDENCE_THRESHOLDS
7681,00-0036995,STABLE_CROSSWALK,LB,4,0.53095122334628164,3,Rotational,4,7,23,B41F_FROZEN_MODEL_CURRENT_2026_COMPLETED_WEEKS,NOT_CALIBRATED_B42_DOES_NOT_INVENT_CONFIDENCE_THRESHOLDS
5158,00-0034473,STABLE_CROSSWALK,LB,4,0.52305103053264057,3,Rotational,4,7,23,B41F_FROZEN_MODEL_CURRENT_2026_COMPLETED_WEEKS,NOT_CALIBRATED_B42_DOES_NOT_INVENT_CONFIDENCE_THRESHOLDS
6003,00-0035254,STABLE_CROSSWALK,LB,4,0.52270389400167694,3,Rotational,4,7,23,B41F_FROZEN_MODEL_CURRENT_2026_COMPLETED_WEEKS,NOT_CALIBRATED_B42_DOES_NOT_INVENT_CONFIDENCE_THRESHOLDS
12645,00-0040158,STABLE_CROSSWALK,LB,4,0.5207679768967538,3,Rotational,4,7,23,B41F_FROZEN_MODEL_CURRENT_2026_COMPLETED_WEEKS,NOT_CALIBRATED_B42_DOES_NOT_INVENT_CONFIDENCE_THRESHOLDS
8297,00-0037179,STABLE_CROSSWALK,LB,4,0.52063952978141659,3,Rotational,2,7,23,B41F_FROZEN_MODEL_CURRENT_2026_COMPLETED_WEEKS,NOT_CALIBRATED_B42_DOES_NOT_INVENT_CONFIDENCE_THRESHOLDS
4259,00-0033964,STABLE_CROSSWALK,LB,4,0.51963735472831063,3,Rotational,4,7,23,B41F_FROZEN_MODEL_CURRENT_2026_COMPLETED_WEEKS,NOT_CALIBRATED_B42_DOES_NOT_INVENT_CONFIDENCE_THRESHOLDS
10992,00-0038580,STABLE_CROSSWALK,LB,4,0.51793937999652095,3,Rotational,4,7,23,B41F_FROZEN_MODEL_CURRENT_2026_COMPLETED_WEEKS,NOT_CALIBRATED_B42_DOES_NOT_INVENT_CONFIDENCE_THRESHOLDS
13340,00-0041031,DOB_POSITION_OVERLAY,LB,4,0.51676831149319158,3,Rotational,2,7,23,B41F_FROZEN_MODEL_CURRENT_2026_COMPLETED_WEEKS,NOT_CALIBRATED_B42_DOES_NOT_INVENT_CONFIDENCE_THRESHOLDS
11348,00-0038660,STABLE_CROSSWALK,LB,4,0.51669799830258256,3,Rotational,4,7,23,B41F_FROZEN_MODEL_CURRENT_2026_COMPLETED_WEEKS,NOT_CALIBRATED_B42_DOES_NOT_INVENT_CONFIDENCE_THRESHOLDS
13492,00-0040877,STABLE_CROSSWALK,LB,4,0.51572624711318082,3,Rotational,4,7,23,B41F_FROZEN_MODEL_CURRENT_2026_COMPLETED_WEEKS,NOT_CALIBRATED_B42_DOES_NOT_INVENT_CONFIDENCE_THRESHOLDS
957,00-0027962,STABLE_CROSSWALK,LB,4,0.50999313721289974,3,Rotational,3,7,23,B41F_FROZEN_MODEL_CURRENT_2026_COMPLETED_WEEKS,NOT_CALIBRATED_B42_DOES_NOT_INVENT_CONFIDENCE_THRESHOLDS
7023,00-0036362,STABLE_CROSSWALK,LB,4,0.50943936378104115,3,Rotational,4,7,23,B41F_FROZEN_MODEL_CURRENT_2026_COMPLETED_WEEKS,NOT_CALIBRATED_B42_DOES_NOT_INVENT_CONFIDENCE_THRESHOLDS
12684,00-0040216,STABLE_CROSSWALK,LB,4,0.50742501019385522,3,Rotational,4,7,23,B41F_FROZEN_MODEL_CURRENT_2026_COMPLETED_WEEKS,NOT_CALIBRATED_B42_DOES_NOT_INVENT_CONFIDENCE_THRESHOLDS
6941,00-0036338,STABLE_CROSSWALK,LB,4,0.50143981621317868,3,Rotational,4,7,23,B41F_FROZEN_MODEL_CURRENT_2026_COMPLETED_WEEKS,NOT_CALIBRATED_B42_DOES_NOT_INVENT_CONFIDENCE_THRESHOLDS
13481,00-0041518,STABLE_CROSSWALK,LB,4,0.49462665592445537,2,Understudy,4,7,23,B41F_FROZEN_MODEL_CURRENT_2026_COMPLETED_WEEKS,NOT_CALIBRATED_B42_DOES_NOT_INVENT_CONFIDENCE_THRESHOLDS
13808,00-0041404,DOB_POSITION_OVERLAY,LB,4,0.49384867608281985,2,Understudy,4,7,23,B41F_FROZEN_MODEL_CURRENT_2026_COMPLETED_WEEKS,NOT_CALIBRATED_B42_DOES_NOT_INVENT_CONFIDENCE_THRESHOLDS
13359,00-0041537,DOB_POSITION_OVERLAY,LB,4,0.49339237855944812,2,Understudy,4,7,23,B41F_FROZEN_MODEL_CURRENT_2026_COMPLETED_WEEKS,NOT_CALIBRATED_B42_DOES_NOT_INVENT_CONFIDENCE_THRESHOLDS
6848,00-0036193,STABLE_CROSSWALK,LB,4,0.49086122184325276,2,Understudy,3,7,23,B41F_FROZEN_MODEL_CURRENT_2026_COMPLETED_WEEKS,NOT_CALIBRATED_B42_DOES_NOT_INVENT_CONFIDENCE_THRESHOLDS
13460,00-0041494,STABLE_CROSSWALK,LB,4,0.48811029520838839,2,Understudy,4,7,23,B41F_FROZEN_MODEL_CURRENT_2026_COMPLETED_WEEKS,NOT_CALIBRATED_B42_DOES_NOT_INVENT_CONFIDENCE_THRESHOLDS
12614,00-0040011,STABLE_CROSSWALK,LB,4,0.48785281000119729,2,Understudy,4,7,23,B41F_FROZEN_MODEL_CURRENT_2026_COMPLETED_WEEKS,NOT_CALIBRATED_B42_DOES_NOT_INVENT_CONFIDENCE_THRESHOLDS
8334,00-0037289,STABLE_CROSSWALK,LB,4,0.47664498245046416,2,Understudy,4,7,23,B41F_FROZEN_MODEL_CURRENT_2026_COMPLETED_WEEKS,NOT_CALIBRATED_B42_DOES_NOT_INVENT_CONFIDENCE_THRESHOLDS
7120,00-0036305,STABLE_CROSSWALK,LB,4,0.47533761530066421,2,Understudy,4,7,23,B41F_FROZEN_MODEL_CURRENT_2026_COMPLETED_WEEKS,NOT_CALIBRATED_B42_DOES_NOT_INVENT_CONFIDENCE_THRESHOLDS
3973,00-0033868,STABLE_CROSSWALK,LB,4,0.47285873133740364,2,Understudy,1,7,23,B41F_FROZEN_MODEL_CURRENT_2026_COMPLETED_WEEKS,NOT_CALIBRATED_B42_DOES_NOT_INVENT_CONFIDENCE_THRESHOLDS
8710,00-0037208,STABLE_CROSSWALK,LB,4,0.47160557250534768,2,Understudy,4,7,23,B41F_FROZEN_MODEL_CURRENT_2026_COMPLETED_WEEKS,NOT_CALIBRATED_B42_DOES_NOT_INVENT_CONFIDENCE_THRESHOLDS
13455,00-0041036,STABLE_CROSSWALK,LB,4,0.46090298463268742,2,Understudy,4,7,23,B41F_FROZEN_MODEL_CURRENT_2026_COMPLETED_WEEKS,NOT_CALIBRATED_B42_DOES_NOT_INVENT_CONFIDENCE_THRESHOLDS
7782,00-0036658,STABLE_CROSSWALK,LB,4,0.45799464996435962,2,Understudy,4,7,23,B41F_FROZEN_MODEL_CURRENT_2026_COMPLETED_WEEKS,NOT_CALIBRATED_B42_DOES_NOT_INVENT_CONFIDENCE_THRESHOLDS
11721,00-0039837,STABLE_CROSSWALK,LB,4,0.45465815992242398,2,Understudy,2,7,23,B41F_FROZEN_MODEL_CURRENT_2026_COMPLETED_WEEKS,NOT_CALIBRATED_B42_DOES_NOT_INVENT_CONFIDENCE_THRESHOLDS
12593,00-0040160,STABLE_CROSSWALK,LB,4,0.4511888302696912,2,Understudy,4,7,23,B41F_FROZEN_MODEL_CURRENT_2026_COMPLETED_WEEKS,NOT_CALIBRATED_B42_DOES_NOT_INVENT_CONFIDENCE_THRESHOLDS
7342,00-0035933,STABLE_CROSSWALK,LB,4,0.44881811786903403,2,Understudy,4,7,23,B41F_FROZEN_MODEL_CURRENT_2026_COMPLETED_WEEKS,NOT_CALIBRATED_B42_DOES_NOT_INVENT_CONFIDENCE_THRESHOLDS
13520,00-0041078,STABLE_CROSSWALK,LB,4,0.44650837146807709,2,Understudy,4,7,23,B41F_FROZEN_MODEL_CURRENT_2026_COMPLETED_WEEKS,NOT_CALIBRATED_B42_DOES_NOT_INVENT_CONFIDENCE_THRESHOLDS
8325,00-0038116,STABLE_CROSSWALK,LB,4,0.44495974082386641,2,Understudy,4,7,23,B41F_FROZEN_MODEL_CURRENT_2026_COMPLETED_WEEKS,NOT_CALIBRATED_B42_DOES_NOT_INVENT_CONFIDENCE_THRESHOLDS
12917,00-0040326,STABLE_CROSSWALK,LB,4,0.44043405443112715,2,Understudy,4,7,23,B41F_FROZEN_MODEL_CURRENT_2026_COMPLETED_WEEKS,NOT_CALIBRATED_B42_DOES_NOT_INVENT_CONFIDENCE_THRESHOLDS
13366,00-0041074,DOB_POSITION_OVERLAY,LB,4,0.43680349454665057,2,Understudy,4,7,23,B41F_FROZEN_MODEL_CURRENT_2026_COMPLETED_WEEKS,NOT_CALIBRATED_B42_DOES_NOT_INVENT_CONFIDENCE_THRESHOLDS
6900,00-0036224,STABLE_CROSSWALK,LB,4,0.42831441230635525,2,Understudy,2,7,23,B41F_FROZEN_MODEL_CURRENT_2026_COMPLETED_WEEKS,NOT_CALIBRATED_B42_DOES_NOT_INVENT_CONFIDENCE_THRESHOLDS
8367,00-0037271,STABLE_CROSSWALK,LB,4,0.4279963972453576,2,Understudy,4,7,23,B41F_FROZEN_MODEL_CURRENT_2026_COMPLETED_WEEKS,NOT_CALIBRATED_B42_DOES_NOT_INVENT_CONFIDENCE_THRESHOLDS
11086,00-0038807,STABLE_CROSSWALK,LB,4,0.41756620418523327,2,Understudy,4,7,23,B41F_FROZEN_MODEL_CURRENT_2026_COMPLETED_WEEKS,NOT_CALIBRATED_B42_DOES_NOT_INVENT_CONFIDENCE_THRESHOLDS
7346,00-0035942,STABLE_CROSSWALK,LB,4,0.41752500705180223,2,Understudy,3,7,23,B41F_FROZEN_MODEL_CURRENT_2026_COMPLETED_WEEKS,NOT_CALIBRATED_B42_DOES_NOT_INVENT_CONFIDENCE_THRESHOLDS
11066,00-0039178,STABLE_CROSSWALK,LB,4,0.41278168051538777,2,Understudy,2,7,23,B41F_FROZEN_MODEL_CURRENT_2026_COMPLETED_WEEKS,NOT_CALIBRATED_B42_DOES_NOT_INVENT_CONFIDENCE_THRESHOLDS
3303,00-0032415,STABLE_CROSSWALK,LB,4,0.41063477186245811,2,Understudy,1,7,23,B41F_FROZEN_MODEL_CURRENT_2026_COMPLETED_WEEKS,NOT_CALIBRATED_B42_DOES_NOT_INVENT_CONFIDENCE_THRESHOLDS
11816,00-0039412,STABLE_CROSSWALK,LB,4,0.40805332702293018,2,Understudy,2,7,23,B41F_FROZEN_MODEL_CURRENT_2026_COMPLETED_WEEKS,NOT_CALIBRATED_B42_DOES_NOT_INVENT_CONFIDENCE_THRESHOLDS
13488,00-0041444,STABLE_CROSSWALK,LB,4,0.40019911118984652,2,Understudy,4,7,23,B41F_FROZEN_MODEL_CURRENT_2026_COMPLETED_WEEKS,NOT_CALIBRATED_B42_DOES_NOT_INVENT_CONFIDENCE_THRESHOLDS
13733,00-0040978,STABLE_CROSSWALK,LB,4,0.40015090114629426,2,Understudy,4,7,23,B41F_FROZEN_MODEL_CURRENT_2026_COMPLETED_WEEKS,NOT_CALIBRATED_B42_DOES_NOT_INVENT_CONFIDENCE_THRESHOLDS
2308,00-0032052,STABLE_CROSSWALK,LB,4,0.39895420582459096,2,Understudy,4,7,23,B41F_FROZEN_MODEL_CURRENT_2026_COMPLETED_WEEKS,NOT_CALIBRATED_B42_DOES_NOT_INVENT_CONFIDENCE_THRESHOLDS
13494,00-0041442,STABLE_CROSSWALK,LB,4,0.39474714004863393,2,Understudy,2,7,23,B41F_FROZEN_MODEL_CURRENT_2026_COMPLETED_WEEKS,NOT_CALIBRATED_B42_DOES_NOT_INVENT_CONFIDENCE_THRESHOLDS
871,00-0027940,STABLE_CROSSWALK,LB,4,0.39410715530502166,2,Understudy,4,7,23,B41F_FROZEN_MODEL_CURRENT_2026_COMPLETED_WEEKS,NOT_CALIBRATED_B42_DOES_NOT_INVENT_CONFIDENCE_THRESHOLDS
2327,00-0032146,STABLE_CROSSWALK,LB,4,0.38950980798638446,2,Understudy,4,7,23,B41F_FROZEN_MODEL_CURRENT_2026_COMPLETED_WEEKS,NOT_CALIBRATED_B42_DOES_NOT_INVENT_CONFIDENCE_THRESHOLDS
7821,00-0036844,STABLE_CROSSWALK,LB,4,0.38839399233380739,2,Understudy,4,7,23,B41F_FROZEN_MODEL_CURRENT_2026_COMPLETED_WEEKS,NOT_CALIBRATED_B42_DOES_NOT_INVENT_CONFIDENCE_THRESHOLDS
11761,00-0039374,STABLE_CROSSWALK,LB,4,0.38815242141641704,2,Understudy,4,7,23,B41F_FROZEN_MODEL_CURRENT_2026_COMPLETED_WEEKS,NOT_CALIBRATED_B42_DOES_NOT_INVENT_CONFIDENCE_THRESHOLDS
11778,00-0039368,STABLE_CROSSWALK,LB,4,0.38310211944702288,1,Depth,1,7,23,B41F_FROZEN_MODEL_CURRENT_2026_COMPLETED_WEEKS,NOT_CALIBRATED_B42_DOES_NOT_INVENT_CONFIDENCE_THRESHOLDS
11807,00-0039829,STABLE_CROSSWALK,LB,4,0.38239626564462387,1,Depth,4,7,23,B41F_FROZEN_MODEL_CURRENT_2026_COMPLETED_WEEKS,NOT_CALIBRATED_B42_DOES_NOT_INVENT_CONFIDENCE_THRESHOLDS
13573,00-0041402,STABLE_CROSSWALK,LB,4,0.38147014810361568,1,Depth,2,7,23,B41F_FROZEN_MODEL_CURRENT_2026_COMPLETED_WEEKS,NOT_CALIBRATED_B42_DOES_NOT_INVENT_CONFIDENCE_THRESHOLDS
5031,00-0034754,STABLE_CROSSWALK,LB,4,0.37932349468351784,1,Depth,4,7,23,B41F_FROZEN_MODEL_CURRENT_2026_COMPLETED_WEEKS,NOT_CALIBRATED_B42_DOES_NOT_INVENT_CONFIDENCE_THRESHOLDS
11441,00-0038791,STABLE_CROSSWALK,LB,4,0.37814854915008844,1,Depth,4,7,23,B41F_FROZEN_MODEL_CURRENT_2026_COMPLETED_WEEKS,NOT_CALIBRATED_B42_DOES_NOT_INVENT_CONFIDENCE_THRESHOLDS
6315,00-0035352,STABLE_CROSSWALK,LB,4,0.37501327183782801,1,Depth,2,7,23,B41F_FROZEN_MODEL_CURRENT_2026_COMPLETED_WEEKS,NOT_CALIBRATED_B42_DOES_NOT_INVENT_CONFIDENCE_THRESHOLDS
12672,00-0040072,STABLE_CROSSWALK,LB,4,0.37349015109774608,1,Depth,4,7,23,B41F_FROZEN_MODEL_CURRENT_2026_COMPLETED_WEEKS,NOT_CALIBRATED_B42_DOES_NOT_INVENT_CONFIDENCE_THRESHOLDS
10980,00-0039049,STABLE_CROSSWALK,LB,4,0.3679956806796531,1,Depth,4,7,23,B41F_FROZEN_MODEL_CURRENT_2026_COMPLETED_WEEKS,NOT_CALIBRATED_B42_DOES_NOT_INVENT_CONFIDENCE_THRESHOLDS
6958,00-0036378,STABLE_CROSSWALK,LB,4,0.36733960432389218,1,Depth,1,7,23,B41F_FROZEN_MODEL_CURRENT_2026_COMPLETED_WEEKS,NOT_CALIBRATED_B42_DOES_NOT_INVENT_CONFIDENCE_THRESHOLDS
11336,00-0038782,STABLE_CROSSWALK,LB,4,0.36587935207528582,1,Depth,4,7,23,B41F_FROZEN_MODEL_CURRENT_2026_COMPLETED_WEEKS,NOT_CALIBRATED_B42_DOES_NOT_INVENT_CONFIDENCE_THRESHOLDS
13048,00-0040056,STABLE_CROSSWALK,LB,4,0.36532980606075888,1,Depth,3,7,23,B41F_FROZEN_MODEL_CURRENT_2026_COMPLETED_WEEKS,NOT_CALIBRATED_B42_DOES_NOT_INVENT_CONFIDENCE_THRESHOLDS
12640,00-0040069,STABLE_CROSSWALK,LB,4,0.35996576339229164,1,Depth,2,7,23,B41F_FROZEN_MODEL_CURRENT_2026_COMPLETED_WEEKS,NOT_CALIBRATED_B42_DOES_NOT_INVENT_CONFIDENCE_THRESHOLDS
11021,00-0039061,STABLE_CROSSWALK,LB,4,0.35508451651748346,1,Depth,4,7,23,B41F_FROZEN_MODEL_CURRENT_2026_COMPLETED_WEEKS,NOT_CALIBRATED_B42_DOES_NOT_INVENT_CONFIDENCE_THRESHOLDS
13391,00-0041495,STABLE_CROSSWALK,LB,4,0.33630457043303513,1,Depth,4,7,23,B41F_FROZEN_MODEL_CURRENT_2026_COMPLETED_WEEKS,NOT_CALIBRATED_B42_DOES_NOT_INVENT_CONFIDENCE_THRESHOLDS
6220,00-0035286,STABLE_CROSSWALK,LB,4,0.33608156527342559,1,Depth,4,7,23,B41F_FROZEN_MODEL_CURRENT_2026_COMPLETED_WEEKS,NOT_CALIBRATED_B42_DOES_NOT_INVENT_CONFIDENCE_THRESHOLDS
5757,00-0034801,STABLE_CROSSWALK,LB,4,0.32375107316962015,1,Depth,4,7,23,B41F_FROZEN_MODEL_CURRENT_2026_COMPLETED_WEEKS,NOT_CALIBRATED_B42_DOES_NOT_INVENT_CONFIDENCE_THRESHOLDS
13490,00-0041465,STABLE_CROSSWALK,LB,4,0.32097735548630646,1,Depth,4,7,23,B41F_FROZEN_MODEL_CURRENT_2026_COMPLETED_WEEKS,NOT_CALIBRATED_B42_DOES_NOT_INVENT_CONFIDENCE_THRESHOLDS
6802,00-0036192,STABLE_CROSSWALK,LB,4,0.32052162847261984,1,Depth,3,7,23,B41F_FROZEN_MODEL_CURRENT_2026_COMPLETED_WEEKS,NOT_CALIBRATED_B42_DOES_NOT_INVENT_CONFIDENCE_THRESHOLDS
13165,00-0040261,STABLE_CROSSWALK,LB,4,0.31713355600247961,1,Depth,4,7,23,B41F_FROZEN_MODEL_CURRENT_2026_COMPLETED_WEEKS,NOT_CALIBRATED_B42_DOES_NOT_INVENT_CONFIDENCE_THRESHOLDS
13388,00-0041039,STABLE_CROSSWALK,LB,4,0.31643868076027104,1,Depth,2,7,23,B41F_FROZEN_MODEL_CURRENT_2026_COMPLETED_WEEKS,NOT_CALIBRATED_B42_DOES_NOT_INVENT_CONFIDENCE_THRESHOLDS
12057,00-0039637,STABLE_CROSSWALK,LB,4,0.31078176706455518,1,Depth,1,7,23,B41F_FROZEN_MODEL_CURRENT_2026_COMPLETED_WEEKS,NOT_CALIBRATED_B42_DOES_NOT_INVENT_CONFIDENCE_THRESHOLDS
8618,00-0037526,STABLE_CROSSWALK,LB,4,0.30560570666798054,1,Depth,2,7,23,B41F_FROZEN_MODEL_CURRENT_2026_COMPLETED_WEEKS,NOT_CALIBRATED_B42_DOES_NOT_INVENT_CONFIDENCE_THRESHOLDS
11712,00-0039812,STABLE_CROSSWALK,LB,4,0.30342258454168636,1,Depth,3,7,23,B41F_FROZEN_MODEL_CURRENT_2026_COMPLETED_WEEKS,NOT_CALIBRATED_B42_DOES_NOT_INVENT_CONFIDENCE_THRESHOLDS
11512,00-0038742,STABLE_CROSSWALK,LB,4,0.2974125790298221,1,Depth,3,7,23,B41F_FROZEN_MODEL_CURRENT_2026_COMPLETED_WEEKS,NOT_CALIBRATED_B42_DOES_NOT_INVENT_CONFIDENCE_THRESHOLDS
13137,00-0040434,DOB_POSITION_OVERLAY,LB,4,0.29095092163127129,1,Depth,1,7,23,B41F_FROZEN_MODEL_CURRENT_2026_COMPLETED_WEEKS,NOT_CALIBRATED_B42_DOES_NOT_INVENT_CONFIDENCE_THRESHOLDS
13739,00-0041455,STABLE_CROSSWALK,LB,4,0.28981151985676007,1,Depth,3,7,23,B41F_FROZEN_MODEL_CURRENT_2026_COMPLETED_WEEKS,NOT_CALIBRATED_B42_DOES_NOT_INVENT_CONFIDENCE_THRESHOLDS
13209,00-0040634,DOB_POSITION_OVERLAY,LB,4,0.28979362424661403,1,Depth,4,7,23,B41F_FROZEN_MODEL_CURRENT_2026_COMPLETED_WEEKS,NOT_CALIBRATED_B42_DOES_NOT_INVENT_CONFIDENCE_THRESHOLDS
6179,00-0035240,STABLE_CROSSWALK,LB,4,0.28453815040610053,0,Speculative,4,7,23,B41F_FROZEN_MODEL_CURRENT_2026_COMPLETED_WEEKS,NOT_CALIBRATED_B42_DOES_NOT_INVENT_CONFIDENCE_THRESHOLDS
11847,00-0039430,STABLE_CROSSWALK,LB,4,0.27708341572484479,0,Speculative,3,7,23,B41F_FROZEN_MODEL_CURRENT_2026_COMPLETED_WEEKS,NOT_CALIBRATED_B42_DOES_NOT_INVENT_CONFIDENCE_THRESHOLDS
11000,00-0038399,STABLE_CROSSWALK,LB,4,0.2760522404883925,0,Speculative,4,7,23,B41F_FROZEN_MODEL_CURRENT_2026_COMPLETED_WEEKS,NOT_CALIBRATED_B42_DOES_NOT_INVENT_CONFIDENCE_THRESHOLDS
13000,00-0040613,STABLE_CROSSWALK,LB,4,0.27479235242738992,0,Speculative,4,7,23,B41F_FROZEN_MODEL_CURRENT_2026_COMPLETED_WEEKS,NOT_CALIBRATED_B42_DOES_NOT_INVENT_CONFIDENCE_THRESHOLDS
11759,00-0039879,STABLE_CROSSWALK,LB,4,0.27214435315723767,0,Speculative,4,7,23,B41F_FROZEN_MODEL_CURRENT_2026_COMPLETED_WEEKS,NOT_CALIBRATED_B42_DOES_NOT_INVENT_CONFIDENCE_THRESHOLDS
8494,00-0037310,STABLE_CROSSWALK,LB,4,0.26845737202987652,0,Speculative,2,7,23,B41F_FROZEN_MODEL_CURRENT_2026_COMPLETED_WEEKS,NOT_CALIBRATED_B42_DOES_NOT_INVENT_CONFIDENCE_THRESHOLDS
11281,00-0038429,STABLE_CROSSWALK,LB,4,0.2642394314310576,0,Speculative,2,7,23,B41F_FROZEN_MODEL_CURRENT_2026_COMPLETED_WEEKS,NOT_CALIBRATED_B42_DOES_NOT_INVENT_CONFIDENCE_THRESHOLDS
13176,00-0040318,STABLE_CROSSWALK,LB,4,0.26405923909469331,0,Speculative,3,7,23,B41F_FROZEN_MODEL_CURRENT_2026_COMPLETED_WEEKS,NOT_CALIBRATED_B42_DOES_NOT_INVENT_CONFIDENCE_THRESHOLDS
7721,00-0036867,STABLE_CROSSWALK,LB,4,0.26036671053510868,0,Speculative,4,7,23,B41F_FROZEN_MODEL_CURRENT_2026_COMPLETED_WEEKS,NOT_CALIBRATED_B42_DOES_NOT_INVENT_CONFIDENCE_THRESHOLDS
13479,00-0041527,STABLE_CROSSWALK,LB,4,0.25522367175216892,0,Speculative,1,7,23,B41F_FROZEN_MODEL_CURRENT_2026_COMPLETED_WEEKS,NOT_CALIBRATED_B42_DOES_NOT_INVENT_CONFIDENCE_THRESHOLDS
13130,00-0040066,STABLE_CROSSWALK,LB,4,0.25401917524531725,0,Speculative,4,7,23,B41F_FROZEN_MODEL_CURRENT_2026_COMPLETED_WEEKS,NOT_CALIBRATED_B42_DOES_NOT_INVENT_CONFIDENCE_THRESHOLDS
8278,00-0037823,STABLE_CROSSWALK,LB,4,0.25307442257727536,0,Speculative,3,7,23,B41F_FROZEN_MODEL_CURRENT_2026_COMPLETED_WEEKS,NOT_CALIBRATED_B42_DOES_NOT_INVENT_CONFIDENCE_THRESHOLDS
8020,00-0036728,STABLE_CROSSWALK,LB,4,0.24772594886442895,0,Speculative,1,7,23,B41F_FROZEN_MODEL_CURRENT_2026_COMPLETED_WEEKS,NOT_CALIBRATED_B42_DOES_NOT_INVENT_CONFIDENCE_THRESHOLDS
13037,00-0040061,DOB_POSITION_OVERLAY,LB,4,0.24225448364792687,0,Speculative,2,7,23,B41F_FROZEN_MODEL_CURRENT_2026_COMPLETED_WEEKS,NOT_CALIBRATED_B42_DOES_NOT_INVENT_CONFIDENCE_THRESHOLDS
12835,00-0040460,STABLE_CROSSWALK,LB,4,0.24179132223001762,0,Speculative,4,7,23,B41F_FROZEN_MODEL_CURRENT_2026_COMPLETED_WEEKS,NOT_CALIBRATED_B42_DOES_NOT_INVENT_CONFIDENCE_THRESHOLDS
10998,00-0039053,STABLE_CROSSWALK,LB,4,0.2389435426044379,0,Speculative,2,7,23,B41F_FROZEN_MODEL_CURRENT_2026_COMPLETED_WEEKS,NOT_CALIBRATED_B42_DOES_NOT_INVENT_CONFIDENCE_THRESHOLDS
13586,00-0041119,DOB_POSITION_OVERLAY,LB,4,0.23846762024089421,0,Speculative,4,7,23,B41F_FROZEN_MODEL_CURRENT_2026_COMPLETED_WEEKS,NOT_CALIBRATED_B42_DOES_NOT_INVENT_CONFIDENCE_THRESHOLDS
11734,00-0039815,STABLE_CROSSWALK,LB,4,0.23244164528658726,0,Speculative,4,7,23,B41F_FROZEN_MODEL_CURRENT_2026_COMPLETED_WEEKS,NOT_CALIBRATED_B42_DOES_NOT_INVENT_CONFIDENCE_THRESHOLDS
6867,00-0036280,STABLE_CROSSWALK,LB,4,0.23224842981801999,0,Speculative,3,7,23,B41F_FROZEN_MODEL_CURRENT_2026_COMPLETED_WEEKS,NOT_CALIBRATED_B42_DOES_NOT_INVENT_CONFIDENCE_THRESHOLDS
12648,00-0040645,STABLE_CROSSWALK,LB,4,0.22726919429338849,0,Speculative,4,7,23,B41F_FROZEN_MODEL_CURRENT_2026_COMPLETED_WEEKS,NOT_CALIBRATED_B42_DOES_NOT_INVENT_CONFIDENCE_THRESHOLDS
13542,00-0041109,STABLE_CROSSWALK,LB,4,0.22155537530852193,0,Speculative,4,7,23,B41F_FROZEN_MODEL_CURRENT_2026_COMPLETED_WEEKS,NOT_CALIBRATED_B42_DOES_NOT_INVENT_CONFIDENCE_THRESHOLDS
6612,00-0035413,STABLE_CROSSWALK,LB,4,0.21904542825697965,0,Speculative,4,7,23,B41F_FROZEN_MODEL_CURRENT_2026_COMPLETED_WEEKS,NOT_CALIBRATED_B42_DOES_NOT_INVENT_CONFIDENCE_THRESHOLDS
7673,00-0037003,STABLE_CROSSWALK,LB,4,0.21275588220418226,0,Speculative,3,7,23,B41F_FROZEN_MODEL_CURRENT_2026_COMPLETED_WEEKS,NOT_CALIBRATED_B42_DOES_NOT_INVENT_CONFIDENCE_THRESHOLDS
11230,00-0038764,STABLE_CROSSWALK,LB,4,0.20970718519919704,0,Speculative,4,7,23,B41F_FROZEN_MODEL_CURRENT_2026_COMPLETED_WEEKS,NOT_CALIBRATED_B42_DOES_NOT_INVENT_CONFIDENCE_THRESHOLDS
11305,00-0038493,STABLE_CROSSWALK,LB,4,0.20078349892811498,0,Speculative,2,7,23,B41F_FROZEN_MODEL_CURRENT_2026_COMPLETED_WEEKS,NOT_CALIBRATED_B42_DOES_NOT_INVENT_CONFIDENCE_THRESHOLDS
12853,00-0040043,STABLE_CROSSWALK,LB,4,0.19729492838808987,0,Speculative,3,7,23,B41F_FROZEN_MODEL_CURRENT_2026_COMPLETED_WEEKS,NOT_CALIBRATED_B42_DOES_NOT_INVENT_CONFIDENCE_THRESHOLDS
11893,00-0039622,STABLE_CROSSWALK,LB,4,0.19162704657366428,0,Speculative,3,7,23,B41F_FROZEN_MODEL_CURRENT_2026_COMPLETED_WEEKS,NOT_CALIBRATED_B42_DOES_NOT_INVENT_CONFIDENCE_THRESHOLDS
12667,00-0040013,STABLE_CROSSWALK,LB,4,0.18997256521198347,0,Speculative,4,7,23,B41F_FROZEN_MODEL_CURRENT_2026_COMPLETED_WEEKS,NOT_CALIBRATED_B42_DOES_NOT_INVENT_CONFIDENCE_THRESHOLDS
12083,00-0039515,STABLE_CROSSWALK,LB,4,0.18917743690979852,0,Speculative,4,7,23,B41F_FROZEN_MODEL_CURRENT_2026_COMPLETED_WEEKS,NOT_CALIBRATED_B42_DOES_NOT_INVENT_CONFIDENCE_THRESHOLDS
8620,00-0037527,STABLE_CROSSWALK,LB,4,0.18743885472791422,0,Speculative,4,7,23,B41F_FROZEN_MODEL_CURRENT_2026_COMPLETED_WEEKS,NOT_CALIBRATED_B42_DOES_NOT_INVENT_CONFIDENCE_THRESHOLDS
12708,00-0040209,STABLE_CROSSWALK,LB,4,0.18492339236402502,0,Speculative,3,7,23,B41F_FROZEN_MODEL_CURRENT_2026_COMPLETED_WEEKS,NOT_CALIBRATED_B42_DOES_NOT_INVENT_CONFIDENCE_THRESHOLDS
12879,00-0040496,STABLE_CROSSWALK,LB,4,0.18259166382485681,0,Speculative,4,7,23,B41F_FROZEN_MODEL_CURRENT_2026_COMPLETED_WEEKS,NOT_CALIBRATED_B42_DOES_NOT_INVENT_CONFIDENCE_THRESHOLDS
12041,00-0039460,DOB_POSITION_OVERLAY,LB,4,0.18251092725642504,0,Speculative,2,7,23,B41F_FROZEN_MODEL_CURRENT_2026_COMPLETED_WEEKS,NOT_CALIBRATED_B42_DOES_NOT_INVENT_CONFIDENCE_THRESHOLDS
7197,00-0036157,STABLE_CROSSWALK,LB,4,0.18251092725642504,0,Speculative,1,7,23,B41F_FROZEN_MODEL_CURRENT_2026_COMPLETED_WEEKS,NOT_CALIBRATED_B42_DOES_NOT_INVENT_CONFIDENCE_THRESHOLDS
7329,00-0035900,STABLE_CROSSWALK,LB,4,0.18251092725642504,0,Speculative,3,7,23,B41F_FROZEN_MODEL_CURRENT_2026_COMPLETED_WEEKS,NOT_CALIBRATED_B42_DOES_NOT_INVENT_CONFIDENCE_THRESHOLDS
11805,00-0039395,STABLE_CROSSWALK,LB,4,0.1819607523007428,0,Speculative,3,7,23,B41F_FROZEN_MODEL_CURRENT_2026_COMPLETED_WEEKS,NOT_CALIBRATED_B42_DOES_NOT_INVENT_CONFIDENCE_THRESHOLDS
6105,00-0035363,STABLE_CROSSWALK,LB,4,0.18194529883498245,0,Speculative,4,7,23,B41F_FROZEN_MODEL_CURRENT_2026_COMPLETED_WEEKS,NOT_CALIBRATED_B42_DOES_NOT_INVENT_CONFIDENCE_THRESHOLDS
13551,00-0041093,STABLE_CROSSWALK,LB,4,0.18052792361846234,0,Speculative,4,7,23,B41F_FROZEN_MODEL_CURRENT_2026_COMPLETED_WEEKS,NOT_CALIBRATED_B42_DOES_NOT_INVENT_CONFIDENCE_THRESHOLDS
13024,00-0040100,STABLE_CROSSWALK,LB,4,0.17783644081988031,0,Speculative,4,7,23,B41F_FROZEN_MODEL_CURRENT_2026_COMPLETED_WEEKS,NOT_CALIBRATED_B42_DOES_NOT_INVENT_CONFIDENCE_THRESHOLDS
12397,00-0039763,STABLE_CROSSWALK,LB,4,0.17777616431521839,0,Speculative,4,7,23,B41F_FROZEN_MODEL_CURRENT_2026_COMPLETED_WEEKS,NOT_CALIBRATED_B42_DOES_NOT_INVENT_CONFIDENCE_THRESHOLDS
6353,00-0035617,STABLE_CROSSWALK,LB,4,0.1776734326908864,0,Speculative,3,7,23,B41F_FROZEN_MODEL_CURRENT_2026_COMPLETED_WEEKS,NOT_CALIBRATED_B42_DOES_NOT_INVENT_CONFIDENCE_THRESHOLDS
12255,00-0039313,STABLE_CROSSWALK,LB,4,0.17528462534744055,0,Speculative,3,7,23,B41F_FROZEN_MODEL_CURRENT_2026_COMPLETED_WEEKS,NOT_CALIBRATED_B42_DOES_NOT_INVENT_CONFIDENCE_THRESHOLDS
12722,00-0040228,STABLE_CROSSWALK,LB,4,0.17528462534744055,0,Speculative,3,7,23,B41F_FROZEN_MODEL_CURRENT_2026_COMPLETED_WEEKS,NOT_CALIBRATED_B42_DOES_NOT_INVENT_CONFIDENCE_THRESHOLDS
12733,00-0040231,STABLE_CROSSWALK,LB,4,0.17445667442082774,0,Speculative,4,7,23,B41F_FROZEN_MODEL_CURRENT_2026_COMPLETED_WEEKS,NOT_CALIBRATED_B42_DOES_NOT_INVENT_CONFIDENCE_THRESHOLDS
11790,00-0039406,STABLE_CROSSWALK,LB,4,0.17419280201331117,0,Speculative,2,7,23,B41F_FROZEN_MODEL_CURRENT_2026_COMPLETED_WEEKS,NOT_CALIBRATED_B42_DOES_NOT_INVENT_CONFIDENCE_THRESHOLDS
11929,00-0039718,STABLE_CROSSWALK,LB,4,0.17203256203065898,0,Speculative,4,7,23,B41F_FROZEN_MODEL_CURRENT_2026_COMPLETED_WEEKS,NOT_CALIBRATED_B42_DOES_NOT_INVENT_CONFIDENCE_THRESHOLDS
7750,00-0036672,STABLE_CROSSWALK,LB,4,0.17203256203065898,0,Speculative,4,7,23,B41F_FROZEN_MODEL_CURRENT_2026_COMPLETED_WEEKS,NOT_CALIBRATED_B42_DOES_NOT_INVENT_CONFIDENCE_THRESHOLDS
8363,00-0037109,STABLE_CROSSWALK,LB,4,0.17203256203065898,0,Speculative,4,7,23,B41F_FROZEN_MODEL_CURRENT_2026_COMPLETED_WEEKS,NOT_CALIBRATED_B42_DOES_NOT_INVENT_CONFIDENCE_THRESHOLDS
11350,00-0038711,STABLE_CROSSWALK,LB,4,0.17139539662615547,0,Speculative,1,7,23,B41F_FROZEN_MODEL_CURRENT_2026_COMPLETED_WEEKS,NOT_CALIBRATED_B42_DOES_NOT_INVENT_CONFIDENCE_THRESHOLDS
13174,00-0040118,STABLE_CROSSWALK,LB,4,0.17139539662615547,0,Speculative,1,7,23,B41F_FROZEN_MODEL_CURRENT_2026_COMPLETED_WEEKS,NOT_CALIBRATED_B42_DOES_NOT_INVENT_CONFIDENCE_THRESHOLDS
14023,00-0041410,DOB_POSITION_OVERLAY,LB,4,0.17139539662615547,0,Speculative,1,7,23,B41F_FROZEN_MODEL_CURRENT_2026_COMPLETED_WEEKS,NOT_CALIBRATED_B42_DOES_NOT_INVENT_CONFIDENCE_THRESHOLDS
7936,00-0036716,STABLE_CROSSWALK,LB,4,0.17139539662615547,0,Speculative,2,7,23,B41F_FROZEN_MODEL_CURRENT_2026_COMPLETED_WEEKS,NOT_CALIBRATED_B42_DOES_NOT_INVENT_CONFIDENCE_THRESHOLDS
8369,00-0037312,STABLE_CROSSWALK,LB,4,0.17139539662615547,0,Speculative,1,7,23,B41F_FROZEN_MODEL_CURRENT_2026_COMPLETED_WEEKS,NOT_CALIBRATED_B42_DOES_NOT_INVENT_CONFIDENCE_THRESHOLDS
13787,00-0041227,STABLE_CROSSWALK,LB,4,0.17128039896645669,0,Speculative,4,7,23,B41F_FROZEN_MODEL_CURRENT_2026_COMPLETED_WEEKS,NOT_CALIBRATED_B42_DOES_NOT_INVENT_CONFIDENCE_THRESHOLDS
13572,00-0041449,STABLE_CROSSWALK,LB,4,0.17053130235225034,0,Speculative,3,7,23,B41F_FROZEN_MODEL_CURRENT_2026_COMPLETED_WEEKS,NOT_CALIBRATED_B42_DOES_NOT_INVENT_CONFIDENCE_THRESHOLDS
13531,00-0041102,STABLE_CROSSWALK,LB,4,0.1700497402431177,0,Speculative,4,7,23,B41F_FROZEN_MODEL_CURRENT_2026_COMPLETED_WEEKS,NOT_CALIBRATED_B42_DOES_NOT_INVENT_CONFIDENCE_THRESHOLDS
7807,00-0036648,STABLE_CROSSWALK,LB,4,0.1696510542627977,0,Speculative,4,7,23,B41F_FROZEN_MODEL_CURRENT_2026_COMPLETED_WEEKS,NOT_CALIBRATED_B42_DOES_NOT_INVENT_CONFIDENCE_THRESHOLDS
8396,00-0037259,STABLE_CROSSWALK,LB,4,0.16900658928270962,0,Speculative,3,7,23,B41F_FROZEN_MODEL_CURRENT_2026_COMPLETED_WEEKS,NOT_CALIBRATED_B42_DOES_NOT_INVENT_CONFIDENCE_THRESHOLDS
11724,00-0039347,STABLE_CROSSWALK,LB,4,0.16773371350183133,0,Speculative,2,7,23,B41F_FROZEN_MODEL_CURRENT_2026_COMPLETED_WEEKS,NOT_CALIBRATED_B42_DOES_NOT_INVENT_CONFIDENCE_THRESHOLDS
12781,00-0040449,STABLE_CROSSWALK,LB,4,0.16742954174189045,0,Speculative,4,7,23,B41F_FROZEN_MODEL_CURRENT_2026_COMPLETED_WEEKS,NOT_CALIBRATED_B42_DOES_NOT_INVENT_CONFIDENCE_THRESHOLDS
10969,00-0038600,STABLE_CROSSWALK,LB,4,0.16425326628751941,0,Speculative,1,7,23,B41F_FROZEN_MODEL_CURRENT_2026_COMPLETED_WEEKS,NOT_CALIBRATED_B42_DOES_NOT_INVENT_CONFIDENCE_THRESHOLDS
11041,00-0038635,STABLE_CROSSWALK,LB,4,0.16425326628751941,0,Speculative,2,7,23,B41F_FROZEN_MODEL_CURRENT_2026_COMPLETED_WEEKS,NOT_CALIBRATED_B42_DOES_NOT_INVENT_CONFIDENCE_THRESHOLDS
11098,00-0038851,STABLE_CROSSWALK,LB,4,0.16425326628751941,0,Speculative,2,7,23,B41F_FROZEN_MODEL_CURRENT_2026_COMPLETED_WEEKS,NOT_CALIBRATED_B42_DOES_NOT_INVENT_CONFIDENCE_THRESHOLDS
11251,00-0038890,STABLE_CROSSWALK,LB,4,0.16425326628751941,0,Speculative,1,7,23,B41F_FROZEN_MODEL_CURRENT_2026_COMPLETED_WEEKS,NOT_CALIBRATED_B42_DOES_NOT_INVENT_CONFIDENCE_THRESHOLDS
12051,00-0039288,DOB_POSITION_OVERLAY,LB,4,0.16425326628751941,0,Speculative,1,7,23,B41F_FROZEN_MODEL_CURRENT_2026_COMPLETED_WEEKS,NOT_CALIBRATED_B42_DOES_NOT_INVENT_CONFIDENCE_THRESHOLDS
12227,00-0039775,STABLE_CROSSWALK,LB,4,0.16425326628751941,0,Speculative,2,7,23,B41F_FROZEN_MODEL_CURRENT_2026_COMPLETED_WEEKS,NOT_CALIBRATED_B42_DOES_NOT_INVENT_CONFIDENCE_THRESHOLDS
12666,00-0040186,STABLE_CROSSWALK,LB,4,0.16425326628751941,0,Speculative,2,7,23,B41F_FROZEN_MODEL_CURRENT_2026_COMPLETED_WEEKS,NOT_CALIBRATED_B42_DOES_NOT_INVENT_CONFIDENCE_THRESHOLDS
13512,00-0041085,STABLE_CROSSWALK,LB,4,0.16425326628751941,0,Speculative,4,7,23,B41F_FROZEN_MODEL_CURRENT_2026_COMPLETED_WEEKS,NOT_CALIBRATED_B42_DOES_NOT_INVENT_CONFIDENCE_THRESHOLDS
13971,00-0041338,STABLE_CROSSWALK,LB,4,0.16425326628751941,0,Speculative,1,7,23,B41F_FROZEN_MODEL_CURRENT_2026_COMPLETED_WEEKS,NOT_CALIBRATED_B42_DOES_NOT_INVENT_CONFIDENCE_THRESHOLDS
5025,00-0034779,STABLE_CROSSWALK,LB,4,0.16425326628751941,0,Speculative,1,7,23,B41F_FROZEN_MODEL_CURRENT_2026_COMPLETED_WEEKS,NOT_CALIBRATED_B42_DOES_NOT_INVENT_CONFIDENCE_THRESHOLDS
7014,00-0035895,STABLE_CROSSWALK,LB,4,0.16425326628751941,0,Speculative,2,7,23,B41F_FROZEN_MODEL_CURRENT_2026_COMPLETED_WEEKS,NOT_CALIBRATED_B42_DOES_NOT_INVENT_CONFIDENCE_THRESHOLDS
8733,00-0037633,STABLE_CROSSWALK,LB,4,0.16425326628751941,0,Speculative,1,7,23,B41F_FROZEN_MODEL_CURRENT_2026_COMPLETED_WEEKS,NOT_CALIBRATED_B42_DOES_NOT_INVENT_CONFIDENCE_THRESHOLDS
4984,00-0034857,STABLE_CROSSWALK,QB,4,0.82846581669946651,6,Elite,4,4,14,B41F_FROZEN_MODEL_CURRENT_2026_COMPLETED_WEEKS,NOT_CALIBRATED_B42_DOES_NOT_INVENT_CONFIDENCE_THRESHOLDS
8183,00-0037834,STABLE_CROSSWALK,QB,4,0.82275353179134347,6,Elite,4,4,14,B41F_FROZEN_MODEL_CURRENT_2026_COMPLETED_WEEKS,NOT_CALIBRATED_B42_DOES_NOT_INVENT_CONFIDENCE_THRESHOLDS
9228,00-0039150,STABLE_CROSSWALK,QB,4,0.79840414209766319,5,Every-Down,4,4,14,B41F_FROZEN_MODEL_CURRENT_2026_COMPLETED_WEEKS,NOT_CALIBRATED_B42_DOES_NOT_INVENT_CONFIDENCE_THRESHOLDS
3163,00-0033106,STABLE_CROSSWALK,QB,4,0.79275580127607459,5,Every-Down,4,4,14,B41F_FROZEN_MODEL_CURRENT_2026_COMPLETED_WEEKS,NOT_CALIBRATED_B42_DOES_NOT_INVENT_CONFIDENCE_THRESHOLDS
12545,00-0040743,STABLE_CROSSWALK,QB,4,0.76477408667456892,5,Every-Down,4,4,14,B41F_FROZEN_MODEL_CURRENT_2026_COMPLETED_WEEKS,NOT_CALIBRATED_B42_DOES_NOT_INVENT_CONFIDENCE_THRESHOLDS
4046,00-0033873,STABLE_CROSSWALK,QB,4,0.75726888691580985,5,Every-Down,4,4,14,B41F_FROZEN_MODEL_CURRENT_2026_COMPLETED_WEEKS,NOT_CALIBRATED_B42_DOES_NOT_INVENT_CONFIDENCE_THRESHOLDS
3294,00-0033077,STABLE_CROSSWALK,QB,4,0.75560995158078237,5,Every-Down,4,4,14,B41F_FROZEN_MODEL_CURRENT_2026_COMPLETED_WEEKS,NOT_CALIBRATED_B42_DOES_NOT_INVENT_CONFIDENCE_THRESHOLDS
1166,00-0029604,STABLE_CROSSWALK,QB,4,0.74213508159243469,5,Every-Down,4,4,14,B41F_FROZEN_MODEL_CURRENT_2026_COMPLETED_WEEKS,NOT_CALIBRATED_B42_DOES_NOT_INVENT_CONFIDENCE_THRESHOLDS
11560,00-0039918,STABLE_CROSSWALK,QB,4,0.73768121971881717,5,Every-Down,2,4,14,B41F_FROZEN_MODEL_CURRENT_2026_COMPLETED_WEEKS,NOT_CALIBRATED_B42_DOES_NOT_INVENT_CONFIDENCE_THRESHOLDS
6770,00-0036442,STABLE_CROSSWALK,QB,4,0.73371212615009829,5,Every-Down,4,4,14,B41F_FROZEN_MODEL_CURRENT_2026_COMPLETED_WEEKS,NOT_CALIBRATED_B42_DOES_NOT_INVENT_CONFIDENCE_THRESHOLDS
9758,00-0039163,STABLE_CROSSWALK,QB,4,0.71809192989919068,5,Every-Down,4,4,14,B41F_FROZEN_MODEL_CURRENT_2026_COMPLETED_WEEKS,NOT_CALIBRATED_B42_DOES_NOT_INVENT_CONFIDENCE_THRESHOLDS
4881,00-0034796,STABLE_CROSSWALK,QB,4,0.68907646343523354,4,Starter,4,4,14,B41F_FROZEN_MODEL_CURRENT_2026_COMPLETED_WEEKS,NOT_CALIBRATED_B42_DOES_NOT_INVENT_CONFIDENCE_THRESHOLDS
4017,00-0033537,STABLE_CROSSWALK,QB,4,0.68673141495455647,4,Starter,4,4,14,B41F_FROZEN_MODEL_CURRENT_2026_COMPLETED_WEEKS,NOT_CALIBRATED_B42_DOES_NOT_INVENT_CONFIDENCE_THRESHOLDS
6804,00-0036264,STABLE_CROSSWALK,QB,4,0.66602667309133967,4,Starter,4,4,14,B41F_FROZEN_MODEL_CURRENT_2026_COMPLETED_WEEKS,NOT_CALIBRATED_B42_DOES_NOT_INVENT_CONFIDENCE_THRESHOLDS
6904,00-0036389,STABLE_CROSSWALK,QB,4,0.66110179055790963,4,Starter,4,4,14,B41F_FROZEN_MODEL_CURRENT_2026_COMPLETED_WEEKS,NOT_CALIBRATED_B42_DOES_NOT_INVENT_CONFIDENCE_THRESHOLDS
421,00-0026498,STABLE_CROSSWALK,QB,4,0.64903671154986042,4,Starter,4,4,14,B41F_FROZEN_MODEL_CURRENT_2026_COMPLETED_WEEKS,NOT_CALIBRATED_B42_DOES_NOT_INVENT_CONFIDENCE_THRESHOLDS
5854,00-0035704,STABLE_CROSSWALK,QB,4,0.64481965643656003,4,Starter,2,4,14,B41F_FROZEN_MODEL_CURRENT_2026_COMPLETED_WEEKS,NOT_CALIBRATED_B42_DOES_NOT_INVENT_CONFIDENCE_THRESHOLDS
96,00-0023459,STABLE_CROSSWALK,QB,4,0.61618932667197968,4,Starter,4,4,14,B41F_FROZEN_MODEL_CURRENT_2026_COMPLETED_WEEKS,NOT_CALIBRATED_B42_DOES_NOT_INVENT_CONFIDENCE_THRESHOLDS
7523,00-0036971,STABLE_CROSSWALK,QB,4,0.60830759944635615,4,Starter,4,4,14,B41F_FROZEN_MODEL_CURRENT_2026_COMPLETED_WEEKS,NOT_CALIBRATED_B42_DOES_NOT_INVENT_CONFIDENCE_THRESHOLDS
11566,00-0039910,STABLE_CROSSWALK,QB,4,0.60214946414097281,4,Starter,2,4,14,B41F_FROZEN_MODEL_CURRENT_2026_COMPLETED_WEEKS,NOT_CALIBRATED_B42_DOES_NOT_INVENT_CONFIDENCE_THRESHOLDS
1373,00-0030565,STABLE_CROSSWALK,QB,4,0.5944283073294111,4,Starter,4,4,14,B41F_FROZEN_MODEL_CURRENT_2026_COMPLETED_WEEKS,NOT_CALIBRATED_B42_DOES_NOT_INVENT_CONFIDENCE_THRESHOLDS
12522,00-0040676,STABLE_CROSSWALK,QB,4,0.57394844136591472,4,Starter,4,4,14,B41F_FROZEN_MODEL_CURRENT_2026_COMPLETED_WEEKS,NOT_CALIBRATED_B42_DOES_NOT_INVENT_CONFIDENCE_THRESHOLDS
3257,00-0033119,STABLE_CROSSWALK,QB,4,0.57114441284550621,4,Starter,4,4,14,B41F_FROZEN_MODEL_CURRENT_2026_COMPLETED_WEEKS,NOT_CALIBRATED_B42_DOES_NOT_INVENT_CONFIDENCE_THRESHOLDS
11563,00-0039732,STABLE_CROSSWALK,QB,4,0.54703913826021444,3,Rotational,4,4,14,B41F_FROZEN_MODEL_CURRENT_2026_COMPLETED_WEEKS,NOT_CALIBRATED_B42_DOES_NOT_INVENT_CONFIDENCE_THRESHOLDS
4943,00-0034869,STABLE_CROSSWALK,QB,4,0.54097442384540928,3,Rotational,3,4,14,B41F_FROZEN_MODEL_CURRENT_2026_COMPLETED_WEEKS,NOT_CALIBRATED_B42_DOES_NOT_INVENT_CONFIDENCE_THRESHOLDS
11564,00-0039851,STABLE_CROSSWALK,QB,4,0.53823895049076509,3,Rotational,4,4,14,B41F_FROZEN_MODEL_CURRENT_2026_COMPLETED_WEEKS,NOT_CALIBRATED_B42_DOES_NOT_INVENT_CONFIDENCE_THRESHOLDS
11559,00-0039917,STABLE_CROSSWALK,QB,4,0.5255445636372188,3,Rotational,2,4,14,B41F_FROZEN_MODEL_CURRENT_2026_COMPLETED_WEEKS,NOT_CALIBRATED_B42_DOES_NOT_INVENT_CONFIDENCE_THRESHOLDS
3161,00-0032950,STABLE_CROSSWALK,QB,4,0.49987518878386922,3,Rotational,2,4,14,B41F_FROZEN_MODEL_CURRENT_2026_COMPLETED_WEEKS,NOT_CALIBRATED_B42_DOES_NOT_INVENT_CONFIDENCE_THRESHOLDS
12508,00-0040691,STABLE_CROSSWALK,QB,4,0.46514008239549354,3,Rotational,2,4,14,B41F_FROZEN_MODEL_CURRENT_2026_COMPLETED_WEEKS,NOT_CALIBRATED_B42_DOES_NOT_INVENT_CONFIDENCE_THRESHOLDS
6797,00-0036355,STABLE_CROSSWALK,QB,4,0.46415500515707947,3,Rotational,4,4,14,B41F_FROZEN_MODEL_CURRENT_2026_COMPLETED_WEEKS,NOT_CALIBRATED_B42_DOES_NOT_INVENT_CONFIDENCE_THRESHOLDS
2306,00-0031503,STABLE_CROSSWALK,QB,4,0.44417262577644506,3,Rotational,3,4,14,B41F_FROZEN_MODEL_CURRENT_2026_COMPLETED_WEEKS,NOT_CALIBRATED_B42_DOES_NOT_INVENT_CONFIDENCE_THRESHOLDS
4892,00-0034855,STABLE_CROSSWALK,QB,4,0.44261177375134686,3,Rotational,3,4,14,B41F_FROZEN_MODEL_CURRENT_2026_COMPLETED_WEEKS,NOT_CALIBRATED_B42_DOES_NOT_INVENT_CONFIDENCE_THRESHOLDS
8161,00-0038128,STABLE_CROSSWALK,QB,4,0.41874609764837517,3,Rotational,4,4,14,B41F_FROZEN_MODEL_CURRENT_2026_COMPLETED_WEEKS,NOT_CALIBRATED_B42_DOES_NOT_INVENT_CONFIDENCE_THRESHOLDS
5870,00-0035710,STABLE_CROSSWALK,QB,4,0.40542325033399296,3,Rotational,4,4,14,B41F_FROZEN_MODEL_CURRENT_2026_COMPLETED_WEEKS,NOT_CALIBRATED_B42_DOES_NOT_INVENT_CONFIDENCE_THRESHOLDS
5849,00-0035228,STABLE_CROSSWALK,QB,4,0.40433725036377766,3,Rotational,3,4,14,B41F_FROZEN_MODEL_CURRENT_2026_COMPLETED_WEEKS,NOT_CALIBRATED_B42_DOES_NOT_INVENT_CONFIDENCE_THRESHOLDS
13557,00-0041117,STABLE_CROSSWALK,QB,4,0.40411833434359873,3,Rotational,1,4,14,B41F_FROZEN_MODEL_CURRENT_2026_COMPLETED_WEEKS,NOT_CALIBRATED_B42_DOES_NOT_INVENT_CONFIDENCE_THRESHOLDS
13425,00-0041251,STABLE_CROSSWALK,QB,4,0.40357509424913385,3,Rotational,2,4,14,B41F_FROZEN_MODEL_CURRENT_2026_COMPLETED_WEEKS,NOT_CALIBRATED_B42_DOES_NOT_INVENT_CONFIDENCE_THRESHOLDS
2307,00-0032268,STABLE_CROSSWALK,QB,4,0.38929125255979113,3,Rotational,3,4,14,B41F_FROZEN_MODEL_CURRENT_2026_COMPLETED_WEEKS,NOT_CALIBRATED_B42_DOES_NOT_INVENT_CONFIDENCE_THRESHOLDS
1737,00-0028986,STABLE_CROSSWALK,QB,4,0.38610290187136936,2,Understudy,2,4,14,B41F_FROZEN_MODEL_CURRENT_2026_COMPLETED_WEEKS,NOT_CALIBRATED_B42_DOES_NOT_INVENT_CONFIDENCE_THRESHOLDS
11256,00-0038416,STABLE_CROSSWALK,QB,4,0.37414806851290633,2,Understudy,2,4,14,B41F_FROZEN_MODEL_CURRENT_2026_COMPLETED_WEEKS,NOT_CALIBRATED_B42_DOES_NOT_INVENT_CONFIDENCE_THRESHOLDS
7083,00-0035993,STABLE_CROSSWALK,QB,4,0.30752896964730542,1,Depth,1,4,14,B41F_FROZEN_MODEL_CURRENT_2026_COMPLETED_WEEKS,NOT_CALIBRATED_B42_DOES_NOT_INVENT_CONFIDENCE_THRESHOLDS
4574,00-0033662,STABLE_CROSSWALK,QB,4,0.28487365182381374,1,Depth,2,4,14,B41F_FROZEN_MODEL_CURRENT_2026_COMPLETED_WEEKS,NOT_CALIBRATED_B42_DOES_NOT_INVENT_CONFIDENCE_THRESHOLDS
10857,00-0039107,STABLE_CROSSWALK,QB,4,0.27485519429221972,1,Depth,1,4,14,B41F_FROZEN_MODEL_CURRENT_2026_COMPLETED_WEEKS,NOT_CALIBRATED_B42_DOES_NOT_INVENT_CONFIDENCE_THRESHOLDS
11292,00-0038476,STABLE_CROSSWALK,QB,4,0.26574636107996702,1,Depth,1,4,14,B41F_FROZEN_MODEL_CURRENT_2026_COMPLETED_WEEKS,NOT_CALIBRATED_B42_DOES_NOT_INVENT_CONFIDENCE_THRESHOLDS
13602,00-0041194,DOB_POSITION_OVERLAY,QB,4,0.23137174913206796,1,Depth,1,4,14,B41F_FROZEN_MODEL_CURRENT_2026_COMPLETED_WEEKS,NOT_CALIBRATED_B42_DOES_NOT_INVENT_CONFIDENCE_THRESHOLDS
8160,00-0038102,STABLE_CROSSWALK,QB,4,0.22556819910493489,1,Depth,2,4,14,B41F_FROZEN_MODEL_CURRENT_2026_COMPLETED_WEEKS,NOT_CALIBRATED_B42_DOES_NOT_INVENT_CONFIDENCE_THRESHOLDS
4972,00-0034771,STABLE_CROSSWALK,QB,4,0.22234661630292754,1,Depth,1,4,14,B41F_FROZEN_MODEL_CURRENT_2026_COMPLETED_WEEKS,NOT_CALIBRATED_B42_DOES_NOT_INVENT_CONFIDENCE_THRESHOLDS
4464,00-0033319,STABLE_CROSSWALK,QB,4,0.20784530904404516,1,Depth,1,4,14,B41F_FROZEN_MODEL_CURRENT_2026_COMPLETED_WEEKS,NOT_CALIBRATED_B42_DOES_NOT_INVENT_CONFIDENCE_THRESHOLDS
7527,00-0036972,STABLE_CROSSWALK,QB,4,0.19846453700191766,1,Depth,1,4,14,B41F_FROZEN_MODEL_CURRENT_2026_COMPLETED_WEEKS,NOT_CALIBRATED_B42_DOES_NOT_INVENT_CONFIDENCE_THRESHOLDS
12500,00-0040234,STABLE_CROSSWALK,QB,4,0.1623769480785206,0,Speculative,1,4,14,B41F_FROZEN_MODEL_CURRENT_2026_COMPLETED_WEEKS,NOT_CALIBRATED_B42_DOES_NOT_INVENT_CONFIDENCE_THRESHOLDS
12524,00-0040668,STABLE_CROSSWALK,QB,4,0.15608142849038711,0,Speculative,1,4,14,B41F_FROZEN_MODEL_CURRENT_2026_COMPLETED_WEEKS,NOT_CALIBRATED_B42_DOES_NOT_INVENT_CONFIDENCE_THRESHOLDS
7591,00-0036945,STABLE_CROSSWALK,QB,4,0.15608142849038711,0,Speculative,1,4,14,B41F_FROZEN_MODEL_CURRENT_2026_COMPLETED_WEEKS,NOT_CALIBRATED_B42_DOES_NOT_INVENT_CONFIDENCE_THRESHOLDS
829,00-0027973,STABLE_CROSSWALK,QB,4,0.13875276930887037,0,Speculative,1,4,14,B41F_FROZEN_MODEL_CURRENT_2026_COMPLETED_WEEKS,NOT_CALIBRATED_B42_DOES_NOT_INVENT_CONFIDENCE_THRESHOLDS
8151,00-0038134,STABLE_CROSSWALK,RB,4,0.92776607152507751,6,Elite,4,5,17,B41F_FROZEN_MODEL_CURRENT_2026_COMPLETED_WEEKS,NOT_CALIBRATED_B42_DOES_NOT_INVENT_CONFIDENCE_THRESHOLDS
9221,00-0039139,STABLE_CROSSWALK,RB,4,0.9085339728691717,6,Elite,4,5,17,B41F_FROZEN_MODEL_CURRENT_2026_COMPLETED_WEEKS,NOT_CALIBRATED_B42_DOES_NOT_INVENT_CONFIDENCE_THRESHOLDS
9509,00-0038542,STABLE_CROSSWALK,RB,4,0.90776852447454826,6,Elite,4,5,17,B41F_FROZEN_MODEL_CURRENT_2026_COMPLETED_WEEKS,NOT_CALIBRATED_B42_DOES_NOT_INVENT_CONFIDENCE_THRESHOLDS
6813,00-0036223,STABLE_CROSSWALK,RB,4,0.90770577480077608,6,Elite,4,5,17,B41F_FROZEN_MODEL_CURRENT_2026_COMPLETED_WEEKS,NOT_CALIBRATED_B42_DOES_NOT_INVENT_CONFIDENCE_THRESHOLDS
12527,00-0040122,STABLE_CROSSWALK,RB,4,0.88735111164383085,6,Elite,4,5,17,B41F_FROZEN_MODEL_CURRENT_2026_COMPLETED_WEEKS,NOT_CALIBRATED_B42_DOES_NOT_INVENT_CONFIDENCE_THRESHOLDS
3198,00-0032764,STABLE_CROSSWALK,RB,4,0.88014612853511709,6,Elite,4,5,17,B41F_FROZEN_MODEL_CURRENT_2026_COMPLETED_WEEKS,NOT_CALIBRATED_B42_DOES_NOT_INVENT_CONFIDENCE_THRESHOLDS
4199,00-0033293,STABLE_CROSSWALK,RB,4,0.87673343547943228,6,Elite,4,5,17,B41F_FROZEN_MODEL_CURRENT_2026_COMPLETED_WEEKS,NOT_CALIBRATED_B42_DOES_NOT_INVENT_CONFIDENCE_THRESHOLDS
7588,00-0036997,STABLE_CROSSWALK,RB,4,0.87509989999863691,6,Elite,4,5,17,B41F_FROZEN_MODEL_CURRENT_2026_COMPLETED_WEEKS,NOT_CALIBRATED_B42_DOES_NOT_INVENT_CONFIDENCE_THRESHOLDS
7594,00-0036555,STABLE_CROSSWALK,RB,4,0.86723282064484175,6,Elite,4,5,17,B41F_FROZEN_MODEL_CURRENT_2026_COMPLETED_WEEKS,NOT_CALIBRATED_B42_DOES_NOT_INVENT_CONFIDENCE_THRESHOLDS
8138,00-0037248,STABLE_CROSSWALK,RB,4,0.85743323187844533,6,Elite,4,5,17,B41F_FROZEN_MODEL_CURRENT_2026_COMPLETED_WEEKS,NOT_CALIBRATED_B42_DOES_NOT_INVENT_CONFIDENCE_THRESHOLDS
8150,00-0037840,STABLE_CROSSWALK,RB,4,0.85559711474399203,6,Elite,4,5,17,B41F_FROZEN_MODEL_CURRENT_2026_COMPLETED_WEEKS,NOT_CALIBRATED_B42_DOES_NOT_INVENT_CONFIDENCE_THRESHOLDS
8155,00-0038120,STABLE_CROSSWALK,RB,4,0.83337621227503511,6,Elite,3,5,17,B41F_FROZEN_MODEL_CURRENT_2026_COMPLETED_WEEKS,NOT_CALIBRATED_B42_DOES_NOT_INVENT_CONFIDENCE_THRESHOLDS
8228,00-0037228,STABLE_CROSSWALK,RB,4,0.831223886783511,6,Elite,4,5,17,B41F_FROZEN_MODEL_CURRENT_2026_COMPLETED_WEEKS,NOT_CALIBRATED_B42_DOES_NOT_INVENT_CONFIDENCE_THRESHOLDS
12512,00-0040784,STABLE_CROSSWALK,RB,4,0.82883526277627695,6,Elite,4,5,17,B41F_FROZEN_MODEL_CURRENT_2026_COMPLETED_WEEKS,NOT_CALIBRATED_B42_DOES_NOT_INVENT_CONFIDENCE_THRESHOLDS
9224,00-0038597,STABLE_CROSSWALK,RB,4,0.8259118463323315,6,Elite,4,5,17,B41F_FROZEN_MODEL_CURRENT_2026_COMPLETED_WEEKS,NOT_CALIBRATED_B42_DOES_NOT_INVENT_CONFIDENCE_THRESHOLDS
4034,00-0033280,STABLE_CROSSWALK,RB,4,0.8188779275889243,6,Elite,4,5,17,B41F_FROZEN_MODEL_CURRENT_2026_COMPLETED_WEEKS,NOT_CALIBRATED_B42_DOES_NOT_INVENT_CONFIDENCE_THRESHOLDS
6790,00-0036275,STABLE_CROSSWALK,RB,4,0.81886075871184849,6,Elite,4,5,17,B41F_FROZEN_MODEL_CURRENT_2026_COMPLETED_WEEKS,NOT_CALIBRATED_B42_DOES_NOT_INVENT_CONFIDENCE_THRESHOLDS
12534,00-0040236,STABLE_CROSSWALK,RB,4,0.81064914014811484,6,Elite,4,5,17,B41F_FROZEN_MODEL_CURRENT_2026_COMPLETED_WEEKS,NOT_CALIBRATED_B42_DOES_NOT_INVENT_CONFIDENCE_THRESHOLDS
12481,00-0040715,STABLE_CROSSWALK,RB,4,0.8105059893432599,6,Elite,4,5,17,B41F_FROZEN_MODEL_CURRENT_2026_COMPLETED_WEEKS,NOT_CALIBRATED_B42_DOES_NOT_INVENT_CONFIDENCE_THRESHOLDS
12490,00-0040719,STABLE_CROSSWALK,RB,4,0.79520122079291722,6,Elite,4,5,17,B41F_FROZEN_MODEL_CURRENT_2026_COMPLETED_WEEKS,NOT_CALIBRATED_B42_DOES_NOT_INVENT_CONFIDENCE_THRESHOLDS
11584,00-0039361,STABLE_CROSSWALK,RB,4,0.78575770369773501,6,Elite,4,5,17,B41F_FROZEN_MODEL_CURRENT_2026_COMPLETED_WEEKS,NOT_CALIBRATED_B42_DOES_NOT_INVENT_CONFIDENCE_THRESHOLDS
11435,00-0038797,STABLE_CROSSWALK,RB,4,0.78038888143526886,6,Elite,4,5,17,B41F_FROZEN_MODEL_CURRENT_2026_COMPLETED_WEEKS,NOT_CALIBRATED_B42_DOES_NOT_INVENT_CONFIDENCE_THRESHOLDS
5967,00-0035261,STABLE_CROSSWALK,RB,4,0.77640170429726507,6,Elite,4,5,17,B41F_FROZEN_MODEL_CURRENT_2026_COMPLETED_WEEKS,NOT_CALIBRATED_B42_DOES_NOT_INVENT_CONFIDENCE_THRESHOLDS
13287,00-0041027,STABLE_CROSSWALK,RB,4,0.7708299686689426,5,Every-Down,4,5,17,B41F_FROZEN_MODEL_CURRENT_2026_COMPLETED_WEEKS,NOT_CALIBRATED_B42_DOES_NOT_INVENT_CONFIDENCE_THRESHOLDS
12507,00-0040666,STABLE_CROSSWALK,RB,4,0.76334916677333087,5,Every-Down,4,5,17,B41F_FROZEN_MODEL_CURRENT_2026_COMPLETED_WEEKS,NOT_CALIBRATED_B42_DOES_NOT_INVENT_CONFIDENCE_THRESHOLDS
7611,00-0036875,STABLE_CROSSWALK,RB,4,0.75802978041610103,5,Every-Down,4,5,17,B41F_FROZEN_MODEL_CURRENT_2026_COMPLETED_WEEKS,NOT_CALIBRATED_B42_DOES_NOT_INVENT_CONFIDENCE_THRESHOLDS
4035,00-0033906,STABLE_CROSSWALK,RB,4,0.74569630940176901,5,Every-Down,3,5,17,B41F_FROZEN_MODEL_CURRENT_2026_COMPLETED_WEEKS,NOT_CALIBRATED_B42_DOES_NOT_INVENT_CONFIDENCE_THRESHOLDS
7543,00-0036973,STABLE_CROSSWALK,RB,4,0.7339652685484197,5,Every-Down,3,5,17,B41F_FROZEN_MODEL_CURRENT_2026_COMPLETED_WEEKS,NOT_CALIBRATED_B42_DOES_NOT_INVENT_CONFIDENCE_THRESHOLDS
8408,00-0037525,STABLE_CROSSWALK,RB,4,0.73001843170809477,5,Every-Down,1,5,17,B41F_FROZEN_MODEL_CURRENT_2026_COMPLETED_WEEKS,NOT_CALIBRATED_B42_DOES_NOT_INVENT_CONFIDENCE_THRESHOLDS
8154,00-0037746,STABLE_CROSSWALK,RB,4,0.72990790132256811,5,Every-Down,4,5,17,B41F_FROZEN_MODEL_CURRENT_2026_COMPLETED_WEEKS,NOT_CALIBRATED_B42_DOES_NOT_INVENT_CONFIDENCE_THRESHOLDS
12533,00-0040242,STABLE_CROSSWALK,RB,4,0.72457804518068269,5,Every-Down,4,5,17,B41F_FROZEN_MODEL_CURRENT_2026_COMPLETED_WEEKS,NOT_CALIBRATED_B42_DOES_NOT_INVENT_CONFIDENCE_THRESHOLDS
5892,00-0035685,STABLE_CROSSWALK,RB,4,0.69936096949812254,4,Starter,4,5,17,B41F_FROZEN_MODEL_CURRENT_2026_COMPLETED_WEEKS,NOT_CALIBRATED_B42_DOES_NOT_INVENT_CONFIDENCE_THRESHOLDS
12495,00-0040198,STABLE_CROSSWALK,RB,4,0.69220214708504857,4,Starter,4,5,17,B41F_FROZEN_MODEL_CURRENT_2026_COMPLETED_WEEKS,NOT_CALIBRATED_B42_DOES_NOT_INVENT_CONFIDENCE_THRESHOLDS
8136,00-0037256,STABLE_CROSSWALK,RB,4,0.68979712574216767,4,Starter,3,5,17,B41F_FROZEN_MODEL_CURRENT_2026_COMPLETED_WEEKS,NOT_CALIBRATED_B42_DOES_NOT_INVENT_CONFIDENCE_THRESHOLDS
11576,00-0039794,STABLE_CROSSWALK,RB,4,0.68658809958487299,4,Starter,4,5,17,B41F_FROZEN_MODEL_CURRENT_2026_COMPLETED_WEEKS,NOT_CALIBRATED_B42_DOES_NOT_INVENT_CONFIDENCE_THRESHOLDS
12529,00-0040734,STABLE_CROSSWALK,RB,4,0.68147567485750182,4,Starter,3,5,17,B41F_FROZEN_MODEL_CURRENT_2026_COMPLETED_WEEKS,NOT_CALIBRATED_B42_DOES_NOT_INVENT_CONFIDENCE_THRESHOLDS
9226,00-0039040,STABLE_CROSSWALK,RB,4,0.67848178210597587,4,Starter,3,5,17,B41F_FROZEN_MODEL_CURRENT_2026_COMPLETED_WEEKS,NOT_CALIBRATED_B42_DOES_NOT_INVENT_CONFIDENCE_THRESHOLDS
8132,00-0037263,STABLE_CROSSWALK,RB,4,0.67429379125716804,4,Starter,4,5,17,B41F_FROZEN_MODEL_CURRENT_2026_COMPLETED_WEEKS,NOT_CALIBRATED_B42_DOES_NOT_INVENT_CONFIDENCE_THRESHOLDS
9511,00-0038454,STABLE_CROSSWALK,RB,4,0.66824539219215195,4,Starter,4,5,17,B41F_FROZEN_MODEL_CURRENT_2026_COMPLETED_WEEKS,NOT_CALIBRATED_B42_DOES_NOT_INVENT_CONFIDENCE_THRESHOLDS
6806,00-0036158,STABLE_CROSSWALK,RB,4,0.66462492746251944,4,Starter,4,5,17,B41F_FROZEN_MODEL_CURRENT_2026_COMPLETED_WEEKS,NOT_CALIBRATED_B42_DOES_NOT_INVENT_CONFIDENCE_THRESHOLDS
12489,00-0040730,STABLE_CROSSWALK,RB,4,0.66311770879912135,4,Starter,3,5,17,B41F_FROZEN_MODEL_CURRENT_2026_COMPLETED_WEEKS,NOT_CALIBRATED_B42_DOES_NOT_INVENT_CONFIDENCE_THRESHOLDS
11581,00-0039811,STABLE_CROSSWALK,RB,4,0.65697526843698784,4,Starter,4,5,17,B41F_FROZEN_MODEL_CURRENT_2026_COMPLETED_WEEKS,NOT_CALIBRATED_B42_DOES_NOT_INVENT_CONFIDENCE_THRESHOLDS
12474,00-0040583,STABLE_CROSSWALK,RB,4,0.6546412655918602,4,Starter,4,5,17,B41F_FROZEN_MODEL_CURRENT_2026_COMPLETED_WEEKS,NOT_CALIBRATED_B42_DOES_NOT_INVENT_CONFIDENCE_THRESHOLDS
7021,00-0036139,STABLE_CROSSWALK,RB,4,0.64128202824579461,4,Starter,2,5,17,B41F_FROZEN_MODEL_CURRENT_2026_COMPLETED_WEEKS,NOT_CALIBRATED_B42_DOES_NOT_INVENT_CONFIDENCE_THRESHOLDS
13286,00-0041512,STABLE_CROSSWALK,RB,4,0.63492883544973777,4,Starter,3,5,17,B41F_FROZEN_MODEL_CURRENT_2026_COMPLETED_WEEKS,NOT_CALIBRATED_B42_DOES_NOT_INVENT_CONFIDENCE_THRESHOLDS
13345,00-0041496,STABLE_CROSSWALK,RB,4,0.61939927535987804,4,Starter,2,5,17,B41F_FROZEN_MODEL_CURRENT_2026_COMPLETED_WEEKS,NOT_CALIBRATED_B42_DOES_NOT_INVENT_CONFIDENCE_THRESHOLDS
11586,00-0039738,STABLE_CROSSWALK,RB,4,0.61829996868875847,4,Starter,4,5,17,B41F_FROZEN_MODEL_CURRENT_2026_COMPLETED_WEEKS,NOT_CALIBRATED_B42_DOES_NOT_INVENT_CONFIDENCE_THRESHOLDS
9225,00-0038555,STABLE_CROSSWALK,RB,4,0.61738108723963003,4,Starter,4,5,17,B41F_FROZEN_MODEL_CURRENT_2026_COMPLETED_WEEKS,NOT_CALIBRATED_B42_DOES_NOT_INVENT_CONFIDENCE_THRESHOLDS
4866,00-0034844,STABLE_CROSSWALK,RB,4,0.60054267940608141,3,Rotational,4,5,17,B41F_FROZEN_MODEL_CURRENT_2026_COMPLETED_WEEKS,NOT_CALIBRATED_B42_DOES_NOT_INVENT_CONFIDENCE_THRESHOLDS
12048,00-0039299,STABLE_CROSSWALK,RB,4,0.58614163395140384,3,Rotational,4,5,17,B41F_FROZEN_MODEL_CURRENT_2026_COMPLETED_WEEKS,NOT_CALIBRATED_B42_DOES_NOT_INVENT_CONFIDENCE_THRESHOLDS
9757,00-0038551,STABLE_CROSSWALK,RB,4,0.57562543344179418,3,Rotational,3,5,17,B41F_FROZEN_MODEL_CURRENT_2026_COMPLETED_WEEKS,NOT_CALIBRATED_B42_DOES_NOT_INVENT_CONFIDENCE_THRESHOLDS
7567,00-0036919,STABLE_CROSSWALK,RB,4,0.57307893377597585,3,Rotational,4,5,17,B41F_FROZEN_MODEL_CURRENT_2026_COMPLETED_WEEKS,NOT_CALIBRATED_B42_DOES_NOT_INVENT_CONFIDENCE_THRESHOLDS
6130,00-0035250,STABLE_CROSSWALK,RB,4,0.57220801621554318,3,Rotational,2,5,17,B41F_FROZEN_MODEL_CURRENT_2026_COMPLETED_WEEKS,NOT_CALIBRATED_B42_DOES_NOT_INVENT_CONFIDENCE_THRESHOLDS
10219,00-0038611,STABLE_CROSSWALK,RB,4,0.56447922810858997,3,Rotational,4,5,17,B41F_FROZEN_MODEL_CURRENT_2026_COMPLETED_WEEKS,NOT_CALIBRATED_B42_DOES_NOT_INVENT_CONFIDENCE_THRESHOLDS
13305,00-0040878,STABLE_CROSSWALK,RB,4,0.55825629259115583,3,Rotational,4,5,17,B41F_FROZEN_MODEL_CURRENT_2026_COMPLETED_WEEKS,NOT_CALIBRATED_B42_DOES_NOT_INVENT_CONFIDENCE_THRESHOLDS
4663,00-0033699,STABLE_CROSSWALK,RB,4,0.5516510793611028,3,Rotational,1,5,17,B41F_FROZEN_MODEL_CURRENT_2026_COMPLETED_WEEKS,NOT_CALIBRATED_B42_DOES_NOT_INVENT_CONFIDENCE_THRESHOLDS
13414,00-0041052,STABLE_CROSSWALK,RB,4,0.54429339684561806,3,Rotational,4,5,17,B41F_FROZEN_MODEL_CURRENT_2026_COMPLETED_WEEKS,NOT_CALIBRATED_B42_DOES_NOT_INVENT_CONFIDENCE_THRESHOLDS
11583,00-0039344,STABLE_CROSSWALK,RB,4,0.54176348969027421,3,Rotational,2,5,17,B41F_FROZEN_MODEL_CURRENT_2026_COMPLETED_WEEKS,NOT_CALIBRATED_B42_DOES_NOT_INVENT_CONFIDENCE_THRESHOLDS
7528,00-0036893,STABLE_CROSSWALK,RB,4,0.52758298367707435,2,Understudy,3,5,17,B41F_FROZEN_MODEL_CURRENT_2026_COMPLETED_WEEKS,NOT_CALIBRATED_B42_DOES_NOT_INVENT_CONFIDENCE_THRESHOLDS
12504,00-0040142,STABLE_CROSSWALK,RB,4,0.52401714332611149,2,Understudy,4,5,17,B41F_FROZEN_MODEL_CURRENT_2026_COMPLETED_WEEKS,NOT_CALIBRATED_B42_DOES_NOT_INVENT_CONFIDENCE_THRESHOLDS
11577,00-0039746,STABLE_CROSSWALK,RB,4,0.51838944872239356,2,Understudy,4,5,17,B41F_FROZEN_MODEL_CURRENT_2026_COMPLETED_WEEKS,NOT_CALIBRATED_B42_DOES_NOT_INVENT_CONFIDENCE_THRESHOLDS
5995,00-0034975,STABLE_CROSSWALK,RB,4,0.50633931050557313,2,Understudy,4,5,17,B41F_FROZEN_MODEL_CURRENT_2026_COMPLETED_WEEKS,NOT_CALIBRATED_B42_DOES_NOT_INVENT_CONFIDENCE_THRESHOLDS
9508,00-0039032,STABLE_CROSSWALK,RB,4,0.5028026506586657,2,Understudy,4,5,17,B41F_FROZEN_MODEL_CURRENT_2026_COMPLETED_WEEKS,NOT_CALIBRATED_B42_DOES_NOT_INVENT_CONFIDENCE_THRESHOLDS
11370,00-0038685,STABLE_CROSSWALK,RB,4,0.49048950332990038,2,Understudy,4,5,17,B41F_FROZEN_MODEL_CURRENT_2026_COMPLETED_WEEKS,NOT_CALIBRATED_B42_DOES_NOT_INVENT_CONFIDENCE_THRESHOLDS
11647,00-0039391,STABLE_CROSSWALK,RB,4,0.49004513267413574,2,Understudy,4,5,17,B41F_FROZEN_MODEL_CURRENT_2026_COMPLETED_WEEKS,NOT_CALIBRATED_B42_DOES_NOT_INVENT_CONFIDENCE_THRESHOLDS
13337,00-0041013,STABLE_CROSSWALK,RB,4,0.49002844468080325,2,Understudy,4,5,17,B41F_FROZEN_MODEL_CURRENT_2026_COMPLETED_WEEKS,NOT_CALIBRATED_B42_DOES_NOT_INVENT_CONFIDENCE_THRESHOLDS
8207,00-0037120,STABLE_CROSSWALK,RB,4,0.48762140674406118,2,Understudy,2,5,17,B41F_FROZEN_MODEL_CURRENT_2026_COMPLETED_WEEKS,NOT_CALIBRATED_B42_DOES_NOT_INVENT_CONFIDENCE_THRESHOLDS
4147,00-0033526,STABLE_CROSSWALK,RB,4,0.48238776388780447,2,Understudy,4,5,17,B41F_FROZEN_MODEL_CURRENT_2026_COMPLETED_WEEKS,NOT_CALIBRATED_B42_DOES_NOT_INVENT_CONFIDENCE_THRESHOLDS
12472,00-0040466,STABLE_CROSSWALK,RB,4,0.47436232447446181,2,Understudy,4,5,17,B41F_FROZEN_MODEL_CURRENT_2026_COMPLETED_WEEKS,NOT_CALIBRATED_B42_DOES_NOT_INVENT_CONFIDENCE_THRESHOLDS
13424,00-0041125,STABLE_CROSSWALK,RB,4,0.46901736538931837,2,Understudy,4,5,17,B41F_FROZEN_MODEL_CURRENT_2026_COMPLETED_WEEKS,NOT_CALIBRATED_B42_DOES_NOT_INVENT_CONFIDENCE_THRESHOLDS
8208,00-0037085,STABLE_CROSSWALK,RB,4,0.46431519308123809,2,Understudy,3,5,17,B41F_FROZEN_MODEL_CURRENT_2026_COMPLETED_WEEKS,NOT_CALIBRATED_B42_DOES_NOT_INVENT_CONFIDENCE_THRESHOLDS
6828,00-0036265,STABLE_CROSSWALK,RB,4,0.46117869599415007,2,Understudy,4,5,17,B41F_FROZEN_MODEL_CURRENT_2026_COMPLETED_WEEKS,NOT_CALIBRATED_B42_DOES_NOT_INVENT_CONFIDENCE_THRESHOLDS
6039,00-0035537,STABLE_CROSSWALK,RB,4,0.44622989170085325,2,Understudy,2,5,17,B41F_FROZEN_MODEL_CURRENT_2026_COMPLETED_WEEKS,NOT_CALIBRATED_B42_DOES_NOT_INVENT_CONFIDENCE_THRESHOLDS
11729,00-0039364,STABLE_CROSSWALK,RB,4,0.44049720256507358,2,Understudy,4,5,17,B41F_FROZEN_MODEL_CURRENT_2026_COMPLETED_WEEKS,NOT_CALIBRATED_B42_DOES_NOT_INVENT_CONFIDENCE_THRESHOLDS
13277,00-0041326,STABLE_CROSSWALK,RB,4,0.41802369272491258,2,Understudy,4,5,17,B41F_FROZEN_MODEL_CURRENT_2026_COMPLETED_WEEKS,NOT_CALIBRATED_B42_DOES_NOT_INVENT_CONFIDENCE_THRESHOLDS
11643,00-0039874,STABLE_CROSSWALK,RB,4,0.38516494406362073,2,Understudy,3,5,17,B41F_FROZEN_MODEL_CURRENT_2026_COMPLETED_WEEKS,NOT_CALIBRATED_B42_DOES_NOT_INVENT_CONFIDENCE_THRESHOLDS
12491,00-0040556,STABLE_CROSSWALK,RB,4,0.38463352902919629,2,Understudy,4,5,17,B41F_FROZEN_MODEL_CURRENT_2026_COMPLETED_WEEKS,NOT_CALIBRATED_B42_DOES_NOT_INVENT_CONFIDENCE_THRESHOLDS
13405,00-0041096,STABLE_CROSSWALK,RB,4,0.38356315236452992,2,Understudy,4,5,17,B41F_FROZEN_MODEL_CURRENT_2026_COMPLETED_WEEKS,NOT_CALIBRATED_B42_DOES_NOT_INVENT_CONFIDENCE_THRESHOLDS
11439,00-0038794,STABLE_CROSSWALK,RB,4,0.38179350843269155,2,Understudy,3,5,17,B41F_FROZEN_MODEL_CURRENT_2026_COMPLETED_WEEKS,NOT_CALIBRATED_B42_DOES_NOT_INVENT_CONFIDENCE_THRESHOLDS
8195,00-0037557,STABLE_CROSSWALK,RB,4,0.37041207478927801,2,Understudy,2,5,17,B41F_FROZEN_MODEL_CURRENT_2026_COMPLETED_WEEKS,NOT_CALIBRATED_B42_DOES_NOT_INVENT_CONFIDENCE_THRESHOLDS
13347,00-0041104,STABLE_CROSSWALK,RB,4,0.36708765122246517,2,Understudy,3,5,17,B41F_FROZEN_MODEL_CURRENT_2026_COMPLETED_WEEKS,NOT_CALIBRATED_B42_DOES_NOT_INVENT_CONFIDENCE_THRESHOLDS
2359,00-0032104,STABLE_CROSSWALK,RB,4,0.36672388012984047,2,Understudy,4,5,17,B41F_FROZEN_MODEL_CURRENT_2026_COMPLETED_WEEKS,NOT_CALIBRATED_B42_DOES_NOT_INVENT_CONFIDENCE_THRESHOLDS
1379,00-0029892,STABLE_CROSSWALK,RB,4,0.36527043596812442,2,Understudy,4,5,17,B41F_FROZEN_MODEL_CURRENT_2026_COMPLETED_WEEKS,NOT_CALIBRATED_B42_DOES_NOT_INVENT_CONFIDENCE_THRESHOLDS
11199,00-0038705,STABLE_CROSSWALK,RB,4,0.36512992582849679,2,Understudy,2,5,17,B41F_FROZEN_MODEL_CURRENT_2026_COMPLETED_WEEKS,NOT_CALIBRATED_B42_DOES_NOT_INVENT_CONFIDENCE_THRESHOLDS
9506,00-0038951,STABLE_CROSSWALK,RB,4,0.36183321748284097,1,Depth,3,5,17,B41F_FROZEN_MODEL_CURRENT_2026_COMPLETED_WEEKS,NOT_CALIBRATED_B42_DOES_NOT_INVENT_CONFIDENCE_THRESHOLDS
6931,00-0036425,STABLE_CROSSWALK,RB,4,0.35134145936614608,1,Depth,4,5,17,B41F_FROZEN_MODEL_CURRENT_2026_COMPLETED_WEEKS,NOT_CALIBRATED_B42_DOES_NOT_INVENT_CONFIDENCE_THRESHOLDS
8181,00-0037304,STABLE_CROSSWALK,RB,4,0.34938665873001712,1,Depth,4,5,17,B41F_FROZEN_MODEL_CURRENT_2026_COMPLETED_WEEKS,NOT_CALIBRATED_B42_DOES_NOT_INVENT_CONFIDENCE_THRESHOLDS
10235,00-0039021,STABLE_CROSSWALK,RB,4,0.34900155856191867,1,Depth,4,5,17,B41F_FROZEN_MODEL_CURRENT_2026_COMPLETED_WEEKS,NOT_CALIBRATED_B42_DOES_NOT_INVENT_CONFIDENCE_THRESHOLDS
13288,00-0040886,STABLE_CROSSWALK,RB,4,0.34129335751325601,1,Depth,3,5,17,B41F_FROZEN_MODEL_CURRENT_2026_COMPLETED_WEEKS,NOT_CALIBRATED_B42_DOES_NOT_INVENT_CONFIDENCE_THRESHOLDS
6659,00-0035567,STABLE_CROSSWALK,RB,4,0.32527861778322736,1,Depth,1,5,17,B41F_FROZEN_MODEL_CURRENT_2026_COMPLETED_WEEKS,NOT_CALIBRATED_B42_DOES_NOT_INVENT_CONFIDENCE_THRESHOLDS
12969,00-0040568,STABLE_CROSSWALK,RB,4,0.31402260707906737,1,Depth,1,5,17,B41F_FROZEN_MODEL_CURRENT_2026_COMPLETED_WEEKS,NOT_CALIBRATED_B42_DOES_NOT_INVENT_CONFIDENCE_THRESHOLDS
12467,00-0040177,STABLE_CROSSWALK,RB,4,0.31046479455139075,1,Depth,2,5,17,B41F_FROZEN_MODEL_CURRENT_2026_COMPLETED_WEEKS,NOT_CALIBRATED_B42_DOES_NOT_INVENT_CONFIDENCE_THRESHOLDS
6012,00-0035594,STABLE_CROSSWALK,RB,4,0.30879146197612656,1,Depth,3,5,17,B41F_FROZEN_MODEL_CURRENT_2026_COMPLETED_WEEKS,NOT_CALIBRATED_B42_DOES_NOT_INVENT_CONFIDENCE_THRESHOLDS
11575,00-0039875,STABLE_CROSSWALK,RB,4,0.28700594262889351,1,Depth,4,5,17,B41F_FROZEN_MODEL_CURRENT_2026_COMPLETED_WEEKS,NOT_CALIBRATED_B42_DOES_NOT_INVENT_CONFIDENCE_THRESHOLDS
11510,00-0038738,STABLE_CROSSWALK,RB,4,0.285420604521473,1,Depth,4,5,17,B41F_FROZEN_MODEL_CURRENT_2026_COMPLETED_WEEKS,NOT_CALIBRATED_B42_DOES_NOT_INVENT_CONFIDENCE_THRESHOLDS
11655,00-0039384,STABLE_CROSSWALK,RB,4,0.27708406460542517,1,Depth,4,5,17,B41F_FROZEN_MODEL_CURRENT_2026_COMPLETED_WEEKS,NOT_CALIBRATED_B42_DOES_NOT_INVENT_CONFIDENCE_THRESHOLDS
6109,00-0035125,STABLE_CROSSWALK,RB,4,0.27561226492951596,1,Depth,4,5,17,B41F_FROZEN_MODEL_CURRENT_2026_COMPLETED_WEEKS,NOT_CALIBRATED_B42_DOES_NOT_INVENT_CONFIDENCE_THRESHOLDS
14026,00-0041436,STABLE_CROSSWALK,RB,4,0.25880785564287434,1,Depth,4,5,17,B41F_FROZEN_MODEL_CURRENT_2026_COMPLETED_WEEKS,NOT_CALIBRATED_B42_DOES_NOT_INVENT_CONFIDENCE_THRESHOLDS
4353,00-0033376,STABLE_CROSSWALK,RB,4,0.25491611823619825,1,Depth,4,5,17,B41F_FROZEN_MODEL_CURRENT_2026_COMPLETED_WEEKS,NOT_CALIBRATED_B42_DOES_NOT_INVENT_CONFIDENCE_THRESHOLDS
11280,00-0038488,STABLE_CROSSWALK,RB,4,0.25247475031471645,1,Depth,4,5,17,B41F_FROZEN_MODEL_CURRENT_2026_COMPLETED_WEEKS,NOT_CALIBRATED_B42_DOES_NOT_INVENT_CONFIDENCE_THRESHOLDS
8122,00-0037157,STABLE_CROSSWALK,RB,4,0.25231975082448754,1,Depth,4,5,17,B41F_FROZEN_MODEL_CURRENT_2026_COMPLETED_WEEKS,NOT_CALIBRATED_B42_DOES_NOT_INVENT_CONFIDENCE_THRESHOLDS
11573,00-0039471,STABLE_CROSSWALK,RB,4,0.24932886802548176,1,Depth,2,5,17,B41F_FROZEN_MODEL_CURRENT_2026_COMPLETED_WEEKS,NOT_CALIBRATED_B42_DOES_NOT_INVENT_CONFIDENCE_THRESHOLDS
12544,00-0040238,STABLE_CROSSWALK,RB,4,0.2315218313978479,1,Depth,4,5,17,B41F_FROZEN_MODEL_CURRENT_2026_COMPLETED_WEEKS,NOT_CALIBRATED_B42_DOES_NOT_INVENT_CONFIDENCE_THRESHOLDS
9510,00-0038409,STABLE_CROSSWALK,RB,4,0.22838488298761039,1,Depth,2,5,17,B41F_FROZEN_MODEL_CURRENT_2026_COMPLETED_WEEKS,NOT_CALIBRATED_B42_DOES_NOT_INVENT_CONFIDENCE_THRESHOLDS
7204,00-0036187,STABLE_CROSSWALK,RB,4,0.22428477004308262,0,Speculative,4,5,17,B41F_FROZEN_MODEL_CURRENT_2026_COMPLETED_WEEKS,NOT_CALIBRATED_B42_DOES_NOT_INVENT_CONFIDENCE_THRESHOLDS
8025,00-0036727,STABLE_CROSSWALK,RB,4,0.20463431621933184,0,Speculative,4,5,17,B41F_FROZEN_MODEL_CURRENT_2026_COMPLETED_WEEKS,NOT_CALIBRATED_B42_DOES_NOT_INVENT_CONFIDENCE_THRESHOLDS
12455,00-0040078,STABLE_CROSSWALK,RB,4,0.2030003852915987,0,Speculative,4,5,17,B41F_FROZEN_MODEL_CURRENT_2026_COMPLETED_WEEKS,NOT_CALIBRATED_B42_DOES_NOT_INVENT_CONFIDENCE_THRESHOLDS
2471,00-0031595,STABLE_CROSSWALK,RB,4,0.18406948076779214,0,Speculative,4,5,17,B41F_FROZEN_MODEL_CURRENT_2026_COMPLETED_WEEKS,NOT_CALIBRATED_B42_DOES_NOT_INVENT_CONFIDENCE_THRESHOLDS
13516,00-0041081,DOB_POSITION_OVERLAY,RB,4,0.16884501145782527,0,Speculative,4,5,17,B41F_FROZEN_MODEL_CURRENT_2026_COMPLETED_WEEKS,NOT_CALIBRATED_B42_DOES_NOT_INVENT_CONFIDENCE_THRESHOLDS
11571,00-0039798,STABLE_CROSSWALK,RB,4,0.16037727430945664,0,Speculative,4,5,17,B41F_FROZEN_MODEL_CURRENT_2026_COMPLETED_WEEKS,NOT_CALIBRATED_B42_DOES_NOT_INVENT_CONFIDENCE_THRESHOLDS
12939,00-0040394,STABLE_CROSSWALK,RB,4,0.15789891221725122,0,Speculative,2,5,17,B41F_FROZEN_MODEL_CURRENT_2026_COMPLETED_WEEKS,NOT_CALIBRATED_B42_DOES_NOT_INVENT_CONFIDENCE_THRESHOLDS
8223,00-0037745,STABLE_CROSSWALK,RB,4,0.15789891221725122,0,Speculative,3,5,17,B41F_FROZEN_MODEL_CURRENT_2026_COMPLETED_WEEKS,NOT_CALIBRATED_B42_DOES_NOT_INVENT_CONFIDENCE_THRESHOLDS
11273,00-0038489,STABLE_CROSSWALK,RB,4,0.15624667082244759,0,Speculative,4,5,17,B41F_FROZEN_MODEL_CURRENT_2026_COMPLETED_WEEKS,NOT_CALIBRATED_B42_DOES_NOT_INVENT_CONFIDENCE_THRESHOLDS
13433,00-0041398,STABLE_CROSSWALK,RB,4,0.1554205501250458,0,Speculative,4,5,17,B41F_FROZEN_MODEL_CURRENT_2026_COMPLETED_WEEKS,NOT_CALIBRATED_B42_DOES_NOT_INVENT_CONFIDENCE_THRESHOLDS
11237,00-0038896,STABLE_CROSSWALK,RB,4,0.15190953716108813,0,Speculative,4,5,17,B41F_FROZEN_MODEL_CURRENT_2026_COMPLETED_WEEKS,NOT_CALIBRATED_B42_DOES_NOT_INVENT_CONFIDENCE_THRESHOLDS
11570,00-0039796,STABLE_CROSSWALK,RB,4,0.15190953716108813,0,Speculative,4,5,17,B41F_FROZEN_MODEL_CURRENT_2026_COMPLETED_WEEKS,NOT_CALIBRATED_B42_DOES_NOT_INVENT_CONFIDENCE_THRESHOLDS
12171,00-0039603,STABLE_CROSSWALK,RB,4,0.15190953716108813,0,Speculative,3,5,17,B41F_FROZEN_MODEL_CURRENT_2026_COMPLETED_WEEKS,NOT_CALIBRATED_B42_DOES_NOT_INVENT_CONFIDENCE_THRESHOLDS
12469,00-0040162,STABLE_CROSSWALK,RB,4,0.15190953716108813,0,Speculative,1,5,17,B41F_FROZEN_MODEL_CURRENT_2026_COMPLETED_WEEKS,NOT_CALIBRATED_B42_DOES_NOT_INVENT_CONFIDENCE_THRESHOLDS
12543,00-0040208,STABLE_CROSSWALK,RB,4,0.15190953716108813,0,Speculative,4,5,17,B41F_FROZEN_MODEL_CURRENT_2026_COMPLETED_WEEKS,NOT_CALIBRATED_B42_DOES_NOT_INVENT_CONFIDENCE_THRESHOLDS
12787,00-0040429,STABLE_CROSSWALK,RB,4,0.15190953716108813,0,Speculative,1,5,17,B41F_FROZEN_MODEL_CURRENT_2026_COMPLETED_WEEKS,NOT_CALIBRATED_B42_DOES_NOT_INVENT_CONFIDENCE_THRESHOLDS
13315,00-0041415,STABLE_CROSSWALK,RB,4,0.15190953716108813,0,Speculative,2,5,17,B41F_FROZEN_MODEL_CURRENT_2026_COMPLETED_WEEKS,NOT_CALIBRATED_B42_DOES_NOT_INVENT_CONFIDENCE_THRESHOLDS
13423,00-0041490,STABLE_CROSSWALK,RB,4,0.15190953716108813,0,Speculative,2,5,17,B41F_FROZEN_MODEL_CURRENT_2026_COMPLETED_WEEKS,NOT_CALIBRATED_B42_DOES_NOT_INVENT_CONFIDENCE_THRESHOLDS
4718,00-0033854,STABLE_CROSSWALK,RB,4,0.15190953716108813,0,Speculative,1,5,17,B41F_FROZEN_MODEL_CURRENT_2026_COMPLETED_WEEKS,NOT_CALIBRATED_B42_DOES_NOT_INVENT_CONFIDENCE_THRESHOLDS
6323,00-0034959,STABLE_CROSSWALK,RB,4,0.15190953716108813,0,Speculative,4,5,17,B41F_FROZEN_MODEL_CURRENT_2026_COMPLETED_WEEKS,NOT_CALIBRATED_B42_DOES_NOT_INVENT_CONFIDENCE_THRESHOLDS
7720,00-0036842,STABLE_CROSSWALK,RB,4,0.15190953716108813,0,Speculative,1,5,17,B41F_FROZEN_MODEL_CURRENT_2026_COMPLETED_WEEKS,NOT_CALIBRATED_B42_DOES_NOT_INVENT_CONFIDENCE_THRESHOLDS
8254,00-0037594,STABLE_CROSSWALK,RB,4,0.15190953716108813,0,Speculative,4,5,17,B41F_FROZEN_MODEL_CURRENT_2026_COMPLETED_WEEKS,NOT_CALIBRATED_B42_DOES_NOT_INVENT_CONFIDENCE_THRESHOLDS
11574,00-0039407,STABLE_CROSSWALK,RB,4,0.1441423236914629,0,Speculative,4,5,17,B41F_FROZEN_MODEL_CURRENT_2026_COMPLETED_WEEKS,NOT_CALIBRATED_B42_DOES_NOT_INVENT_CONFIDENCE_THRESHOLDS
8130,00-0037744,STABLE_CROSSWALK,TE,4,0.90635097461678593,6,Elite,4,6,20,B41F_FROZEN_MODEL_CURRENT_2026_COMPLETED_WEEKS,NOT_CALIBRATED_B42_DOES_NOT_INVENT_CONFIDENCE_THRESHOLDS
11604,00-0039338,STABLE_CROSSWALK,TE,4,0.90355776616166583,6,Elite,2,6,20,B41F_FROZEN_MODEL_CURRENT_2026_COMPLETED_WEEKS,NOT_CALIBRATED_B42_DOES_NOT_INVENT_CONFIDENCE_THRESHOLDS
4217,00-0033288,STABLE_CROSSWALK,TE,4,0.88531625299444272,6,Elite,4,6,20,B41F_FROZEN_MODEL_CURRENT_2026_COMPLETED_WEEKS,NOT_CALIBRATED_B42_DOES_NOT_INVENT_CONFIDENCE_THRESHOLDS
10859,00-0039065,STABLE_CROSSWALK,TE,4,0.87744908287677525,6,Elite,4,6,20,B41F_FROZEN_MODEL_CURRENT_2026_COMPLETED_WEEKS,NOT_CALIBRATED_B42_DOES_NOT_INVENT_CONFIDENCE_THRESHOLDS
12506,00-0040663,STABLE_CROSSWALK,TE,4,0.87014439778338626,6,Elite,4,6,20,B41F_FROZEN_MODEL_CURRENT_2026_COMPLETED_WEEKS,NOT_CALIBRATED_B42_DOES_NOT_INVENT_CONFIDENCE_THRESHOLDS
5844,00-0035229,STABLE_CROSSWALK,TE,4,0.86243370079557014,6,Elite,4,6,20,B41F_FROZEN_MODEL_CURRENT_2026_COMPLETED_WEEKS,NOT_CALIBRATED_B42_DOES_NOT_INVENT_CONFIDENCE_THRESHOLDS
8131,00-0037838,STABLE_CROSSWALK,TE,4,0.86054944066458461,6,Elite,4,6,20,B41F_FROZEN_MODEL_CURRENT_2026_COMPLETED_WEEKS,NOT_CALIBRATED_B42_DOES_NOT_INVENT_CONFIDENCE_THRESHOLDS
1466,00-0030506,STABLE_CROSSWALK,TE,4,0.8588352155969895,6,Elite,4,6,20,B41F_FROZEN_MODEL_CURRENT_2026_COMPLETED_WEEKS,NOT_CALIBRATED_B42_DOES_NOT_INVENT_CONFIDENCE_THRESHOLDS
7002,00-0036040,STABLE_CROSSWALK,TE,4,0.85229638649617778,6,Elite,4,6,20,B41F_FROZEN_MODEL_CURRENT_2026_COMPLETED_WEEKS,NOT_CALIBRATED_B42_DOES_NOT_INVENT_CONFIDENCE_THRESHOLDS
12518,00-0040128,STABLE_CROSSWALK,TE,4,0.84273302218645096,6,Elite,4,6,20,B41F_FROZEN_MODEL_CURRENT_2026_COMPLETED_WEEKS,NOT_CALIBRATED_B42_DOES_NOT_INVENT_CONFIDENCE_THRESHOLDS
9482,00-0039066,STABLE_CROSSWALK,TE,4,0.82428070778896545,5,Every-Down,4,6,20,B41F_FROZEN_MODEL_CURRENT_2026_COMPLETED_WEEKS,NOT_CALIBRATED_B42_DOES_NOT_INVENT_CONFIDENCE_THRESHOLDS
8111,00-0038129,STABLE_CROSSWALK,TE,4,0.82316893985548989,5,Every-Down,4,6,20,B41F_FROZEN_MODEL_CURRENT_2026_COMPLETED_WEEKS,NOT_CALIBRATED_B42_DOES_NOT_INVENT_CONFIDENCE_THRESHOLDS
9484,00-0038996,STABLE_CROSSWALK,TE,4,0.81828156578980127,5,Every-Down,4,6,20,B41F_FROZEN_MODEL_CURRENT_2026_COMPLETED_WEEKS,NOT_CALIBRATED_B42_DOES_NOT_INVENT_CONFIDENCE_THRESHOLDS
9480,00-0038935,STABLE_CROSSWALK,TE,4,0.8127136841670719,5,Every-Down,4,6,20,B41F_FROZEN_MODEL_CURRENT_2026_COMPLETED_WEEKS,NOT_CALIBRATED_B42_DOES_NOT_INVENT_CONFIDENCE_THRESHOLDS
10236,00-0038933,STABLE_CROSSWALK,TE,4,0.80492016224824137,5,Every-Down,4,6,20,B41F_FROZEN_MODEL_CURRENT_2026_COMPLETED_WEEKS,NOT_CALIBRATED_B42_DOES_NOT_INVENT_CONFIDENCE_THRESHOLDS
5001,00-0034383,STABLE_CROSSWALK,TE,4,0.801093893368654,5,Every-Down,4,6,20,B41F_FROZEN_MODEL_CURRENT_2026_COMPLETED_WEEKS,NOT_CALIBRATED_B42_DOES_NOT_INVENT_CONFIDENCE_THRESHOLDS
7600,00-0036894,STABLE_CROSSWALK,TE,4,0.79717644474359473,5,Every-Down,4,6,20,B41F_FROZEN_MODEL_CURRENT_2026_COMPLETED_WEEKS,NOT_CALIBRATED_B42_DOES_NOT_INVENT_CONFIDENCE_THRESHOLDS
5012,00-0034753,STABLE_CROSSWALK,TE,4,0.78976616683026846,5,Every-Down,4,6,20,B41F_FROZEN_MODEL_CURRENT_2026_COMPLETED_WEEKS,NOT_CALIBRATED_B42_DOES_NOT_INVENT_CONFIDENCE_THRESHOLDS
13330,00-0041032,STABLE_CROSSWALK,TE,4,0.78293647895344987,5,Every-Down,4,6,20,B41F_FROZEN_MODEL_CURRENT_2026_COMPLETED_WEEKS,NOT_CALIBRATED_B42_DOES_NOT_INVENT_CONFIDENCE_THRESHOLDS
4993,00-0034829,STABLE_CROSSWALK,TE,4,0.76258146742446276,5,Every-Down,4,6,20,B41F_FROZEN_MODEL_CURRENT_2026_COMPLETED_WEEKS,NOT_CALIBRATED_B42_DOES_NOT_INVENT_CONFIDENCE_THRESHOLDS
8110,00-0038041,STABLE_CROSSWALK,TE,4,0.76062765054962367,5,Every-Down,4,6,20,B41F_FROZEN_MODEL_CURRENT_2026_COMPLETED_WEEKS,NOT_CALIBRATED_B42_DOES_NOT_INVENT_CONFIDENCE_THRESHOLDS
12517,00-0040126,STABLE_CROSSWALK,TE,4,0.76003508291974442,5,Every-Down,4,6,20,B41F_FROZEN_MODEL_CURRENT_2026_COMPLETED_WEEKS,NOT_CALIBRATED_B42_DOES_NOT_INVENT_CONFIDENCE_THRESHOLDS
2505,00-0031610,STABLE_CROSSWALK,TE,4,0.75664161614609515,5,Every-Down,4,6,20,B41F_FROZEN_MODEL_CURRENT_2026_COMPLETED_WEEKS,NOT_CALIBRATED_B42_DOES_NOT_INVENT_CONFIDENCE_THRESHOLDS
11603,00-0039793,STABLE_CROSSWALK,TE,4,0.75591082144897404,5,Every-Down,4,6,20,B41F_FROZEN_MODEL_CURRENT_2026_COMPLETED_WEEKS,NOT_CALIBRATED_B42_DOES_NOT_INVENT_CONFIDENCE_THRESHOLDS
3271,00-0033110,STABLE_CROSSWALK,TE,4,0.7506014804329475,5,Every-Down,4,6,20,B41F_FROZEN_MODEL_CURRENT_2026_COMPLETED_WEEKS,NOT_CALIBRATED_B42_DOES_NOT_INVENT_CONFIDENCE_THRESHOLDS
5857,00-0035644,STABLE_CROSSWALK,TE,4,0.75015568265341415,5,Every-Down,3,6,20,B41F_FROZEN_MODEL_CURRENT_2026_COMPLETED_WEEKS,NOT_CALIBRATED_B42_DOES_NOT_INVENT_CONFIDENCE_THRESHOLDS
3214,00-0033090,STABLE_CROSSWALK,TE,4,0.74816115076543321,5,Every-Down,4,6,20,B41F_FROZEN_MODEL_CURRENT_2026_COMPLETED_WEEKS,NOT_CALIBRATED_B42_DOES_NOT_INVENT_CONFIDENCE_THRESHOLDS
5022,00-0034351,STABLE_CROSSWALK,TE,4,0.74495704216820768,5,Every-Down,2,6,20,B41F_FROZEN_MODEL_CURRENT_2026_COMPLETED_WEEKS,NOT_CALIBRATED_B42_DOES_NOT_INVENT_CONFIDENCE_THRESHOLDS
9479,00-0038558,STABLE_CROSSWALK,TE,4,0.73298867152554736,5,Every-Down,4,6,20,B41F_FROZEN_MODEL_CURRENT_2026_COMPLETED_WEEKS,NOT_CALIBRATED_B42_DOES_NOT_INVENT_CONFIDENCE_THRESHOLDS
12493,00-0040189,STABLE_CROSSWALK,TE,4,0.72075801372873938,4,Starter,4,6,20,B41F_FROZEN_MODEL_CURRENT_2026_COMPLETED_WEEKS,NOT_CALIBRATED_B42_DOES_NOT_INVENT_CONFIDENCE_THRESHOLDS
4066,00-0033881,STABLE_CROSSWALK,TE,4,0.70013312254543558,4,Starter,4,6,20,B41F_FROZEN_MODEL_CURRENT_2026_COMPLETED_WEEKS,NOT_CALIBRATED_B42_DOES_NOT_INVENT_CONFIDENCE_THRESHOLDS
12502,00-0040584,STABLE_CROSSWALK,TE,4,0.6869352479070282,4,Starter,4,6,20,B41F_FROZEN_MODEL_CURRENT_2026_COMPLETED_WEEKS,NOT_CALIBRATED_B42_DOES_NOT_INVENT_CONFIDENCE_THRESHOLDS
12487,00-0040737,STABLE_CROSSWALK,TE,4,0.67203964503316826,4,Starter,3,6,20,B41F_FROZEN_MODEL_CURRENT_2026_COMPLETED_WEEKS,NOT_CALIBRATED_B42_DOES_NOT_INVENT_CONFIDENCE_THRESHOLDS
6826,00-0036290,STABLE_CROSSWALK,TE,4,0.66513126546862245,4,Starter,4,6,20,B41F_FROZEN_MODEL_CURRENT_2026_COMPLETED_WEEKS,NOT_CALIBRATED_B42_DOES_NOT_INVENT_CONFIDENCE_THRESHOLDS
7694,00-0037005,STABLE_CROSSWALK,TE,4,0.65844728821335219,3,Rotational,4,6,20,B41F_FROZEN_MODEL_CURRENT_2026_COMPLETED_WEEKS,NOT_CALIBRATED_B42_DOES_NOT_INVENT_CONFIDENCE_THRESHOLDS
8172,00-0037252,STABLE_CROSSWALK,TE,4,0.64772335509145484,3,Rotational,4,6,20,B41F_FROZEN_MODEL_CURRENT_2026_COMPLETED_WEEKS,NOT_CALIBRATED_B42_DOES_NOT_INVENT_CONFIDENCE_THRESHOLDS
4033,00-0033885,STABLE_CROSSWALK,TE,4,0.64333215349159578,3,Rotational,2,6,20,B41F_FROZEN_MODEL_CURRENT_2026_COMPLETED_WEEKS,NOT_CALIBRATED_B42_DOES_NOT_INVENT_CONFIDENCE_THRESHOLDS
7828,00-0036637,STABLE_CROSSWALK,TE,4,0.64251385643679482,3,Rotational,4,6,20,B41F_FROZEN_MODEL_CURRENT_2026_COMPLETED_WEEKS,NOT_CALIBRATED_B42_DOES_NOT_INVENT_CONFIDENCE_THRESHOLDS
8210,00-0037809,STABLE_CROSSWALK,TE,4,0.63797460606757628,3,Rotational,2,6,20,B41F_FROZEN_MODEL_CURRENT_2026_COMPLETED_WEEKS,NOT_CALIBRATED_B42_DOES_NOT_INVENT_CONFIDENCE_THRESHOLDS
5906,00-0035689,STABLE_CROSSWALK,TE,4,0.63558143712994852,3,Rotational,4,6,20,B41F_FROZEN_MODEL_CURRENT_2026_COMPLETED_WEEKS,NOT_CALIBRATED_B42_DOES_NOT_INVENT_CONFIDENCE_THRESHOLDS
7553,00-0036970,STABLE_CROSSWALK,TE,4,0.63385985425122038,3,Rotational,4,6,20,B41F_FROZEN_MODEL_CURRENT_2026_COMPLETED_WEEKS,NOT_CALIBRATED_B42_DOES_NOT_INVENT_CONFIDENCE_THRESHOLDS
13421,00-0041395,STABLE_CROSSWALK,TE,4,0.63382816788939544,3,Rotational,3,6,20,B41F_FROZEN_MODEL_CURRENT_2026_COMPLETED_WEEKS,NOT_CALIBRATED_B42_DOES_NOT_INVENT_CONFIDENCE_THRESHOLDS
5985,00-0034981,STABLE_CROSSWALK,TE,4,0.60754836637743947,3,Rotational,4,6,20,B41F_FROZEN_MODEL_CURRENT_2026_COMPLETED_WEEKS,NOT_CALIBRATED_B42_DOES_NOT_INVENT_CONFIDENCE_THRESHOLDS
12473,00-0040187,STABLE_CROSSWALK,TE,4,0.5935190762366257,3,Rotational,4,6,20,B41F_FROZEN_MODEL_CURRENT_2026_COMPLETED_WEEKS,NOT_CALIBRATED_B42_DOES_NOT_INVENT_CONFIDENCE_THRESHOLDS
8145,00-0037805,STABLE_CROSSWALK,TE,4,0.58880407751009156,3,Rotational,4,6,20,B41F_FROZEN_MODEL_CURRENT_2026_COMPLETED_WEEKS,NOT_CALIBRATED_B42_DOES_NOT_INVENT_CONFIDENCE_THRESHOLDS
8127,00-0038046,STABLE_CROSSWALK,TE,4,0.58601936349408967,3,Rotational,2,6,20,B41F_FROZEN_MODEL_CURRENT_2026_COMPLETED_WEEKS,NOT_CALIBRATED_B42_DOES_NOT_INVENT_CONFIDENCE_THRESHOLDS
10231,00-0039041,STABLE_CROSSWALK,TE,4,0.57656610584901313,3,Rotational,4,6,20,B41F_FROZEN_MODEL_CURRENT_2026_COMPLETED_WEEKS,NOT_CALIBRATED_B42_DOES_NOT_INVENT_CONFIDENCE_THRESHOLDS
5973,00-0035249,STABLE_CROSSWALK,TE,4,0.56855287901056017,3,Rotational,3,6,20,B41F_FROZEN_MODEL_CURRENT_2026_COMPLETED_WEEKS,NOT_CALIBRATED_B42_DOES_NOT_INVENT_CONFIDENCE_THRESHOLDS
11433,00-0038783,STABLE_CROSSWALK,TE,4,0.56091051642277556,3,Rotational,4,6,20,B41F_FROZEN_MODEL_CURRENT_2026_COMPLETED_WEEKS,NOT_CALIBRATED_B42_DOES_NOT_INVENT_CONFIDENCE_THRESHOLDS
3202,00-0032392,STABLE_CROSSWALK,TE,4,0.56016575118394663,3,Rotational,4,6,20,B41F_FROZEN_MODEL_CURRENT_2026_COMPLETED_WEEKS,NOT_CALIBRATED_B42_DOES_NOT_INVENT_CONFIDENCE_THRESHOLDS
11597,00-0039847,STABLE_CROSSWALK,TE,4,0.55984049296675154,3,Rotational,4,6,20,B41F_FROZEN_MODEL_CURRENT_2026_COMPLETED_WEEKS,NOT_CALIBRATED_B42_DOES_NOT_INVENT_CONFIDENCE_THRESHOLDS
1339,00-0030061,STABLE_CROSSWALK,TE,4,0.55349412426908362,3,Rotational,2,6,20,B41F_FROZEN_MODEL_CURRENT_2026_COMPLETED_WEEKS,NOT_CALIBRATED_B42_DOES_NOT_INVENT_CONFIDENCE_THRESHOLDS
10214,00-0039074,STABLE_CROSSWALK,TE,4,0.53181396997387664,3,Rotational,4,6,20,B41F_FROZEN_MODEL_CURRENT_2026_COMPLETED_WEEKS,NOT_CALIBRATED_B42_DOES_NOT_INVENT_CONFIDENCE_THRESHOLDS
4144,00-0033858,STABLE_CROSSWALK,TE,4,0.5302982019738478,2,Understudy,4,6,20,B41F_FROZEN_MODEL_CURRENT_2026_COMPLETED_WEEKS,NOT_CALIBRATED_B42_DOES_NOT_INVENT_CONFIDENCE_THRESHOLDS
6865,00-0036244,STABLE_CROSSWALK,TE,4,0.53001584355956766,2,Understudy,3,6,20,B41F_FROZEN_MODEL_CURRENT_2026_COMPLETED_WEEKS,NOT_CALIBRATED_B42_DOES_NOT_INVENT_CONFIDENCE_THRESHOLDS
7842,00-0036887,STABLE_CROSSWALK,TE,4,0.52628543199369782,2,Understudy,4,6,20,B41F_FROZEN_MODEL_CURRENT_2026_COMPLETED_WEEKS,NOT_CALIBRATED_B42_DOES_NOT_INVENT_CONFIDENCE_THRESHOLDS
13434,00-0041524,STABLE_CROSSWALK,TE,4,0.52332198840274069,2,Understudy,4,6,20,B41F_FROZEN_MODEL_CURRENT_2026_COMPLETED_WEEKS,NOT_CALIBRATED_B42_DOES_NOT_INVENT_CONFIDENCE_THRESHOLDS
4995,00-0034365,STABLE_CROSSWALK,TE,4,0.5185232300532695,2,Understudy,4,6,20,B41F_FROZEN_MODEL_CURRENT_2026_COMPLETED_WEEKS,NOT_CALIBRATED_B42_DOES_NOT_INVENT_CONFIDENCE_THRESHOLDS
11201,00-0038710,STABLE_CROSSWALK,TE,4,0.51148692421624431,2,Understudy,4,6,20,B41F_FROZEN_MODEL_CURRENT_2026_COMPLETED_WEEKS,NOT_CALIBRATED_B42_DOES_NOT_INVENT_CONFIDENCE_THRESHOLDS
8225,00-0038115,STABLE_CROSSWALK,TE,4,0.51076259361058962,2,Understudy,4,6,20,B41F_FROZEN_MODEL_CURRENT_2026_COMPLETED_WEEKS,NOT_CALIBRATED_B42_DOES_NOT_INVENT_CONFIDENCE_THRESHOLDS
5409,00-0034613,STABLE_CROSSWALK,TE,4,0.48612292530306117,2,Understudy,3,6,20,B41F_FROZEN_MODEL_CURRENT_2026_COMPLETED_WEEKS,NOT_CALIBRATED_B42_DOES_NOT_INVENT_CONFIDENCE_THRESHOLDS
13322,00-0041558,STABLE_CROSSWALK,TE,4,0.48399242496965855,2,Understudy,4,6,20,B41F_FROZEN_MODEL_CURRENT_2026_COMPLETED_WEEKS,NOT_CALIBRATED_B42_DOES_NOT_INVENT_CONFIDENCE_THRESHOLDS
4314,00-0033246,STABLE_CROSSWALK,TE,4,0.48091192463946963,2,Understudy,4,6,20,B41F_FROZEN_MODEL_CURRENT_2026_COMPLETED_WEEKS,NOT_CALIBRATED_B42_DOES_NOT_INVENT_CONFIDENCE_THRESHOLDS
7891,00-0036754,STABLE_CROSSWALK,TE,4,0.47400631992250469,2,Understudy,4,6,20,B41F_FROZEN_MODEL_CURRENT_2026_COMPLETED_WEEKS,NOT_CALIBRATED_B42_DOES_NOT_INVENT_CONFIDENCE_THRESHOLDS
13299,00-0041503,STABLE_CROSSWALK,TE,4,0.47219064580249165,2,Understudy,4,6,20,B41F_FROZEN_MODEL_CURRENT_2026_COMPLETED_WEEKS,NOT_CALIBRATED_B42_DOES_NOT_INVENT_CONFIDENCE_THRESHOLDS
13013,00-0040598,DOB_POSITION_OVERLAY,TE,4,0.46262184068430134,2,Understudy,4,6,20,B41F_FROZEN_MODEL_CURRENT_2026_COMPLETED_WEEKS,NOT_CALIBRATED_B42_DOES_NOT_INVENT_CONFIDENCE_THRESHOLDS
8219,00-0037755,STABLE_CROSSWALK,TE,4,0.46160176879053627,2,Understudy,4,6,20,B41F_FROZEN_MODEL_CURRENT_2026_COMPLETED_WEEKS,NOT_CALIBRATED_B42_DOES_NOT_INVENT_CONFIDENCE_THRESHOLDS
12498,00-0040736,STABLE_CROSSWALK,TE,4,0.4609654969329916,2,Understudy,2,6,20,B41F_FROZEN_MODEL_CURRENT_2026_COMPLETED_WEEKS,NOT_CALIBRATED_B42_DOES_NOT_INVENT_CONFIDENCE_THRESHOLDS
11593,00-0039530,STABLE_CROSSWALK,TE,4,0.45613765857774657,2,Understudy,4,6,20,B41F_FROZEN_MODEL_CURRENT_2026_COMPLETED_WEEKS,NOT_CALIBRATED_B42_DOES_NOT_INVENT_CONFIDENCE_THRESHOLDS
7716,00-0036628,STABLE_CROSSWALK,TE,4,0.45077907007458512,1,Depth,4,6,20,B41F_FROZEN_MODEL_CURRENT_2026_COMPLETED_WEEKS,NOT_CALIBRATED_B42_DOES_NOT_INVENT_CONFIDENCE_THRESHOLDS
7568,00-0036556,STABLE_CROSSWALK,TE,4,0.44805652193978773,1,Depth,1,6,20,B41F_FROZEN_MODEL_CURRENT_2026_COMPLETED_WEEKS,NOT_CALIBRATED_B42_DOES_NOT_INVENT_CONFIDENCE_THRESHOLDS
6001,00-0035631,STABLE_CROSSWALK,TE,4,0.44732684829801928,1,Depth,4,6,20,B41F_FROZEN_MODEL_CURRENT_2026_COMPLETED_WEEKS,NOT_CALIBRATED_B42_DOES_NOT_INVENT_CONFIDENCE_THRESHOLDS
4054,00-0033217,STABLE_CROSSWALK,TE,4,0.436596956413421,1,Depth,4,6,20,B41F_FROZEN_MODEL_CURRENT_2026_COMPLETED_WEEKS,NOT_CALIBRATED_B42_DOES_NOT_INVENT_CONFIDENCE_THRESHOLDS
4189,00-0033576,STABLE_CROSSWALK,TE,4,0.43295935959843346,1,Depth,4,6,20,B41F_FROZEN_MODEL_CURRENT_2026_COMPLETED_WEEKS,NOT_CALIBRATED_B42_DOES_NOT_INVENT_CONFIDENCE_THRESHOLDS
6869,00-0036422,STABLE_CROSSWALK,TE,4,0.41448168715941575,1,Depth,4,6,20,B41F_FROZEN_MODEL_CURRENT_2026_COMPLETED_WEEKS,NOT_CALIBRATED_B42_DOES_NOT_INVENT_CONFIDENCE_THRESHOLDS
7535,00-0037004,STABLE_CROSSWALK,TE,4,0.39664658203073211,1,Depth,4,6,20,B41F_FROZEN_MODEL_CURRENT_2026_COMPLETED_WEEKS,NOT_CALIBRATED_B42_DOES_NOT_INVENT_CONFIDENCE_THRESHOLDS
11942,00-0039686,STABLE_CROSSWALK,TE,4,0.39007515758014377,1,Depth,4,6,20,B41F_FROZEN_MODEL_CURRENT_2026_COMPLETED_WEEKS,NOT_CALIBRATED_B42_DOES_NOT_INVENT_CONFIDENCE_THRESHOLDS
11596,00-0039912,STABLE_CROSSWALK,TE,4,0.38811824902394848,1,Depth,4,6,20,B41F_FROZEN_MODEL_CURRENT_2026_COMPLETED_WEEKS,NOT_CALIBRATED_B42_DOES_NOT_INVENT_CONFIDENCE_THRESHOLDS
12521,00-0040739,STABLE_CROSSWALK,TE,4,0.37278594735191628,1,Depth,4,6,20,B41F_FROZEN_MODEL_CURRENT_2026_COMPLETED_WEEKS,NOT_CALIBRATED_B42_DOES_NOT_INVENT_CONFIDENCE_THRESHOLDS
11599,00-0039359,STABLE_CROSSWALK,TE,4,0.36591708376684096,1,Depth,4,6,20,B41F_FROZEN_MODEL_CURRENT_2026_COMPLETED_WEEKS,NOT_CALIBRATED_B42_DOES_NOT_INVENT_CONFIDENCE_THRESHOLDS
10871,00-0038547,STABLE_CROSSWALK,TE,4,0.36048405062494271,1,Depth,4,6,20,B41F_FROZEN_MODEL_CURRENT_2026_COMPLETED_WEEKS,NOT_CALIBRATED_B42_DOES_NOT_INVENT_CONFIDENCE_THRESHOLDS
13319,00-0041041,STABLE_CROSSWALK,TE,4,0.35295156423289897,1,Depth,3,6,20,B41F_FROZEN_MODEL_CURRENT_2026_COMPLETED_WEEKS,NOT_CALIBRATED_B42_DOES_NOT_INVENT_CONFIDENCE_THRESHOLDS
5008,00-0034798,STABLE_CROSSWALK,TE,4,0.34759623037872617,1,Depth,4,6,20,B41F_FROZEN_MODEL_CURRENT_2026_COMPLETED_WEEKS,NOT_CALIBRATED_B42_DOES_NOT_INVENT_CONFIDENCE_THRESHOLDS
13273,00-0040887,STABLE_CROSSWALK,TE,4,0.34216989796974073,1,Depth,4,6,20,B41F_FROZEN_MODEL_CURRENT_2026_COMPLETED_WEEKS,NOT_CALIBRATED_B42_DOES_NOT_INVENT_CONFIDENCE_THRESHOLDS
7075,00-0036429,STABLE_CROSSWALK,TE,4,0.34049164188811282,1,Depth,4,6,20,B41F_FROZEN_MODEL_CURRENT_2026_COMPLETED_WEEKS,NOT_CALIBRATED_B42_DOES_NOT_INVENT_CONFIDENCE_THRESHOLDS
13307,00-0041472,STABLE_CROSSWALK,TE,4,0.33932744313343838,1,Depth,3,6,20,B41F_FROZEN_MODEL_CURRENT_2026_COMPLETED_WEEKS,NOT_CALIBRATED_B42_DOES_NOT_INVENT_CONFIDENCE_THRESHOLDS
12817,00-0040081,STABLE_CROSSWALK,TE,4,0.33259461705987442,1,Depth,4,6,20,B41F_FROZEN_MODEL_CURRENT_2026_COMPLETED_WEEKS,NOT_CALIBRATED_B42_DOES_NOT_INVENT_CONFIDENCE_THRESHOLDS
11592,00-0039814,STABLE_CROSSWALK,TE,4,0.32995039820100802,1,Depth,4,6,20,B41F_FROZEN_MODEL_CURRENT_2026_COMPLETED_WEEKS,NOT_CALIBRATED_B42_DOES_NOT_INVENT_CONFIDENCE_THRESHOLDS
12079,00-0039518,STABLE_CROSSWALK,TE,4,0.31626551993494306,1,Depth,3,6,20,B41F_FROZEN_MODEL_CURRENT_2026_COMPLETED_WEEKS,NOT_CALIBRATED_B42_DOES_NOT_INVENT_CONFIDENCE_THRESHOLDS
12700,00-0040215,STABLE_CROSSWALK,TE,4,0.30516884187854498,0,Speculative,4,6,20,B41F_FROZEN_MODEL_CURRENT_2026_COMPLETED_WEEKS,NOT_CALIBRATED_B42_DOES_NOT_INVENT_CONFIDENCE_THRESHOLDS
7536,00-0036590,STABLE_CROSSWALK,TE,4,0.30493507383375024,0,Speculative,4,6,20,B41F_FROZEN_MODEL_CURRENT_2026_COMPLETED_WEEKS,NOT_CALIBRATED_B42_DOES_NOT_INVENT_CONFIDENCE_THRESHOLDS
12658,00-0040194,STABLE_CROSSWALK,TE,4,0.29563459229607775,0,Speculative,4,6,20,B41F_FROZEN_MODEL_CURRENT_2026_COMPLETED_WEEKS,NOT_CALIBRATED_B42_DOES_NOT_INVENT_CONFIDENCE_THRESHOLDS
8489,00-0037292,STABLE_CROSSWALK,TE,4,0.29445782929265413,0,Speculative,4,6,20,B41F_FROZEN_MODEL_CURRENT_2026_COMPLETED_WEEKS,NOT_CALIBRATED_B42_DOES_NOT_INVENT_CONFIDENCE_THRESHOLDS
3048,00-0031484,STABLE_CROSSWALK,TE,4,0.27478331446496757,0,Speculative,4,6,20,B41F_FROZEN_MODEL_CURRENT_2026_COMPLETED_WEEKS,NOT_CALIBRATED_B42_DOES_NOT_INVENT_CONFIDENCE_THRESHOLDS
12389,00-0039489,STABLE_CROSSWALK,TE,4,0.27259488059264536,0,Speculative,2,6,20,B41F_FROZEN_MODEL_CURRENT_2026_COMPLETED_WEEKS,NOT_CALIBRATED_B42_DOES_NOT_INVENT_CONFIDENCE_THRESHOLDS
4602,00-0033757,STABLE_CROSSWALK,TE,4,0.24746460117607416,0,Speculative,4,6,20,B41F_FROZEN_MODEL_CURRENT_2026_COMPLETED_WEEKS,NOT_CALIBRATED_B42_DOES_NOT_INVENT_CONFIDENCE_THRESHOLDS
10227,00-0039050,STABLE_CROSSWALK,TE,4,0.23656155332540402,0,Speculative,4,6,20,B41F_FROZEN_MODEL_CURRENT_2026_COMPLETED_WEEKS,NOT_CALIBRATED_B42_DOES_NOT_INVENT_CONFIDENCE_THRESHOLDS
8523,00-0037317,STABLE_CROSSWALK,TE,4,0.22818081360271567,0,Speculative,4,6,20,B41F_FROZEN_MODEL_CURRENT_2026_COMPLETED_WEEKS,NOT_CALIBRATED_B42_DOES_NOT_INVENT_CONFIDENCE_THRESHOLDS
11304,00-0038498,STABLE_CROSSWALK,TE,4,0.21372861751661257,0,Speculative,4,6,20,B41F_FROZEN_MODEL_CURRENT_2026_COMPLETED_WEEKS,NOT_CALIBRATED_B42_DOES_NOT_INVENT_CONFIDENCE_THRESHOLDS
13827,00-0041314,STABLE_CROSSWALK,TE,4,0.21079508417986473,0,Speculative,2,6,20,B41F_FROZEN_MODEL_CURRENT_2026_COMPLETED_WEEKS,NOT_CALIBRATED_B42_DOES_NOT_INVENT_CONFIDENCE_THRESHOLDS
10224,00-0038643,STABLE_CROSSWALK,TE,4,0.20420214842534809,0,Speculative,3,6,20,B41F_FROZEN_MODEL_CURRENT_2026_COMPLETED_WEEKS,NOT_CALIBRATED_B42_DOES_NOT_INVENT_CONFIDENCE_THRESHOLDS
10212,00-0038589,STABLE_CROSSWALK,TE,4,0.20359942152574492,0,Speculative,4,6,20,B41F_FROZEN_MODEL_CURRENT_2026_COMPLETED_WEEKS,NOT_CALIBRATED_B42_DOES_NOT_INVENT_CONFIDENCE_THRESHOLDS
13408,00-0041084,STABLE_CROSSWALK,TE,4,0.19907878059058717,0,Speculative,2,6,20,B41F_FROZEN_MODEL_CURRENT_2026_COMPLETED_WEEKS,NOT_CALIBRATED_B42_DOES_NOT_INVENT_CONFIDENCE_THRESHOLDS
13151,00-0040058,STABLE_CROSSWALK,TE,4,0.19861702563011552,0,Speculative,2,6,20,B41F_FROZEN_MODEL_CURRENT_2026_COMPLETED_WEEKS,NOT_CALIBRATED_B42_DOES_NOT_INVENT_CONFIDENCE_THRESHOLDS
8698,00-0037112,STABLE_CROSSWALK,TE,4,0.19709218943525991,0,Speculative,1,6,20,B41F_FROZEN_MODEL_CURRENT_2026_COMPLETED_WEEKS,NOT_CALIBRATED_B42_DOES_NOT_INVENT_CONFIDENCE_THRESHOLDS
10210,00-0038564,STABLE_CROSSWALK,TE,4,0.18644036770605715,0,Speculative,4,6,20,B41F_FROZEN_MODEL_CURRENT_2026_COMPLETED_WEEKS,NOT_CALIBRATED_B42_DOES_NOT_INVENT_CONFIDENCE_THRESHOLDS
5133,00-0034270,STABLE_CROSSWALK,TE,4,0.18543395537246402,0,Speculative,2,6,20,B41F_FROZEN_MODEL_CURRENT_2026_COMPLETED_WEEKS,NOT_CALIBRATED_B42_DOES_NOT_INVENT_CONFIDENCE_THRESHOLDS
13308,00-0041094,STABLE_CROSSWALK,TE,4,0.18290130621832437,0,Speculative,4,6,20,B41F_FROZEN_MODEL_CURRENT_2026_COMPLETED_WEEKS,NOT_CALIBRATED_B42_DOES_NOT_INVENT_CONFIDENCE_THRESHOLDS
12901,00-0040331,DOB_POSITION_OVERLAY,TE,4,0.18036865706418473,0,Speculative,2,6,20,B41F_FROZEN_MODEL_CURRENT_2026_COMPLETED_WEEKS,NOT_CALIBRATED_B42_DOES_NOT_INVENT_CONFIDENCE_THRESHOLDS
6529,00-0035345,STABLE_CROSSWALK,TE,4,0.18031058753770307,0,Speculative,2,6,20,B41F_FROZEN_MODEL_CURRENT_2026_COMPLETED_WEEKS,NOT_CALIBRATED_B42_DOES_NOT_INVENT_CONFIDENCE_THRESHOLDS
12357,00-0039648,STABLE_CROSSWALK,TE,4,0.17527292336697373,0,Speculative,4,6,20,B41F_FROZEN_MODEL_CURRENT_2026_COMPLETED_WEEKS,NOT_CALIBRATED_B42_DOES_NOT_INVENT_CONFIDENCE_THRESHOLDS
8484,00-0037311,STABLE_CROSSWALK,TE,4,0.17504344651242881,0,Speculative,3,6,20,B41F_FROZEN_MODEL_CURRENT_2026_COMPLETED_WEEKS,NOT_CALIBRATED_B42_DOES_NOT_INVENT_CONFIDENCE_THRESHOLDS
12765,00-0040363,STABLE_CROSSWALK,TE,4,0.17463976107843882,0,Speculative,4,6,20,B41F_FROZEN_MODEL_CURRENT_2026_COMPLETED_WEEKS,NOT_CALIBRATED_B42_DOES_NOT_INVENT_CONFIDENCE_THRESHOLDS
13580,00-0041131,STABLE_CROSSWALK,TE,4,0.17147394963576429,0,Speculative,4,6,20,B41F_FROZEN_MODEL_CURRENT_2026_COMPLETED_WEEKS,NOT_CALIBRATED_B42_DOES_NOT_INVENT_CONFIDENCE_THRESHOLDS
13278,00-0041510,STABLE_CROSSWALK,TE,4,0.16727129047056485,0,Speculative,3,6,20,B41F_FROZEN_MODEL_CURRENT_2026_COMPLETED_WEEKS,NOT_CALIBRATED_B42_DOES_NOT_INVENT_CONFIDENCE_THRESHOLDS
7531,00-0036825,STABLE_CROSSWALK,TE,4,0.16588882684053169,0,Speculative,4,6,20,B41F_FROZEN_MODEL_CURRENT_2026_COMPLETED_WEEKS,NOT_CALIBRATED_B42_DOES_NOT_INVENT_CONFIDENCE_THRESHOLDS
13282,00-0041116,STABLE_CROSSWALK,TE,4,0.16398933997492696,0,Speculative,2,6,20,B41F_FROZEN_MODEL_CURRENT_2026_COMPLETED_WEEKS,NOT_CALIBRATED_B42_DOES_NOT_INVENT_CONFIDENCE_THRESHOLDS
13400,00-0041077,STABLE_CROSSWALK,TE,4,0.16177327196505478,0,Speculative,1,6,20,B41F_FROZEN_MODEL_CURRENT_2026_COMPLETED_WEEKS,NOT_CALIBRATED_B42_DOES_NOT_INVENT_CONFIDENCE_THRESHOLDS
13429,00-0041579,STABLE_CROSSWALK,TE,4,0.16177327196505478,0,Speculative,4,6,20,B41F_FROZEN_MODEL_CURRENT_2026_COMPLETED_WEEKS,NOT_CALIBRATED_B42_DOES_NOT_INVENT_CONFIDENCE_THRESHOLDS
7050,00-0036332,STABLE_CROSSWALK,TE,4,0.16177327196505478,0,Speculative,1,6,20,B41F_FROZEN_MODEL_CURRENT_2026_COMPLETED_WEEKS,NOT_CALIBRATED_B42_DOES_NOT_INVENT_CONFIDENCE_THRESHOLDS
7602,00-0036876,STABLE_CROSSWALK,TE,4,0.16177327196505478,0,Speculative,1,6,20,B41F_FROZEN_MODEL_CURRENT_2026_COMPLETED_WEEKS,NOT_CALIBRATED_B42_DOES_NOT_INVENT_CONFIDENCE_THRESHOLDS
6786,00-0036358,STABLE_CROSSWALK,WR,4,0.88905140981197572,6,Elite,4,6,20,B41F_FROZEN_MODEL_CURRENT_2026_COMPLETED_WEEKS,NOT_CALIBRATED_B42_DOES_NOT_INVENT_CONFIDENCE_THRESHOLDS
9488,00-0038543,STABLE_CROSSWALK,WR,4,0.88443699752087479,6,Elite,4,6,20,B41F_FROZEN_MODEL_CURRENT_2026_COMPLETED_WEEKS,NOT_CALIBRATED_B42_DOES_NOT_INVENT_CONFIDENCE_THRESHOLDS
7547,00-0036963,STABLE_CROSSWALK,WR,4,0.88374441734384801,6,Elite,4,6,20,B41F_FROZEN_MODEL_CURRENT_2026_COMPLETED_WEEKS,NOT_CALIBRATED_B42_DOES_NOT_INVENT_CONFIDENCE_THRESHOLDS
9493,00-0039075,STABLE_CROSSWALK,WR,4,0.87792017744469397,6,Elite,2,6,20,B41F_FROZEN_MODEL_CURRENT_2026_COMPLETED_WEEKS,NOT_CALIBRATED_B42_DOES_NOT_INVENT_CONFIDENCE_THRESHOLDS
8144,00-0037239,STABLE_CROSSWALK,WR,4,0.87736822906642253,6,Elite,4,6,20,B41F_FROZEN_MODEL_CURRENT_2026_COMPLETED_WEEKS,NOT_CALIBRATED_B42_DOES_NOT_INVENT_CONFIDENCE_THRESHOLDS
7525,00-0036912,STABLE_CROSSWALK,WR,4,0.87345701527628039,6,Elite,3,6,20,B41F_FROZEN_MODEL_CURRENT_2026_COMPLETED_WEEKS,NOT_CALIBRATED_B42_DOES_NOT_INVENT_CONFIDENCE_THRESHOLDS
12526,00-0040124,STABLE_CROSSWALK,WR,4,0.87093858459537277,6,Elite,4,6,20,B41F_FROZEN_MODEL_CURRENT_2026_COMPLETED_WEEKS,NOT_CALIBRATED_B42_DOES_NOT_INVENT_CONFIDENCE_THRESHOLDS
7569,00-0036554,STABLE_CROSSWALK,WR,4,0.8611003937831776,6,Elite,2,6,20,B41F_FROZEN_MODEL_CURRENT_2026_COMPLETED_WEEKS,NOT_CALIBRATED_B42_DOES_NOT_INVENT_CONFIDENCE_THRESHOLDS
10232,00-0038559,STABLE_CROSSWALK,WR,4,0.85938721060793344,6,Elite,4,6,20,B41F_FROZEN_MODEL_CURRENT_2026_COMPLETED_WEEKS,NOT_CALIBRATED_B42_DOES_NOT_INVENT_CONFIDENCE_THRESHOLDS
2133,00-0031381,STABLE_CROSSWALK,WR,4,0.85648054432659437,6,Elite,4,6,20,B41F_FROZEN_MODEL_CURRENT_2026_COMPLETED_WEEKS,NOT_CALIBRATED_B42_DOES_NOT_INVENT_CONFIDENCE_THRESHOLDS
6801,00-0036410,STABLE_CROSSWALK,WR,4,0.85293819178492991,6,Elite,4,6,20,B41F_FROZEN_MODEL_CURRENT_2026_COMPLETED_WEEKS,NOT_CALIBRATED_B42_DOES_NOT_INVENT_CONFIDENCE_THRESHOLDS
8146,00-0037740,STABLE_CROSSWALK,WR,4,0.85085761223533851,6,Elite,4,6,20,B41F_FROZEN_MODEL_CURRENT_2026_COMPLETED_WEEKS,NOT_CALIBRATED_B42_DOES_NOT_INVENT_CONFIDENCE_THRESHOLDS
9997,00-0039064,STABLE_CROSSWALK,WR,4,0.85066896883055576,6,Elite,3,6,20,B41F_FROZEN_MODEL_CURRENT_2026_COMPLETED_WEEKS,NOT_CALIBRATED_B42_DOES_NOT_INVENT_CONFIDENCE_THRESHOLDS
8112,00-0037238,STABLE_CROSSWALK,WR,4,0.84372083602474413,6,Elite,4,6,20,B41F_FROZEN_MODEL_CURRENT_2026_COMPLETED_WEEKS,NOT_CALIBRATED_B42_DOES_NOT_INVENT_CONFIDENCE_THRESHOLDS
12501,00-0040667,STABLE_CROSSWALK,WR,4,0.83606391052666174,6,Elite,4,6,20,B41F_FROZEN_MODEL_CURRENT_2026_COMPLETED_WEEKS,NOT_CALIBRATED_B42_DOES_NOT_INVENT_CONFIDENCE_THRESHOLDS
13279,00-0041438,STABLE_CROSSWALK,WR,4,0.82814927237627789,6,Elite,4,6,20,B41F_FROZEN_MODEL_CURRENT_2026_COMPLETED_WEEKS,NOT_CALIBRATED_B42_DOES_NOT_INVENT_CONFIDENCE_THRESHOLDS
5846,00-0035640,STABLE_CROSSWALK,WR,4,0.81786884900426138,6,Elite,4,6,20,B41F_FROZEN_MODEL_CURRENT_2026_COMPLETED_WEEKS,NOT_CALIBRATED_B42_DOES_NOT_INVENT_CONFIDENCE_THRESHOLDS
8167,00-0038124,STABLE_CROSSWALK,WR,4,0.81608317129789409,6,Elite,4,6,20,B41F_FROZEN_MODEL_CURRENT_2026_COMPLETED_WEEKS,NOT_CALIBRATED_B42_DOES_NOT_INVENT_CONFIDENCE_THRESHOLDS
11834,00-0039424,STABLE_CROSSWALK,WR,4,0.80824971952919278,6,Elite,4,6,20,B41F_FROZEN_MODEL_CURRENT_2026_COMPLETED_WEEKS,NOT_CALIBRATED_B42_DOES_NOT_INVENT_CONFIDENCE_THRESHOLDS
13346,00-0041037,STABLE_CROSSWALK,WR,4,0.80658361257087674,6,Elite,4,6,20,B41F_FROZEN_MODEL_CURRENT_2026_COMPLETED_WEEKS,NOT_CALIBRATED_B42_DOES_NOT_INVENT_CONFIDENCE_THRESHOLDS
9487,00-0038606,STABLE_CROSSWALK,WR,4,0.79162045262396097,6,Elite,4,6,20,B41F_FROZEN_MODEL_CURRENT_2026_COMPLETED_WEEKS,NOT_CALIBRATED_B42_DOES_NOT_INVENT_CONFIDENCE_THRESHOLDS
11632,00-0039337,STABLE_CROSSWALK,WR,4,0.78672765674463185,6,Elite,4,6,20,B41F_FROZEN_MODEL_CURRENT_2026_COMPLETED_WEEKS,NOT_CALIBRATED_B42_DOES_NOT_INVENT_CONFIDENCE_THRESHOLDS
2449,00-0031588,STABLE_CROSSWALK,WR,4,0.78563995815331455,6,Elite,4,6,20,B41F_FROZEN_MODEL_CURRENT_2026_COMPLETED_WEEKS,NOT_CALIBRATED_B42_DOES_NOT_INVENT_CONFIDENCE_THRESHOLDS
11610,00-0039880,STABLE_CROSSWALK,WR,4,0.78073374292181008,6,Elite,4,6,20,B41F_FROZEN_MODEL_CURRENT_2026_COMPLETED_WEEKS,NOT_CALIBRATED_B42_DOES_NOT_INVENT_CONFIDENCE_THRESHOLDS
5927,00-0035659,STABLE_CROSSWALK,WR,4,0.77973660742991191,6,Elite,3,6,20,B41F_FROZEN_MODEL_CURRENT_2026_COMPLETED_WEEKS,NOT_CALIBRATED_B42_DOES_NOT_INVENT_CONFIDENCE_THRESHOLDS
11625,00-0039890,STABLE_CROSSWALK,WR,4,0.77901082406169464,6,Elite,2,6,20,B41F_FROZEN_MODEL_CURRENT_2026_COMPLETED_WEEKS,NOT_CALIBRATED_B42_DOES_NOT_INVENT_CONFIDENCE_THRESHOLDS
7526,00-0036613,STABLE_CROSSWALK,WR,4,0.77727563141856137,6,Elite,4,6,20,B41F_FROZEN_MODEL_CURRENT_2026_COMPLETED_WEEKS,NOT_CALIBRATED_B42_DOES_NOT_INVENT_CONFIDENCE_THRESHOLDS
12519,00-0040735,STABLE_CROSSWALK,WR,4,0.76898508197649662,6,Elite,4,6,20,B41F_FROZEN_MODEL_CURRENT_2026_COMPLETED_WEEKS,NOT_CALIBRATED_B42_DOES_NOT_INVENT_CONFIDENCE_THRESHOLDS
11646,00-0039491,STABLE_CROSSWALK,WR,4,0.76673750555070774,6,Elite,3,6,20,B41F_FROZEN_MODEL_CURRENT_2026_COMPLETED_WEEKS,NOT_CALIBRATED_B42_DOES_NOT_INVENT_CONFIDENCE_THRESHOLDS
9756,00-0038994,STABLE_CROSSWALK,WR,4,0.76162975913803477,6,Elite,4,6,20,B41F_FROZEN_MODEL_CURRENT_2026_COMPLETED_WEEKS,NOT_CALIBRATED_B42_DOES_NOT_INVENT_CONFIDENCE_THRESHOLDS
2216,00-0031408,STABLE_CROSSWALK,WR,4,0.76049854163967612,6,Elite,4,6,20,B41F_FROZEN_MODEL_CURRENT_2026_COMPLETED_WEEKS,NOT_CALIBRATED_B42_DOES_NOT_INVENT_CONFIDENCE_THRESHOLDS
8137,00-0037247,STABLE_CROSSWALK,WR,4,0.75931735882618523,6,Elite,4,6,20,B41F_FROZEN_MODEL_CURRENT_2026_COMPLETED_WEEKS,NOT_CALIBRATED_B42_DOES_NOT_INVENT_CONFIDENCE_THRESHOLDS
8148,00-0037240,STABLE_CROSSWALK,WR,4,0.75797883816005485,6,Elite,4,6,20,B41F_FROZEN_MODEL_CURRENT_2026_COMPLETED_WEEKS,NOT_CALIBRATED_B42_DOES_NOT_INVENT_CONFIDENCE_THRESHOLDS
8121,00-0037816,STABLE_CROSSWALK,WR,4,0.75046230708998596,6,Elite,4,6,20,B41F_FROZEN_MODEL_CURRENT_2026_COMPLETED_WEEKS,NOT_CALIBRATED_B42_DOES_NOT_INVENT_CONFIDENCE_THRESHOLDS
5872,00-0035719,STABLE_CROSSWALK,WR,4,0.74781686362153488,6,Elite,4,6,20,B41F_FROZEN_MODEL_CURRENT_2026_COMPLETED_WEEKS,NOT_CALIBRATED_B42_DOES_NOT_INVENT_CONFIDENCE_THRESHOLDS
10213,00-0038563,STABLE_CROSSWALK,WR,4,0.746675160368104,6,Elite,4,6,20,B41F_FROZEN_MODEL_CURRENT_2026_COMPLETED_WEEKS,NOT_CALIBRATED_B42_DOES_NOT_INVENT_CONFIDENCE_THRESHOLDS
7564,00-0036900,STABLE_CROSSWALK,WR,4,0.74426540568340394,6,Elite,4,6,20,B41F_FROZEN_MODEL_CURRENT_2026_COMPLETED_WEEKS,NOT_CALIBRATED_B42_DOES_NOT_INVENT_CONFIDENCE_THRESHOLDS
11620,00-0039919,STABLE_CROSSWALK,WR,4,0.74358099167811853,6,Elite,4,6,20,B41F_FROZEN_MODEL_CURRENT_2026_COMPLETED_WEEKS,NOT_CALIBRATED_B42_DOES_NOT_INVENT_CONFIDENCE_THRESHOLDS
6794,00-0036322,STABLE_CROSSWALK,WR,4,0.74327820298746505,6,Elite,3,6,20,B41F_FROZEN_MODEL_CURRENT_2026_COMPLETED_WEEKS,NOT_CALIBRATED_B42_DOES_NOT_INVENT_CONFIDENCE_THRESHOLDS
9500,00-0038997,STABLE_CROSSWALK,WR,4,0.74315737822764627,6,Elite,4,6,20,B41F_FROZEN_MODEL_CURRENT_2026_COMPLETED_WEEKS,NOT_CALIBRATED_B42_DOES_NOT_INVENT_CONFIDENCE_THRESHOLDS
13296,00-0041523,STABLE_CROSSWALK,WR,4,0.73751723008134629,6,Elite,2,6,20,B41F_FROZEN_MODEL_CURRENT_2026_COMPLETED_WEEKS,NOT_CALIBRATED_B42_DOES_NOT_INVENT_CONFIDENCE_THRESHOLDS
1479,00-0030279,STABLE_CROSSWALK,WR,4,0.7373798470617251,6,Elite,3,6,20,B41F_FROZEN_MODEL_CURRENT_2026_COMPLETED_WEEKS,NOT_CALIBRATED_B42_DOES_NOT_INVENT_CONFIDENCE_THRESHOLDS
13298,00-0041547,STABLE_CROSSWALK,WR,4,0.73704987044879944,6,Elite,4,6,20,B41F_FROZEN_MODEL_CURRENT_2026_COMPLETED_WEEKS,NOT_CALIBRATED_B42_DOES_NOT_INVENT_CONFIDENCE_THRESHOLDS
11637,00-0039901,STABLE_CROSSWALK,WR,4,0.73226482325278341,6,Elite,4,6,20,B41F_FROZEN_MODEL_CURRENT_2026_COMPLETED_WEEKS,NOT_CALIBRATED_B42_DOES_NOT_INVENT_CONFIDENCE_THRESHOLDS
12514,00-0040129,STABLE_CROSSWALK,WR,4,0.73166457364024773,6,Elite,4,6,20,B41F_FROZEN_MODEL_CURRENT_2026_COMPLETED_WEEKS,NOT_CALIBRATED_B42_DOES_NOT_INVENT_CONFIDENCE_THRESHOLDS
9486,00-0038393,STABLE_CROSSWALK,WR,4,0.73158631896686965,6,Elite,4,6,20,B41F_FROZEN_MODEL_CURRENT_2026_COMPLETED_WEEKS,NOT_CALIBRATED_B42_DOES_NOT_INVENT_CONFIDENCE_THRESHOLDS
8126,00-0038117,STABLE_CROSSWALK,WR,4,0.72995224394582303,6,Elite,4,6,20,B41F_FROZEN_MODEL_CURRENT_2026_COMPLETED_WEEKS,NOT_CALIBRATED_B42_DOES_NOT_INVENT_CONFIDENCE_THRESHOLDS
11630,00-0039739,STABLE_CROSSWALK,WR,4,0.72393945096498058,5,Every-Down,4,6,20,B41F_FROZEN_MODEL_CURRENT_2026_COMPLETED_WEEKS,NOT_CALIBRATED_B42_DOES_NOT_INVENT_CONFIDENCE_THRESHOLDS
8188,00-0038104,STABLE_CROSSWALK,WR,4,0.72331577363010158,5,Every-Down,4,6,20,B41F_FROZEN_MODEL_CURRENT_2026_COMPLETED_WEEKS,NOT_CALIBRATED_B42_DOES_NOT_INVENT_CONFIDENCE_THRESHOLDS
12509,00-0040727,STABLE_CROSSWALK,WR,4,0.71536141659367425,5,Every-Down,4,6,20,B41F_FROZEN_MODEL_CURRENT_2026_COMPLETED_WEEKS,NOT_CALIBRATED_B42_DOES_NOT_INVENT_CONFIDENCE_THRESHOLDS
5947,00-0034960,STABLE_CROSSWALK,WR,4,0.71462711059949313,5,Every-Down,4,6,20,B41F_FROZEN_MODEL_CURRENT_2026_COMPLETED_WEEKS,NOT_CALIBRATED_B42_DOES_NOT_INVENT_CONFIDENCE_THRESHOLDS
3634,00-0032464,STABLE_CROSSWALK,WR,4,0.71303169168518643,5,Every-Down,4,6,20,B41F_FROZEN_MODEL_CURRENT_2026_COMPLETED_WEEKS,NOT_CALIBRATED_B42_DOES_NOT_INVENT_CONFIDENCE_THRESHOLDS
11624,00-0039894,STABLE_CROSSWALK,WR,4,0.7097855381914806,5,Every-Down,4,6,20,B41F_FROZEN_MODEL_CURRENT_2026_COMPLETED_WEEKS,NOT_CALIBRATED_B42_DOES_NOT_INVENT_CONFIDENCE_THRESHOLDS
8134,00-0037261,STABLE_CROSSWALK,WR,4,0.69915269901033394,5,Every-Down,4,6,20,B41F_FROZEN_MODEL_CURRENT_2026_COMPLETED_WEEKS,NOT_CALIBRATED_B42_DOES_NOT_INVENT_CONFIDENCE_THRESHOLDS
11068,00-0038839,STABLE_CROSSWALK,WR,4,0.68616654865174953,5,Every-Down,1,6,20,B41F_FROZEN_MODEL_CURRENT_2026_COMPLETED_WEEKS,NOT_CALIBRATED_B42_DOES_NOT_INVENT_CONFIDENCE_THRESHOLDS
4037,00-0033921,STABLE_CROSSWALK,WR,4,0.68397341978189574,5,Every-Down,4,6,20,B41F_FROZEN_MODEL_CURRENT_2026_COMPLETED_WEEKS,NOT_CALIBRATED_B42_DOES_NOT_INVENT_CONFIDENCE_THRESHOLDS
11608,00-0039451,STABLE_CROSSWALK,WR,4,0.67917717926945709,5,Every-Down,4,6,20,B41F_FROZEN_MODEL_CURRENT_2026_COMPLETED_WEEKS,NOT_CALIBRATED_B42_DOES_NOT_INVENT_CONFIDENCE_THRESHOLDS
4983,00-0034827,STABLE_CROSSWALK,WR,4,0.67257447037319462,5,Every-Down,4,6,20,B41F_FROZEN_MODEL_CURRENT_2026_COMPLETED_WEEKS,NOT_CALIBRATED_B42_DOES_NOT_INVENT_CONFIDENCE_THRESHOLDS
4177,00-0033555,STABLE_CROSSWALK,WR,4,0.66626454676893987,5,Every-Down,4,6,20,B41F_FROZEN_MODEL_CURRENT_2026_COMPLETED_WEEKS,NOT_CALIBRATED_B42_DOES_NOT_INVENT_CONFIDENCE_THRESHOLDS
7571,00-0036550,STABLE_CROSSWALK,WR,4,0.66417016698178366,5,Every-Down,4,6,20,B41F_FROZEN_MODEL_CURRENT_2026_COMPLETED_WEEKS,NOT_CALIBRATED_B42_DOES_NOT_INVENT_CONFIDENCE_THRESHOLDS
10218,00-0038618,STABLE_CROSSWALK,WR,4,0.65981153033761653,5,Every-Down,4,6,20,B41F_FROZEN_MODEL_CURRENT_2026_COMPLETED_WEEKS,NOT_CALIBRATED_B42_DOES_NOT_INVENT_CONFIDENCE_THRESHOLDS
12535,00-0040669,STABLE_CROSSWALK,WR,4,0.6563141281084317,5,Every-Down,4,6,20,B41F_FROZEN_MODEL_CURRENT_2026_COMPLETED_WEEKS,NOT_CALIBRATED_B42_DOES_NOT_INVENT_CONFIDENCE_THRESHOLDS
13150,00-0040024,STABLE_CROSSWALK,WR,4,0.65109196067712771,5,Every-Down,4,6,20,B41F_FROZEN_MODEL_CURRENT_2026_COMPLETED_WEEKS,NOT_CALIBRATED_B42_DOES_NOT_INVENT_CONFIDENCE_THRESHOLDS
13285,00-0041042,STABLE_CROSSWALK,WR,4,0.64868675773457019,5,Every-Down,4,6,20,B41F_FROZEN_MODEL_CURRENT_2026_COMPLETED_WEEKS,NOT_CALIBRATED_B42_DOES_NOT_INVENT_CONFIDENCE_THRESHOLDS
11783,00-0039410,STABLE_CROSSWALK,WR,4,0.64547880383661582,5,Every-Down,4,6,20,B41F_FROZEN_MODEL_CURRENT_2026_COMPLETED_WEEKS,NOT_CALIBRATED_B42_DOES_NOT_INVENT_CONFIDENCE_THRESHOLDS
13301,00-0041040,STABLE_CROSSWALK,WR,4,0.6445995801478891,5,Every-Down,4,6,20,B41F_FROZEN_MODEL_CURRENT_2026_COMPLETED_WEEKS,NOT_CALIBRATED_B42_DOES_NOT_INVENT_CONFIDENCE_THRESHOLDS
8676,00-0037545,STABLE_CROSSWALK,WR,4,0.63518613852085104,5,Every-Down,4,6,20,B41F_FROZEN_MODEL_CURRENT_2026_COMPLETED_WEEKS,NOT_CALIBRATED_B42_DOES_NOT_INVENT_CONFIDENCE_THRESHOLDS
13264,00-0040785,STABLE_CROSSWALK,WR,4,0.62723003796128629,4,Starter,4,6,20,B41F_FROZEN_MODEL_CURRENT_2026_COMPLETED_WEEKS,NOT_CALIBRATED_B42_DOES_NOT_INVENT_CONFIDENCE_THRESHOLDS
3286,00-0032775,STABLE_CROSSWALK,WR,4,0.62670089507386062,4,Starter,2,6,20,B41F_FROZEN_MODEL_CURRENT_2026_COMPLETED_WEEKS,NOT_CALIBRATED_B42_DOES_NOT_INVENT_CONFIDENCE_THRESHOLDS
9754,00-0038544,STABLE_CROSSWALK,WR,4,0.62410627504214167,4,Starter,4,6,20,B41F_FROZEN_MODEL_CURRENT_2026_COMPLETED_WEEKS,NOT_CALIBRATED_B42_DOES_NOT_INVENT_CONFIDENCE_THRESHOLDS
13317,00-0041048,STABLE_CROSSWALK,WR,4,0.62342787749454198,4,Starter,4,6,20,B41F_FROZEN_MODEL_CURRENT_2026_COMPLETED_WEEKS,NOT_CALIBRATED_B42_DOES_NOT_INVENT_CONFIDENCE_THRESHOLDS
5045,00-0034348,STABLE_CROSSWALK,WR,4,0.61965011269746817,4,Starter,4,6,20,B41F_FROZEN_MODEL_CURRENT_2026_COMPLETED_WEEKS,NOT_CALIBRATED_B42_DOES_NOT_INVENT_CONFIDENCE_THRESHOLDS
10229,00-0039067,STABLE_CROSSWALK,WR,4,0.61795826140620147,4,Starter,4,6,20,B41F_FROZEN_MODEL_CURRENT_2026_COMPLETED_WEEKS,NOT_CALIBRATED_B42_DOES_NOT_INVENT_CONFIDENCE_THRESHOLDS
11631,00-0039893,STABLE_CROSSWALK,WR,4,0.61676933687833813,4,Starter,4,6,20,B41F_FROZEN_MODEL_CURRENT_2026_COMPLETED_WEEKS,NOT_CALIBRATED_B42_DOES_NOT_INVENT_CONFIDENCE_THRESHOLDS
8119,00-0037741,STABLE_CROSSWALK,WR,4,0.61344932868574664,4,Starter,4,6,20,B41F_FROZEN_MODEL_CURRENT_2026_COMPLETED_WEEKS,NOT_CALIBRATED_B42_DOES_NOT_INVENT_CONFIDENCE_THRESHOLDS
11635,00-0039915,STABLE_CROSSWALK,WR,4,0.60779558709718995,4,Starter,4,6,20,B41F_FROZEN_MODEL_CURRENT_2026_COMPLETED_WEEKS,NOT_CALIBRATED_B42_DOES_NOT_INVENT_CONFIDENCE_THRESHOLDS
6819,00-0036252,STABLE_CROSSWALK,WR,4,0.60698772434815673,4,Starter,3,6,20,B41F_FROZEN_MODEL_CURRENT_2026_COMPLETED_WEEKS,NOT_CALIBRATED_B42_DOES_NOT_INVENT_CONFIDENCE_THRESHOLDS
12536,00-0040138,STABLE_CROSSWALK,WR,4,0.60344406906713821,4,Starter,4,6,20,B41F_FROZEN_MODEL_CURRENT_2026_COMPLETED_WEEKS,NOT_CALIBRATED_B42_DOES_NOT_INVENT_CONFIDENCE_THRESHOLDS
13294,00-0040867,STABLE_CROSSWALK,WR,4,0.60084441424428459,4,Starter,4,6,20,B41F_FROZEN_MODEL_CURRENT_2026_COMPLETED_WEEKS,NOT_CALIBRATED_B42_DOES_NOT_INVENT_CONFIDENCE_THRESHOLDS
7039,00-0035891,STABLE_CROSSWALK,WR,4,0.59727395484375434,4,Starter,4,9,20,B41F_FROZEN_MODEL_CURRENT_2026_COMPLETED_WEEKS,NOT_CALIBRATED_B42_DOES_NOT_INVENT_CONFIDENCE_THRESHOLDS
3155,00-0032951,STABLE_CROSSWALK,WR,4,0.5904238237667504,4,Starter,4,6,20,B41F_FROZEN_MODEL_CURRENT_2026_COMPLETED_WEEKS,NOT_CALIBRATED_B42_DOES_NOT_INVENT_CONFIDENCE_THRESHOLDS
12492,00-0040134,STABLE_CROSSWALK,WR,4,0.58430701292085896,4,Starter,4,6,20,B41F_FROZEN_MODEL_CURRENT_2026_COMPLETED_WEEKS,NOT_CALIBRATED_B42_DOES_NOT_INVENT_CONFIDENCE_THRESHOLDS
11628,00-0039849,STABLE_CROSSWALK,WR,4,0.58053590496347618,4,Starter,4,6,20,B41F_FROZEN_MODEL_CURRENT_2026_COMPLETED_WEEKS,NOT_CALIBRATED_B42_DOES_NOT_INVENT_CONFIDENCE_THRESHOLDS
4039,00-0033908,STABLE_CROSSWALK,WR,4,0.57754821713015514,4,Starter,4,6,20,B41F_FROZEN_MODEL_CURRENT_2026_COMPLETED_WEEKS,NOT_CALIBRATED_B42_DOES_NOT_INVENT_CONFIDENCE_THRESHOLDS
8135,00-0037742,STABLE_CROSSWALK,WR,4,0.56953890535225205,4,Starter,3,6,20,B41F_FROZEN_MODEL_CURRENT_2026_COMPLETED_WEEKS,NOT_CALIBRATED_B42_DOES_NOT_INVENT_CONFIDENCE_THRESHOLDS
12499,00-0040170,STABLE_CROSSWALK,WR,4,0.5678369824102224,4,Starter,4,6,20,B41F_FROZEN_MODEL_CURRENT_2026_COMPLETED_WEEKS,NOT_CALIBRATED_B42_DOES_NOT_INVENT_CONFIDENCE_THRESHOLDS
5859,00-0035676,STABLE_CROSSWALK,WR,4,0.56641827285499413,4,Starter,1,6,20,B41F_FROZEN_MODEL_CURRENT_2026_COMPLETED_WEEKS,NOT_CALIBRATED_B42_DOES_NOT_INVENT_CONFIDENCE_THRESHOLDS
9504,00-0038608,STABLE_CROSSWALK,WR,4,0.56387568332960858,4,Starter,4,6,20,B41F_FROZEN_MODEL_CURRENT_2026_COMPLETED_WEEKS,NOT_CALIBRATED_B42_DOES_NOT_INVENT_CONFIDENCE_THRESHOLDS
9501,00-0038621,STABLE_CROSSWALK,WR,4,0.55812592514234782,3,Rotational,4,6,20,B41F_FROZEN_MODEL_CURRENT_2026_COMPLETED_WEEKS,NOT_CALIBRATED_B42_DOES_NOT_INVENT_CONFIDENCE_THRESHOLDS
8142,00-0037664,STABLE_CROSSWALK,WR,4,0.55522316428626606,3,Rotational,2,6,20,B41F_FROZEN_MODEL_CURRENT_2026_COMPLETED_WEEKS,NOT_CALIBRATED_B42_DOES_NOT_INVENT_CONFIDENCE_THRESHOLDS
13311,00-0041525,STABLE_CROSSWALK,WR,4,0.55297274551089171,3,Rotational,4,6,20,B41F_FROZEN_MODEL_CURRENT_2026_COMPLETED_WEEKS,NOT_CALIBRATED_B42_DOES_NOT_INVENT_CONFIDENCE_THRESHOLDS
7670,00-0036988,STABLE_CROSSWALK,WR,4,0.55215447185055677,3,Rotational,4,6,20,B41F_FROZEN_MODEL_CURRENT_2026_COMPLETED_WEEKS,NOT_CALIBRATED_B42_DOES_NOT_INVENT_CONFIDENCE_THRESHOLDS
12718,00-0040590,STABLE_CROSSWALK,WR,4,0.54790588006523677,3,Rotational,4,6,20,B41F_FROZEN_MODEL_CURRENT_2026_COMPLETED_WEEKS,NOT_CALIBRATED_B42_DOES_NOT_INVENT_CONFIDENCE_THRESHOLDS
11157,00-0038840,STABLE_CROSSWALK,WR,4,0.54714187768526568,3,Rotational,4,6,20,B41F_FROZEN_MODEL_CURRENT_2026_COMPLETED_WEEKS,NOT_CALIBRATED_B42_DOES_NOT_INVENT_CONFIDENCE_THRESHOLDS
8147,00-0037614,STABLE_CROSSWALK,WR,4,0.54468432058062866,3,Rotational,3,6,20,B41F_FROZEN_MODEL_CURRENT_2026_COMPLETED_WEEKS,NOT_CALIBRATED_B42_DOES_NOT_INVENT_CONFIDENCE_THRESHOLDS
11626,00-0039342,STABLE_CROSSWALK,WR,4,0.5367624740990915,3,Rotational,2,6,20,B41F_FROZEN_MODEL_CURRENT_2026_COMPLETED_WEEKS,NOT_CALIBRATED_B42_DOES_NOT_INVENT_CONFIDENCE_THRESHOLDS
3269,00-0032398,STABLE_CROSSWALK,WR,4,0.53527973447777399,3,Rotational,3,6,20,B41F_FROZEN_MODEL_CURRENT_2026_COMPLETED_WEEKS,NOT_CALIBRATED_B42_DOES_NOT_INVENT_CONFIDENCE_THRESHOLDS
7587,00-0036626,STABLE_CROSSWALK,WR,4,0.53165742478051592,3,Rotational,4,6,20,B41F_FROZEN_MODEL_CURRENT_2026_COMPLETED_WEEKS,NOT_CALIBRATED_B42_DOES_NOT_INVENT_CONFIDENCE_THRESHOLDS
4454,00-0033307,STABLE_CROSSWALK,WR,4,0.53145465896939792,3,Rotational,4,6,20,B41F_FROZEN_MODEL_CURRENT_2026_COMPLETED_WEEKS,NOT_CALIBRATED_B42_DOES_NOT_INVENT_CONFIDENCE_THRESHOLDS
12542,00-0040563,STABLE_CROSSWALK,WR,4,0.52812199908366841,3,Rotational,3,6,20,B41F_FROZEN_MODEL_CURRENT_2026_COMPLETED_WEEKS,NOT_CALIBRATED_B42_DOES_NOT_INVENT_CONFIDENCE_THRESHOLDS
6427,00-0035021,STABLE_CROSSWALK,WR,4,0.52677134765125633,3,Rotational,2,6,20,B41F_FROZEN_MODEL_CURRENT_2026_COMPLETED_WEEKS,NOT_CALIBRATED_B42_DOES_NOT_INVENT_CONFIDENCE_THRESHOLDS
13394,00-0041100,STABLE_CROSSWALK,WR,4,0.51269359153818861,3,Rotational,4,6,20,B41F_FROZEN_MODEL_CURRENT_2026_COMPLETED_WEEKS,NOT_CALIBRATED_B42_DOES_NOT_INVENT_CONFIDENCE_THRESHOLDS
13420,00-0041067,STABLE_CROSSWALK,WR,4,0.50966619369087673,3,Rotational,4,6,20,B41F_FROZEN_MODEL_CURRENT_2026_COMPLETED_WEEKS,NOT_CALIBRATED_B42_DOES_NOT_INVENT_CONFIDENCE_THRESHOLDS
7090,00-0036309,STABLE_CROSSWALK,WR,4,0.50325749785378104,3,Rotational,4,6,20,B41F_FROZEN_MODEL_CURRENT_2026_COMPLETED_WEEKS,NOT_CALIBRATED_B42_DOES_NOT_INVENT_CONFIDENCE_THRESHOLDS
12485,00-0040237,STABLE_CROSSWALK,WR,4,0.49800159030820629,3,Rotational,4,6,20,B41F_FROZEN_MODEL_CURRENT_2026_COMPLETED_WEEKS,NOT_CALIBRATED_B42_DOES_NOT_INVENT_CONFIDENCE_THRESHOLDS
13274,00-0041489,STABLE_CROSSWALK,WR,4,0.48834292102017268,2,Understudy,4,6,20,B41F_FROZEN_MODEL_CURRENT_2026_COMPLETED_WEEKS,NOT_CALIBRATED_B42_DOES_NOT_INVENT_CONFIDENCE_THRESHOLDS
11629,00-0039792,STABLE_CROSSWALK,WR,4,0.48762340891299449,2,Understudy,3,6,20,B41F_FROZEN_MODEL_CURRENT_2026_COMPLETED_WEEKS,NOT_CALIBRATED_B42_DOES_NOT_INVENT_CONFIDENCE_THRESHOLDS
13293,00-0040870,STABLE_CROSSWALK,WR,4,0.48467669116796352,2,Understudy,1,6,20,B41F_FROZEN_MODEL_CURRENT_2026_COMPLETED_WEEKS,NOT_CALIBRATED_B42_DOES_NOT_INVENT_CONFIDENCE_THRESHOLDS
12483,00-0040729,STABLE_CROSSWALK,WR,4,0.48306973277444271,2,Understudy,3,6,20,B41F_FROZEN_MODEL_CURRENT_2026_COMPLETED_WEEKS,NOT_CALIBRATED_B42_DOES_NOT_INVENT_CONFIDENCE_THRESHOLDS
8168,00-0038090,STABLE_CROSSWALK,WR,4,0.46884599401626886,2,Understudy,4,6,20,B41F_FROZEN_MODEL_CURRENT_2026_COMPLETED_WEEKS,NOT_CALIBRATED_B42_DOES_NOT_INVENT_CONFIDENCE_THRESHOLDS
10222,00-0039146,STABLE_CROSSWALK,WR,4,0.46867195986317101,2,Understudy,2,6,20,B41F_FROZEN_MODEL_CURRENT_2026_COMPLETED_WEEKS,NOT_CALIBRATED_B42_DOES_NOT_INVENT_CONFIDENCE_THRESHOLDS
12497,00-0040648,STABLE_CROSSWALK,WR,4,0.46843756205794951,2,Understudy,3,6,20,B41F_FROZEN_MODEL_CURRENT_2026_COMPLETED_WEEKS,NOT_CALIBRATED_B42_DOES_NOT_INVENT_CONFIDENCE_THRESHOLDS
6783,00-0036407,STABLE_CROSSWALK,WR,4,0.4603614014679257,2,Understudy,4,6,20,B41F_FROZEN_MODEL_CURRENT_2026_COMPLETED_WEEKS,NOT_CALIBRATED_B42_DOES_NOT_INVENT_CONFIDENCE_THRESHOLDS
11056,00-0038728,STABLE_CROSSWALK,WR,4,0.46008446809869719,2,Understudy,4,6,20,B41F_FROZEN_MODEL_CURRENT_2026_COMPLETED_WEEKS,NOT_CALIBRATED_B42_DOES_NOT_INVENT_CONFIDENCE_THRESHOLDS
10226,00-0038619,STABLE_CROSSWALK,WR,4,0.45137468449015833,2,Understudy,2,6,20,B41F_FROZEN_MODEL_CURRENT_2026_COMPLETED_WEEKS,NOT_CALIBRATED_B42_DOES_NOT_INVENT_CONFIDENCE_THRESHOLDS
7049,00-0036259,STABLE_CROSSWALK,WR,4,0.44784213459693883,2,Understudy,3,6,20,B41F_FROZEN_MODEL_CURRENT_2026_COMPLETED_WEEKS,NOT_CALIBRATED_B42_DOES_NOT_INVENT_CONFIDENCE_THRESHOLDS
12505,00-0040646,STABLE_CROSSWALK,WR,4,0.44632396773474031,2,Understudy,4,6,20,B41F_FROZEN_MODEL_CURRENT_2026_COMPLETED_WEEKS,NOT_CALIBRATED_B42_DOES_NOT_INVENT_CONFIDENCE_THRESHOLDS
13338,00-0041529,STABLE_CROSSWALK,WR,4,0.44544614826830764,2,Understudy,4,6,20,B41F_FROZEN_MODEL_CURRENT_2026_COMPLETED_WEEKS,NOT_CALIBRATED_B42_DOES_NOT_INVENT_CONFIDENCE_THRESHOLDS
8180,00-0037291,STABLE_CROSSWALK,WR,4,0.44081239329997224,2,Understudy,4,6,20,B41F_FROZEN_MODEL_CURRENT_2026_COMPLETED_WEEKS,NOT_CALIBRATED_B42_DOES_NOT_INVENT_CONFIDENCE_THRESHOLDS
13268,00-0040876,STABLE_CROSSWALK,WR,4,0.4406760907659425,2,Understudy,1,6,20,B41F_FROZEN_MODEL_CURRENT_2026_COMPLETED_WEEKS,NOT_CALIBRATED_B42_DOES_NOT_INVENT_CONFIDENCE_THRESHOLDS
12634,00-0040172,STABLE_CROSSWALK,WR,4,0.43319748065619745,2,Understudy,2,6,20,B41F_FROZEN_MODEL_CURRENT_2026_COMPLETED_WEEKS,NOT_CALIBRATED_B42_DOES_NOT_INVENT_CONFIDENCE_THRESHOLDS
4981,00-0034837,STABLE_CROSSWALK,WR,4,0.4317503286827144,2,Understudy,4,6,20,B41F_FROZEN_MODEL_CURRENT_2026_COMPLETED_WEEKS,NOT_CALIBRATED_B42_DOES_NOT_INVENT_CONFIDENCE_THRESHOLDS
11421,00-0038824,STABLE_CROSSWALK,WR,4,0.42126124414820776,2,Understudy,4,6,20,B41F_FROZEN_MODEL_CURRENT_2026_COMPLETED_WEEKS,NOT_CALIBRATED_B42_DOES_NOT_INVENT_CONFIDENCE_THRESHOLDS
13276,00-0041511,STABLE_CROSSWALK,WR,4,0.41991728176129661,2,Understudy,1,6,20,B41F_FROZEN_MODEL_CURRENT_2026_COMPLETED_WEEKS,NOT_CALIBRATED_B42_DOES_NOT_INVENT_CONFIDENCE_THRESHOLDS
13320,00-0041044,STABLE_CROSSWALK,WR,4,0.4176507480390545,2,Understudy,4,6,20,B41F_FROZEN_MODEL_CURRENT_2026_COMPLETED_WEEKS,NOT_CALIBRATED_B42_DOES_NOT_INVENT_CONFIDENCE_THRESHOLDS
7562,00-0036849,STABLE_CROSSWALK,WR,4,0.41163675990723059,2,Understudy,2,6,20,B41F_FROZEN_MODEL_CURRENT_2026_COMPLETED_WEEKS,NOT_CALIBRATED_B42_DOES_NOT_INVENT_CONFIDENCE_THRESHOLDS
6271,00-0035208,STABLE_CROSSWALK,WR,4,0.40998773936973554,2,Understudy,4,6,20,B41F_FROZEN_MODEL_CURRENT_2026_COMPLETED_WEEKS,NOT_CALIBRATED_B42_DOES_NOT_INVENT_CONFIDENCE_THRESHOLDS
7757,00-0036862,STABLE_CROSSWALK,WR,4,0.408133206306941,2,Understudy,4,6,20,B41F_FROZEN_MODEL_CURRENT_2026_COMPLETED_WEEKS,NOT_CALIBRATED_B42_DOES_NOT_INVENT_CONFIDENCE_THRESHOLDS
3200,00-0032385,STABLE_CROSSWALK,WR,4,0.40613430973445369,2,Understudy,2,6,20,B41F_FROZEN_MODEL_CURRENT_2026_COMPLETED_WEEKS,NOT_CALIBRATED_B42_DOES_NOT_INVENT_CONFIDENCE_THRESHOLDS
12547,00-0040131,STABLE_CROSSWALK,WR,4,0.4051172106338416,2,Understudy,4,6,20,B41F_FROZEN_MODEL_CURRENT_2026_COMPLETED_WEEKS,NOT_CALIBRATED_B42_DOES_NOT_INVENT_CONFIDENCE_THRESHOLDS
11627,00-0039868,STABLE_CROSSWALK,WR,4,0.39765799005900088,2,Understudy,4,6,20,B41F_FROZEN_MODEL_CURRENT_2026_COMPLETED_WEEKS,NOT_CALIBRATED_B42_DOES_NOT_INVENT_CONFIDENCE_THRESHOLDS
13380,00-0041550,STABLE_CROSSWALK,WR,4,0.38972083267950569,2,Understudy,2,6,20,B41F_FROZEN_MODEL_CURRENT_2026_COMPLETED_WEEKS,NOT_CALIBRATED_B42_DOES_NOT_INVENT_CONFIDENCE_THRESHOLDS
13075,00-0040506,STABLE_CROSSWALK,WR,4,0.38305072522440714,2,Understudy,4,6,20,B41F_FROZEN_MODEL_CURRENT_2026_COMPLETED_WEEKS,NOT_CALIBRATED_B42_DOES_NOT_INVENT_CONFIDENCE_THRESHOLDS
11623,00-0039751,STABLE_CROSSWALK,WR,4,0.37119945053165027,1,Depth,3,6,20,B41F_FROZEN_MODEL_CURRENT_2026_COMPLETED_WEEKS,NOT_CALIBRATED_B42_DOES_NOT_INVENT_CONFIDENCE_THRESHOLDS
12496,00-0040154,STABLE_CROSSWALK,WR,4,0.37050438082199649,1,Depth,4,6,20,B41F_FROZEN_MODEL_CURRENT_2026_COMPLETED_WEEKS,NOT_CALIBRATED_B42_DOES_NOT_INVENT_CONFIDENCE_THRESHOLDS
8917,00-0037801,STABLE_CROSSWALK,WR,4,0.35516331457409922,1,Depth,4,6,20,B41F_FROZEN_MODEL_CURRENT_2026_COMPLETED_WEEKS,NOT_CALIBRATED_B42_DOES_NOT_INVENT_CONFIDENCE_THRESHOLDS
7521,00-0036463,STABLE_CROSSWALK,WR,4,0.34235948759102602,1,Depth,4,6,20,B41F_FROZEN_MODEL_CURRENT_2026_COMPLETED_WEEKS,NOT_CALIBRATED_B42_DOES_NOT_INVENT_CONFIDENCE_THRESHOLDS
13770,00-0040948,STABLE_CROSSWALK,WR,4,0.3421848679523527,1,Depth,3,6,20,B41F_FROZEN_MODEL_CURRENT_2026_COMPLETED_WEEKS,NOT_CALIBRATED_B42_DOES_NOT_INVENT_CONFIDENCE_THRESHOLDS
5773,00-0034854,STABLE_CROSSWALK,WR,4,0.33635640166270192,1,Depth,3,6,20,B41F_FROZEN_MODEL_CURRENT_2026_COMPLETED_WEEKS,NOT_CALIBRATED_B42_DOES_NOT_INVENT_CONFIDENCE_THRESHOLDS
12699,00-0040075,STABLE_CROSSWALK,WR,4,0.33144795076812977,1,Depth,4,6,20,B41F_FROZEN_MODEL_CURRENT_2026_COMPLETED_WEEKS,NOT_CALIBRATED_B42_DOES_NOT_INVENT_CONFIDENCE_THRESHOLDS
8755,00-0037380,STABLE_CROSSWALK,WR,4,0.33078641399650027,1,Depth,1,6,20,B41F_FROZEN_MODEL_CURRENT_2026_COMPLETED_WEEKS,NOT_CALIBRATED_B42_DOES_NOT_INVENT_CONFIDENCE_THRESHOLDS
11616,00-0039365,STABLE_CROSSWALK,WR,4,0.33070579220022961,1,Depth,4,6,20,B41F_FROZEN_MODEL_CURRENT_2026_COMPLETED_WEEKS,NOT_CALIBRATED_B42_DOES_NOT_INVENT_CONFIDENCE_THRESHOLDS
13333,00-0041132,STABLE_CROSSWALK,WR,4,0.32476622590301313,1,Depth,4,6,20,B41F_FROZEN_MODEL_CURRENT_2026_COMPLETED_WEEKS,NOT_CALIBRATED_B42_DOES_NOT_INVENT_CONFIDENCE_THRESHOLDS
8204,00-0037091,STABLE_CROSSWALK,WR,4,0.3154446243401936,1,Depth,4,6,20,B41F_FROZEN_MODEL_CURRENT_2026_COMPLETED_WEEKS,NOT_CALIBRATED_B42_DOES_NOT_INVENT_CONFIDENCE_THRESHOLDS
4274,00-0033589,STABLE_CROSSWALK,WR,4,0.30385853086481912,1,Depth,2,6,20,B41F_FROZEN_MODEL_CURRENT_2026_COMPLETED_WEEKS,NOT_CALIBRATED_B42_DOES_NOT_INVENT_CONFIDENCE_THRESHOLDS
8527,00-0037093,STABLE_CROSSWALK,WR,4,0.30336498535638823,1,Depth,4,6,20,B41F_FROZEN_MODEL_CURRENT_2026_COMPLETED_WEEKS,NOT_CALIBRATED_B42_DOES_NOT_INVENT_CONFIDENCE_THRESHOLDS
5848,00-0035662,STABLE_CROSSWALK,WR,4,0.30072132463453866,1,Depth,1,6,20,B41F_FROZEN_MODEL_CURRENT_2026_COMPLETED_WEEKS,NOT_CALIBRATED_B42_DOES_NOT_INVENT_CONFIDENCE_THRESHOLDS
12503,00-0040782,STABLE_CROSSWALK,WR,4,0.29783511900420712,1,Depth,4,6,20,B41F_FROZEN_MODEL_CURRENT_2026_COMPLETED_WEEKS,NOT_CALIBRATED_B42_DOES_NOT_INVENT_CONFIDENCE_THRESHOLDS
5086,00-0034272,STABLE_CROSSWALK,WR,4,0.29546212734943117,1,Depth,2,6,20,B41F_FROZEN_MODEL_CURRENT_2026_COMPLETED_WEEKS,NOT_CALIBRATED_B42_DOES_NOT_INVENT_CONFIDENCE_THRESHOLDS
13477,00-0041069,STABLE_CROSSWALK,WR,4,0.29311997046722171,1,Depth,3,6,20,B41F_FROZEN_MODEL_CURRENT_2026_COMPLETED_WEEKS,NOT_CALIBRATED_B42_DOES_NOT_INVENT_CONFIDENCE_THRESHOLDS
10225,00-0039062,STABLE_CROSSWALK,WR,4,0.2927110022784179,1,Depth,4,6,20,B41F_FROZEN_MODEL_CURRENT_2026_COMPLETED_WEEKS,NOT_CALIBRATED_B42_DOES_NOT_INVENT_CONFIDENCE_THRESHOLDS
13329,00-0040894,STABLE_CROSSWALK,WR,4,0.29195758420534851,1,Depth,4,6,20,B41F_FROZEN_MODEL_CURRENT_2026_COMPLETED_WEEKS,NOT_CALIBRATED_B42_DOES_NOT_INVENT_CONFIDENCE_THRESHOLDS
12641,00-0040164,STABLE_CROSSWALK,WR,4,0.28659381442810111,1,Depth,4,6,20,B41F_FROZEN_MODEL_CURRENT_2026_COMPLETED_WEEKS,NOT_CALIBRATED_B42_DOES_NOT_INVENT_CONFIDENCE_THRESHOLDS
11994,00-0039589,STABLE_CROSSWALK,WR,4,0.28538414250952104,1,Depth,4,6,20,B41F_FROZEN_MODEL_CURRENT_2026_COMPLETED_WEEKS,NOT_CALIBRATED_B42_DOES_NOT_INVENT_CONFIDENCE_THRESHOLDS
10234,00-0038573,STABLE_CROSSWALK,WR,4,0.28531317699248004,1,Depth,4,6,20,B41F_FROZEN_MODEL_CURRENT_2026_COMPLETED_WEEKS,NOT_CALIBRATED_B42_DOES_NOT_INVENT_CONFIDENCE_THRESHOLDS
13079,00-0040277,STABLE_CROSSWALK,WR,4,0.2755714028684848,1,Depth,4,6,20,B41F_FROZEN_MODEL_CURRENT_2026_COMPLETED_WEEKS,NOT_CALIBRATED_B42_DOES_NOT_INVENT_CONFIDENCE_THRESHOLDS
2197,00-0031236,STABLE_CROSSWALK,WR,4,0.27459119377778946,1,Depth,1,6,20,B41F_FROZEN_MODEL_CURRENT_2026_COMPLETED_WEEKS,NOT_CALIBRATED_B42_DOES_NOT_INVENT_CONFIDENCE_THRESHOLDS
12540,00-0040705,STABLE_CROSSWALK,WR,4,0.27075110505978972,1,Depth,4,6,20,B41F_FROZEN_MODEL_CURRENT_2026_COMPLETED_WEEKS,NOT_CALIBRATED_B42_DOES_NOT_INVENT_CONFIDENCE_THRESHOLDS
7812,00-0036646,STABLE_CROSSWALK,WR,4,0.2691238057238074,1,Depth,4,6,20,B41F_FROZEN_MODEL_CURRENT_2026_COMPLETED_WEEKS,NOT_CALIBRATED_B42_DOES_NOT_INVENT_CONFIDENCE_THRESHOLDS
5938,00-0035406,STABLE_CROSSWALK,WR,4,0.26503031108488095,1,Depth,1,6,20,B41F_FROZEN_MODEL_CURRENT_2026_COMPLETED_WEEKS,NOT_CALIBRATED_B42_DOES_NOT_INVENT_CONFIDENCE_THRESHOLDS
9494,00-0038976,STABLE_CROSSWALK,WR,4,0.26495613250923228,1,Depth,2,6,20,B41F_FROZEN_MODEL_CURRENT_2026_COMPLETED_WEEKS,NOT_CALIBRATED_B42_DOES_NOT_INVENT_CONFIDENCE_THRESHOLDS
13179,00-0040265,STABLE_CROSSWALK,WR,4,0.26415742351671034,1,Depth,1,6,20,B41F_FROZEN_MODEL_CURRENT_2026_COMPLETED_WEEKS,NOT_CALIBRATED_B42_DOES_NOT_INVENT_CONFIDENCE_THRESHOLDS
8200,00-0037231,STABLE_CROSSWALK,WR,4,0.26367379700326887,1,Depth,4,6,20,B41F_FROZEN_MODEL_CURRENT_2026_COMPLETED_WEEKS,NOT_CALIBRATED_B42_DOES_NOT_INVENT_CONFIDENCE_THRESHOLDS
11168,00-0038359,STABLE_CROSSWALK,WR,4,0.26042354167076109,1,Depth,3,6,20,B41F_FROZEN_MODEL_CURRENT_2026_COMPLETED_WEEKS,NOT_CALIBRATED_B42_DOES_NOT_INVENT_CONFIDENCE_THRESHOLDS
8117,00-0037666,STABLE_CROSSWALK,WR,4,0.25946320697822978,1,Depth,2,6,20,B41F_FROZEN_MODEL_CURRENT_2026_COMPLETED_WEEKS,NOT_CALIBRATED_B42_DOES_NOT_INVENT_CONFIDENCE_THRESHOLDS
13411,00-0041051,STABLE_CROSSWALK,WR,4,0.25510973906425399,1,Depth,4,6,20,B41F_FROZEN_MODEL_CURRENT_2026_COMPLETED_WEEKS,NOT_CALIBRATED_B42_DOES_NOT_INVENT_CONFIDENCE_THRESHOLDS
13541,00-0041467,STABLE_CROSSWALK,WR,4,0.24796013876062606,1,Depth,2,6,20,B41F_FROZEN_MODEL_CURRENT_2026_COMPLETED_WEEKS,NOT_CALIBRATED_B42_DOES_NOT_INVENT_CONFIDENCE_THRESHOLDS
12938,00-0040390,STABLE_CROSSWALK,WR,4,0.24333684489031984,0,Speculative,4,6,20,B41F_FROZEN_MODEL_CURRENT_2026_COMPLETED_WEEKS,NOT_CALIBRATED_B42_DOES_NOT_INVENT_CONFIDENCE_THRESHOLDS
12523,00-0040218,STABLE_CROSSWALK,WR,4,0.23373358558152832,0,Speculative,1,6,20,B41F_FROZEN_MODEL_CURRENT_2026_COMPLETED_WEEKS,NOT_CALIBRATED_B42_DOES_NOT_INVENT_CONFIDENCE_THRESHOLDS
13413,00-0040890,STABLE_CROSSWALK,WR,4,0.22881119793267971,0,Speculative,4,6,20,B41F_FROZEN_MODEL_CURRENT_2026_COMPLETED_WEEKS,NOT_CALIBRATED_B42_DOES_NOT_INVENT_CONFIDENCE_THRESHOLDS
2078,00-0031235,STABLE_CROSSWALK,WR,4,0.22660176392345538,0,Speculative,3,6,20,B41F_FROZEN_MODEL_CURRENT_2026_COMPLETED_WEEKS,NOT_CALIBRATED_B42_DOES_NOT_INVENT_CONFIDENCE_THRESHOLDS
12539,00-0040582,STABLE_CROSSWALK,WR,4,0.22520633670967111,0,Speculative,2,6,20,B41F_FROZEN_MODEL_CURRENT_2026_COMPLETED_WEEKS,NOT_CALIBRATED_B42_DOES_NOT_INVENT_CONFIDENCE_THRESHOLDS
11618,00-0039855,STABLE_CROSSWALK,WR,4,0.22043476779675589,0,Speculative,2,6,20,B41F_FROZEN_MODEL_CURRENT_2026_COMPLETED_WEEKS,NOT_CALIBRATED_B42_DOES_NOT_INVENT_CONFIDENCE_THRESHOLDS
13417,00-0041035,STABLE_CROSSWALK,WR,4,0.21451529602172381,0,Speculative,1,6,20,B41F_FROZEN_MODEL_CURRENT_2026_COMPLETED_WEEKS,NOT_CALIBRATED_B42_DOES_NOT_INVENT_CONFIDENCE_THRESHOLDS
5121,00-0034419,STABLE_CROSSWALK,WR,4,0.21169199074888484,0,Speculative,4,6,20,B41F_FROZEN_MODEL_CURRENT_2026_COMPLETED_WEEKS,NOT_CALIBRATED_B42_DOES_NOT_INVENT_CONFIDENCE_THRESHOLDS
11034,00-0038640,STABLE_CROSSWALK,WR,4,0.20980549299832216,0,Speculative,4,6,20,B41F_FROZEN_MODEL_CURRENT_2026_COMPLETED_WEEKS,NOT_CALIBRATED_B42_DOES_NOT_INVENT_CONFIDENCE_THRESHOLDS
13533,00-0041099,STABLE_CROSSWALK,WR,4,0.20716761923752106,0,Speculative,3,6,20,B41F_FROZEN_MODEL_CURRENT_2026_COMPLETED_WEEKS,NOT_CALIBRATED_B42_DOES_NOT_INVENT_CONFIDENCE_THRESHOLDS
7595,00-0036630,STABLE_CROSSWALK,WR,4,0.20416467468982746,0,Speculative,3,6,20,B41F_FROZEN_MODEL_CURRENT_2026_COMPLETED_WEEKS,NOT_CALIBRATED_B42_DOES_NOT_INVENT_CONFIDENCE_THRESHOLDS
13554,00-0041106,STABLE_CROSSWALK,WR,4,0.20111797162909037,0,Speculative,1,6,20,B41F_FROZEN_MODEL_CURRENT_2026_COMPLETED_WEEKS,NOT_CALIBRATED_B42_DOES_NOT_INVENT_CONFIDENCE_THRESHOLDS
7496,00-0036182,STABLE_CROSSWALK,WR,4,0.19706001824664146,0,Speculative,2,6,20,B41F_FROZEN_MODEL_CURRENT_2026_COMPLETED_WEEKS,NOT_CALIBRATED_B42_DOES_NOT_INVENT_CONFIDENCE_THRESHOLDS
7596,00-0036980,STABLE_CROSSWALK,WR,4,0.1969125648010748,0,Speculative,2,6,20,B41F_FROZEN_MODEL_CURRENT_2026_COMPLETED_WEEKS,NOT_CALIBRATED_B42_DOES_NOT_INVENT_CONFIDENCE_THRESHOLDS
13825,00-0041267,DOB_POSITION_OVERLAY,WR,4,0.18212024569461099,0,Speculative,2,6,20,B41F_FROZEN_MODEL_CURRENT_2026_COMPLETED_WEEKS,NOT_CALIBRATED_B42_DOES_NOT_INVENT_CONFIDENCE_THRESHOLDS
11911,00-0039710,DOB_POSITION_OVERLAY,WR,4,0.18096768646075936,0,Speculative,1,6,20,B41F_FROZEN_MODEL_CURRENT_2026_COMPLETED_WEEKS,NOT_CALIBRATED_B42_DOES_NOT_INVENT_CONFIDENCE_THRESHOLDS
5970,00-0035500,STABLE_CROSSWALK,WR,4,0.1790994468250772,0,Speculative,4,6,20,B41F_FROZEN_MODEL_CURRENT_2026_COMPLETED_WEEKS,NOT_CALIBRATED_B42_DOES_NOT_INVENT_CONFIDENCE_THRESHOLDS
10228,00-0038576,STABLE_CROSSWALK,WR,4,0.17342498704607395,0,Speculative,1,6,20,B41F_FROZEN_MODEL_CURRENT_2026_COMPLETED_WEEKS,NOT_CALIBRATED_B42_DOES_NOT_INVENT_CONFIDENCE_THRESHOLDS
6588,00-0035544,STABLE_CROSSWALK,WR,4,0.17323618711672809,0,Speculative,4,6,20,B41F_FROZEN_MODEL_CURRENT_2026_COMPLETED_WEEKS,NOT_CALIBRATED_B42_DOES_NOT_INVENT_CONFIDENCE_THRESHOLDS
8250,00-0037524,STABLE_CROSSWALK,WR,4,0.16753582314652152,0,Speculative,4,6,20,B41F_FROZEN_MODEL_CURRENT_2026_COMPLETED_WEEKS,NOT_CALIBRATED_B42_DOES_NOT_INVENT_CONFIDENCE_THRESHOLDS
11320,00-0038519,STABLE_CROSSWALK,WR,4,0.16627715695088244,0,Speculative,4,6,20,B41F_FROZEN_MODEL_CURRENT_2026_COMPLETED_WEEKS,NOT_CALIBRATED_B42_DOES_NOT_INVENT_CONFIDENCE_THRESHOLDS
11506,00-0038740,STABLE_CROSSWALK,WR,4,0.16627715695088244,0,Speculative,1,6,20,B41F_FROZEN_MODEL_CURRENT_2026_COMPLETED_WEEKS,NOT_CALIBRATED_B42_DOES_NOT_INVENT_CONFIDENCE_THRESHOLDS
11650,00-0039355,STABLE_CROSSWALK,WR,4,0.16627715695088244,0,Speculative,1,6,20,B41F_FROZEN_MODEL_CURRENT_2026_COMPLETED_WEEKS,NOT_CALIBRATED_B42_DOES_NOT_INVENT_CONFIDENCE_THRESHOLDS
11762,00-0039816,STABLE_CROSSWALK,WR,4,0.16627715695088244,0,Speculative,3,6,20,B41F_FROZEN_MODEL_CURRENT_2026_COMPLETED_WEEKS,NOT_CALIBRATED_B42_DOES_NOT_INVENT_CONFIDENCE_THRESHOLDS
12670,00-0040184,STABLE_CROSSWALK,WR,4,0.16627715695088244,0,Speculative,1,6,20,B41F_FROZEN_MODEL_CURRENT_2026_COMPLETED_WEEKS,NOT_CALIBRATED_B42_DOES_NOT_INVENT_CONFIDENCE_THRESHOLDS
12925,00-0040405,STABLE_CROSSWALK,WR,4,0.16627715695088244,0,Speculative,1,6,20,B41F_FROZEN_MODEL_CURRENT_2026_COMPLETED_WEEKS,NOT_CALIBRATED_B42_DOES_NOT_INVENT_CONFIDENCE_THRESHOLDS
13199,00-0040621,STABLE_CROSSWALK,WR,4,0.16627715695088244,0,Speculative,1,6,20,B41F_FROZEN_MODEL_CURRENT_2026_COMPLETED_WEEKS,NOT_CALIBRATED_B42_DOES_NOT_INVENT_CONFIDENCE_THRESHOLDS
13491,00-0041397,STABLE_CROSSWALK,WR,4,0.16627715695088244,0,Speculative,4,6,20,B41F_FROZEN_MODEL_CURRENT_2026_COMPLETED_WEEKS,NOT_CALIBRATED_B42_DOES_NOT_INVENT_CONFIDENCE_THRESHOLDS
13621,00-0041342,STABLE_CROSSWALK,WR,4,0.16627715695088244,0,Speculative,1,6,20,B41F_FROZEN_MODEL_CURRENT_2026_COMPLETED_WEEKS,NOT_CALIBRATED_B42_DOES_NOT_INVENT_CONFIDENCE_THRESHOLDS
13981,00-0041292,STABLE_CROSSWALK,WR,4,0.16627715695088244,0,Speculative,1,6,20,B41F_FROZEN_MODEL_CURRENT_2026_COMPLETED_WEEKS,NOT_CALIBRATED_B42_DOES_NOT_INVENT_CONFIDENCE_THRESHOLDS
5781,00-0034867,STABLE_CROSSWALK,WR,4,0.16627715695088244,0,Speculative,1,6,20,B41F_FROZEN_MODEL_CURRENT_2026_COMPLETED_WEEKS,NOT_CALIBRATED_B42_DOES_NOT_INVENT_CONFIDENCE_THRESHOLDS
6045,00-0035589,STABLE_CROSSWALK,WR,4,0.16627715695088244,0,Speculative,1,6,20,B41F_FROZEN_MODEL_CURRENT_2026_COMPLETED_WEEKS,NOT_CALIBRATED_B42_DOES_NOT_INVENT_CONFIDENCE_THRESHOLDS
6386,00-0035602,STABLE_CROSSWALK,WR,4,0.16627715695088244,0,Speculative,1,6,20,B41F_FROZEN_MODEL_CURRENT_2026_COMPLETED_WEEKS,NOT_CALIBRATED_B42_DOES_NOT_INVENT_CONFIDENCE_THRESHOLDS
6847,00-0036331,STABLE_CROSSWALK,WR,4,0.16627715695088244,0,Speculative,4,6,20,B41F_FROZEN_MODEL_CURRENT_2026_COMPLETED_WEEKS,NOT_CALIBRATED_B42_DOES_NOT_INVENT_CONFIDENCE_THRESHOLDS
8414,00-0037132,STABLE_CROSSWALK,WR,4,0.16627715695088244,0,Speculative,4,6,20,B41F_FROZEN_MODEL_CURRENT_2026_COMPLETED_WEEKS,NOT_CALIBRATED_B42_DOES_NOT_INVENT_CONFIDENCE_THRESHOLDS
11617,00-0039920,STABLE_CROSSWALK,WR,4,0.16566813755884094,0,Speculative,4,6,20,B41F_FROZEN_MODEL_CURRENT_2026_COMPLETED_WEEKS,NOT_CALIBRATED_B42_DOES_NOT_INVENT_CONFIDENCE_THRESHOLDS
12971,00-0040534,STABLE_CROSSWALK,WR,4,0.11905331782766923,0,Speculative,1,6,20,B41F_FROZEN_MODEL_CURRENT_2026_COMPLETED_WEEKS,NOT_CALIBRATED_B42_DOES_NOT_INVENT_CONFIDENCE_THRESHOLDS
