replicate,macro_position_mae_difference,pooled_spearman
0,-0.016687351132036281,0.75826344438108972
1,-0.016063355551366724,0.75899875789179982
2,-0.015577506795391435,0.75730070678556505
3,-0.015293572255569068,0.75938942303464874
4,-0.015949144360141842,0.75799349278198613
5,-0.016424428833628345,0.75993297499302159
6,-0.015670216012246919,0.75461601374395404
7,-0.015684747117479622,0.76439311519692255
8,-0.01672338309811789,0.76194558820106195
9,-0.016223985507572862,0.76081349543045818
10,-0.01311484334965258,0.75715919017698941
11,-0.016982783606234252,0.76120254664071918
12,-0.015406247233507288,0.75769716015249555
13,-0.016143314156723473,0.76347843482424804
14,-0.015864567025331025,0.75963378369284629
15,-0.013984559251279996,0.76045968736027059
16,-0.014406457634834171,0.75751101672522325
17,-0.015228954165443663,0.76008536409290139
18,-0.015826194912194176,0.75823171610389251
19,-0.015208315563913773,0.75929568691710048
20,-0.015660341049956145,0.75863651694554113
21,-0.014185982522844719,0.75252744148219053
22,-0.014802070415492438,0.75601185366354795
23,-0.015611124473900883,0.76277964061655712
24,-0.016477213817033595,0.75792703709028852
25,-0.015350646394013573,0.75807255009295438
26,-0.015033007884203588,0.75787858866503244
27,-0.015065564483016833,0.76005898793282467
28,-0.014996793595265925,0.76010141271747367
29,-0.012759146486671846,0.76227038142631132
30,-0.016031091833970057,0.76290626072006018
31,-0.015491361834993419,0.76455597374717343
32,-0.01434276974317401,0.7580298253069222
33,-0.015554902056736868,0.75681639476262541
34,-0.016417270092901171,0.76165883938865109
35,-0.014257047225866997,0.75066098066183296
36,-0.016814221741421914,0.75279916955385584
37,-0.014779804947787582,0.75976383624155119
38,-0.01590252234888587,0.76601069520192189
39,-0.013654089856149586,0.76041494286911193
40,-0.015957650680175822,0.75555124775297378
41,-0.015769874225017452,0.75911358874991508
42,-0.01474442767110252,0.76201503864568076
43,-0.01535350288511662,0.75414086779846434
44,-0.01617253071844614,0.75783309431327595
45,-0.015297354066913489,0.76150046327467202
46,-0.014094186975095542,0.75904950322889342
47,-0.011847594435750753,0.75701632197978463
48,-0.016802120042944603,0.7588370073612416
49,-0.014869484820550831,0.7571873623965395
50,-0.015597808988942275,0.75613394375343712
51,-0.016272264375309632,0.76146823794323693
52,-0.016129861447576874,0.76349484723378214
53,-0.013998763603893356,0.75570352945492736
54,-0.014171439084387652,0.7613968812547276
55,-0.016641871883096043,0.76033801337586138
56,-0.016984597092071532,0.75678399981122446
57,-0.013500711289143591,0.75611350399084976
58,-0.013446786656381601,0.75295929364136105
59,-0.014071421489147726,0.75148817310301741
60,-0.012532112173294641,0.76104887603780635
61,-0.014899228401495886,0.75817422363605802
62,-0.01588215142867009,0.76565045402939169
63,-0.012469126375681388,0.76265523236446675
64,-0.014240843662608417,0.76548021090978813
65,-0.015181256473035601,0.76103783104600453
66,-0.012339596604249332,0.75488540270733862
67,-0.016413582436947315,0.75572010005631851
68,-0.01442774086153718,0.75979895296680988
69,-0.013723686434387374,0.75885143375712349
70,-0.016127796115059559,0.75578410219052761
71,-0.01618107449467673,0.76024386986503012
72,-0.01571814679952243,0.76181949072009314
73,-0.014302300400287186,0.75830838175671744
74,-0.014447554033018631,0.76054826457221314
75,-0.014051305006267445,0.75918122049490921
76,-0.016848398659758963,0.75913806342063184
77,-0.012642835540292031,0.76232997017080084
78,-0.012119540242659469,0.76261612095681131
79,-0.016361591370371804,0.75604081058287631
80,-0.015056030773754007,0.75519625588967509
81,-0.014703278976150624,0.75531638379601673
82,-0.017150035410142074,0.7650304472809315
83,-0.014189829336436966,0.75930434766245747
84,-0.014680845056307963,0.75988754548117765
85,-0.015902556965121592,0.76196324131128668
86,-0.017232195220289168,0.76101120656292198
87,-0.014003377718665251,0.76123521148272866
88,-0.015193653065790349,0.75867656784689574
89,-0.015392200463263077,0.75826624818306887
90,-0.014549739457023455,0.75364507118067603
91,-0.015655517287570725,0.75850287729141974
92,-0.013756395893974552,0.7562964225924762
93,-0.015402939738369672,0.76069060308136338
94,-0.014545663278613919,0.75455037067046749
95,-0.016511156330787223,0.76206363041840697
96,-0.012769588554730175,0.75759219302331626
97,-0.014330839376600983,0.76091220491104061
98,-0.014546589334103749,0.75768073979791328
99,-0.015592934805412864,0.75956241274933278
100,-0.014000786904645247,0.76255589644156607
101,-0.012387136937682836,0.76084666188896055
102,-0.014816747052441273,0.75508890362945613
103,-0.013627590602289819,0.75670585009394498
104,-0.016165438092663305,0.75590765904016921
105,-0.014510267472935918,0.76730107900101019
106,-0.016538499792561966,0.76082119930922065
107,-0.014455079887158708,0.76116689886769995
108,-0.015057646016066028,0.76047364132712947
109,-0.015806402940132403,0.76097734572947495
110,-0.014663470548235366,0.76492903794332934
111,-0.014545998919186202,0.75521791220578771
112,-0.013747455042075417,0.76112528358122611
113,-0.012896279204141485,0.75970827560375964
114,-0.015185057917407803,0.76197391494309841
115,-0.015621382782372474,0.75742655493065159
116,-0.015838873822620111,0.76177931567635127
117,-0.015467640621711047,0.75976216017428144
118,-0.015453937302120229,0.76243243281911188
119,-0.014556500978901106,0.76008302560993013
120,-0.014031130347745736,0.7614665439450663
121,-0.01551959365953583,0.75701364261894266
122,-0.014796580395506435,0.76135988665706811
123,-0.01276181823727659,0.75896327151296705
124,-0.014847026382459983,0.75936295311582869
125,-0.014426674610508393,0.75623455661365735
126,-0.013071785725389824,0.75764845631984301
127,-0.015101045356364794,0.76372705920486683
128,-0.016401016965370274,0.75541729386274947
129,-0.01557105372572353,0.75821392830929135
130,-0.014682657539436443,0.75287660900930808
131,-0.016173456774746735,0.76106453397876739
132,-0.015365669577482224,0.75657638100781643
133,-0.013288335350980352,0.76221714921661732
134,-0.018612925034935814,0.75954737538430217
135,-0.014052103889861525,0.76383036347799582
136,-0.015111822695299371,0.76132782597340776
137,-0.015888650274620844,0.76360396207559633
138,-0.015964199901883365,0.76334848088124452
139,-0.014984331707208063,0.75946289568718295
140,-0.015491083413058221,0.75846276942979374
141,-0.015979252315845328,0.75605098458318232
142,-0.012782562362071604,0.75624255197677481
143,-0.01447803442861436,0.76264348828229944
144,-0.01587069044337051,0.76303956694410668
145,-0.013724070342574595,0.76068747496432454
146,-0.015308619378757779,0.76071687284477019
147,-0.015172465484385089,0.76430954555264086
148,-0.014835933527657224,0.75239305727301808
149,-0.015688937152347312,0.76234337005881769
150,-0.01493891836664946,0.75512028031034306
151,-0.016418566609813227,0.76302735462665983
152,-0.016078337525075849,0.75390168159233606
153,-0.012693358405830123,0.75724898132326757
154,-0.016982171694937011,0.75883817133171394
155,-0.017286301225891872,0.76041254375128964
156,-0.016114705753051052,0.75643467593202651
157,-0.015202344580755967,0.75440729841383192
158,-0.014595697802090614,0.75837729288985156
159,-0.014982277513200637,0.75214657321346035
160,-0.013125908681140771,0.75842328142950854
161,-0.014223061077764998,0.76312185135584643
162,-0.017031893837078683,0.75594573750581051
163,-0.016091975759091603,0.76083363801674708
164,-0.014825698408340974,0.75597195263136663
165,-0.014529295658197052,0.75227571249887437
166,-0.014211855399962508,0.76283627199164239
167,-0.015020696228587023,0.75653388478893235
168,-0.014686333846336407,0.75813261337769655
169,-0.012764891440386185,0.75786854574281715
170,-0.016190842600570111,0.76199781443452563
171,-0.012859891628435502,0.75551094350852821
172,-0.013987141216273466,0.75654176985207056
173,-0.01561546564721635,0.75773825340053447
174,-0.014783234137014099,0.76117849905400858
175,-0.013945688792494682,0.75809580950610078
176,-0.015374817335437349,0.75631180180829383
177,-0.013674126053289527,0.76136089571474808
178,-0.015145355370723602,0.76193986660725532
179,-0.014678672159309172,0.75691489692428837
180,-0.015218160298667106,0.75115710597329322
181,-0.016988069326670484,0.76228859064995613
182,-0.015599562838884366,0.76015690516913215
183,-0.013911926902799495,0.75309252033108909
184,-0.014570906116407083,0.75887157753434131
185,-0.015990098238621138,0.75939869309930419
186,-0.015116826840396067,0.75534557130001234
187,-0.013652156274936201,0.7576076162198383
188,-0.015973644462310702,0.76219654658938951
189,-0.015468591582192177,0.75944345744372133
190,-0.016173386878357232,0.75474787799063436
191,-0.016277490375416453,0.76387448545704684
192,-0.016057157364680372,0.75777693006633617
193,-0.016147589579641547,0.75656366951677689
194,-0.012890398521025644,0.75713894986979779
195,-0.016539358518219562,0.76104025121562613
196,-0.012875431942899935,0.76050343808216225
197,-0.014985800545005359,0.75714287853069862
198,-0.014629704809765942,0.76109119558266736
199,-0.016938234536915266,0.75892549984343238
200,-0.017131087396870193,0.75511013485265699
201,-0.014271240489754932,0.75798194139094288
202,-0.015334701510340817,0.758634450478608
203,-0.013698838885892997,0.76410892962017352
204,-0.014873087377911024,0.75540990144044662
205,-0.016980794916829446,0.76262468328035282
206,-0.014948167796470853,0.75736009498713985
207,-0.016237182663997252,0.75906137142380525
208,-0.015202825696281806,0.75636877316313
209,-0.015460114718810815,0.75826528942958527
210,-0.013493925870741602,0.7608781035894393
211,-0.014121856601500433,0.7558706442781814
212,-0.014594919992683782,0.76379098704190418
213,-0.014818300965509392,0.75378789741696117
214,-0.016036231055663271,0.76023641765700067
215,-0.015383144323714296,0.75983879161452639
216,-0.016285621900546846,0.75747677269245772
217,-0.012934262011754447,0.76163451321937314
218,-0.016122508934173052,0.7602534305165386
219,-0.015492364610274598,0.76009813592522479
220,-0.01591148696877193,0.76094942565698986
221,-0.01439735944622725,0.75999330369495999
222,-0.015256030306317489,0.75799981081484891
223,-0.01307550139472591,0.76490569300875721
224,-0.012838960413531312,0.75656319054530696
225,-0.014313197620690159,0.75680162139841045
226,-0.01591450951400222,0.76137717119158943
227,-0.016049847069412752,0.76060110406023174
228,-0.016552755628771305,0.75977290976097001
229,-0.016707692822711361,0.75699698287937767
230,-0.012739102412032783,0.75455649277200709
231,-0.014710750732285919,0.75850278666603277
232,-0.015126922790851479,0.76366402086504181
233,-0.01463802668029552,0.76096514673901428
234,-0.012928720520714875,0.76242712212277841
235,-0.015228191258467286,0.75276810980073128
236,-0.015501136104712859,0.7609269504902233
237,-0.013930241404414767,0.76158832275076327
238,-0.014030241419555297,0.76208800783269326
239,-0.016359937298613673,0.75671594527536101
240,-0.013824161200857877,0.75666853120284028
241,-0.015234308229918031,0.76120802629928319
242,-0.017694532769801225,0.76012261922646829
243,-0.01579682315971935,0.75925660248260229
244,-0.01761987876528091,0.76511457595075316
245,-0.0137579355974373,0.7583773679406659
246,-0.015902382037802545,0.75629177454023111
247,-0.01355083863719244,0.75359586284924784
248,-0.014951303408458778,0.75331520892554427
249,-0.014740081356891031,0.75923918139690394
250,-0.014845382069639484,0.75832303732512285
251,-0.016430124865184515,0.76436950565388573
252,-0.016780833280953665,0.75979186417162803
253,-0.015001535841770101,0.76395440865143294
254,-0.01612166997934179,0.75850221819523844
255,-0.017100954076324303,0.76140456617140373
256,-0.016476749427562238,0.76100749991225825
257,-0.015883445296994484,0.76352942351006103
258,-0.015916129597067223,0.76117200931429663
259,-0.012500081338446128,0.75426917119076942
260,-0.016332802143141624,0.75931603569844297
261,-0.016011434581185452,0.75589235016380729
262,-0.014422151424366378,0.75420519808970765
263,-0.014189090527614735,0.76216962605481731
264,-0.015331651697888509,0.76240140752377006
265,-0.013969703529924098,0.7583635701278143
266,-0.015807140682107191,0.76082336271624973
267,-0.018327845500941582,0.76343145095214304
268,-0.017158722177544463,0.75967320597153498
269,-0.015356826741160191,0.76159869600695496
270,-0.014524279794503193,0.75576660147207197
271,-0.017659711197562059,0.76232770441679687
272,-0.015101045356364794,0.76372705920486683
273,-0.018416762445255204,0.7640110079296536
274,-0.015941140857780658,0.75599339778944752
275,-0.01733444095896345,0.75848020191612209
276,-0.01362435126748294,0.76038732972294965
277,-0.015564066606507245,0.75756095491222497
278,-0.015370366711348454,0.76124993390820916
279,-0.014498965740800535,0.7592953702241132
280,-0.0149905587707221,0.75817107541647832
281,-0.016570497726520653,0.7584933558111403
282,-0.015281629972613547,0.75478454559821639
283,-0.015166207774335753,0.76666274671748724
284,-0.013806672862120282,0.7579075324784379
285,-0.015986759742278544,0.76512196671213206
286,-0.015810067779529403,0.76239296322962036
287,-0.01561910673923783,0.75773419509765139
288,-0.017299831550073301,0.75819494226550666
289,-0.014391246155209916,0.75970230968959795
290,-0.013650854759923465,0.7598713121860412
291,-0.015139233139093487,0.76496157776779627
292,-0.01534148727356453,0.75838954763226596
293,-0.014890892494282066,0.755503992101208
294,-0.015688470667878179,0.75654313529800155
295,-0.015889365295240911,0.7601624964695346
296,-0.013569606651288788,0.75845545664864078
297,-0.014792219518285025,0.76596107962262683
298,-0.010926413404164861,0.75605583517318897
299,-0.013177114727431116,0.75639322475593895
300,-0.017960863072879203,0.76359109288482763
301,-0.014852098393682799,0.75073299337748711
302,-0.016128186314954759,0.76265553141961762
303,-0.016495853482447337,0.75805943481565197
304,-0.015872056720860173,0.76519718671539627
305,-0.014755716738782588,0.76126115991428722
306,-0.012957181573113029,0.75596572872396994
307,-0.015196628468627446,0.76216242603668727
308,-0.01547238664227841,0.76109676877444543
309,-0.018015666057927919,0.75963079009584644
310,-0.014124565523793674,0.76386542771329791
311,-0.013395688496715668,0.75456104752276121
312,-0.014367736517195825,0.75142186259162336
313,-0.015573404355908493,0.75575053352814348
314,-0.016942622945784129,0.75812509045504584
315,-0.012277564555522412,0.7606324516746783
316,-0.014732807330169736,0.75598462281312462
317,-0.016000504845111663,0.7578455973447823
318,-0.014978074768977305,0.76172323320663837
319,-0.015319825425749613,0.75524347325534624
320,-0.013682147374656842,0.76111565331659625
321,-0.015494161686570737,0.75641077370437737
322,-0.013397239013001815,0.76409652662381367
323,-0.012533144188656786,0.75309040589913245
324,-0.013654734514872599,0.74934823296221831
325,-0.014791656723464015,0.7576180603306254
326,-0.015698695082318297,0.75922569414705166
327,-0.014898027727759607,0.76130059638511516
328,-0.014974731436593792,0.75605401653981419
329,-0.015682453501275173,0.75830742035602927
330,-0.013601892615528778,0.75272360569597807
331,-0.01505548330163216,0.75712105931797979
332,-0.014926200817995011,0.76104729965139806
333,-0.01553610414321681,0.75497889022720877
334,-0.016413021411676575,0.76203691080147817
335,-0.016005662472808223,0.75755163263180081
336,-0.014694266203390427,0.75720593790955426
337,-0.015299304380366568,0.75298479181101108
338,-0.016114949702048298,0.75738661708578137
339,-0.016955799885054773,0.75762790271167879
340,-0.015101851589566137,0.75936807397450745
341,-0.017507505956889477,0.76028724838391004
342,-0.016125701054377793,0.76260983718772046
343,-0.011982078658290447,0.75768294887541454
344,-0.012991043805037746,0.75901990224939919
345,-0.013316438745114359,0.75946111454350318
346,-0.015935919407409835,0.76034630639794065
347,-0.015071594913693283,0.76102196746348316
348,-0.016092555003555838,0.76483071971141381
349,-0.01486573177702819,0.75827417548071241
350,-0.014403511486152057,0.75563050413500599
351,-0.015004319155233658,0.76340800961535649
352,-0.017053606423390016,0.75805615098103807
353,-0.016144066258139869,0.76011055838175234
354,-0.015898260886249987,0.7554511829540701
355,-0.015753698260553936,0.75826559595481957
356,-0.015884241806574415,0.76035552577575571
357,-0.01481107789785995,0.75963967794868381
358,-0.016211197698178179,0.76076159886089989
359,-0.014351374443325585,0.75949222870419819
360,-0.014867597270735857,0.758539417624155
361,-0.016073777064030646,0.76052158165404138
362,-0.015686133993882963,0.75896050435284634
363,-0.014989968359586821,0.75957373074837509
364,-0.01373580140519382,0.75238093108981452
365,-0.015376168399257541,0.7571187215504227
366,-0.016739190647829565,0.75409722642733523
367,-0.015275495561791839,0.75938925757914433
368,-0.016299938468079919,0.75665083509138631
369,-0.018262141719527683,0.76305650351411103
370,-0.012636400904404993,0.76108681558934488
371,-0.016955169765266412,0.75824762132889467
372,-0.014133659513020761,0.76251689046715609
373,-0.014125926632334125,0.75983064020996893
374,-0.013610378068988158,0.75452823791316526
375,-0.016611650648242274,0.76056794646198844
376,-0.01579919941236381,0.75801016789821341
377,-0.014684065520825938,0.76419711599640183
378,-0.012914423686304457,0.76201050744148635
379,-0.015883178391830725,0.75850729029132746
380,-0.012094301051544605,0.75153182088428894
381,-0.012436053418580334,0.75582155375646809
382,-0.014397675733884637,0.7621935369888353
383,-0.012460676431865861,0.76335683175975966
384,-0.015080802002110512,0.7583472907178066
385,-0.014420122862886381,0.75473606885754629
386,-0.014499172397491291,0.75562776325141667
387,-0.017291189420401157,0.76110800309541959
388,-0.017120243242912895,0.76195401088463044
389,-0.015992171512573258,0.75591250691259282
390,-0.013925939831904537,0.76207202990177081
391,-0.016550948753141524,0.75971935716598893
392,-0.013992948633734167,0.76297159528540381
393,-0.015182715070903749,0.75722134127713248
394,-0.014688452186304475,0.75217453970451598
395,-0.016128649990449079,0.7597519327894513
396,-0.012991164662352018,0.7541591960681947
397,-0.014581481635619389,0.75823679155151402
398,-0.014718903274445813,0.75722824790310794
399,-0.014649806369647288,0.7622351942131963
400,-0.014135919090391592,0.75947859593809552
401,-0.015022488724646465,0.75758317836575062
402,-0.015342670593737487,0.7594413444809045
403,-0.014149152781041736,0.75437205375879512
404,-0.014677340880251567,0.76124831606896437
405,-0.01428559097479383,0.76219319836402022
406,-0.015203113578793961,0.76607454701138111
407,-0.016910899052933703,0.75923414800211109
408,-0.014503923548775605,0.75976975884715758
409,-0.013820177367344,0.76352326124068481
410,-0.015891473805872119,0.76023484687660237
411,-0.013559856614101518,0.7589941272872297
412,-0.013295023898310058,0.75890204184593524
413,-0.015564534971167757,0.75143843195781546
414,-0.015313538844345411,0.76593845746096967
415,-0.013860891699215293,0.7574932717965851
416,-0.012629573897858055,0.75349792898533718
417,-0.017301948131273788,0.75875933207470869
418,-0.015713892513326416,0.76552867438693761
419,-0.016939319685433527,0.76128079815589611
420,-0.014939271212391398,0.75698220965680907
421,-0.014190175513487824,0.7593532649284962
422,-0.017583241672281105,0.76020010532080207
423,-0.014265699019790086,0.76352044790021878
424,-0.013852948008599281,0.76012070434556978
425,-0.017545836624975573,0.75745607219628097
426,-0.013174961418611476,0.76252472993858189
427,-0.013973613958098917,0.75982410977356607
428,-0.014683652916334023,0.76194342010599858
429,-0.014108652336003915,0.75950255211837614
430,-0.01505873558910608,0.75966835523546417
431,-0.016720900070618636,0.75681748931499304
432,-0.016565871382969374,0.75835978260852077
433,-0.013921715272369356,0.76432170310460645
434,-0.016925870230739333,0.76116464972078424
435,-0.015764999642162447,0.75859259186307049
436,-0.01721196934432882,0.76129558773774741
437,-0.015189358315301478,0.76378366799238895
438,-0.013646849326546463,0.75848839564448212
439,-0.016687652058729567,0.75892379232293405
440,-0.014336494037563801,0.755819409688674
441,-0.013711872128187027,0.75451993693381736
442,-0.013651975241125313,0.76521413932014204
443,-0.01437046099945268,0.75616937633303594
444,-0.015501491063883252,0.76131018617521595
445,-0.016208329867044756,0.76466163147139021
446,-0.013801935903397632,0.75596572591828348
447,-0.016162302964691993,0.75834851508857404
448,-0.016624850092511245,0.75527242127101413
449,-0.014608069770121652,0.7564696065727291
450,-0.013809084912829922,0.75355679476320814
451,-0.012662604775293398,0.758100993390871
452,-0.013099737100541872,0.7610613509285632
453,-0.0161507152538907,0.76090656113715482
454,-0.014834952688844168,0.75697681259195015
455,-0.015979234412136716,0.76068860272938721
456,-0.015138049286669822,0.75038455227311796
457,-0.015607753387814777,0.75773907410374197
458,-0.013906791783849548,0.7560990564481227
459,-0.015901667184931502,0.75932521422167565
460,-0.014622174606915153,0.75748695359244123
461,-0.017265003957832602,0.76279918270595659
462,-0.017700400503015981,0.75902165094203244
463,-0.013757737511919209,0.75696310630799513
464,-0.01327467119610167,0.75529344968884327
465,-0.015460057189098606,0.75638551944451593
466,-0.013604271599099299,0.75760580052995297
467,-0.01279924177310088,0.74830637215412743
468,-0.015946630097022602,0.75577761266012056
469,-0.017120122154695806,0.76178647845669123
470,-0.015440116868359766,0.76252107557868998
471,-0.017373621582607045,0.76116593393876741
472,-0.015164431448079514,0.76439757352114712
473,-0.012441955570591336,0.750774470319859
474,-0.015017932917960296,0.75626530974050621
475,-0.015544204368350151,0.75659670794651901
476,-0.016115791675630074,0.75846046633334852
477,-0.016930037363551548,0.76066880095929534
478,-0.012697089784397727,0.76719927101235108
479,-0.01486789921985103,0.75267532960262928
480,-0.01429554139686047,0.75777529244810704
481,-0.015400338901077629,0.75802701343583667
482,-0.014335668812732143,0.75853737422121059
483,-0.013287484901713919,0.76333257530625842
484,-0.015491961896111604,0.7559303194585717
485,-0.015303230132255685,0.76508671400177453
486,-0.011364036511436181,0.75386649808596506
487,-0.016544464975371466,0.76122176447572565
488,-0.014146376847882057,0.75721317020585366
489,-0.01568448954966007,0.75968274906809541
490,-0.015730819431282798,0.76320023030421913
491,-0.013116920835390603,0.75625159222940797
492,-0.018769344701752896,0.75836820044861908
493,-0.014048880785322888,0.75178343081842658
494,-0.015369544406143255,0.76429891204901601
495,-0.014979489869063018,0.76297290648035709
496,-0.015655028863198993,0.76001159234622762
497,-0.017221421039505205,0.76459895284082746
498,-0.015025272631310461,0.76513531385511613
499,-0.016348336277014149,0.76389058645867358
500,-0.01531514056787962,0.75802646834054643
501,-0.016199723927140891,0.76893289240002693
502,-0.014802020692372297,0.75959620431676644
503,-0.017063076023761954,0.76274116998534147
504,-0.012023769034745795,0.75791020192949199
505,-0.015973036667185546,0.76362685803686003
506,-0.014554917083513079,0.7621558857104167
507,-0.015370615472148082,0.75597891629891567
508,-0.016059919907964952,0.76343314952695107
509,-0.015572208714200203,0.76154100440267258
510,-0.014829497962238977,0.76159180273582938
511,-0.016940068255902194,0.76164249063038236
512,-0.017076044521705518,0.75361129510027258
513,-0.015133800809828932,0.75481477156352539
514,-0.01751365615070825,0.7599164298972203
515,-0.014489524726396712,0.75428571859011628
516,-0.016356688399727974,0.76212893208797461
517,-0.017043036507652605,0.76089492024415684
518,-0.01407420792498122,0.75193848021484222
519,-0.015416254692914983,0.75697389098619938
520,-0.015680215503495156,0.75693164919302369
521,-0.016288814660190401,0.76489175571407908
522,-0.015906823535668052,0.75790847993708499
523,-0.015491193653776927,0.75978111604895127
524,-0.016197929834118371,0.76147697201115372
525,-0.01526240073174201,0.75866727518346144
526,-0.012936110314671517,0.75289799714759664
527,-0.01684474081094816,0.75662912903117696
528,-0.015801656737467709,0.76306505273905956
529,-0.013620050693004811,0.75371563137355491
530,-0.015519705506097128,0.75721368613729911
531,-0.016493673817079307,0.76415064568430457
532,-0.013699399551480288,0.75711122120150687
533,-0.012968075126042027,0.763023398069401
534,-0.017769955897079436,0.75855202391158638
535,-0.015540384244067243,0.75627267280659571
536,-0.014385423822566589,0.75718964198516492
537,-0.015844836148288667,0.75287652292465912
538,-0.015170603399425326,0.75911048220793909
539,-0.015596497855607652,0.76590161272930712
540,-0.013686788438105314,0.7590032957353936
541,-0.015007323737266896,0.76210255065551813
542,-0.016695449141480547,0.75941515027609108
543,-0.01523358546545331,0.75924839751844453
544,-0.015942377286010771,0.75279614308125486
545,-0.015214349908237029,0.76024452116827756
546,-0.01454855996724997,0.76572523104385548
547,-0.014618664290688513,0.75938928467990663
548,-0.014659809403843285,0.75756269359544115
549,-0.015278800254218697,0.75687344703874226
550,-0.016644004878017669,0.76357694802812226
551,-0.01463418420897575,0.75437828760781722
552,-0.015449108372486663,0.76477578206128938
553,-0.016846592679803499,0.75690435346663043
554,-0.015691056521923007,0.7608637979806242
555,-0.015630419305103851,0.75799552422352412
556,-0.011477588592158869,0.76012044892077968
557,-0.014599755821377233,0.76179064377190187
558,-0.013812752622671341,0.76079557495271943
559,-0.015349857929076401,0.75888009284348967
560,-0.016990189786930544,0.75937009297644442
561,-0.017108072441191436,0.7669314137948634
562,-0.015103238331915693,0.76361104463772356
563,-0.01495668157274386,0.75900283254649248
564,-0.016367905734798911,0.75975277743177094
565,-0.017596040579595122,0.76003984904209998
566,-0.016815343133757182,0.76340042957106169
567,-0.015760894749945634,0.76055209333638929
568,-0.017021491815185502,0.76316201763832303
569,-0.016133372273751456,0.7606498162680696
570,-0.016400553481353164,0.75485368927335128
571,-0.015821740487589067,0.75786166707180769
572,-0.013940094392330864,0.75377928818237638
573,-0.0139270958014361,0.75565178538676991
574,-0.011890021009282126,0.76175222398888853
575,-0.012543831423249857,0.75999922331464975
576,-0.015202593573667636,0.76068265845844052
577,-0.017665068404659711,0.75880073858719976
578,-0.014964400800877334,0.75054485153540162
579,-0.014992755947221928,0.75925182708234495
580,-0.013830792634135279,0.75618277302377734
581,-0.013742469795563888,0.76044996362333162
582,-0.015004541745612492,0.75953640327128236
583,-0.015843259625408258,0.76077623458930388
584,-0.013559856614101518,0.7589941272872297
585,-0.015407947884863903,0.76196047492953656
586,-0.015610564093900822,0.75854301731246565
587,-0.016602695998263393,0.75791130462355194
588,-0.014921094650409148,0.76256560141345664
589,-0.016038931469781716,0.75413615251971422
590,-0.01342057727843683,0.76369427945996649
591,-0.015856859491238613,0.75404536125916044
592,-0.017420277397256448,0.76364004965312438
593,-0.015949287715069045,0.75552987326598775
594,-0.01528069593981333,0.7531317947178735
595,-0.012960842597410026,0.76058130135171298
596,-0.014707751371139999,0.75647209810117388
597,-0.01702926207741759,0.76300855674690016
598,-0.016150124043739892,0.75881660773981352
599,-0.013526546275347355,0.76135058262407274
600,-0.0150437035725293,0.75796562689224978
601,-0.014995475863841479,0.75843705108931891
602,-0.01602424609970203,0.75902172672810053
603,-0.01501164838155592,0.75983068294633782
604,-0.015822871894525192,0.76090452749607695
605,-0.015510506871170964,0.76067295925713962
606,-0.015921473688465391,0.76265912041826156
607,-0.015071753585881562,0.75718485362746402
608,-0.014364379409793713,0.76614176410960555
609,-0.015186129979494938,0.76171010000016026
610,-0.013706585836458526,0.75906557514234441
611,-0.014080690446817694,0.76419735460552662
612,-0.015451570241984647,0.76102713602639149
613,-0.017234316511609043,0.76265339519323339
614,-0.013695073991973948,0.76588563924179109
615,-0.016238744572704238,0.76098195760807286
616,-0.016171874422202501,0.7631292266088282
617,-0.014124549080534145,0.75621046746244991
618,-0.015321032937703984,0.75630256320850608
619,-0.013933405984661414,0.76179799138991144
620,-0.014182993388419414,0.76190206284552575
621,-0.014837363155826179,0.75856527359509796
622,-0.015579555748863605,0.76068607335767513
623,-0.013852901247135474,0.75979377215155286
624,-0.015237382562892893,0.75522927154927644
625,-0.015009734965337,0.76258756481133771
626,-0.016192859034759803,0.76492711635911315
627,-0.017084831687979349,0.76027361346061884
628,-0.015158081436303582,0.7641047771051922
629,-0.016693813104160155,0.7616091139969603
630,-0.016169572088671313,0.75826122739896673
631,-0.014954783170421688,0.75864032669383175
632,-0.014667146396748107,0.76143866204072252
633,-0.015871347045366732,0.75624618528396892
634,-0.016895149830091043,0.75696850120831849
635,-0.015148926544832745,0.76057333151567541
636,-0.013983152684121541,0.76176854363117985
637,-0.014943426543525269,0.7577965245514926
638,-0.01635586728465829,0.75873824872036522
639,-0.015672331705988196,0.76924866296494043
640,-0.014054899901711214,0.75549070514434324
641,-0.016032834238469233,0.76372840422157273
642,-0.01265120432973358,0.75576149375057833
643,-0.014608932914914823,0.76015221726777737
644,-0.016632210593971675,0.75109065099719419
645,-0.01548827699697895,0.7617278673717256
646,-0.014219033786630022,0.76294543277344262
647,-0.014882345809193159,0.76110915644110566
648,-0.016653864267315216,0.76182361511048968
649,-0.01557304124279872,0.75964586336179196
650,-0.014694594559646263,0.75557565859918907
651,-0.016315291182547945,0.76393176557820786
652,-0.017009620199244381,0.76351307367978272
653,-0.013897239518488569,0.76065973376798057
654,-0.015296057626478279,0.76084806270904082
655,-0.015830854131160501,0.76239187203153291
656,-0.014598732762921326,0.75527289809104781
657,-0.015842498342166368,0.76425562386118795
658,-0.016811520916466399,0.76312389090134281
659,-0.016167363414616265,0.76166469339637577
660,-0.015449580318569368,0.75591691731961186
661,-0.01491892544180155,0.76124432097871719
662,-0.015056790934011481,0.7625071378877154
663,-0.015963918897433337,0.74866752742653297
664,-0.015361411512831852,0.75852932936220741
665,-0.014712831368117494,0.75485414437352338
666,-0.011863384482907354,0.76023371366696679
667,-0.015841777038728955,0.75792555199695733
668,-0.015537578020831786,0.75890691253661902
669,-0.01413018678447509,0.7561371337804087
670,-0.013450120711194924,0.75556103981885137
671,-0.015523726679068666,0.76053184090773063
672,-0.014149585327744092,0.75857406530473159
673,-0.014740254653588235,0.76266925631902249
674,-0.015542425364695113,0.75698853365497087
675,-0.013540537568946196,0.76002399953290145
676,-0.017339156779178064,0.75586058776551457
677,-0.01621055214745927,0.76093616499324168
678,-0.013832497512499008,0.75663459964576274
679,-0.015652182504861271,0.76142015424908271
680,-0.015777593704038716,0.76342088169714306
681,-0.014483083675388208,0.76263141212407493
682,-0.012648232880845963,0.76142144058989647
683,-0.016120432350556747,0.75963343531066685
684,-0.013061635884939242,0.76155237251834063
685,-0.015198696769290405,0.75954914051626232
686,-0.015620171984890243,0.75930361719718797
687,-0.015262871424825224,0.76815999284969427
688,-0.016701009521973655,0.75697165167959668
689,-0.016172214378122007,0.75994496769560582
690,-0.015430123414423876,0.76233911842158164
691,-0.013207565886229294,0.75966296624151908
692,-0.016285670013836823,0.75821081370433319
693,-0.015973794543517487,0.75560630714428223
694,-0.014775172531260719,0.75674450275380967
695,-0.016925282306391308,0.75703367671843902
696,-0.015345202910287709,0.75430436806868584
697,-0.015889160864611732,0.75874132143726203
698,-0.015412223066862723,0.76080756610164268
699,-0.015939646456286198,0.76121348461790972
700,-0.01570103552877971,0.75731259314178012
701,-0.015417852911705743,0.75888406800034791
702,-0.015389052376027192,0.76218138032070926
703,-0.011315508773154135,0.76062734566263257
704,-0.01580091744161808,0.76336200704075152
705,-0.013263644807767814,0.75828417944174875
706,-0.013514787118950041,0.76006720776764891
707,-0.01766887635550661,0.75589056986427527
708,-0.01497716666725429,0.75780142796404337
709,-0.013491225734737544,0.75383983470198912
710,-0.015271551829089127,0.75895320736251604
711,-0.014578253448506785,0.76758015281827119
712,-0.015599210194418388,0.75492310801035878
713,-0.015308411922806592,0.75973692373253254
714,-0.013586339992988687,0.7589398557447441
715,-0.01300170184826889,0.75722027735972552
716,-0.01378115404453782,0.75362376056647506
717,-0.014308065321311495,0.75972269491754063
718,-0.014378075491887346,0.75946428973398383
719,-0.014781258427306586,0.76235160460299356
720,-0.016469838772896282,0.75855639652703688
721,-0.01254801439321108,0.76347963398551255
722,-0.016846606527751815,0.76398923919239869
723,-0.013452305901654275,0.75580119556662828
724,-0.013516618259627735,0.75653986907384918
725,-0.016408539715392311,0.7624627104510453
726,-0.015415536291308075,0.75218701722958525
727,-0.01671783212773768,0.76124579455982078
728,-0.017362118676544362,0.75574534365674684
729,-0.013446731946532399,0.75551168984508887
730,-0.016677846588355742,0.76095918917058636
731,-0.014589947490798338,0.75695004619970141
732,-0.014439857720409817,0.7579402065374975
733,-0.013752065393981293,0.76277045649983843
734,-0.015121665815037913,0.75341168255150859
735,-0.014643928242461976,0.76122295224458458
736,-0.015229058515787489,0.75918197596305992
737,-0.013542823118527721,0.76207243126472013
738,-0.014117162426024532,0.75750379252276256
739,-0.015868013943889162,0.76073939102436827
740,-0.01517249053841619,0.76234757608329806
741,-0.014331717392731974,0.75611776921387341
742,-0.013550024048939022,0.76184084828579779
743,-0.016064972827119921,0.75842418586308535
744,-0.01503569126711396,0.758232564394275
745,-0.01647929557181102,0.76521360599540222
746,-0.016222447162303567,0.75785732450880361
747,-0.013762267053896677,0.7604115481297512
748,-0.013588111548704729,0.75580760567756655
749,-0.015209298799803466,0.76341569002722831
750,-0.015431350250898465,0.75495133608014575
751,-0.015906808003817031,0.7651443898241167
752,-0.016522411038986641,0.75699712486511905
753,-0.016499311327886235,0.75679963404360173
754,-0.014193384385471989,0.75529980138591934
755,-0.015265594614675368,0.75478550394755661
756,-0.015125951401149331,0.76266069465151054
757,-0.015143556643200502,0.75967940563198078
758,-0.016747699526855685,0.75950183145284944
759,-0.014918139195422564,0.75944409748900965
760,-0.011373792470729767,0.7581140370912457
761,-0.016058565793425565,0.75952313488718248
762,-0.01494271766866442,0.76039259904304346
763,-0.016493381235320705,0.76070966267267393
764,-0.016548676074493673,0.75892537545869099
765,-0.017709361745295707,0.75861915091518173
766,-0.013340013498466721,0.7627227068328013
767,-0.016656214429093825,0.76454268936262493
768,-0.015135536471830387,0.75885971943783026
769,-0.015590091902853135,0.75841746093148654
770,-0.013404596597919136,0.76076429563041925
771,-0.014706370745278759,0.7624868657229722
772,-0.014432989311285671,0.75313485813514369
773,-0.0142555744812255,0.75618700747462664
774,-0.014052068338104096,0.75330824655072648
775,-0.013047133001461524,0.76129600555981702
776,-0.013003248277201014,0.75191786757709056
777,-0.012804941024195647,0.76158654391235003
778,-0.013636400542643964,0.75448009942710725
779,-0.016946704212161781,0.76100833932837042
780,-0.015947555285482758,0.76244498745565037
781,-0.01576570942705165,0.76005348793081051
782,-0.016511508192931967,0.75489412573917314
783,-0.014488207069719304,0.75539663600540952
784,-0.013841801685270922,0.75892806232734356
785,-0.013330790538618782,0.75653428266708023
786,-0.016728735700232103,0.75571124206259321
787,-0.014070119381915257,0.75716012533643728
788,-0.015150688647130445,0.76102147190696423
789,-0.016717522159557879,0.759106440241755
790,-0.015643325072593146,0.76117956752479687
791,-0.014075468234019848,0.7594577263456449
792,-0.015776740807371868,0.75842463931636572
793,-0.015136282642659748,0.75910375522731754
794,-0.01536023867976897,0.76052014164443849
795,-0.015859460240327024,0.76188417442872858
796,-0.012361083668972624,0.75746155286150618
797,-0.014449840328932081,0.76186566475002193
798,-0.014951999609698204,0.75555769375994941
799,-0.014284998998439425,0.75946875234055533
800,-0.014865328669034318,0.75098865646238522
801,-0.015209583628198395,0.75864126945153343
802,-0.01401932295056867,0.7543836685667703
803,-0.016690225841441801,0.76511040722591783
804,-0.015353838313807959,0.76049113026606652
805,-0.015788796303225293,0.7552509369783047
806,-0.016360340432108565,0.76425444063068637
807,-0.016543793763516335,0.75750084556197061
808,-0.017367472484157088,0.75706459501049861
809,-0.013352841876048684,0.76455948726576639
810,-0.015002768417649085,0.75992850072520679
811,-0.015986804708460624,0.75674862080308625
812,-0.012705804349818075,0.75903844372709151
813,-0.012090069403817133,0.76315928343948602
814,-0.014057094563833533,0.76052173318286775
815,-0.014412826461626541,0.75852192261182227
816,-0.016179683999138217,0.76509860628002491
817,-0.016625350428993733,0.76223223651430816
818,-0.016346619176719271,0.7581965166005582
819,-0.016276402730951146,0.76026653087365648
820,-0.014275643233523641,0.75962204002757316
821,-0.014189258335355989,0.7592578512500554
822,-0.013540507635089297,0.75108976426049678
823,-0.015715702478211031,0.76185369090389521
824,-0.011304922551115856,0.75592030084760042
825,-0.015885955810796167,0.76579770550814885
826,-0.015164022470124825,0.76023078189451809
827,-0.015390121595613038,0.76208142509177468
828,-0.015453116732451868,0.7612014591666002
829,-0.015552484694074446,0.76440543309983122
830,-0.015536592147716501,0.76092904616229384
831,-0.01692481580837997,0.76401239311238611
832,-0.017526671425526674,0.76324784935449386
833,-0.016349081763948746,0.76330146085840678
834,-0.0154160674721709,0.76412878359392555
835,-0.017752700405326546,0.76217103538613984
836,-0.015901667184931502,0.75932521422167565
837,-0.015576337788440024,0.76396703855662873
838,-0.016205919959354359,0.75908892109127046
839,-0.015359925165287567,0.76111086930640215
840,-0.014446402162139518,0.7628093736032846
841,-0.015536655073597132,0.75496087146199753
842,-0.014202559499648847,0.76248088831630123
843,-0.015063608396712976,0.76236982819693255
844,-0.014083157493154893,0.75814370321248281
845,-0.01435317680906148,0.76083258032418011
846,-0.015549224319091032,0.76069059018800333
847,-0.01387178212644531,0.76628747152237631
848,-0.016512279743272594,0.75955317379265364
849,-0.013849304715617565,0.75409709603641084
850,-0.01500632489832034,0.75230236197225597
851,-0.011355364274663817,0.76474480992334182
852,-0.015271310996351314,0.76636649339866714
853,-0.01587419305813758,0.7622097941392949
854,-0.012447288699507618,0.75610972049217884
855,-0.016958496354850781,0.76189606703906321
856,-0.014611290516583723,0.76078082299928806
857,-0.017159407194798245,0.76040747940943232
858,-0.01412165388343135,0.74869982782439004
859,-0.015815412335951101,0.75676399660068949
860,-0.015827708270450731,0.76389058377217423
861,-0.016291535103111678,0.76239228030889716
862,-0.013944112244486955,0.75827402296413615
863,-0.014779385135992518,0.75933544330310387
864,-0.01663009059180352,0.75910259410480085
865,-0.015836925523905823,0.75953657714576395
866,-0.015166417529687354,0.75532266877506127
867,-0.014627376465168256,0.75822543407914333
868,-0.014916969537216187,0.75872548964550546
869,-0.015927019852264308,0.7609192866899106
870,-0.016622147605298173,0.76257553646506582
871,-0.013766291608271418,0.75607519159906433
872,-0.016216575094849237,0.75908188672072019
873,-0.015316611915502334,0.76540114347313137
874,-0.016112334758869012,0.75296042535754493
875,-0.015077413510475085,0.76388404008196531
876,-0.014502089365166547,0.76137506158881296
877,-0.012763997297681946,0.76084836674092982
878,-0.013434138266697128,0.76064888247626761
879,-0.015368946204466683,0.76173455788195299
880,-0.014550049829476549,0.75252972830108389
881,-0.015033566764057633,0.7657882700071732
882,-0.016290862817258698,0.76190574922712129
883,-0.01465256808734388,0.75593920838220041
884,-0.013584807213274723,0.75750233875454598
885,-0.015561919420749597,0.75712262643548023
886,-0.017344538923285441,0.75957236600412292
887,-0.017949141130665949,0.76020859157814047
888,-0.01517458737561189,0.75596616435781672
889,-0.016628686923289518,0.76201181429277187
890,-0.013670255216110859,0.76307590398771286
891,-0.016849911315571356,0.75442567644420133
892,-0.01454467039939041,0.75928697235296361
893,-0.014403745581822138,0.75789451409852615
894,-0.015876455969385951,0.75811754429414657
895,-0.014518937740357564,0.75374730619880759
896,-0.016775642310312835,0.76165367235590486
897,-0.01434090348454106,0.76254615870786391
898,-0.015505382354735487,0.76129537477274845
899,-0.015096104960210311,0.75822614468481564
900,-0.014093480800839326,0.759652641055095
901,-0.014176612151857178,0.7656204202126714
902,-0.016113377617758631,0.76183396003803383
903,-0.015886338132981327,0.76125450200194711
904,-0.016318253095276541,0.75696119616232682
905,-0.01578682751819202,0.76337426806771946
906,-0.014090290154808125,0.75616010290021263
907,-0.014176193807609937,0.749894795021538
908,-0.01456483568286796,0.76198234552071042
909,-0.011250600661229449,0.76240080280213085
910,-0.01689379251071112,0.75979759071653619
911,-0.015685971148323041,0.76185306367217176
912,-0.010337458753025679,0.75675152253825484
913,-0.014840930011258477,0.75880643887364529
914,-0.01653359530838025,0.7594153297551911
915,-0.016980010675084173,0.76429778420765604
916,-0.01665963992514527,0.75817809033259831
917,-0.016051939243823185,0.76068271523217379
918,-0.01573369532027687,0.75701960314759431
919,-0.015771118707682837,0.76255593051445403
920,-0.014209867684030347,0.76074608254861209
921,-0.016553487450214316,0.76332523931844054
922,-0.015639525105999176,0.7607941470569386
923,-0.013717321778675287,0.75737358545704192
924,-0.011722872239685057,0.7590975906942955
925,-0.013834679854256562,0.75413348228600197
926,-0.014105570922976188,0.76366269815378951
927,-0.014577573708132481,0.75373728817149876
928,-0.013612138271671122,0.75388966248439693
929,-0.015762654041404166,0.76031656903771949
930,-0.014552391590891979,0.75517465463592015
931,-0.013925467910059804,0.75935258118153559
932,-0.016017168623828602,0.75859830669325434
933,-0.017562058565621097,0.75801338988153089
934,-0.014575976737648792,0.75714084405147231
935,-0.01654733393278094,0.75647798558239243
936,-0.016442605081496267,0.76607644579898371
937,-0.016897635828788123,0.75761230691826253
938,-0.015873480495904875,0.7585628727472018
939,-0.01569440701295376,0.75896501407538275
940,-0.017468677132545459,0.75796798343548888
941,-0.014486436784470253,0.75761907660168715
942,-0.015466530610274646,0.75832002036185742
943,-0.016114132178253096,0.75738963694296468
944,-0.015516030696383883,0.75871829957857029
945,-0.016104605587537686,0.76200217624958555
946,-0.015731171242916002,0.75610849194573182
947,-0.01573369532027687,0.75701960314759431
948,-0.014791129079879034,0.75797091568759678
949,-0.015720589039484641,0.76058780284631267
950,-0.016813410267738322,0.76148396322437972
951,-0.014211136612313834,0.76317767288101079
952,-0.015956197391837929,0.75687488306622841
953,-0.015513352444421282,0.75530848609109025
954,-0.014333765200885869,0.75491524323691572
955,-0.016376759491935837,0.75804850753138509
956,-0.015203601333304647,0.75599073322125931
957,-0.011683643101486457,0.75624733364344687
958,-0.015504659885692631,0.76314251737625871
959,-0.016567298892479501,0.7602796556521082
960,-0.016966982997495571,0.75926854085914997
961,-0.015163643910809739,0.76058077670110169
962,-0.015274126301520511,0.76380055193956853
963,-0.015980143286954462,0.75617873655725332
964,-0.016296141810871113,0.75643312805719831
965,-0.015277949057877051,0.76258679140566332
966,-0.015347003950598726,0.75651946331823106
967,-0.015297042493318288,0.75538660447630024
968,-0.016381964571057967,0.75927188795568468
969,-0.014851187272120005,0.76214388840944924
970,-0.014446242069633936,0.75901735146815041
971,-0.015540608066493718,0.75019866251657918
972,-0.011906446969146577,0.75720925934638306
973,-0.013356916869741525,0.76150281868187009
974,-0.014487133669445844,0.7599264574506821
975,-0.015752529191773737,0.75420401768855094
976,-0.013060016600786121,0.76671653107845272
977,-0.015245797055968747,0.76214694306305741
978,-0.011983323334149221,0.761660448571856
979,-0.01448434116126498,0.75623955763959594
980,-0.015290682622378296,0.75923988306760759
981,-0.016556262518214938,0.75869335485436318
982,-0.014231772032261942,0.75599031246815618
983,-0.01323716815442511,0.76025788798132832
984,-0.01448758248036789,0.75764665707536805
985,-0.015620222870735978,0.75604021034943325
986,-0.013469367050091394,0.75868089959567175
987,-0.015629148308450792,0.75823658295677654
988,-0.015389672827100163,0.76061288145025052
989,-0.015244996022638816,0.75566311366976668
990,-0.012536994244455538,0.76095438171196816
991,-0.016007327420385409,0.75977156727534978
992,-0.016560760094228258,0.76252807058730709
993,-0.012765438916500619,0.76169707038199119
994,-0.016544869105879656,0.76221062772857084
995,-0.01370895840555943,0.75824016335179933
996,-0.016274866325652372,0.76428402018693453
997,-0.01857095197131077,0.76025467362472621
998,-0.015006943374585288,0.76148963574727913
999,-0.015371269363066358,0.75939906932441426
1000,-0.014490392364277809,0.75844960174904053
1001,-0.015944668325587885,0.76058042670950077
1002,-0.014892913568004219,0.7622486836354978
1003,-0.015615784864843886,0.75794363153974176
1004,-0.012949572378083737,0.7549996912287944
1005,-0.014451475291905042,0.74959222397576608
1006,-0.016326430053031426,0.76144616533531717
1007,-0.014651270868258365,0.76022966100381029
1008,-0.016470646181352411,0.75898617270680402
1009,-0.016592670233664206,0.75691819281564332
1010,-0.016357132253788875,0.75626406045916206
1011,-0.011797246460909636,0.75908501353115132
1012,-0.015956082028881956,0.76213431422954458
1013,-0.014794493467819343,0.76098481661313888
1014,-0.015990050963355946,0.76053334621945667
1015,-0.015070633129379797,0.76256870440223856
1016,-0.014825461642745211,0.75876204487448884
1017,-0.015769095715334545,0.76036492223561525
1018,-0.014396737887819451,0.76006432502400512
1019,-0.014841101644432931,0.75770534250327681
1020,-0.016621129973165439,0.75990001818495034
1021,-0.014761991621478041,0.75740198784099022
1022,-0.016608316210723409,0.75775661873544775
1023,-0.015660537750395886,0.76725000526921849
1024,-0.014774878162134915,0.75752195524549404
1025,-0.014975442552345683,0.75996223100597216
1026,-0.014751861746437786,0.75930578843595808
1027,-0.014042945694354509,0.75555699121337028
1028,-0.014934969384485927,0.7584955443364525
1029,-0.016723114222596411,0.75349829133649959
1030,-0.01457587220437347,0.75787671041349469
1031,-0.014304313078313069,0.76514756826985209
1032,-0.015544018211188915,0.7610809589931381
1033,-0.014278113582293533,0.75314355287784296
1034,-0.010306389085992605,0.75836668914931216
1035,-0.014213894768307136,0.75717899574037306
1036,-0.018507516949832846,0.76013519154148146
1037,-0.013860891699215293,0.7574932717965851
1038,-0.014391247946353736,0.75748234067169584
1039,-0.014292166289740995,0.76228867764564312
1040,-0.016826247771539123,0.7589957745925805
1041,-0.017229495260363051,0.7626758723369107
1042,-0.015431279711940499,0.75988661281851488
1043,-0.017123086933279453,0.76169087268375102
1044,-0.017319120079063929,0.76308095417988342
1045,-0.01564298841901661,0.76454171670123716
1046,-0.014992105037842963,0.76125642486676548
1047,-0.015000766190736791,0.75481295772668255
1048,-0.016690589727476259,0.76312430988941427
1049,-0.015243941418364427,0.75593491484153341
1050,-0.015812733434309723,0.75582248845019684
1051,-0.01389291772906831,0.76113895849413482
1052,-0.015128865636565817,0.75075305205695519
1053,-0.014527553196868733,0.75795687371909459
1054,-0.015234251494388123,0.75453670222533087
1055,-0.013324331758178468,0.76322403712446052
1056,-0.014602515387478492,0.76597977864577782
1057,-0.01445714526715753,0.76200486239335952
1058,-0.014465510078492894,0.75992588815782591
1059,-0.016336221412808709,0.7589254138330902
1060,-0.014443733786767266,0.76350987578649332
1061,-0.015272193311496707,0.75842944433158366
1062,-0.014264332527892621,0.760712994688995
1063,-0.013428329044114255,0.76000042193883166
1064,-0.017434127300744055,0.7641860158353817
1065,-0.017171929519639445,0.75751873240550094
1066,-0.013310099137359831,0.75590479723316362
1067,-0.016883625954402522,0.75649296827103096
1068,-0.012062145961426449,0.7604875041433018
1069,-0.0172637538620776,0.75924848444084747
1070,-0.014674893528697792,0.75711005835047229
1071,-0.015018451544163799,0.75700439700016253
1072,-0.014870841181575169,0.7630171545455402
1073,-0.015367021152417976,0.76204597953379105
1074,-0.0142393180005632,0.75814641100001445
1075,-0.016006577749281888,0.76087329109845148
1076,-0.014427005521413272,0.76362376102395146
1077,-0.013513886652623937,0.76355130833848739
1078,-0.015809027148825289,0.7583965733691701
1079,-0.01460509125601833,0.76209220764824626
1080,-0.015652012162403799,0.76104391055939324
1081,-0.014588446578298683,0.75355213463498183
1082,-0.013081350167351513,0.7586791393443767
1083,-0.01513044142958004,0.76104848560416616
1084,-0.016132503234752564,0.76458006927726063
1085,-0.016794304890139639,0.75664605797219209
1086,-0.01566894474864023,0.76152142534823319
1087,-0.015587205526063956,0.75380684402136322
1088,-0.01156596148033758,0.75297836960610653
1089,-0.016088135922061104,0.75932332437639416
1090,-0.014108000888025366,0.76314561208726484
1091,-0.014039398656409071,0.76387963025248828
1092,-0.016338698785003779,0.75899244751806438
1093,-0.014051444520315478,0.75662951049146865
1094,-0.01498432515125948,0.75819478734822543
1095,-0.012556151462000622,0.76117602729274758
1096,-0.015725667314420318,0.75988332877719389
1097,-0.015907000697901137,0.76239223697825798
1098,-0.014431049574735717,0.75559571633032319
1099,-0.015116255174684337,0.75718298316364074
1100,-0.015714674448589983,0.75994298057207199
1101,-0.012745740102619208,0.76211597473947912
1102,-0.015835883542252044,0.75509791784451785
1103,-0.015116818904413857,0.75911146907154037
1104,-0.016736084416505859,0.75612944031519935
1105,-0.014387679435272333,0.76334059093626438
1106,-0.0147982267112541,0.76268296123595303
1107,-0.0138780197068259,0.75671244084078826
1108,-0.016730575630414281,0.76039380295271364
1109,-0.014783296386201039,0.75595784227596596
1110,-0.01651342663526402,0.75890695091312577
1111,-0.018100775050612992,0.7615920832240668
1112,-0.016066867444205071,0.75946098503727766
1113,-0.015612263943074663,0.75571174926775986
1114,-0.015683112927462987,0.75210594620900517
1115,-0.013476128509530975,0.75433924988584122
1116,-0.011828376406268585,0.75639430812750874
1117,-0.015670351892283975,0.76392614239580803
1118,-0.013091840812645224,0.7635236517374554
1119,-0.016115646544866871,0.75515927135451599
1120,-0.015417082405202833,0.75663167652679297
1121,-0.013097435514004047,0.75784817579964114
1122,-0.013698252335128619,0.75763250797479631
1123,-0.014709139386997343,0.7572849023597088
1124,-0.014078809866428224,0.75835129602398277
1125,-0.013408848614737186,0.76103672179648496
1126,-0.014296722352625016,0.75850101430422689
1127,-0.01557260076392346,0.75866682464834223
1128,-0.016099071799467013,0.76101762140144513
1129,-0.014934444085283088,0.75783955304838424
1130,-0.013519896635613888,0.76083434064021294
1131,-0.014378741515179275,0.76217239690351002
1132,-0.016060111778545952,0.7572618457025293
1133,-0.014606804924820728,0.76242095168759716
1134,-0.014831521617027896,0.75733767245371142
1135,-0.015918808651485355,0.7568760181817501
1136,-0.013992107516263837,0.75238538857250192
1137,-0.011269660385916863,0.75860713574267369
1138,-0.012639237716387398,0.75700802909783038
1139,-0.016556714046159479,0.75629073707381578
1140,-0.015226126947171464,0.75524891071068467
1141,-0.017603245375876535,0.76082300204836251
1142,-0.016002977779282029,0.7591537874946569
1143,-0.017085358545661358,0.75795073712262739
1144,-0.015917295019019111,0.75636792062063773
1145,-0.015793435348414504,0.76251755232744101
1146,-0.014735309638418121,0.76183590206938934
1147,-0.015250453445074521,0.75902100716271026
1148,-0.017331110529979474,0.7599335050447531
1149,-0.014410759790533021,0.76289090329953813
1150,-0.013792040401633112,0.75462600962303228
1151,-0.015393421251609257,0.75765956548004909
1152,-0.015617325738713403,0.76303512364431414
1153,-0.014768792770545778,0.75369496674300496
1154,-0.014573644233315971,0.76149541782263053
1155,-0.016026564707925434,0.76097247188666606
1156,-0.013088194736107107,0.75779110152838569
1157,-0.014180288202625688,0.76032254577965064
1158,-0.015160761112135943,0.76189433170532694
1159,-0.01674340528891851,0.76461120742177291
1160,-0.014481508424447419,0.76061520640196456
1161,-0.014375418919159569,0.75795277167064423
1162,-0.016292421043746612,0.75638985709657669
1163,-0.016038253411188211,0.76079435115387872
1164,-0.013930283523536291,0.75818036664646138
1165,-0.014107407587372859,0.75478999178548944
1166,-0.015403488202834938,0.76508450650357684
1167,-0.016062608649452848,0.75781890864819756
1168,-0.014960668529652053,0.7573329955891952
1169,-0.015009045477639392,0.75894617578820467
1170,-0.013070752143021086,0.76143627119265367
1171,-0.016192721215894105,0.76238041014790081
1172,-0.01543436025786509,0.75896679136604295
1173,-0.013574164839578257,0.75453787204394784
1174,-0.013196945392655831,0.76064457002295238
1175,-0.015992171512573258,0.75591250691259282
1176,-0.0158920831725992,0.75601743694812862
1177,-0.013561535094575009,0.75645904628110472
1178,-0.012889136947590677,0.76214688697571187
1179,-0.014252073305538047,0.75373851167595929
1180,-0.01435352217737485,0.76182581441028518
1181,-0.015483421102452946,0.75442696966580536
1182,-0.015259097551633283,0.75765678320954755
1183,-0.013060150104568428,0.76102076520654804
1184,-0.015622543844521284,0.76286750908650491
1185,-0.015477279600484437,0.76054013985662905
1186,-0.017103161181919874,0.76409640071766538
1187,-0.013465986857151923,0.76386586137364876
1188,-0.012506520156253264,0.75845510310243602
1189,-0.015726774963567482,0.76084653574608907
1190,-0.012703276223992111,0.76235639405401379
1191,-0.015986722911065183,0.76123665312315802
1192,-0.015504695979957711,0.75563663492016075
1193,-0.015213726224414272,0.75673730754310153
1194,-0.014032005386362258,0.75692473313125919
1195,-0.015838742119042182,0.76399719138386724
1196,-0.015520479681366958,0.76210273694661801
1197,-0.013800016344358207,0.75492943854449757
1198,-0.013977538329864746,0.75660810074504903
1199,-0.016023401953602669,0.75832470147646347
1200,-0.015347181091140246,0.76014713823413738
1201,-0.016637486235514958,0.76267070036220852
1202,-0.014643357901266193,0.75951303944746174
1203,-0.018084381185464252,0.75860870148579251
1204,-0.013825896298447339,0.75854860862112383
1205,-0.015723262827798144,0.75539506473470219
1206,-0.016028870388239524,0.75936245463457086
1207,-0.012456153506328562,0.75855166867465407
1208,-0.015876292635949842,0.75563785988318888
1209,-0.014449163095722858,0.76513079350768098
1210,-0.015084896727738436,0.76261870161740564
1211,-0.014902200587810962,0.75897269709728132
1212,-0.015629989156537419,0.75670970336421683
1213,-0.016537686242013742,0.75859700003416097
1214,-0.01437375301317491,0.76195758413801129
1215,-0.015369430601485903,0.75679998244046631
1216,-0.012670626978199999,0.76179860405719624
1217,-0.015822879048273633,0.7570266469799708
1218,-0.013848486124220457,0.75529048205031746
1219,-0.017624483380728903,0.75896099194594435
1220,-0.014638808082152786,0.75592314802408134
1221,-0.016090759275249916,0.75791509328005846
1222,-0.012985080645082456,0.75638401912861164
1223,-0.01343757556708257,0.75401013298186326
1224,-0.012752110571382064,0.75970520501564454
1225,-0.014067113139859394,0.75512328221411351
1226,-0.015469348164387211,0.762284484342033
1227,-0.017177175632264938,0.75682859064218488
1228,-0.015166501572590958,0.75558056474096102
1229,-0.012801117190346961,0.76151922741134848
1230,-0.015186576311871857,0.76381089029311799
1231,-0.011818464401871988,0.76198002794561237
1232,-0.015764011420785425,0.76018801215784926
1233,-0.011944683034648304,0.75983129079631495
1234,-0.013500679476279517,0.7602657742342952
1235,-0.016951570160639272,0.76147737017311945
1236,-0.014985095024374605,0.75483576190504931
1237,-0.01531917369510794,0.75698551084809884
1238,-0.013153432514875907,0.75686511257875111
1239,-0.015162392625903654,0.75596409352996707
1240,-0.015316325309355509,0.76314969718391801
1241,-0.015363880539995321,0.75598925385286686
1242,-0.016401277856367399,0.76579570141278119
1243,-0.016410872995349553,0.76044607093609118
1244,-0.016219288669072917,0.75556992785963129
1245,-0.016634621184792822,0.7581882455752853
1246,-0.016614603988370686,0.75658242939632214
1247,-0.014929661069447724,0.75479456009853862
1248,-0.014936343434853052,0.75750403156825186
1249,-0.014604541942704531,0.75063481890107198
1250,-0.015450153307015808,0.75905202866585353
1251,-0.015336454860933685,0.75715470835862908
1252,-0.015482998709192565,0.75965046210586307
1253,-0.014444088190665604,0.75983470414742094
1254,-0.015332815467702068,0.7584381238186495
1255,-0.016076071072140138,0.76010391835068514
1256,-0.015744265319777954,0.75242114050692632
1257,-0.015823075286730194,0.76145064533888918
1258,-0.016897117440624023,0.76138950754431212
1259,-0.015090004406937774,0.76336243962046058
1260,-0.015629819981618168,0.75630967670334082
1261,-0.0134988319272054,0.76078506857425887
1262,-0.015293242628090883,0.75979986298383762
1263,-0.016228709358383362,0.75979288029829084
1264,-0.016769323164971504,0.75787315896715224
1265,-0.014506255117384846,0.75743577869305456
1266,-0.01412972997016464,0.76499540549649214
1267,-0.01511590156905826,0.75759773364413996
1268,-0.013228845011403732,0.75642798794029331
1269,-0.012502722965253428,0.75586036666021461
1270,-0.016796056141343121,0.76422673195145963
1271,-0.01473256464362447,0.76063314827081541
1272,-0.017549096372830572,0.75836539705544193
1273,-0.01360443294410482,0.76000445203144895
1274,-0.013848667434090378,0.75941540346407577
1275,-0.016133387825667853,0.75771737123384242
1276,-0.014359468567075413,0.76111286730212746
1277,-0.014458326509885462,0.75339754832561401
1278,-0.012877035036537676,0.75341038338130484
1279,-0.014966359103358263,0.76319681307141873
1280,-0.015862610023748898,0.76076657287065197
1281,-0.014517207482861533,0.75487440335943912
1282,-0.015161670197840727,0.75508130558220232
1283,-0.016570456038031596,0.75972623193540845
1284,-0.0142461217569967,0.7597863689149047
1285,-0.016260136012864392,0.76381693624814884
1286,-0.014251006269366014,0.75768988911625623
1287,-0.013201807864622071,0.75637594852252976
1288,-0.01487984919033127,0.75551483317376522
1289,-0.014554120318364392,0.75492183456094564
1290,-0.014697901670724729,0.75690496998879364
1291,-0.015122777604020188,0.76207363489564917
1292,-0.017652653532165229,0.76200186253114266
1293,-0.015867753994604276,0.75407615769134106
1294,-0.015227522420708751,0.76320348665616278
1295,-0.014708774616411093,0.76014078137536045
1296,-0.016066523882043431,0.76547618408059226
1297,-0.015923048114201647,0.76081033358959271
1298,-0.014897542748383086,0.76060430033153248
1299,-0.016384103415638028,0.76179601906923855
1300,-0.015161184163609233,0.76090980733594038
1301,-0.014738900437215834,0.75370805570772015
1302,-0.015005337741277488,0.75782058147474896
1303,-0.013685662588577141,0.75796638327036558
1304,-0.011103397048128447,0.7574459143714678
1305,-0.016109572571883529,0.75743857446445773
1306,-0.013648061200256939,0.76581666354501643
1307,-0.013542961131792942,0.75692745929362337
1308,-0.016456569054831775,0.7603084644392617
1309,-0.013970094667073003,0.7618593541158617
1310,-0.013299829964903861,0.7638188471156474
1311,-0.017298001982414733,0.76163161872048168
1312,-0.01597966678440544,0.75773565223517259
1313,-0.014981527670952736,0.76441639476419165
1314,-0.015559884270786807,0.76269642074441946
1315,-0.01338614272314549,0.76287988296669151
1316,-0.014205414210610225,0.75716567301410298
1317,-0.013406146342666979,0.758541707687586
1318,-0.015051835909799617,0.75570126821133643
1319,-0.015244114140324068,0.76279548820741794
1320,-0.013874369964252054,0.7564856040224428
1321,-0.013241527211778266,0.75296317563213788
1322,-0.016178206718784928,0.75513944130837529
1323,-0.01462794556054027,0.76462306895789467
1324,-0.015766298789682616,0.76015946948443891
1325,-0.017501097005178413,0.75850219228280769
1326,-0.014943169413380652,0.75643155094788905
1327,-0.015207611425204368,0.75763177583971908
1328,-0.016311935156546217,0.75815827202298813
1329,-0.013397399988240898,0.76277803400288846
1330,-0.01326991256403616,0.76183136849136013
1331,-0.016750993423706933,0.76492631460573357
1332,-0.017058726180064213,0.76377126312726706
1333,-0.014339358486606306,0.75522006607577408
1334,-0.01641648183566969,0.76177843958604896
1335,-0.016521045677969977,0.76018868656415539
1336,-0.013604112986130562,0.76234734076398181
1337,-0.015326820509012219,0.75919331564260917
1338,-0.014988607504742582,0.75978970698380055
1339,-0.014594764018418348,0.7549763130626268
1340,-0.015420704300532006,0.76075498481878068
1341,-0.0124919643404255,0.75773572115056509
1342,-0.014321911954673392,0.76088624751225897
1343,-0.01379562613941991,0.75959389302698777
1344,-0.013735466459286893,0.75149420952573098
1345,-0.011476687896558363,0.764762606879132
1346,-0.015883062651380758,0.75683032957677765
1347,-0.014859788516124911,0.76017898559023511
1348,-0.017509009651522519,0.75867190690895325
1349,-0.01604012013406339,0.75731466039413531
1350,-0.012812742668685477,0.75509587591039451
1351,-0.015139034480405794,0.76380165020258195
1352,-0.01523681476579325,0.75421750868032211
1353,-0.012501921553491826,0.76035841031345375
1354,-0.014851777741675365,0.76010928582143855
1355,-0.015024817714112652,0.76607379367974793
1356,-0.013837509713707287,0.76366078811460281
1357,-0.012832407077449275,0.75546157764594701
1358,-0.015136625979053022,0.75855250885316372
1359,-0.01627143490000724,0.76076828872217617
1360,-0.016000193595681736,0.75923910023966712
1361,-0.015961029432603305,0.7633734844844281
1362,-0.015071080472441078,0.75841143809459566
1363,-0.01796890114002124,0.76065937219442803
1364,-0.016714244244340808,0.76049846193306803
1365,-0.01635323629265318,0.75877408968382221
1366,-0.015617372930239888,0.76623676894972703
1367,-0.017251788125958654,0.75963926846184016
1368,-0.015433294805054407,0.76286371976563538
1369,-0.01408832851585858,0.76015849088613285
1370,-0.014113599553587661,0.75859271885538571
1371,-0.014383805125585554,0.75937245469784298
1372,-0.01525846603276588,0.76210240927222228
1373,-0.012965177888694916,0.75601359571377391
1374,-0.014285667489770056,0.75799320432464878
1375,-0.01564568936021897,0.75403704569637098
1376,-0.01540324059401111,0.76085503837012691
1377,-0.014310914962162639,0.7691054561192302
1378,-0.012444844259914104,0.76100488354905693
1379,-0.014477365265313838,0.76457940021610793
1380,-0.017003621451568578,0.76411767520110863
1381,-0.014143549301500996,0.75783274705336101
1382,-0.016237824096951941,0.75903214045657985
1383,-0.015719158865898808,0.75998970794424803
1384,-0.012632712240591997,0.76633954870922816
1385,-0.014702395754576478,0.76085248723770704
1386,-0.015546730376296006,0.75870754421185349
1387,-0.016878373830567964,0.76054073363452102
1388,-0.016501162358053288,0.75998347986855164
1389,-0.012668248805649382,0.76205202394011706
1390,-0.014116714287554497,0.75869837224365788
1391,-0.011815152118832797,0.75574145866948228
1392,-0.015009707117695396,0.75784484848660416
1393,-0.015542648969740025,0.7588795323068569
1394,-0.016012375868017452,0.75483737592872513
1395,-0.014117433485180251,0.76173194689734691
1396,-0.014428629436131563,0.76377095965937469
1397,-0.014272386648981471,0.76077470373401801
1398,-0.013373589503268307,0.75568161004538892
1399,-0.015248454492173368,0.76474257242302868
1400,-0.015418755612002344,0.76105446533176657
1401,-0.018303235273248245,0.75615466755320104
1402,-0.015280014971058213,0.75585707127923274
1403,-0.016549046365484196,0.75711055998252708
1404,-0.014736365209861985,0.76062625291024111
1405,-0.017972160578390038,0.75902500704659237
1406,-0.015578054849749884,0.75627336950724644
1407,-0.011907305477123821,0.75670984210957781
1408,-0.01517495466968035,0.76357011381121609
1409,-0.014901562614256241,0.75436302345260231
1410,-0.015937059927254495,0.75913724506679536
1411,-0.016584486102162253,0.75734310538953797
1412,-0.016620243618323122,0.75638816398396702
1413,-0.014494100594547589,0.75378280961077238
1414,-0.015601664496870837,0.75123991562383308
1415,-0.015846067775561599,0.76165590540937689
1416,-0.015181366649487991,0.75071912473436841
1417,-0.01608497822900188,0.75486961234566685
1418,-0.013586339992988687,0.7589398557447441
1419,-0.015267253287290386,0.7561759931089862
1420,-0.015083948248378963,0.75977090924025437
1421,-0.015270721025797681,0.75897039816338596
1422,-0.017688091748578258,0.76177091494620008
1423,-0.012513713611050531,0.7623845948716591
1424,-0.016109579631231385,0.75334335134668651
1425,-0.013772949281531751,0.75572967826279158
1426,-0.015269408528717866,0.76231160702884115
1427,-0.015521752952614928,0.75679846373279114
1428,-0.014525575890969899,0.76127597457858776
1429,-0.01372091714375805,0.75959078211510556
1430,-0.015655052627367435,0.76174774437848081
1431,-0.012715285976290867,0.75946326189518598
1432,-0.016406584852116747,0.75848588232304381
1433,-0.016539070616532738,0.75803493961906321
1434,-0.015324953487844205,0.76376385318270068
1435,-0.012799113523794878,0.76167358268138552
1436,-0.012280374442174165,0.76052576850737008
1437,-0.015054152286389984,0.75629135145453952
1438,-0.015452471485990105,0.76241557820782013
1439,-0.015604991582502319,0.75967773449797671
1440,-0.013673272188566876,0.7599970707361583
1441,-0.013398405388246404,0.75341348176193013
1442,-0.014492166712579599,0.76209562105972173
1443,-0.0174082317053996,0.76203430753271328
1444,-0.014939774082627092,0.7581809252018834
1445,-0.011767266057423295,0.75744815760578754
1446,-0.01497201216634966,0.76233375371611478
1447,-0.017688835454027791,0.76428384204614608
1448,-0.014947165063050289,0.75927713163718025
1449,-0.011446517403841644,0.75947350961222826
1450,-0.0173028229785404,0.76062216648773051
1451,-0.01381851453487009,0.76365357914021637
1452,-0.015692488905160763,0.76179506716356693
1453,-0.015862249549426891,0.76138067603185189
1454,-0.01542636224402685,0.75961200965216502
1455,-0.013666089043202422,0.75649819944387042
1456,-0.016269346593890441,0.76198350372304324
1457,-0.016993620456576874,0.76177843707347803
1458,-0.014898291287603886,0.75855871053852741
1459,-0.016219958009195512,0.75863509625161252
1460,-0.015284031187343353,0.75848623726388953
1461,-0.016061256022102878,0.76105451301546723
1462,-0.013795392063064495,0.76040242653938228
1463,-0.015447183352849317,0.75364074978294149
1464,-0.016248684155506135,0.76132522581616224
1465,-0.012754410914991104,0.75697637587629107
1466,-0.01634210525646395,0.76325438127306744
1467,-0.015022214809185209,0.76076237263738877
1468,-0.016650277074307506,0.76418320062394995
1469,-0.016258708508489723,0.75828917994696987
1470,-0.016040252582166875,0.7628455555120407
1471,-0.01534431489112374,0.76090098270144757
1472,-0.017144336289926912,0.75445809563657495
1473,-0.016669809346805058,0.76705878451749987
1474,-0.01689379251071112,0.75979759071653619
1475,-0.014233341314684561,0.75964489353366071
1476,-0.013611299506520021,0.75874928302116074
1477,-0.012595247614414912,0.75848476364883388
1478,-0.01523678937394283,0.7632460553580076
1479,-0.011855196472445192,0.75857179228623361
1480,-0.015364195876540223,0.75112069787932767
1481,-0.014848669851183847,0.76256522542606497
1482,-0.014286469075501178,0.75750694623961423
1483,-0.015094198322224393,0.7615139889306215
1484,-0.014224862195257287,0.76184411222867399
1485,-0.016202664424362113,0.75922768262766682
1486,-0.014458511824870641,0.76311509034231417
1487,-0.013771770748817585,0.75415391280590272
1488,-0.012145815445689316,0.76236482494276014
1489,-0.016651668645852762,0.75738873225690828
1490,-0.014057978498643523,0.75577900393466424
1491,-0.015270601356936187,0.76340524213006866
1492,-0.013979272479989176,0.76250201497193371
1493,-0.015656693512582084,0.75489250878965641
1494,-0.015338756950353874,0.76252623172280687
1495,-0.015088094170628438,0.75872624844005687
1496,-0.01390667000832238,0.75696868021513286
1497,-0.015189540185211885,0.76188375612299364
1498,-0.013585119406402231,0.75647077870644597
1499,-0.015087277471931086,0.76237293818471841
1500,-0.013870000792180578,0.76339299944706374
1501,-0.014424866843876283,0.76591833154890199
1502,-0.014817257123288284,0.75928616714193842
1503,-0.015425434458303463,0.75913524898073526
1504,-0.016971055502584938,0.76605406622449079
1505,-0.016617966462149067,0.75761112517826645
1506,-0.014262921000849091,0.75937702166557675
1507,-0.014648218044046372,0.75937858227274968
1508,-0.015590622157763124,0.75584652086768489
1509,-0.016369409477937177,0.76288370725439092
1510,-0.014898327162267872,0.75954965332515867
1511,-0.013868271432070993,0.76271440748372077
1512,-0.017306011945128659,0.75921076757303685
1513,-0.015847513223974975,0.7637513101119473
1514,-0.0169904055469208,0.76470222664688525
1515,-0.017791970605123435,0.75517959857516215
1516,-0.01475232970322924,0.76013309686074293
1517,-0.014592804381533897,0.75748202887704164
1518,-0.015689706849839787,0.76565869772459716
1519,-0.012689616504207638,0.76130852238554536
1520,-0.016434303920777119,0.76101310438608238
1521,-0.014845278004072652,0.75325879399881035
1522,-0.013896615192568582,0.75843972488411937
1523,-0.014808158429255376,0.75854842640660325
1524,-0.014346454411084189,0.7616835166663809
1525,-0.014494608465877726,0.76102580576937562
1526,-0.012579665395479974,0.75233862646858785
1527,-0.015173418435035885,0.76344857245607856
1528,-0.012236859493755064,0.75863258238375209
1529,-0.014877111863694618,0.76049455927483378
1530,-0.01547754155203508,0.7558692386457958
1531,-0.013489972290966521,0.76283107020644869
1532,-0.016233872880832983,0.76401002989226841
1533,-0.014368225751919622,0.75744818905193001
1534,-0.015552182786955899,0.76146695460227576
1535,-0.014921027753131588,0.75639989042341094
1536,-0.014718095073860836,0.75416116050443915
1537,-0.01539923196279543,0.75576585939243901
1538,-0.012687845334354677,0.75645998970452155
1539,-0.012283603568921527,0.75292919328282693
1540,-0.013144025633411095,0.74916704285875191
1541,-0.015657320840276514,0.75465122466479184
1542,-0.014498156809496152,0.76273435870669426
1543,-0.015251453449324557,0.76066836445676145
1544,-0.016413705363609719,0.76289502370296414
1545,-0.014736121991069129,0.75457608459689296
1546,-0.0144556505312173,0.76211232140437868
1547,-0.014791840783385326,0.75681590814224564
1548,-0.01294254959130218,0.75697068606643569
1549,-0.017257474448101419,0.76375154729936612
1550,-0.014325788419072378,0.75754359585513231
1551,-0.016069848095058459,0.75920815323615043
1552,-0.014980545464124377,0.75738702164523053
1553,-0.016859417335540524,0.75806580873732532
1554,-0.016586069305183949,0.76109098171020995
1555,-0.015760020311911961,0.76032526548077228
1556,-0.01326230835928692,0.75758534154683799
1557,-0.016465496700139276,0.76244534477931614
1558,-0.01401720165593324,0.76072294938045104
1559,-0.01597700388644744,0.76360811760695746
1560,-0.015628527843566206,0.75801308317957772
1561,-0.016943863016141682,0.76011166990489698
1562,-0.014265686554514215,0.76281188911768971
1563,-0.016134162554797386,0.75852324128850979
1564,-0.01457504980210287,0.75971486035393954
1565,-0.016431198676548072,0.75926639772643345
1566,-0.01740621512687833,0.76411124247882689
1567,-0.013593595112765942,0.76211775109369118
1568,-0.014902765030012309,0.76174191568479599
1569,-0.014603072832078897,0.76180388909765495
1570,-0.013851653971240076,0.76018605380765913
1571,-0.012994293127704904,0.75391736110130525
1572,-0.014273224588508373,0.76042677758391564
1573,-0.016216997332567408,0.76135376562322254
1574,-0.014696846526855061,0.75982436665724307
1575,-0.014831253284081277,0.75938989698607495
1576,-0.013875807634849637,0.75907239703402996
1577,-0.016496839285257199,0.76053468604196017
1578,-0.01565660880426685,0.75576834279874461
1579,-0.017995963548626481,0.76141574168389092
1580,-0.017349591262165728,0.7574670225496789
1581,-0.016027150430819932,0.76031066925036594
1582,-0.015089622135645693,0.75795684191021861
1583,-0.01435862628398064,0.75945667635905723
1584,-0.014301629905601809,0.75812937291208149
1585,-0.015924416479305297,0.75930825821862991
1586,-0.012628263765553281,0.76517045098349978
1587,-0.013317076911872222,0.76278002967605618
1588,-0.016777046518435808,0.7620637266614867
1589,-0.016703753023627907,0.75701558018859483
1590,-0.016586069305183949,0.76109098171020995
1591,-0.014454345447209329,0.75951684333518943
1592,-0.013834113245307755,0.75395249730495228
1593,-0.012983972457595588,0.75302565379731623
1594,-0.015255974757589838,0.75897495562858164
1595,-0.014779421960465489,0.76411862214106352
1596,-0.014904495832732841,0.7597571019605559
1597,-0.017010586906396851,0.7585745417344002
1598,-0.014586251834032464,0.76053524318469357
1599,-0.01251314521922086,0.75567552953989015
1600,-0.014727890014271243,0.75650339598759819
1601,-0.017344083727501198,0.75860546935429396
1602,-0.013043919734749642,0.75703247535053841
1603,-0.016303298585443153,0.75900646216986145
1604,-0.012987840472649019,0.75786772224188315
1605,-0.017129989682742174,0.76146998762966733
1606,-0.01534431489112374,0.76090098270144757
1607,-0.014991145707478785,0.76058241123326242
1608,-0.014493770026356307,0.7601185312368044
1609,-0.01488630916537508,0.76174749175686596
1610,-0.01425924878273427,0.75938264337461714
1611,-0.015300865145954043,0.75531320826779413
1612,-0.016352940392527025,0.76167541230499813
1613,-0.013889199321892125,0.76257644251681689
1614,-0.016541686121349181,0.75972406691156791
1615,-0.015497144248171764,0.76277771142044914
1616,-0.014241442372165382,0.76068408181935399
1617,-0.014304246939132964,0.75996580952073134
1618,-0.01516433938959379,0.7591194190907512
1619,-0.012475839337831675,0.7569705020144657
1620,-0.014873911901777696,0.75235133057773795
1621,-0.01626887269825418,0.75868004107515552
1622,-0.015466909681975404,0.76100724992652213
1623,-0.014902150744938293,0.76666087049361176
1624,-0.014214273805881686,0.76031941204463427
1625,-0.014444297912827791,0.75370574964379455
1626,-0.014201323385022351,0.76372924899968275
1627,-0.01448259504868319,0.7550830628807379
1628,-0.015723092583294712,0.75534067443268926
1629,-0.016374186691145754,0.76076167310832543
1630,-0.015251875515381829,0.75794727227153813
1631,-0.013493393263724462,0.75968023850057598
1632,-0.013739563707179518,0.76072560917364773
1633,-0.016212932885156926,0.75603356976554259
1634,-0.013429453534586576,0.75712739844693233
1635,-0.01448876381991821,0.76261074570163767
1636,-0.01457893876791426,0.76471610088840059
1637,-0.014919219268507936,0.76095266171717801
1638,-0.017674822337321115,0.76144480745535126
1639,-0.015384187930589268,0.76091644030033512
1640,-0.011667855889074421,0.75677362199499632
1641,-0.01690373339325112,0.76321117254857918
1642,-0.014102596140604259,0.75242812354923883
1643,-0.014855738633345734,0.76206753078162004
1644,-0.015546761309101128,0.76110244860385357
1645,-0.016922041766581714,0.75460522960752818
1646,-0.015228954165443663,0.76008536409290139
1647,-0.015710920641349609,0.75830638416888618
1648,-0.015124045229845442,0.75994774917501007
1649,-0.014968111691429434,0.76347423558164251
1650,-0.015179914300047141,0.75995537318793849
1651,-0.014675340973086527,0.75951245218900054
1652,-0.015563911985433748,0.76171604013678063
1653,-0.015747301848497521,0.75640726196654551
1654,-0.016815569786875428,0.75801899036825604
1655,-0.017132359570019795,0.75821412630058205
1656,-0.013982149898193885,0.75691477922545902
1657,-0.013682757840661211,0.75715709348080151
1658,-0.014009053509698966,0.76158094784878105
1659,-0.016168043224076806,0.75906793979768095
1660,-0.014677092622315837,0.75917883969813049
1661,-0.012668306818988695,0.76159843788805526
1662,-0.015610959841112965,0.75679481403866811
1663,-0.015736700646962656,0.7615469447446398
1664,-0.013880055977113784,0.76314918024332357
1665,-0.013322277632657198,0.76571097449515291
1666,-0.015559154035174036,0.75694454392122934
1667,-0.012160199409275103,0.75782954528888835
1668,-0.013716471608311378,0.76125313428238806
1669,-0.016230471553727782,0.76102208214040057
1670,-0.015253981948738138,0.75888418565802307
1671,-0.015339389069729517,0.75605035688162237
1672,-0.014986154812541138,0.7567063180460788
1673,-0.014209353747368808,0.75987595077198933
1674,-0.017790162496575938,0.76415192963291312
1675,-0.012621074259007554,0.75435141369840542
1676,-0.016195838785201956,0.75502403966371867
1677,-0.016133311329404453,0.75962166632739003
1678,-0.012704884717166876,0.76640091050076509
1679,-0.015240117490529092,0.76458487423760979
1680,-0.015140795273701463,0.75982614173339247
1681,-0.015519462200430652,0.76763847515707739
1682,-0.015822343123849513,0.76395483502319217
1683,-0.015754417957327908,0.75919101700779934
1684,-0.014756898693768948,0.76083440750108167
1685,-0.012168017844441275,0.76320343561808413
1686,-0.014938533309653808,0.76341457592257622
1687,-0.014560125690439541,0.75989176368591949
1688,-0.014954515863116566,0.75307684039679534
1689,-0.014269343329111521,0.76019093362193513
1690,-0.014876796638211912,0.75737491974136883
1691,-0.012501695305639304,0.75625235575903105
1692,-0.015498782058359065,0.75714504104160285
1693,-0.014392159138357044,0.75747307329950042
1694,-0.015707275785653042,0.76301998994921327
1695,-0.015134415600184557,0.76379844104954175
1696,-0.015631376439974309,0.7627670837267656
1697,-0.015211221320225302,0.75915749746470051
1698,-0.016307283122312378,0.76285734807180727
1699,-0.014630617354255315,0.76101688825219593
1700,-0.017263280136890866,0.75746589661370312
1701,-0.017005736707066205,0.75751350715548971
1702,-0.015780627634225521,0.76182185638484701
1703,-0.012370998178225295,0.76156780355892162
1704,-0.01437345241618453,0.75542623748515714
1705,-0.015861359286416795,0.75603251293636542
1706,-0.017848627075304106,0.7563063214199075
1707,-0.015337454096972288,0.76191444445556833
1708,-0.014924892231626859,0.76186324753639345
1709,-0.015420704300532006,0.76075498481878068
1710,-0.017122734508161014,0.76090559153140502
1711,-0.014351848659291499,0.76064912822273234
1712,-0.012433631384454731,0.76066609513823435
1713,-0.015510548435903854,0.74941115932154145
1714,-0.014498722222617307,0.75625740135102437
1715,-0.014554510282436258,0.76089171065672068
1716,-0.014267443222057526,0.75997274698086636
1717,-0.017806212039791498,0.76086908070890491
1718,-0.013267514394642466,0.7628513138818227
1719,-0.01331735940806858,0.75975707480252386
1720,-0.013552445602941443,0.76395072634582306
1721,-0.016670759831617844,0.75618695072248687
1722,-0.016353993698868065,0.7606095871702675
1723,-0.014569140846394983,0.76500631052030255
1724,-0.0144012429052833,0.75801992077081259
1725,-0.016261551984749135,0.75717085676108042
1726,-0.014558527851228275,0.75765845345090299
1727,-0.014055446906129272,0.76125232424339595
1728,-0.017974833388288376,0.76088721889198074
1729,-0.015179563554360761,0.75967179831568576
1730,-0.016071308031480783,0.76126383955515275
1731,-0.012754654337686334,0.76124690825419306
1732,-0.017107724997409354,0.76501663555612376
1733,-0.013903669754617449,0.75937177215818097
1734,-0.015237426808494348,0.76087110911166222
1735,-0.015535423329408007,0.75839613065413158
1736,-0.013865278148309471,0.75791783156791348
1737,-0.016495843173332154,0.75554287474324089
1738,-0.01708968406587703,0.75462385170493684
1739,-0.015242687080829318,0.76075716345768207
1740,-0.01548280931927847,0.76483912789708619
1741,-0.014620284246415458,0.7581104339170085
1742,-0.01709592777320176,0.75622894897684212
1743,-0.017334578255217253,0.7580650461749513
1744,-0.01551470568455317,0.76034108663992772
1745,-0.015188830200051972,0.75787395939109636
1746,-0.013848014379369748,0.75761950876678585
1747,-0.01620286668239293,0.75867620846081529
1748,-0.015738645443802171,0.75830284854020769
1749,-0.017821385863869065,0.76162068476841116
1750,-0.014080975136859075,0.75894805249744945
1751,-0.013956303928129158,0.75786834828237082
1752,-0.014663558878271666,0.76862152277382312
1753,-0.013232666974526488,0.76103351258613938
1754,-0.014346691935803197,0.76340355937393267
1755,-0.015734234424278348,0.75671259743444053
1756,-0.017553283244227297,0.76239851425853677
1757,-0.014959575129784871,0.76052667382475592
1758,-0.016278316549017444,0.76086307121372077
1759,-0.014180523312165905,0.76346327194154417
1760,-0.014927344244317192,0.75977459264468306
1761,-0.016913217038362637,0.76538734992553714
1762,-0.016825702518433731,0.76240019358605982
1763,-0.016087736773926456,0.75609116148784838
1764,-0.013405389134458608,0.75911141732338883
1765,-0.012959758311512123,0.76430042319958502
1766,-0.016456933866679197,0.75686879728203882
1767,-0.014329019020909949,0.75922642287435638
1768,-0.015936105712119064,0.7586289002983595
1769,-0.015076714891157379,0.76191475541255616
1770,-0.013460289970811277,0.75985938189954449
1771,-0.013397972195262156,0.75629490209340156
1772,-0.014279965774149075,0.76139830570859646
1773,-0.014651238591131059,0.75772710319531966
1774,-0.01209788915715487,0.75968438905787405
1775,-0.012406203650153701,0.76234608273422022
1776,-0.015268733981429689,0.76385053636730493
1777,-0.013856751511699763,0.75159799785474468
1778,-0.014251371115579572,0.75568352684950657
1779,-0.012821952717707806,0.76090414648866656
1780,-0.013118733159917144,0.75373981984106853
1781,-0.016643504058834632,0.76151671314215452
1782,-0.016992828121869766,0.76573490592637328
1783,-0.016249471182967452,0.7553254652004886
1784,-0.014418067816864215,0.75998271874854861
1785,-0.014648406452515469,0.759098831797547
1786,-0.014803600454293214,0.76126627766193333
1787,-0.015850923288715357,0.75917120232903124
1788,-0.01484924998518084,0.75752013206369107
1789,-0.015869602908409976,0.75592492675087486
1790,-0.014747029833498074,0.75678765969642325
1791,-0.014743884763400005,0.76004307062198317
1792,-0.015898814632193142,0.75881836552944171
1793,-0.014215897576708924,0.75814305222700007
1794,-0.016308439774263703,0.76129254612123076
1795,-0.016398966410656073,0.75847604310017613
1796,-0.013315582166632567,0.76137958917078863
1797,-0.017589614942941471,0.75649041401113459
1798,-0.012848021735876285,0.75575936503297658
1799,-0.014224727728137302,0.76185261592039322
1800,-0.015254648736633481,0.75337872413251239
1801,-0.014785277402170229,0.7641489567758516
1802,-0.014528595343816069,0.75410646803020298
1803,-0.01688477429828153,0.75536768250047626
1804,-0.016353942059091246,0.76319623074510334
1805,-0.014392064189796465,0.76019006506529396
1806,-0.015714649328126776,0.75861604920969461
1807,-0.013706461297323709,0.75947391338895298
1808,-0.012697641763278825,0.75529004716789738
1809,-0.016613292469470707,0.75498373097632421
1810,-0.016270398680645309,0.76092659499338366
1811,-0.017351047232180439,0.75716041732682915
1812,-0.015706713709751463,0.76005124109390887
1813,-0.013342828466279988,0.76314932018971338
1814,-0.012986963574904347,0.76184656742897094
1815,-0.01434330998898185,0.75542177221137019
1816,-0.014068917632160022,0.76090133943871863
1817,-0.015082851466951574,0.76209657444166556
1818,-0.014313209878443815,0.75961075538730116
1819,-0.012024734189541413,0.75664104906530405
1820,-0.013627456149041803,0.76081176031168463
1821,-0.013978955036592865,0.75207302287735367
1822,-0.015939579158505808,0.76305536483161152
1823,-0.013498672179910048,0.75383046973168499
1824,-0.014380576733720481,0.76094921172188534
1825,-0.015236318249534111,0.75846043192656087
1826,-0.018684143011992282,0.76205080633260458
1827,-0.0150618488106051,0.75227318593536208
1828,-0.013745397309548532,0.76401816868364569
1829,-0.013951197619930102,0.75541033169558136
1830,-0.015497608690944688,0.76196924531715315
1831,-0.014490194920059686,0.76083403578625242
1832,-0.015756083472524895,0.76199251338916918
1833,-0.0148790991432044,0.75885208887617761
1834,-0.014877778251436021,0.75952223717621903
1835,-0.016493549834411772,0.75765836154271049
1836,-0.014675134290577603,0.76298395060433055
1837,-0.016417392158597451,0.75946298591997563
1838,-0.016151326819966901,0.76153730501462724
1839,-0.014493190630076501,0.75710811372051845
1840,-0.016216575094849237,0.75908188672072019
1841,-0.013920642266212837,0.75805142316689123
1842,-0.015622424566634038,0.76273548614768905
1843,-0.016877428779721738,0.75980077818390268
1844,-0.013631305146078663,0.76319927759658801
1845,-0.012879020311863689,0.76178219098064925
1846,-0.015554262016090999,0.75407133593589348
1847,-0.015981307486337783,0.76212134511694218
1848,-0.014723134277143272,0.75991760694748223
1849,-0.016439168222825845,0.75987983534513992
1850,-0.014304869413745603,0.75352329139477137
1851,-0.014463808389880164,0.76180695159199352
1852,-0.01455687888144218,0.76168706528401409
1853,-0.012463011608102152,0.75503063716195506
1854,-0.016179326491709289,0.75691555583340508
1855,-0.015434960683711328,0.75908752734354557
1856,-0.016422196359635186,0.75905856717468312
1857,-0.012794263187199041,0.76693627764317018
1858,-0.015508372471546105,0.75784004899042257
1859,-0.014890900742484076,0.75804877205708865
1860,-0.015862889820012965,0.75789997128619435
1861,-0.014644387427340472,0.75786096824273852
1862,-0.017848056488580365,0.75903463210099043
1863,-0.016039545616089383,0.76093114045477039
1864,-0.01613529129633081,0.75661186206721398
1865,-0.01564659385723096,0.76338068435115014
1866,-0.014744465986917006,0.76010864366895414
1867,-0.016208313749618779,0.76144246877029387
1868,-0.017912635739297071,0.76048190516806968
1869,-0.016627159640711486,0.76214467685999598
1870,-0.015622281735112452,0.75305752939602444
1871,-0.014163453152481379,0.75823522612466954
1872,-0.016950052539384509,0.76372592595352473
1873,-0.01486789921985103,0.75267532960262928
1874,-0.014809317617206682,0.76004689053060903
1875,-0.016219512793618374,0.75633913840098455
1876,-0.014602613885339621,0.75890935900288636
1877,-0.013689081029471225,0.76129450279400734
1878,-0.014892326524097523,0.75579669955632423
1879,-0.012874402668062085,0.7592560563536408
1880,-0.01550685705910114,0.74960255380106111
1881,-0.01423923226618347,0.75964167363401458
1882,-0.014971257798797363,0.76263190429731831
1883,-0.012560732553030148,0.7557034885851891
1884,-0.011429041578859279,0.75812416018378526
1885,-0.014420949089335869,0.75694314988214606
1886,-0.014967985973723468,0.75827504264666545
1887,-0.016295291968629954,0.75899880619544213
1888,-0.016193626417176143,0.7622530932893482
1889,-0.01606459247423616,0.76043155055144807
1890,-0.015831330572074351,0.75368271065985359
1891,-0.01485656391299801,0.75874750102083932
1892,-0.014876657398761236,0.75894855862529298
1893,-0.016333566798516219,0.75875305610125066
1894,-0.018498591167168385,0.7628424261773793
1895,-0.014423869568566783,0.7617402427030685
1896,-0.014777070657023154,0.75574957053799263
1897,-0.018307038249501847,0.76350580623023323
1898,-0.015383870284422313,0.76210710450907548
1899,-0.012134311195995614,0.75004972222663391
1900,-0.013146947692179251,0.75546603580958516
1901,-0.013209883759278042,0.75975639416401131
1902,-0.016355132469930436,0.75944316741429285
1903,-0.015902800852338972,0.75806124113569229
1904,-0.015632856788240938,0.76452249331306044
1905,-0.013105692774910643,0.76464879717248158
1906,-0.015601551640822985,0.75705582690809792
1907,-0.015193653065790349,0.75867656784689574
1908,-0.015652662262845278,0.75956831629526256
1909,-0.016957051219498899,0.76671749452922844
1910,-0.015270206224330547,0.75977422997537825
1911,-0.013376084793619245,0.75453634080184862
1912,-0.01243786498428731,0.76041054258426255
1913,-0.015647557378771736,0.75993348965566465
1914,-0.01612166997934179,0.75850221819523844
1915,-0.017019398211757186,0.76620625731941006
1916,-0.016824058452388511,0.76215161232326634
1917,-0.013241678168935062,0.75999355368456856
1918,-0.014550389116455292,0.76257754690116109
1919,-0.014581110000946822,0.76315691847699352
1920,-0.013076936281574532,0.76297063166582124
1921,-0.011867309370178769,0.75748255218173599
1922,-0.012426888266952926,0.7507513674656211
1923,-0.014207372276716822,0.76255396396637043
1924,-0.014082303263320104,0.75863620688743982
1925,-0.015202488986297155,0.75686138778256185
1926,-0.01380574672836001,0.7529991716008132
1927,-0.015974546813114089,0.76437069519989731
1928,-0.014678117713491494,0.75699656043120023
1929,-0.013575004571304965,0.75911080096555661
1930,-0.01339013465301562,0.75652314799945497
1931,-0.014399921750284294,0.75947216074499024
1932,-0.014667865160716395,0.75646093261644309
1933,-0.016449512700063174,0.75690926744677522
1934,-0.017401445649083091,0.75679964730235383
1935,-0.016107598875638465,0.75708994519338457
1936,-0.01392133203694019,0.75279556307847495
1937,-0.016352583697246785,0.75492849277817808
1938,-0.015102919468359411,0.76154387706816229
1939,-0.015165164866944286,0.75998547550315931
1940,-0.013943537866712262,0.75956703698223538
1941,-0.015147296587539237,0.76607579820192773
1942,-0.011626949795888481,0.75144272500005171
1943,-0.01494524467117621,0.76104949995068594
1944,-0.016735481703936468,0.76353507625434958
1945,-0.018686261297148204,0.76232302744461966
1946,-0.014806411946926761,0.76267326159457061
1947,-0.014783048698412921,0.76021491681505304
1948,-0.015122636099700716,0.75918359794326651
1949,-0.01686642277053009,0.75888702929832474
1950,-0.015141415903562438,0.76095827715618591
1951,-0.014720258155709938,0.76728931134965617
1952,-0.014653241869997656,0.7566473990159549
1953,-0.015463255207331186,0.76274414893997455
1954,-0.014597483990680039,0.75573531373899561
1955,-0.016846247344965697,0.75704753401483316
1956,-0.011929702981992358,0.75997948858801834
1957,-0.014244356656927429,0.7673957381465718
1958,-0.013716767947671876,0.75594615919067465
1959,-0.013651142181128523,0.75629107887906766
1960,-0.0139270242397829,0.75931621873126243
1961,-0.016594554846269517,0.76156648496390411
1962,-0.01617865275102905,0.7586948449420885
1963,-0.015794352630362989,0.75986440315513626
1964,-0.014607021466241795,0.76364196717789345
1965,-0.013866187889878851,0.75946898233880789
1966,-0.014302954601139541,0.76216118789271659
1967,-0.010777947647190648,0.75715972115961927
1968,-0.013053107936196793,0.75554289289764764
1969,-0.017122608466885653,0.76282346852158434
1970,-0.013495680815495419,0.75333148575856612
1971,-0.014577941936862142,0.75751505810123532
1972,-0.014164894050700299,0.75852170304898958
1973,-0.014456117259190432,0.75286560209981845
1974,-0.015341736076451572,0.7556308686310369
1975,-0.014954710545476736,0.75528945411422244
1976,-0.016669766156306907,0.76233238052730667
1977,-0.013586673974744294,0.75670997601104795
1978,-0.014666319289882407,0.75919674773615908
1979,-0.015439869674144666,0.76015554036546362
1980,-0.013976183769078247,0.76100765293698935
1981,-0.014989313848555246,0.76171111166394778
1982,-0.01465166972862128,0.7554665705735415
1983,-0.017027741025046443,0.75691639372085562
1984,-0.014867929689279377,0.76050157839590515
1985,-0.014572840676012007,0.75984051231037553
1986,-0.014011034860322291,0.76246054282878495
1987,-0.015693496812104649,0.76368184271525974
1988,-0.013863695446779276,0.75858606364648862
1989,-0.013858223985258397,0.76119209554800626
1990,-0.016147623284632269,0.76229491174004749
1991,-0.016188174689005623,0.76101094488640197
1992,-0.015361926499224294,0.76377724192141261
1993,-0.014536280991392782,0.76442033095127448
1994,-0.012603461740830033,0.76174024684802766
1995,-0.01465750208048581,0.76020487530807146
1996,-0.016074414802987262,0.75441160553982389
1997,-0.013783334259191964,0.75832574148876986
1998,-0.016002241865932968,0.75528962687340628
1999,-0.014341609497594054,0.75912569952719988
2000,-0.013831295828444763,0.76626282423044445
2001,-0.017109342281175277,0.76293485594037613
2002,-0.014803657236919513,0.7572679814246821
2003,-0.016101192009273617,0.75406816403616217
2004,-0.016182999843838364,0.76375387112527215
2005,-0.014764199082085049,0.75925952182444079
2006,-0.01489921151974684,0.75889224336916861
2007,-0.014250687077658473,0.75492261063188348
2008,-0.014545000146714174,0.75297826605496188
2009,-0.01312809571896899,0.75430641550262689
2010,-0.015449831626711449,0.76090589327646263
2011,-0.016964585678546563,0.75829987063220239
2012,-0.014466683925410853,0.76024021431788369
2013,-0.01623011634428469,0.75804047482954229
2014,-0.01672338309811789,0.76194558820106195
2015,-0.017529564418332821,0.75930202648132861
2016,-0.014407525089730299,0.76076677180215113
2017,-0.013801131377187114,0.75888091685116332
2018,-0.016444511371957161,0.7564508325296484
2019,-0.0153263357390616,0.75709430148421064
2020,-0.013265439428434885,0.75931743390884177
2021,-0.01634032532267464,0.7617205096368751
2022,-0.015772153336168108,0.76304408095271403
2023,-0.016333454159431875,0.7550679230236983
2024,-0.015990073283079317,0.75924254725533469
2025,-0.016076000686259383,0.75765144843619914
2026,-0.015627553924955719,0.75395171862332422
2027,-0.016224488266890585,0.75868845825129871
2028,-0.013647607390435783,0.76232964448242913
2029,-0.014407059985852348,0.75468983094528597
2030,-0.014965931364209819,0.75295313911666228
2031,-0.016681895136329825,0.76565422782572579
2032,-0.015944343964247529,0.75750556543265857
2033,-0.011732090249298947,0.75813559107772988
2034,-0.015021078689285389,0.7584575174423509
2035,-0.016797823041724037,0.75820584829474447
2036,-0.017279814263430796,0.75559950826447475
2037,-0.015085969877906183,0.75423129043075321
2038,-0.012975576448824619,0.75661587947412645
2039,-0.013786448993191454,0.75566434035199437
2040,-0.013777423264987645,0.7605363633908323
2041,-0.01632448654881867,0.75969098537839552
2042,-0.0134492280429036,0.75709613783878993
2043,-0.015923390346542107,0.76451119690430047
2044,-0.016660429180315899,0.76291794885280262
2045,-0.017047674583963134,0.75750920617067885
2046,-0.013964794133715824,0.75784421289702519
2047,-0.014589338266603127,0.75283330099623269
2048,-0.014091204024765712,0.75650224339491356
2049,-0.015184530514369091,0.76011007249978868
2050,-0.016749968120583068,0.76509305712154252
2051,-0.014939933598783506,0.76029370981223021
2052,-0.013720397344506197,0.76051130569780934
2053,-0.01455497007209222,0.75878090908233431
2054,-0.014737492364885283,0.76537405429095406
2055,-0.016546332456695872,0.7619137298071611
2056,-0.014333862491404375,0.7515600461950287
2057,-0.012580125104829379,0.75458378324430431
2058,-0.015082639989441621,0.75802506540264158
2059,-0.015183823999105638,0.76137185573641708
2060,-0.015392475992772769,0.75967212739119538
2061,-0.012081765851631947,0.7611376693179287
2062,-0.012644808845545578,0.75916964499214423
2063,-0.015458632391244025,0.76071396436548933
2064,-0.014244037679517429,0.75178199985475391
2065,-0.013261442529612867,0.76079084473325287
2066,-0.014458762066732852,0.763452666920725
2067,-0.013989869322879916,0.76187224962538169
2068,-0.015336153287466826,0.7692391195816185
2069,-0.015653732439060524,0.75783399935222018
2070,-0.015964531614441661,0.754438770057275
2071,-0.016543491324058378,0.76094286911371367
2072,-0.016073803300024926,0.75808867743192021
2073,-0.01381986456647666,0.7577647488799335
2074,-0.015953364224797519,0.75877155867826673
2075,-0.014717216905809429,0.75387057178949857
2076,-0.016132404582119252,0.76404638508113942
2077,-0.015207666247422218,0.76424991184796331
2078,-0.015680581812582826,0.7566261146776333
2079,-0.013267621891009284,0.75974137266475927
2080,-0.01562915803386751,0.76541242086624139
2081,-0.012762211525116416,0.75395992778928578
2082,-0.013051646578952407,0.76274431730546921
2083,-0.015193301612578583,0.75725992224930749
2084,-0.013701239735666167,0.75885968510206314
2085,-0.015711689554952241,0.76072992527944117
2086,-0.013041571542650347,0.75678596031679957
2087,-0.014790647605364901,0.76369239882229045
2088,-0.012768020765854201,0.76128645075082058
2089,-0.014884154872965578,0.76044959692375935
2090,-0.014901752501399749,0.75745980766872689
2091,-0.018277251767063154,0.76167102047901825
2092,-0.01477247836861193,0.76133683786344186
2093,-0.013104298139784859,0.75737313683799923
2094,-0.014898027727759607,0.76130059638511516
2095,-0.015841358881253383,0.75855533336438574
2096,-0.014911268185135985,0.75522849959020066
2097,-0.017757610171863763,0.75259774667755541
2098,-0.018501838961571024,0.75964413166444955
2099,-0.014853809825282288,0.76287035353867183
2100,-0.016274894199790273,0.7572996523879284
2101,-0.016418518999006409,0.76167386345632204
2102,-0.014827103481714357,0.7594114785300522
2103,-0.013310196102904169,0.76049433577176151
2104,-0.01591148696877193,0.76094942565698986
2105,-0.015393861883880469,0.75215866540488885
2106,-0.01515934262074368,0.75643673166209591
2107,-0.013462129885527079,0.76215257939857062
2108,-0.015367706701656587,0.75872412381659227
2109,-0.013792236525271999,0.76093871065681451
2110,-0.014942907224513888,0.76154584695337912
2111,-0.016759173835797128,0.7603632871647461
2112,-0.013635567291753385,0.75779835979340471
2113,-0.016647957848032149,0.76073309567281044
2114,-0.013993602510651862,0.75879982520621947
2115,-0.012411053987846688,0.76376014070076226
2116,-0.014916776133417856,0.75943745694703557
2117,-0.017525362434536333,0.76011855884886148
2118,-0.015831102345592901,0.76314706616732875
2119,-0.01445938658000147,0.75593194931475216
2120,-0.013932390492790823,0.75517065159819008
2121,-0.01639591235993141,0.75520763152584303
2122,-0.013627852518952203,0.75458981393095637
2123,-0.012537364241872668,0.75479120815874401
2124,-0.015672043752617069,0.75701741302332248
2125,-0.01326437248115276,0.75760992678620975
2126,-0.015600045504277424,0.75714077305971061
2127,-0.014125744999022735,0.76460884322756495
2128,-0.017920195011623161,0.7578727507191686
2129,-0.01528856819938863,0.75364955601326145
2130,-0.015370366711348454,0.76124993390820916
2131,-0.013989293412475979,0.76068269079698858
2132,-0.014714029663678524,0.75870270428838138
2133,-0.015138836858151367,0.7601522542684761
2134,-0.014128707194250033,0.76138717582724147
2135,-0.015651299612916385,0.75905668509831936
2136,-0.014709512619830016,0.76124317405331066
2137,-0.015521222950272152,0.75956089388081194
2138,-0.016736364404375509,0.76132086771805041
2139,-0.016046533803266913,0.75839453228254272
2140,-0.016116918248743915,0.75711026277037219
2141,-0.012334523143380908,0.7591254363285167
2142,-0.015100311064804531,0.75826634611072763
2143,-0.013135381518590686,0.74852072786893775
2144,-0.016663333471658198,0.76480740069682351
2145,-0.014053527130942302,0.75750269325446817
2146,-0.016175175279474714,0.76299611665672551
2147,-0.012774083097621436,0.75982408362262255
2148,-0.015010832628970969,0.7587974419792225
2149,-0.014878257850966827,0.76484035406582174
2150,-0.014863686576507745,0.76281133076351326
2151,-0.014756037190195005,0.75940865720072848
2152,-0.011860087345707598,0.75302249040202018
2153,-0.013209883759278042,0.75975639416401131
2154,-0.015078253594936268,0.75706794437235825
2155,-0.011972560651356242,0.7542369131911747
2156,-0.013374952391854317,0.76007416470332423
2157,-0.011310026548995402,0.75709669471798424
2158,-0.015291415469235684,0.75965034119009867
2159,-0.015488056778050999,0.76459385926381773
2160,-0.013681147718816492,0.75659014203614505
2161,-0.015053587676134813,0.76439649541915977
2162,-0.014867537771024418,0.75905729090475627
2163,-0.012186943759240825,0.75675437000984769
2164,-0.017891676845552255,0.7646228332729772
2165,-0.014076262298919872,0.75604341321010093
2166,-0.01736754700816202,0.76025719995817531
2167,-0.01424111853071063,0.75261577179733896
2168,-0.015931557829627841,0.75537308249759261
2169,-0.014440420431584777,0.75932348584168985
2170,-0.016265592558400328,0.76050790761362286
2171,-0.016756507376239502,0.76191181553676446
2172,-0.015800898186962658,0.75939153997978015
2173,-0.013379144540059631,0.76315669987130696
2174,-0.013753170540055525,0.75899989819862557
2175,-0.014986893346289581,0.75783323935453861
2176,-0.01507683588800638,0.76256515677704262
2177,-0.013273686830671103,0.76287659210357583
2178,-0.014252086526464581,0.75433545517155809
2179,-0.015226726135076722,0.76262819307662033
2180,-0.015605027915777803,0.76265652056899047
2181,-0.015954551055622837,0.76367044684269625
2182,-0.015879778870840688,0.76047629919221738
2183,-0.017696853659722345,0.75713126119368346
2184,-0.016040645355145537,0.75727217821482495
2185,-0.013133356591987964,0.76055532193494313
2186,-0.01453980758754362,0.75716183013539262
2187,-0.015446200622176635,0.76115561001812371
2188,-0.014249287763155906,0.75820867022981586
2189,-0.016207866484178223,0.75843235718654511
2190,-0.015987761040371092,0.76320029818845025
2191,-0.016218721838573313,0.75518002229650094
2192,-0.013929363975538116,0.75370331999292928
2193,-0.016725668776336203,0.7587439345464414
2194,-0.015085363001646293,0.76039975928991177
2195,-0.014060268044303943,0.75720622421483963
2196,-0.014619284919107307,0.75610583599498926
2197,-0.015033593971665732,0.76069686492053368
2198,-0.015520038119410573,0.75274437999552235
2199,-0.015933306733183227,0.75707890237423037
2200,-0.014774670077912316,0.75590155877586152
2201,-0.01657431890335001,0.7644287028244503
2202,-0.014685498904225209,0.76120717159423779
2203,-0.015485346259446878,0.76018865703308258
2204,-0.015843609070491777,0.75760098298023859
2205,-0.015453016510151549,0.75866078124499636
2206,-0.01594300679556393,0.76505283777017541
2207,-0.014056406386468906,0.75442025236938171
2208,-0.016429960598477171,0.75070584783430672
2209,-0.01640278865202234,0.7584073583927845
2210,-0.017164458679610001,0.75829284996340995
2211,-0.015271999866848882,0.76070325559353913
2212,-0.014676211337770504,0.76261709336205064
2213,-0.011075963884829456,0.76075417640703913
2214,-0.015479849961049461,0.76279836634269538
2215,-0.013918648763458948,0.75627897569495994
2216,-0.011811326512030509,0.75916614965346596
2217,-0.016445810442253857,0.76092004734910268
2218,-0.016172815259738228,0.75855153281560528
2219,-0.015764922873340987,0.75584777032090233
2220,-0.017166414078457981,0.75974001840129435
2221,-0.016798874134486868,0.76124823532410257
2222,-0.013926398508652727,0.76511828526264469
2223,-0.0174094039403393,0.75814845802517428
2224,-0.015343801959515938,0.76096566751891703
2225,-0.013539161523885667,0.7579861850241294
2226,-0.01549473285339744,0.7590640591358998
2227,-0.016879869417654562,0.76431076974357981
2228,-0.013251613443028073,0.75839127899100578
2229,-0.014633774520801481,0.75507228746001176
2230,-0.01468360650810459,0.76367196434615137
2231,-0.014926415979352617,0.76204153486950132
2232,-0.015042379730896928,0.76510610318614514
2233,-0.013743243320483024,0.76275545308779702
2234,-0.01327359465929369,0.7541908973507887
2235,-0.014903395770137821,0.76275344851463267
2236,-0.014636340243438583,0.75727799472715918
2237,-0.016207713826939918,0.76098776982959915
2238,-0.014867597270735857,0.758539417624155
2239,-0.014700480555401641,0.76137381878801247
2240,-0.013357706691813282,0.75740294819492782
2241,-0.01634707533827149,0.7531688833363025
2242,-0.015070043705522214,0.75802747253711245
2243,-0.012660896374100648,0.75727248936343572
2244,-0.014289169097521186,0.75901975883952921
2245,-0.01564266689094836,0.75943741878103199
2246,-0.014520444211377432,0.76361256887578044
2247,-0.014792997695350835,0.76442005447055528
2248,-0.014246097686493214,0.76093990158608416
2249,-0.014626291818226844,0.76706794509355403
2250,-0.016684791228421113,0.76104165111780997
2251,-0.014279545922793657,0.75993442213773632
2252,-0.016250303931243514,0.76253045134841746
2253,-0.014540629294367653,0.75816686593085436
2254,-0.014947687210037202,0.76153495585463438
2255,-0.016961115408042675,0.75814789544245276
2256,-0.016760989119028805,0.76111279137988297
2257,-0.019309586103577768,0.76428433666464857
2258,-0.015520771046016081,0.75904680939111724
2259,-0.015494320389575303,0.75887597729204859
2260,-0.01323679148421484,0.76103115449327663
2261,-0.015685096800667743,0.75674295131236624
2262,-0.015827179740710254,0.76049010618479551
2263,-0.016913020610845118,0.76145852339191222
2264,-0.015953553049602085,0.75495154317223634
2265,-0.015237426808494348,0.76087110911166222
2266,-0.013971310435866007,0.76091512485565771
2267,-0.014820762341920649,0.75735793372797389
2268,-0.014567066787703576,0.75874002728621415
2269,-0.014376196984568278,0.75300720181609548
2270,-0.014189567326036462,0.7614190485448693
2271,-0.015300844364104683,0.7651017920740204
2272,-0.013062156048009355,0.75973047109692804
2273,-0.013933120753105979,0.75341789593851138
2274,-0.013636679154155042,0.75892905939883104
2275,-0.016917332760050197,0.7640217471161892
2276,-0.015126657756762089,0.75720264432777162
2277,-0.015693451964390079,0.76429584754571533
2278,-0.015080509033742836,0.76189258406489657
2279,-0.014911640701159211,0.7566633367556459
2280,-0.015145402785114779,0.76311072893833443
2281,-0.015208361403695931,0.75598664897027634
2282,-0.016201421070494625,0.76093583447440782
2283,-0.015628238040083869,0.75936019493487905
2284,-0.015392539086179002,0.75815261455408622
2285,-0.015849442425307354,0.76172588366377436
2286,-0.015025952208040382,0.75520261091000629
2287,-0.014518164425779322,0.75086288520192723
2288,-0.012954553249171781,0.7602008586729081
2289,-0.015490397516636752,0.75974846841085109
2290,-0.016680902330926811,0.75090468948220179
2291,-0.013570422280717979,0.76146943351628171
2292,-0.015601701601780382,0.76091014675514601
2293,-0.016590941752175629,0.75427783727006803
2294,-0.015298751989481505,0.76019927567554602
2295,-0.013832474763383408,0.76284743022954327
2296,-0.015191969591941031,0.75295620104352456
2297,-0.016732995155368184,0.75462521760233114
2298,-0.016546493800114175,0.76477702856461216
2299,-0.014688342622613981,0.75925649639444626
2300,-0.016230939861395788,0.76444991073655832
2301,-0.015127192992880584,0.75754306577592012
2302,-0.016195548025276833,0.76388720358461348
2303,-0.016676565565776045,0.76326292548885866
2304,-0.014051119624453028,0.76147851677459011
2305,-0.01396248721737191,0.76018695920222479
2306,-0.014847014913542058,0.76171965259039032
2307,-0.012863578129267519,0.76311177305446987
2308,-0.01636367412984879,0.76248931952510335
2309,-0.01716955458395146,0.75913681526210874
2310,-0.013298563565974537,0.75876891827087833
2311,-0.016979246170991877,0.76307543251704402
2312,-0.014751716631180998,0.75514865186819646
2313,-0.014479159552758622,0.75281551418614334
2314,-0.015644470758810661,0.75798387458813776
2315,-0.016188792978019402,0.7602369637006543
2316,-0.013607309470192444,0.75131912968027936
2317,-0.016977587375350468,0.76535698920267414
2318,-0.013947982358838026,0.75459501596844958
2319,-0.014814123708512322,0.76192282909551534
2320,-0.016688729170433396,0.76165322098781751
2321,-0.013608101281699592,0.75078323695386995
2322,-0.015067716768977474,0.76035605900615533
2323,-0.015774454544057535,0.76645505640974188
2324,-0.015752565739292554,0.76577070609938935
2325,-0.012854614271907337,0.75793760913355468
2326,-0.014126316094408106,0.75778499061023319
2327,-0.015207610321855174,0.76478682842169798
2328,-0.014644417068714697,0.76506179964885834
2329,-0.015239113664632662,0.75787448835733662
2330,-0.013081708872716624,0.76044921383353226
2331,-0.012493640828431924,0.7625726370968976
2332,-0.016184503091224028,0.75450085695143454
2333,-0.017595519372842434,0.75367503984044826
2334,-0.015143545767712855,0.7570215861490549
2335,-0.01431786929653062,0.75894005196234915
2336,-0.014234951725168232,0.7616151652794414
2337,-0.014498062351665069,0.76297885435820634
2338,-0.014510338336751612,0.76040251960256111
2339,-0.014859587470094967,0.76132195709006689
2340,-0.017245508815241711,0.75528888713318809
2341,-0.01775526340796826,0.76245720567336928
2342,-0.015488576815447467,0.75840364068218868
2343,-0.016935554418903799,0.76167618246943092
2344,-0.015073132347696758,0.76143401532782451
2345,-0.014190654208561545,0.75611916164458892
2346,-0.013864065061441526,0.76239930163332759
2347,-0.014532199629876482,0.75597390707872669
2348,-0.015279899647025306,0.75779264288357295
2349,-0.01479369483297454,0.75841719402887753
2350,-0.01593463115714789,0.75120673808345417
2351,-0.015563468489584674,0.75944663202483553
2352,-0.015324834581911067,0.75679253468607954
2353,-0.014373226918228513,0.75734508482621399
2354,-0.015277548777676599,0.75818404773164372
2355,-0.01454906217272834,0.7587816256957256
2356,-0.016230130141774182,0.760639622569936
2357,-0.014957905805877702,0.74755220632578001
2358,-0.015642574487981141,0.75741548587559882
2359,-0.013912984046449256,0.75738121609642328
2360,-0.017011498267579514,0.7618823773342599
2361,-0.015697360699065063,0.75275973256639162
2362,-0.016841465712474954,0.76570568836182351
2363,-0.017187440746916558,0.76239182791153592
2364,-0.016977530055630762,0.75740234250025518
2365,-0.012607810345662621,0.76312545398944198
2366,-0.015569193429248781,0.75514266156227838
2367,-0.012935020541422003,0.7594634727401296
2368,-0.018142892964059572,0.75792030418600709
2369,-0.013410902079247496,0.75698585538553709
2370,-0.01305887543793342,0.76432406149287846
2371,-0.013088216908661172,0.76261404104482444
2372,-0.010897862882906945,0.7634788718408656
2373,-0.015029977799967812,0.760837300187164
2374,-0.015473213874270647,0.7577665781727847
2375,-0.01350693263361823,0.75942444336273807
2376,-0.013308118382850082,0.75666035402988396
2377,-0.015761000096495881,0.75702588747197352
2378,-0.011898140781744214,0.75560026000479585
2379,-0.013627243749484579,0.74967535211178571
2380,-0.015020059247744548,0.75818552512196113
2381,-0.015635146773277264,0.7629511836489431
2382,-0.015326569390053744,0.75309556236317066
2383,-0.015166306582173071,0.76412113267435566
2384,-0.015120153243287944,0.75582276349238287
2385,-0.015561419181983541,0.74971949606378596
2386,-0.014276087700731533,0.75877395914048407
2387,-0.01468075772491775,0.76342360043513779
2388,-0.012810038470029341,0.75946496049248924
2389,-0.014959944448549575,0.7552593831761214
2390,-0.014560125690439541,0.75989176368591949
2391,-0.012957271852693754,0.75691267427783149
2392,-0.017008781898799424,0.76298525536726403
2393,-0.016049472369666199,0.76188657000619586
2394,-0.017994187598831084,0.76262616200788835
2395,-0.016069754213686588,0.75651888138088497
2396,-0.013202685964433166,0.75856810413496489
2397,-0.017818084617924574,0.76114658704291982
2398,-0.014174632922855149,0.76405859769267925
2399,-0.012329805665671621,0.76113406156027863
2400,-0.017134908493183543,0.76443889220486749
2401,-0.018820347644410956,0.76192162776176853
2402,-0.016872853820174435,0.75993552949947885
2403,-0.015721475238986288,0.75910416654577018
2404,-0.015062209480707541,0.76466099594002401
2405,-0.015312641095295844,0.75988341395629699
2406,-0.017556641422615704,0.76388228516434276
2407,-0.013952280359291743,0.75541035600489193
2408,-0.015004929901213517,0.75960084719014964
2409,-0.016165259657366156,0.76217156090930371
2410,-0.015032215032243171,0.76034483542484788
2411,-0.015629494665410974,0.76508524552325363
2412,-0.015706013633098967,0.76169743360522113
2413,-0.011677547521184047,0.75844956042006528
2414,-0.014127489269023259,0.76105110047630231
2415,-0.015545822491647576,0.75625551360690624
2416,-0.013296613729879291,0.76492677695548794
2417,-0.017003260397147786,0.76394407247195395
2418,-0.0159546199559738,0.7652912849289657
2419,-0.014001524873640994,0.761110682614068
2420,-0.015189976129931901,0.75967942137323086
2421,-0.014293667108546211,0.76180999360360369
2422,-0.014918560726172531,0.75026684381352071
2423,-0.01564200192930592,0.7570720298892688
2424,-0.016397550738586203,0.76040762932627615
2425,-0.01807855886344762,0.75872018954290132
2426,-0.014121984249152611,0.76163578350198746
2427,-0.015151876134238951,0.76741258148319558
2428,-0.015638389300133542,0.76044410101494764
2429,-0.014943685351503902,0.76197100135783702
2430,-0.01658839221535801,0.75839109954927464
2431,-0.016776845545410802,0.75824621008024617
2432,-0.014778384953113776,0.7575134499994568
2433,-0.016778474919625516,0.7622241628937293
2434,-0.014785740539322008,0.74797886091668642
2435,-0.01382287597550166,0.76491264264605852
2436,-0.015222083684960202,0.75104043326932868
2437,-0.013217773974101598,0.7565487769653505
2438,-0.017382967246929445,0.76221162910686546
2439,-0.015179652199570313,0.76219640435216296
2440,-0.015341257376977611,0.76007298260218059
2441,-0.014716754458807321,0.76502231353543515
2442,-0.014693763057629754,0.76599584409585364
2443,-0.014804422420627279,0.75827533063829899
2444,-0.015710808643749245,0.75132367613993689
2445,-0.014151782700487409,0.75900933004935744
2446,-0.012309120794326642,0.75575130341329011
2447,-0.013549547207301484,0.7566709740478359
2448,-0.015317581828044503,0.76098529753852451
2449,-0.01556364258510751,0.74921824135583459
2450,-0.013845651610108508,0.7579548256737787
2451,-0.014786302650466361,0.75859813022826816
2452,-0.015837214346447158,0.75810726874418943
2453,-0.014088081674800823,0.757131996720808
2454,-0.014300656688139566,0.75567390291084913
2455,-0.015730858880630437,0.76458835672361525
2456,-0.015322705396436981,0.75617208748807296
2457,-0.01811983110904514,0.76195805979438158
2458,-0.0131289695303696,0.76070894669289268
2459,-0.014862625594929058,0.76218899269050611
2460,-0.014901869197776529,0.76047012364817312
2461,-0.013598380941463102,0.75993495622461815
2462,-0.015629951707416233,0.76045250856109514
2463,-0.014009934923015202,0.75914814262201957
2464,-0.014964080273759285,0.76019869089332581
2465,-0.015492631247384165,0.76085256138004886
2466,-0.013992313490180366,0.75572590447400234
2467,-0.015739086083378179,0.75689762941488714
2468,-0.016442497038016993,0.75828093415006403
2469,-0.015597808988942275,0.75613394375343712
2470,-0.013740847748676436,0.75413094488200161
2471,-0.01600206078782971,0.7615833832186687
2472,-0.015581622646116082,0.75755438782882323
2473,-0.013794008839216103,0.7582877920661294
2474,-0.017377122322591129,0.75934805573431452
2475,-0.013275541309487607,0.75160891855065681
2476,-0.015113595161297615,0.76016004132050619
2477,-0.016327883808264079,0.75373601411577817
2478,-0.014020705790864606,0.75492636220560982
2479,-0.014008842197277384,0.7505405680567927
2480,-0.014819984983089668,0.75317765051928409
2481,-0.014189379122326594,0.75710526013891144
2482,-0.016403287744210661,0.76427168253425026
2483,-0.014023314159836571,0.75463430615952798
2484,-0.015185934985384487,0.76399655397262767
2485,-0.016264438995006902,0.7601061590388235
2486,-0.015686770545643922,0.7608674169415155
2487,-0.01728787924461175,0.75812730866313149
2488,-0.016614603988370686,0.75658242939632214
2489,-0.015267181043108931,0.74927612150344125
2490,-0.013001542018409772,0.76360087763514806
2491,-0.015367737666728673,0.76221181520801262
2492,-0.014158586484240475,0.75697877543765402
2493,-0.014421638576965155,0.76154866493321849
2494,-0.013530740225799923,0.76507086387121626
2495,-0.015137214988019681,0.75971620147159491
2496,-0.014089836913425063,0.76193875635034136
2497,-0.012076250213663988,0.75000768043635135
2498,-0.014424933931074206,0.75873434543125295
2499,-0.017696382222106018,0.76221613997481141
2500,-0.016333881099103477,0.7577777100914761
2501,-0.013118796170205367,0.75179324762892608
2502,-0.013630550923099996,0.76010814043085562
2503,-0.016036877918021428,0.76343727476804712
2504,-0.014706087713965912,0.75879000261764051
2505,-0.014180571988517162,0.75975848653847255
2506,-0.015145873242479662,0.75919111044141652
2507,-0.013492337692843156,0.76086326784232905
2508,-0.012072762165962968,0.75851628789304304
2509,-0.014147209282062145,0.76196464338548819
2510,-0.014748020896394792,0.75941618566728297
2511,-0.012357476679487941,0.76088390233042813
2512,-0.011402940037439352,0.76130401708916684
2513,-0.013954001177999519,0.76775282979320181
2514,-0.015340325079664633,0.75316894037511772
2515,-0.015044324382567351,0.76099509599754378
2516,-0.014466129082812531,0.75929936726603664
2517,-0.014644730976557656,0.75808727912259188
2518,-0.01688386953685491,0.76103452802684346
2519,-0.014955381978371053,0.76288020537384293
2520,-0.016255293845376127,0.76262581624432868
2521,-0.017043824698016914,0.76151009341819387
2522,-0.016681867924764365,0.76288299543038596
2523,-0.015794845370371381,0.75086547819114524
2524,-0.016119717558557178,0.76308349122634411
2525,-0.014737476315906189,0.76350604413514223
2526,-0.014947896020815041,0.76016991531571576
2527,-0.014823118248088595,0.75877223219258771
2528,-0.017229562154572896,0.76271302038765043
2529,-0.013677575607722202,0.75785140216636415
2530,-0.015252304222723738,0.75873340261881284
2531,-0.013507488763275784,0.76250031943312391
2532,-0.015231445918500003,0.7589032103732376
2533,-0.0160705444334194,0.76063657567857179
2534,-0.016830701821539597,0.75910113380098998
2535,-0.011820061436326242,0.75688122570157346
2536,-0.014926126941532463,0.75506732783504515
2537,-0.015360171216854733,0.7618474970803274
2538,-0.014793658123355593,0.76254167835528963
2539,-0.014549206129705399,0.76288357403198226
2540,-0.014090155538766127,0.75616261892423475
2541,-0.015124881105536867,0.75500153654866253
2542,-0.014947091368118611,0.75998464638709329
2543,-0.015054632744719,0.75984945723122899
2544,-0.016324784669766161,0.76567816935130384
2545,-0.015850923288715357,0.75917120232903124
2546,-0.012844364195254894,0.76362652655735697
2547,-0.015062342581208284,0.76116681603333936
2548,-0.016392827231463833,0.76024081675231125
2549,-0.013484042689446038,0.75464449200746597
2550,-0.016014060104028109,0.76085618827190882
2551,-0.013513095176804291,0.76416398288714316
2552,-0.014918317039820259,0.75485902592530763
2553,-0.013445003073569335,0.75763336598484121
2554,-0.015101850682000005,0.75940971563029736
2555,-0.015108295096910347,0.75821442731233613
2556,-0.013105755950915761,0.7646326980155993
2557,-0.016958542910678151,0.75983024943256561
2558,-0.015901907377890531,0.76372662504236333
2559,-0.016027876612417238,0.75856920497365865
2560,-0.014766507603476548,0.76487969185360472
2561,-0.016641076139179194,0.76057339229123377
2562,-0.01642727119408062,0.75822118637287106
2563,-0.016859913169191616,0.75779863467362152
2564,-0.015913575628418941,0.75432255870414777
2565,-0.01510801556795471,0.76505046589242376
2566,-0.013909414532588723,0.7570192908091995
2567,-0.015095974234561483,0.7559238318072844
2568,-0.016078680802306358,0.7616527763457881
2569,-0.01689144280824191,0.75810799171424859
2570,-0.014853356421307907,0.76340444505526384
2571,-0.01581400369740903,0.75312685317592132
2572,-0.015054960186802763,0.76040602459214224
2573,-0.015181817819283161,0.7592058773100665
2574,-0.017193243734417003,0.76336079082596464
2575,-0.013989054518883621,0.75941253819959087
2576,-0.01382979107889133,0.75810597257123014
2577,-0.015016655731021305,0.75900775383160191
2578,-0.016656315827534011,0.75996197818558231
2579,-0.017214811939918178,0.75528004924105996
2580,-0.015412398926814235,0.76239546587925
2581,-0.012522033148261967,0.75983600091753001
2582,-0.016037892665747698,0.7591579179969522
2583,-0.014648259383981253,0.75869752654237765
2584,-0.014085411077432808,0.75993012158542705
2585,-0.014283017287126111,0.75774009702147205
2586,-0.016614716627549451,0.7572665499880894
2587,-0.014722997106873803,0.76133193789224995
2588,-0.013458806229870291,0.75352007877693217
2589,-0.013766722230408498,0.75938216515484369
2590,-0.015849136788682883,0.75455566078485081
2591,-0.012265013744502853,0.75812355810068477
2592,-0.014971405702247094,0.76200061610170733
2593,-0.015726006463821218,0.75827461386291717
2594,-0.016974138270850057,0.76389754143518607
2595,-0.014215657676339069,0.75963042346828025
2596,-0.015179563554360761,0.75967179831568576
2597,-0.013109318468466837,0.76172618198107822
2598,-0.016405908643629376,0.76518466973370203
2599,-0.015186401965642349,0.76329787829903917
2600,-0.014419291355060787,0.75276722273166163
2601,-0.01539527992387584,0.75412051756249521
2602,-0.014449176565342623,0.7567297228210329
2603,-0.017100056899143925,0.76133503403321856
2604,-0.015236318249534111,0.75846043192656087
2605,-0.01105509311049036,0.75594750011490874
2606,-0.014176845993536302,0.76425033274737997
2607,-0.014765601070516039,0.75630686343075015
2608,-0.015795991572115427,0.76483223259421407
2609,-0.015096446220696412,0.7621084915250842
2610,-0.015994429089394416,0.76271843433663467
2611,-0.015101441463907166,0.75747088389703499
2612,-0.017492655219380294,0.75661930141772438
2613,-0.016696345536571899,0.76004119668496695
2614,-0.014838846602116259,0.75407758804941505
2615,-0.014143062142685264,0.76247202324234931
2616,-0.014925133522951977,0.76253146883271183
2617,-0.01558401194237969,0.75823064411324759
2618,-0.012832423378451198,0.76086220761343293
2619,-0.013317924077770145,0.75755723829617938
2620,-0.014748229550665641,0.75860824413105321
2621,-0.016867782509684362,0.75977577061304447
2622,-0.016767665537206364,0.76052047086887586
2623,-0.01606267568187035,0.76221213992764469
2624,-0.015967648451673644,0.76377709953778283
2625,-0.013446498917013879,0.75320328142007786
2626,-0.014130702071930916,0.75559704922864401
2627,-0.015973625272544374,0.76069938555166183
2628,-0.016349829789864267,0.76430399412734484
2629,-0.017038039256545089,0.76149766942248998
2630,-0.014509243637635881,0.75772469270761733
2631,-0.015126644433468575,0.75908673448211694
2632,-0.013721537250441571,0.7628282518938484
2633,-0.015054011457134957,0.76022990311348038
2634,-0.014130759103081191,0.75501867638989051
2635,-0.014503824392486101,0.7559654109796683
2636,-0.01373782010446685,0.76163305766203648
2637,-0.016442137165598031,0.76025361102692435
2638,-0.016359686894696544,0.75966619820177927
2639,-0.014641413019166568,0.75834292342607401
2640,-0.016340182506062756,0.76388368155991671
2641,-0.013476608729031347,0.75936097213001774
2642,-0.014808691105564762,0.7617907808128358
2643,-0.011631707552400637,0.7573794850140505
2644,-0.014998129369335927,0.75931337198007809
2645,-0.014741919634526751,0.7606799412061761
2646,-0.018139126761474614,0.75977251527254774
2647,-0.014927897066310172,0.75873895280863402
2648,-0.015716612233527088,0.76054661746022767
2649,-0.015654883940937909,0.75913306379569934
2650,-0.015819115485152579,0.76173706365004412
2651,-0.013252388822409512,0.76382175218865855
2652,-0.014324996189611845,0.76108565001897088
2653,-0.015099396620985977,0.7621207099517372
2654,-0.014507310961910942,0.75676614747859805
2655,-0.013506366871890267,0.75462960514385113
2656,-0.013910096356242338,0.75758896084177818
2657,-0.014159324173259673,0.75568381758983727
2658,-0.01522912954066857,0.76359737569007458
2659,-0.014230641615733708,0.75963612382423307
2660,-0.014039373811609144,0.76575391917863844
2661,-0.017363168983249935,0.76069688800031321
2662,-0.012975837248495695,0.75869237543114576
2663,-0.013001660302139317,0.7625171215627462
2664,-0.016172910852834177,0.76022221670107837
2665,-0.013447316520884788,0.76478416648826375
2666,-0.014123304200388832,0.75990168895727939
2667,-0.01517114346013812,0.76058713065089767
2668,-0.014104433151732139,0.76290216322982229
2669,-0.014597260758076993,0.75975010912968666
2670,-0.015118139732136144,0.75987057017152959
2671,-0.013280328601953032,0.75943424609367283
2672,-0.015835459176760644,0.75967198239863842
2673,-0.014895292406167212,0.76053312191033451
2674,-0.014893841401515659,0.75828314293719479
2675,-0.015078253594936268,0.75706794437235825
2676,-0.015913181471627815,0.75768651183314017
2677,-0.016387537313560629,0.75934741568603792
2678,-0.011368333548923215,0.76019833152028637
2679,-0.015952220102914069,0.75816277038503288
2680,-0.015331260307341657,0.75767619388680274
2681,-0.016575439234676779,0.76064473350005046
2682,-0.01555330618162787,0.76150022519955762
2683,-0.016444300961322968,0.75926850481146979
2684,-0.014671045544663169,0.76294360401953776
2685,-0.017107724997409354,0.76501663555612376
2686,-0.014857637511879134,0.75971989446929289
2687,-0.014419224199112133,0.75807822667707625
2688,-0.013160692077425642,0.75826027119120909
2689,-0.011161467760411275,0.75771758153888225
2690,-0.016444696810984899,0.76212780690933901
2691,-0.014962727792763824,0.75909881109213739
2692,-0.014086598981983294,0.76370647457851004
2693,-0.016543427531979345,0.75705274139581424
2694,-0.01628890526360055,0.75953492031031755
2695,-0.015091373444531516,0.75878971273197127
2696,-0.011932147357313265,0.76016742358977663
2697,-0.017036554885016278,0.76016219657468209
2698,-0.013475068320396695,0.7564337444738134
2699,-0.015737115120370751,0.76288378976785587
2700,-0.016389790250364907,0.75797376680638662
2701,-0.012842713411829701,0.76196796911819398
2702,-0.012590046749028003,0.75707541967725933
2703,-0.013653659619639174,0.76315595509007383
2704,-0.017155733742815343,0.76151176559880107
2705,-0.015141989760167004,0.7560367138278421
2706,-0.015234911958509923,0.7619961883373062
2707,-0.014155433286284182,0.76136113600614808
2708,-0.015343669962446177,0.75977287114843917
2709,-0.014269927487638241,0.76129942691960251
2710,-0.016020604213032738,0.76202198629998097
2711,-0.016124876470665985,0.75850842173179733
2712,-0.015384137965275413,0.76074685144047316
2713,-0.015219046896741507,0.7617308456713312
2714,-0.013280512343165534,0.76053745441978038
2715,-0.017084940048597667,0.7617097042167178
2716,-0.016466540672160315,0.76146652167469941
2717,-0.014669432165333843,0.75868566965835638
2718,-0.016140862094897124,0.75060922019678133
2719,-0.013867664841505837,0.75897119705973737
2720,-0.014514722799268834,0.76168319981947941
2721,-0.014517207482861533,0.75487440335943912
2722,-0.014681224253218382,0.75992184887953285
2723,-0.013048242000978766,0.75499515890211322
2724,-0.015268922490798607,0.75728987665581649
2725,-0.012501921553491826,0.76035841031345375
2726,-0.015039158628823084,0.74858850794072374
2727,-0.014852973604377531,0.76572079814228022
2728,-0.014564405330720646,0.75579932042672615
2729,-0.014975351706215395,0.76343238722578821
2730,-0.015395003760469862,0.76043528145568851
2731,-0.014540986040818828,0.76178480685662209
2732,-0.016467609774853349,0.76352686482329846
2733,-0.01468988796338571,0.76277174003280657
2734,-0.016681746551399812,0.75816339864337268
2735,-0.01763442024922756,0.76414580949464095
2736,-0.016285108626356924,0.76320907173960584
2737,-0.016603946753941036,0.76008166416205125
2738,-0.017767759525180653,0.76375759337220206
2739,-0.015278639492181683,0.76342832701117969
2740,-0.015082882304925955,0.76149578477039215
2741,-0.013591766755558853,0.74564682734997489
2742,-0.015304579698345091,0.76394645325751143
2743,-0.015665334207076227,0.7642995170400958
2744,-0.013663728022978669,0.76225190153691857
2745,-0.015467578653467207,0.7569999513509551
2746,-0.014837085912126943,0.76273284177358247
2747,-0.015690525286004453,0.75829118416176922
2748,-0.015248130217889724,0.76175575965707099
2749,-0.013640163053480047,0.76324752027482268
2750,-0.017217165179817681,0.75873038459200881
2751,-0.015203641152452912,0.75534352029876051
2752,-0.013043322044816586,0.76302914836294755
2753,-0.015271967333531176,0.75672358998165956
2754,-0.01602148950077447,0.75736165742992989
2755,-0.014754882868047384,0.76074434197273244
2756,-0.014375326457450066,0.76086876035136475
2757,-0.016631622220511351,0.76021956519832656
2758,-0.017772887364426844,0.76248859792834756
2759,-0.015799190918629885,0.76307882092220491
2760,-0.015473618789269254,0.76002764559605251
2761,-0.017516462629745634,0.76022074107493443
2762,-0.015886123766126754,0.76042465070819854
2763,-0.014896542808397228,0.76142811211498485
2764,-0.015901045263348387,0.76327511259060365
2765,-0.01431587262974531,0.76089530354953072
2766,-0.01712643934740108,0.76082544100956029
2767,-0.012983775384457774,0.7566997249012557
2768,-0.015461521655553029,0.759213913619875
2769,-0.016029456423845921,0.75296243060255219
2770,-0.014683059861327761,0.76163230223413081
2771,-0.015849136788682883,0.75455566078485081
2772,-0.015924978543417331,0.76188591657011218
2773,-0.015644037747476254,0.76157032090539767
2774,-0.016964135557730561,0.75825072900044987
2775,-0.015853237484657605,0.75908874215979483
2776,-0.015199279999759138,0.75522139113209874
2777,-0.012961734616987405,0.75487141318412521
2778,-0.014146693170716039,0.75663682223918094
2779,-0.013837611064264409,0.76468341910110793
2780,-0.013982541489201245,0.76384618481893962
2781,-0.015684375266505575,0.75697478187319711
2782,-0.016768611807467367,0.75873408772932971
2783,-0.014364540576440484,0.75127543375061157
2784,-0.015988549865967788,0.75636936683384937
2785,-0.014162317753758058,0.75953936111905851
2786,-0.015003188565475282,0.75456926183427619
2787,-0.017323020255456414,0.75927642462062095
2788,-0.014719842823322638,0.7582029165938402
2789,-0.014573182252071687,0.759435711108703
2790,-0.012834287055025977,0.75450828815236681
2791,-0.017588302091109832,0.76033308338027528
2792,-0.015269641857650264,0.7649676726020147
2793,-0.017163062347480312,0.7641847998817709
2794,-0.015376168657098456,0.7655681032193733
2795,-0.014743873013300185,0.75800144691809257
2796,-0.015596951701399452,0.76636671546409063
2797,-0.015552763577547399,0.75796645772183013
2798,-0.016654201607702732,0.75794940529834764
2799,-0.014779059725620875,0.75676335805586037
2800,-0.01610327717572832,0.75624122927129456
2801,-0.013384917089842506,0.76073518276296048
2802,-0.014055994431858558,0.76125514901547675
2803,-0.016588960505435683,0.76150377805468661
2804,-0.017114161755485933,0.76578081635387796
2805,-0.013607025868447109,0.76245902322566939
2806,-0.014290974737730663,0.75831828295453063
2807,-0.014632849471078759,0.75595236399407961
2808,-0.014300124716171902,0.75615269654452311
2809,-0.016861378981643027,0.7628966920045005
2810,-0.015049460160356251,0.76035023198252327
2811,-0.015839809816132932,0.7602262687429393
2812,-0.013738364753322935,0.75813513235195928
2813,-0.014215897576708924,0.75814305222700007
2814,-0.015577928732890324,0.76602724105665909
2815,-0.016649753573744677,0.76643691090353439
2816,-0.015649301278285704,0.76090299076059698
2817,-0.014236819488281869,0.75629357784821338
2818,-0.01465672383820369,0.75680030115209163
2819,-0.015450753945399541,0.76395327138343683
2820,-0.014253969545585879,0.75686658342296798
2821,-0.013967665805935423,0.75822304696469922
2822,-0.014943271121054365,0.75890661145919147
2823,-0.013443563197689011,0.7552654254672877
2824,-0.016093265773286236,0.75299493433699283
2825,-0.01440531699988719,0.75852726046688024
2826,-0.014746377059197787,0.75925210659915665
2827,-0.015004360292253551,0.75846125859316116
2828,-0.014878997885854572,0.76053179051356545
2829,-0.015866566918999979,0.75628238276155602
2830,-0.014587809946107788,0.7571530551441954
2831,-0.015286737093005169,0.76148474905500796
2832,-0.011168638731410415,0.7597912029475693
2833,-0.01477263707981074,0.76493328799618077
2834,-0.013303942491149063,0.76466982520887217
2835,-0.013790427024290404,0.75848726221749263
2836,-0.017217921492370156,0.7662108040864366
2837,-0.012982550487615631,0.75895608409208204
2838,-0.01436630398651644,0.74663426045999959
2839,-0.016139121181653525,0.76049964848958096
2840,-0.013895946164161477,0.75393180868660137
2841,-0.015145236535525434,0.75607272922179292
2842,-0.016141623334757896,0.75402649502441632
2843,-0.015579598387679311,0.75879946155038625
2844,-0.015510506871170964,0.76067295925713962
2845,-0.013481371879408515,0.75848727767942126
2846,-0.014836392020384375,0.75320129507785905
2847,-0.015348654892889271,0.76288194792296105
2848,-0.014527372227137137,0.76088044479111705
2849,-0.015771859727618215,0.76326988927267214
2850,-0.01408167927714403,0.75697365893641566
2851,-0.013376084793619245,0.75453634080184862
2852,-0.015701314991924266,0.75894173083740912
2853,-0.014055126516493812,0.76049786514286277
2854,-0.015279329185881508,0.75226403993245883
2855,-0.016309610587789566,0.76067162429498614
2856,-0.014744537785790011,0.75341681522324333
2857,-0.014852407630534867,0.76432068292986266
2858,-0.012953344045578716,0.76063460255486981
2859,-0.014265661115530471,0.76046015235013475
2860,-0.013595604050945771,0.75974985264517692
2861,-0.014674254484255298,0.75725690916331412
2862,-0.017402611694486529,0.76062736890456195
2863,-0.017491809901105576,0.7637736018337683
2864,-0.01466945124542963,0.75808207185014342
2865,-0.015167111210428746,0.75863633432987843
2866,-0.01709841966173839,0.76365250126987239
2867,-0.01350383125684522,0.75648188239789138
2868,-0.016696862838590093,0.76394752511079644
2869,-0.01393182075836419,0.76374754476848605
2870,-0.013875114106523458,0.76397758630618895
2871,-0.015434752252754027,0.75906391539135409
2872,-0.017490472881321682,0.75440055404672002
2873,-0.014307764851094362,0.76180865214228111
2874,-0.015754001331573363,0.75412106501640885
2875,-0.016661338530373757,0.75620932357255677
2876,-0.013554347971971598,0.76067169961590975
2877,-0.017135094582005926,0.76166143739315806
2878,-0.013011854430060348,0.75438743125647023
2879,-0.015201508186774385,0.7587498930478429
2880,-0.016115192825540872,0.76265786096715882
2881,-0.014864526817424279,0.75890282295863898
2882,-0.012797961130075862,0.7568338226646425
2883,-0.015029766119947574,0.75980625987541528
2884,-0.015718404457112672,0.76296468467112388
2885,-0.013229938845805001,0.75556773770448571
2886,-0.013980856633429024,0.75792551645055961
2887,-0.015729807685418252,0.7598869610776795
2888,-0.013656045705516545,0.76070788953921975
2889,-0.016538499792561966,0.76082119930922065
2890,-0.013088739901223282,0.76255295619333363
2891,-0.014335524039777179,0.74968868756847795
2892,-0.018163630655662316,0.75660207318773665
2893,-0.017528965904653172,0.75990372391601368
2894,-0.016855090289703313,0.761542852582059
2895,-0.013799323002788598,0.75894448811199144
2896,-0.018586654688024451,0.75876689821824317
2897,-0.016852840708454747,0.76382864953924323
2898,-0.014178886167654168,0.75981598055081778
2899,-0.013094948689637814,0.75702071244347036
2900,-0.016762253215669744,0.76001233397287049
2901,-0.015123851154459508,0.76184004644923631
2902,-0.013785006531249424,0.75782044498490353
2903,-0.015764891851248568,0.75553592163282235
2904,-0.016451577054634056,0.76099833822752216
2905,-0.014943850333858078,0.76063587771437269
2906,-0.015938294659265412,0.764236546418253
2907,-0.014435509289339317,0.7632121169284648
2908,-0.016694903587720807,0.76022840696992899
2909,-0.01639378074277504,0.75745491826497025
2910,-0.015239833157621438,0.76471600778406035
2911,-0.015138570397414897,0.75614569890169459
2912,-0.013405766161680484,0.75260072007220524
2913,-0.014174124390558171,0.76452285096510308
2914,-0.016084764568467393,0.76332339398322424
2915,-0.014646582388199993,0.76130891748337914
2916,-0.016436385214486274,0.7596603973005126
2917,-0.015593547343191974,0.75686252885265703
2918,-0.016468839208526286,0.75963905793827236
2919,-0.0152984959117177,0.7581482915190958
2920,-0.013761684509653968,0.75711927610661889
2921,-0.013538169569071824,0.75696201209019121
2922,-0.014324948742035104,0.75523108253247651
2923,-0.014803960932404337,0.76098391639266427
2924,-0.013001579430784303,0.75888129116291392
2925,-0.017066667069782063,0.76244044290421609
2926,-0.014976876462546432,0.75977679072401094
2927,-0.016986673054116459,0.75798212804106868
2928,-0.012914868613155479,0.75441623999008445
2929,-0.015152470241350864,0.75378002782110864
2930,-0.014693606720540051,0.7577549274855605
2931,-0.01574220250312558,0.75759317789527247
2932,-0.013808019264747824,0.75961548460016926
2933,-0.012893247226163954,0.75857703362917173
2934,-0.01412810276097359,0.75907126718382112
2935,-0.015760303061226295,0.75891717450406748
2936,-0.015244856712757835,0.75848834355069994
2937,-0.015838488717036261,0.75557060463996462
2938,-0.013427842846088925,0.7562637984919538
2939,-0.014748596282252792,0.76102484057829045
2940,-0.015581826725975932,0.76501457480163715
2941,-0.015332039675551317,0.76077090566237926
2942,-0.014901228463211166,0.75578441197382307
2943,-0.011847403037884174,0.76074925578229191
2944,-0.014129943786125396,0.75908566751179996
2945,-0.013257599561200676,0.75237748509993874
2946,-0.015301749517421331,0.75975007937473482
2947,-0.015752142861010798,0.75912089089718093
2948,-0.01512411024918469,0.75740672255185493
2949,-0.014561375253608649,0.75780242135426512
2950,-0.017008019319086347,0.76044875889425712
2951,-0.01475702124907045,0.75715907993563381
2952,-0.015720285133075114,0.75714514925781562
2953,-0.017417253681499364,0.76030631698570317
2954,-0.01455687888144218,0.76168706528401409
2955,-0.015930042859345649,0.75815548339861139
2956,-0.015506155681590294,0.75438435566895146
2957,-0.014286286633647645,0.76341087244726058
2958,-0.015143262911495432,0.75744411115771837
2959,-0.015276122559613189,0.75285611708282207
2960,-0.014049743537758215,0.7614727387525202
2961,-0.013606355855564221,0.76170692822152186
2962,-0.015252675812487546,0.76193019782367832
2963,-0.013836646373144506,0.75504563773834599
2964,-0.013764151118121754,0.76000753983730696
2965,-0.014849860904567996,0.75517872183893131
2966,-0.016921898406856345,0.75891296290191967
2967,-0.014969110668591416,0.75947221703834311
2968,-0.01321804891525296,0.75858207798896637
2969,-0.015259165305203836,0.76173933591439225
2970,-0.013609988677855943,0.75774918079571363
2971,-0.013735673252793887,0.76301807448462722
2972,-0.017740100881674548,0.76171077880428306
2973,-0.012756093551669751,0.76209841758820229
2974,-0.013005041572123522,0.76175425184793877
2975,-0.014697041029863312,0.76658189730165438
2976,-0.016619690727086932,0.75824295231773575
2977,-0.015387189933984803,0.75933880925329367
2978,-0.014877031490219015,0.76116137405184847
2979,-0.017074465935964817,0.75859028531660544
2980,-0.01620216196505686,0.75815770466180776
2981,-0.013942264493370321,0.75487153466497392
2982,-0.016787185836049778,0.76659466743740345
2983,-0.015118913219175611,0.76109509116378093
2984,-0.013261097226997396,0.75816402022009455
2985,-0.014968986433174552,0.75918656450772448
2986,-0.015539015504734618,0.75918061047381979
2987,-0.016405908643629376,0.76518466973370203
2988,-0.01440072018789003,0.74924039864873915
2989,-0.016620741736275837,0.75850995448647662
2990,-0.016268168961358014,0.76192303945341577
2991,-0.01320762519704486,0.76529036814020768
2992,-0.014461547456443151,0.75368405670057903
2993,-0.015810771526319996,0.76009350588108804
2994,-0.014189986947514589,0.76066912141476262
2995,-0.014048562300035275,0.76256490966058788
2996,-0.016491378339370498,0.75932028053075395
2997,-0.016736795118837001,0.76211174455766839
2998,-0.016756444216073293,0.7554311053218401
2999,-0.01547323575496555,0.76351712786733905
3000,-0.012552386841407694,0.76581318135056486
3001,-0.015260430444608711,0.76030083916533386
3002,-0.013479000011953292,0.75072054811788924
3003,-0.015013126254670495,0.76115013284383681
3004,-0.013489940412216767,0.76205445638732339
3005,-0.014614730243747291,0.76314094988021186
3006,-0.015057676438863818,0.75794810312603522
3007,-0.015929073203656371,0.76250420720650447
3008,-0.016363095007337389,0.75795593381345916
3009,-0.015824451153850703,0.75755755448741902
3010,-0.015468960401633024,0.75997093483977651
3011,-0.016106864233271997,0.75906264834142556
3012,-0.013706539917244786,0.7616876418201286
3013,-0.015321305771170838,0.75456441984869982
3014,-0.014723635340971155,0.75883002573818481
3015,-0.015789462496581207,0.76537987776969396
3016,-0.016962267370680587,0.75378572379696251
3017,-0.015593275038909686,0.76066179503933096
3018,-0.014019030101614351,0.75882665450108722
3019,-0.016314506855491177,0.75925991030258355
3020,-0.015756824240676738,0.76366056810404748
3021,-0.01547754155203508,0.7558692386457958
3022,-0.016790311124014811,0.76035911085857388
3023,-0.018507093849215832,0.76381662302502251
3024,-0.015343435816895836,0.76467718160505238
3025,-0.014306579007984389,0.76207151330441936
3026,-0.016613020879246473,0.76468486717256434
3027,-0.01401973940703672,0.75439484966374692
3028,-0.016678466625711874,0.75993280966152388
3029,-0.017637360856610083,0.7599525627898237
3030,-0.015674675258830886,0.75723979532827379
3031,-0.017019521248959217,0.75677417655201373
3032,-0.016017884824378131,0.75975496179465762
3033,-0.014960439312529184,0.75836511800219975
3034,-0.014511199558933693,0.76026558506544795
3035,-0.01277127960159565,0.75899496806303157
3036,-0.016054826499886769,0.75567475793323624
3037,-0.014352892479193042,0.75954837443015877
3038,-0.01383316843168058,0.75549730889245159
3039,-0.015347181091140246,0.76014713823413738
3040,-0.016715344265983693,0.75936613687866339
3041,-0.013696265594961453,0.75989690442996449
3042,-0.01456177357549464,0.75912742497085606
3043,-0.013223843461258471,0.76101085761548271
3044,-0.01331313827659877,0.76246998712650649
3045,-0.016048091010755862,0.76400814592990218
3046,-0.01634243469567041,0.76743716155198793
3047,-0.014021642378063011,0.75240621284306208
3048,-0.015781864501007874,0.76199429213813608
3049,-0.016532433606540359,0.75946213695088494
3050,-0.014060429680693971,0.75410600799070671
3051,-0.014064628968069124,0.75444485816114415
3052,-0.017906799760971426,0.75993253777280256
3053,-0.015219583199717664,0.75350248607394921
3054,-0.015448316162890689,0.76068961869788576
3055,-0.012298744979623643,0.75765867475851145
3056,-0.014686085878114532,0.76682808367078725
3057,-0.015772622722365112,0.75955345552768438
3058,-0.015331378558474815,0.76571772621486789
3059,-0.018302012768376053,0.75820099519886952
3060,-0.012746967809808073,0.75706161727521948
3061,-0.016692831805400595,0.76254451477624374
3062,-0.015582832869732742,0.75634473590881135
3063,-0.016235158992111517,0.76687741256710962
3064,-0.013669574481501651,0.76344206372571788
3065,-0.015626614668954243,0.75961853509569299
3066,-0.015390691780445056,0.75757336864418645
3067,-0.017085077490338836,0.75790144581106955
3068,-0.014541284783254583,0.76311222813518464
3069,-0.013547138619605544,0.76831962318473668
3070,-0.016149531132106106,0.75883865857383981
3071,-0.014920216885044017,0.75900642850486566
3072,-0.015029062706219098,0.76051493111959734
3073,-0.015240985172506513,0.76040888783699911
3074,-0.013553733023934138,0.76516601269163209
3075,-0.015275759924095985,0.76139174762611361
3076,-0.016599681355227942,0.76392834974963186
3077,-0.014803600454293214,0.76126627766193333
3078,-0.016138178855464251,0.7601515681111497
3079,-0.013999742157449157,0.75539150993643667
3080,-0.012756758033372062,0.75133020412278984
3081,-0.016123175899124015,0.75795302205230097
3082,-0.01211879566946852,0.75468982034072651
3083,-0.013392902033539062,0.75874310820955682
3084,-0.01558683627444994,0.76017111547321592
3085,-0.016709633802981946,0.76561748594177159
3086,-0.015081164849578943,0.75850330120552334
3087,-0.016277966507768561,0.7598150386625675
3088,-0.013425214953845837,0.76118620618726018
3089,-0.016771736682026969,0.76157476925124246
3090,-0.014307832617926525,0.75963038105693159
3091,-0.014933361776319199,0.75419711175972726
3092,-0.013580777598571039,0.76228338283486796
3093,-0.015118640501000282,0.75535964208333495
3094,-0.014677033846897228,0.75218131404271649
3095,-0.015056030773754007,0.75519625588967509
3096,-0.013824952747640019,0.76059034661350233
3097,-0.018087458169818389,0.76193971379520364
3098,-0.015178507997439339,0.75478116051089761
3099,-0.016303449213769645,0.76044108626530116
3100,-0.011893603097794331,0.7595232809597311
3101,-0.015064988460682011,0.76043138505697738
3102,-0.016444837905558916,0.75925265126006714
3103,-0.014336247131472026,0.76101714457732672
3104,-0.016575072406772012,0.75221596237870381
3105,-0.014434829202428138,0.75596836168472692
3106,-0.01455762110797299,0.75799258999663965
3107,-0.015430872653679919,0.75639855623718222
3108,-0.015306945198142824,0.75169706990946761
3109,-0.014433262095755304,0.75445863166144878
3110,-0.012368199252740724,0.75837578647159298
3111,-0.014334341951173779,0.7624340467018289
3112,-0.014506914379661388,0.75954684961878849
3113,-0.016144021530003261,0.76010755315379697
3114,-0.013329890195207304,0.75694157912405602
3115,-0.013868801157606308,0.76217157690798853
3116,-0.016186478956756588,0.76147126596239612
3117,-0.013658311252974011,0.75959590561914647
3118,-0.012348705248322335,0.76290927399244479
3119,-0.014272567098040119,0.75776913019207359
3120,-0.014769881289279387,0.7573860200037682
3121,-0.012710184529475655,0.76123324609447007
3122,-0.012814748255592307,0.76162588039314982
3123,-0.016685231279553965,0.75814035050540485
3124,-0.013395889149742881,0.7585463440372775
3125,-0.014685949715391318,0.75621114306677739
3126,-0.014594270735904712,0.76116727326167788
3127,-0.017835799253720884,0.76324264485426252
3128,-0.014805576965311011,0.76459801523191329
3129,-0.015846886207057081,0.75809547272476108
3130,-0.014269573165082946,0.76129894881132187
3131,-0.016941746202007529,0.762187684838455
3132,-0.014735985565155997,0.75163441259735797
3133,-0.014430260359399979,0.75589870637969903
3134,-0.015439205317116355,0.75554941486928329
3135,-0.014368177602445895,0.76157080080659534
3136,-0.010035224388784323,0.7623111328100598
3137,-0.018219297044368844,0.76019282852370729
3138,-0.014286924948269625,0.75433518509297293
3139,-0.015410179627140691,0.75742641124485444
3140,-0.016012456644026219,0.75504833192917065
3141,-0.01140007640866926,0.75725964102401833
3142,-0.015104412588969428,0.7582407538229039
3143,-0.01681670199978199,0.75851536096424166
3144,-0.015507424216278241,0.75987920037683043
3145,-0.016928637695837141,0.75941336475113985
3146,-0.017048516813823019,0.75885084822251625
3147,-0.016236914556837505,0.75548937957273643
3148,-0.010338040031966171,0.75797997180363452
3149,-0.016083223531380964,0.75755865876811568
3150,-0.015788167063101224,0.76054344941663221
3151,-0.012122564548757077,0.7577170772410381
3152,-0.015431158726383554,0.76315614059028025
3153,-0.016592775258693848,0.76027564732256303
3154,-0.016849560244819137,0.75887306443480873
3155,-0.015807140682107191,0.76082336271624973
3156,-0.014756209703995367,0.75574869418776303
3157,-0.015427829023449732,0.75946280785021469
3158,-0.01526984748672609,0.75288410693559171
3159,-0.01593335038663592,0.76304264010851697
3160,-0.01296077889336324,0.75641248934807903
3161,-0.013644352018391325,0.76060871361251614
3162,-0.015839544549372628,0.76175518002771625
3163,-0.01527610714562188,0.76111926188592538
3164,-0.018370825257666826,0.76156364256548703
3165,-0.015251091746222523,0.75099485208299011
3166,-0.015099417637447056,0.76289603756944102
3167,-0.013965677967984152,0.75948863424205204
3168,-0.014839171267877071,0.76318042103170158
3169,-0.01350778036637554,0.7611996311890129
3170,-0.013939466552612176,0.75824126960821236
3171,-0.015207888512815062,0.76091054311382222
3172,-0.015355524426421538,0.7559480533588141
3173,-0.015752080589038858,0.75984432495407572
3174,-0.014344649347575601,0.75329468109684039
3175,-0.01572439516743683,0.76031690787230188
3176,-0.013954458331406461,0.75262886992937528
3177,-0.014562340770802772,0.76373815623166585
3178,-0.016529514233164275,0.76266794798429161
3179,-0.015495235180316338,0.76245244466511497
3180,-0.014333644920224708,0.75302830151609013
3181,-0.013327914210639604,0.76150044535025374
3182,-0.015400039509426557,0.76074263460845271
3183,-0.016384973843927227,0.75521362468635234
3184,-0.013832092197166234,0.76168789157934413
3185,-0.01498229222383771,0.75896922258665467
3186,-0.013427312337347347,0.76161792153663554
3187,-0.013053107936196793,0.75554289289764764
3188,-0.01561940766724511,0.76349090336370695
3189,-0.015903548262506322,0.75466930276515176
3190,-0.013424950415709985,0.76018574740320621
3191,-0.017821601528252309,0.75994509511765262
3192,-0.012748941025188457,0.75891428230637048
3193,-0.014590504460524413,0.76167848419172424
3194,-0.016686670487625975,0.75791561813208208
3195,-0.015966517356154251,0.76019610972446261
3196,-0.014748823191997135,0.75626543674114788
3197,-0.014348652041707906,0.75863112757545559
3198,-0.013817117653549486,0.76217101865106252
3199,-0.014149139632290097,0.7579010657083064
3200,-0.018163005275777636,0.76188016328043173
3201,-0.016409425671478302,0.76410847582616659
3202,-0.014343521987517784,0.76613079268247208
3203,-0.016429828969518591,0.75957757818699301
3204,-0.015427010907064611,0.7641777938164015
3205,-0.015636499495344,0.75356912210220928
3206,-0.013964107859340194,0.76576102436793958
3207,-0.015770122723745617,0.75644886858129312
3208,-0.013248436570817619,0.76072819698020067
3209,-0.015316437889992034,0.75878393437549252
3210,-0.013586863031697854,0.76146662699057133
3211,-0.012957181573113029,0.75596572872396994
3212,-0.015116074516935689,0.76058261504564229
3213,-0.016349686786766432,0.75484126062628254
3214,-0.015597409945914891,0.75601256820727347
3215,-0.016233360337963104,0.76002996244673604
3216,-0.016046533803266913,0.75839453228254272
3217,-0.014282567354659777,0.75780351196728191
3218,-0.015380580589254173,0.76168290908147618
3219,-0.015027026252596736,0.76182255957725298
3220,-0.01786111496629602,0.75963721048054622
3221,-0.013357459291833395,0.75481075862828517
3222,-0.01457598208851477,0.75578771480152174
3223,-0.014759207997184096,0.76228632533371532
3224,-0.015423318291962132,0.75901920506832188
3225,-0.013705967982695992,0.75849110276908915
3226,-0.015537762467695549,0.75893801982962361
3227,-0.013792104046391945,0.76179397353883727
3228,-0.015751424344308061,0.75981779875601985
3229,-0.015327180487580847,0.76321239205952185
3230,-0.013756151803784129,0.75933997503961081
3231,-0.015414432293318375,0.75786453208146387
3232,-0.01641455220689195,0.75595140930015636
3233,-0.015700624121286009,0.76134111567847951
3234,-0.015423747327079766,0.76815833247450793
3235,-0.014389898740394704,0.75748879597717522
3236,-0.016175775172133398,0.76674322978615916
3237,-0.011959832403433228,0.75653093687659867
3238,-0.015334818884848936,0.76151551916689175
3239,-0.018241786818549679,0.76154419552699015
3240,-0.01620735123521589,0.7658285345367879
3241,-0.016532832868025989,0.7591128230818176
3242,-0.017295356801349141,0.76073774543459027
3243,-0.014104345051320133,0.76594736097749438
3244,-0.015160435683839953,0.76393638625921789
3245,-0.015094601213247993,0.763374261753485
3246,-0.017216443828912097,0.75606741048928505
3247,-0.015631185762734798,0.75834408298058154
3248,-0.015334632117988965,0.76080959637895718
3249,-0.011527442316621245,0.76075769323128206
3250,-0.013871963339811284,0.76343233795206777
3251,-0.015283547896362555,0.75980045177901989
3252,-0.012378203563555937,0.75887221192787857
3253,-0.011707257532755514,0.76329516451560342
3254,-0.015945870641945165,0.76517011373022215
3255,-0.0147837168585767,0.75721436089124172
3256,-0.016367386761806983,0.75651545469166781
3257,-0.013607748280170437,0.76290679789732108
3258,-0.013349277159582236,0.76105691761185112
3259,-0.0137735887330482,0.75966950104424413
3260,-0.015710355422990124,0.76090704882626314
3261,-0.013682013897427389,0.7635817067414431
3262,-0.013215659660819275,0.75741085995337498
3263,-0.012097439177927214,0.75984305206045333
3264,-0.013153013342307127,0.76017385409392513
3265,-0.016652014146348017,0.76542049739006246
3266,-0.015756043320117423,0.76254836005111937
3267,-0.017011174868225943,0.76009463349801965
3268,-0.014513388831891126,0.75794258238119649
3269,-0.013620741833865854,0.75808039192043752
3270,-0.015470068651295688,0.76258345436430186
3271,-0.013148073337252163,0.75828583007362294
3272,-0.015081636161721137,0.75502868667846235
3273,-0.01562096023806538,0.76039364290864386
3274,-0.015613982347011467,0.76422991821663544
3275,-0.014251895737730277,0.75146070815502153
3276,-0.014480583610165309,0.75542639204544326
3277,-0.013651940222844758,0.76068938345116721
3278,-0.015493173111114596,0.75506651185518658
3279,-0.01504440659416198,0.76050156452136275
3280,-0.015331883405607578,0.76398615518315849
3281,-0.016422751924419873,0.75657700649507387
3282,-0.014159396902565072,0.75625811697089573
3283,-0.016515403429931873,0.75838002834350704
3284,-0.014500369376679853,0.75793196314301592
3285,-0.017343928639113403,0.76277800803627405
3286,-0.013696007276595337,0.76168666406101482
3287,-0.015457165016979448,0.7588402247862962
3288,-0.015721278849322579,0.75764869865018702
3289,-0.015430631267182459,0.75633978437978311
3290,-0.013968200251292575,0.76120241182919546
3291,-0.015974000856470369,0.75604663201182953
3292,-0.015895027808406074,0.75759094880204325
3293,-0.014848505198119644,0.76383260520040597
3294,-0.01388363840567361,0.76018059702916307
3295,-0.014820396779831225,0.7532660334182969
3296,-0.015833247458745953,0.7625518903051528
3297,-0.01234800120325494,0.75743242661300281
3298,-0.015166595985970676,0.75914931671262709
3299,-0.01278917232288013,0.75776617029671867
3300,-0.015289292384464559,0.75960207486371167
3301,-0.015638044507337995,0.75410701516911693
3302,-0.013703811576207729,0.7608076331850927
3303,-0.012629245275234824,0.76125411282250821
3304,-0.016407312191130952,0.7587046981321911
3305,-0.015005350388452672,0.75317008202811142
3306,-0.014174976137839282,0.76140542274456602
3307,-0.015147389764087553,0.76029620796535013
3308,-0.016825312014292302,0.76168022995962092
3309,-0.014265457878316033,0.76393351072304871
3310,-0.014989996866209492,0.76158535725379073
3311,-0.016783099426885228,0.76502339532408059
3312,-0.014524925733479202,0.76142078731131102
3313,-0.015611578545232888,0.76533449757723326
3314,-0.016066006068555062,0.75649540614539723
3315,-0.015338024845517729,0.76070817777447175
3316,-0.014451433909107822,0.75836340617408315
3317,-0.015902451592417155,0.75866785449157748
3318,-0.01393752360998541,0.75809405598737167
3319,-0.014880624761698043,0.75690957390752012
3320,-0.015848969078093491,0.76411494744783648
3321,-0.016296998771479672,0.75589850963751504
3322,-0.017011696172104879,0.75831303677413542
3323,-0.01384059428849599,0.76561067292262008
3324,-0.015011212276616245,0.76238645297957275
3325,-0.014009513897023528,0.75711783789668918
3326,-0.01614899349540036,0.76164351340975034
3327,-0.01716059063317301,0.76054499231701511
3328,-0.016686291845774963,0.76113118645418809
3329,-0.015771815581967656,0.75306174235931023
3330,-0.015212755700042649,0.76211090119921876
3331,-0.014979961915532577,0.75901259933048204
3332,-0.017079995115342084,0.76179296315453782
3333,-0.012801133340425671,0.7573239916525587
3334,-0.015571545557076644,0.76147985610075919
3335,-0.014680838614077775,0.76014868613149411
3336,-0.016053792168549786,0.7623280010889748
3337,-0.014350975578568712,0.75301637481292205
3338,-0.015853775072229698,0.75653906653336078
3339,-0.014782319283499438,0.75316624743397664
3340,-0.016752169247015829,0.75945314182427559
3341,-0.015871871654646152,0.76017274610963015
3342,-0.016415428586557479,0.7581969810891328
3343,-0.015366563662551437,0.75947745371424713
3344,-0.015681622559987125,0.7607831814281556
3345,-0.015588696049416602,0.75472434897865126
3346,-0.013516737488501627,0.76167435678558104
3347,-0.015295405266335334,0.75962363408779365
3348,-0.017138138232812808,0.75976922670020708
3349,-0.013842110334192088,0.75903268060621676
3350,-0.01527205377633141,0.76354908392866006
3351,-0.014725292553959327,0.76032043334104371
3352,-0.014568170723897921,0.75542389641487129
3353,-0.012135773294723718,0.75987799443064652
3354,-0.015151791478297968,0.75725285049717228
3355,-0.013077219793094131,0.75652427528266752
3356,-0.010735021321738938,0.75238194973634487
3357,-0.01630080898467931,0.76063405256181427
3358,-0.015209416436939576,0.75802865919992835
3359,-0.01579640405313288,0.76288505171875332
3360,-0.014730415738383395,0.75836534786609555
3361,-0.017028842755842599,0.76317400669560742
3362,-0.016687598163723654,0.76287480600723045
3363,-0.013774117489469658,0.75437350018311111
3364,-0.017365672219570444,0.76404764026722882
3365,-0.016614504188721745,0.76390659697053909
3366,-0.013778858481805994,0.7626917549436445
3367,-0.014089416918274847,0.75853517694965333
3368,-0.015601884606012599,0.75722023195060684
3369,-0.016048396362874306,0.76003746208357592
3370,-0.015994575820481166,0.76485007984453601
3371,-0.013986620557860981,0.76235420541850252
3372,-0.013717146629831124,0.76164676273307808
3373,-0.015016714447302076,0.76123223641091742
3374,-0.015516206685860521,0.76518853486162952
3375,-0.014201824862519738,0.76173781267737961
3376,-0.016194977296048435,0.75835524408878963
3377,-0.015611894714736464,0.75988311048076274
3378,-0.016722581186974853,0.75867324730558405
3379,-0.016685231279553965,0.75814035050540485
3380,-0.012608850746956956,0.75888533745406372
3381,-0.015379013366430116,0.76322712087958455
3382,-0.015450565087212277,0.75201177541975139
3383,-0.014090155538766127,0.75616261892423475
3384,-0.015512893876239676,0.75836831532817928
3385,-0.015358462079439847,0.755949935979913
3386,-0.011260155448465368,0.75740292364630124
3387,-0.013639405244025807,0.75875846629583898
3388,-0.016815569786875428,0.75801899036825604
3389,-0.010948300435493077,0.76007027497872048
3390,-0.015497074780367137,0.76395620135868059
3391,-0.016404815227097996,0.76105186277343317
3392,-0.014820494305693859,0.75490836941153105
3393,-0.014964440992237845,0.76234614982747873
3394,-0.017208341724361441,0.76071929065200716
3395,-0.015245388921872462,0.76327454520402427
3396,-0.015326133019544844,0.75699581668570792
3397,-0.016263103113796525,0.76153881389633526
3398,-0.015748029810803726,0.75924365174752306
3399,-0.015779917532752971,0.75691675318333207
3400,-0.013348433383606546,0.75138386456655559
3401,-0.016103074646111756,0.76253542036289845
3402,-0.014653337645076838,0.76186980126087323
3403,-0.01445476021993357,0.76291516818718341
3404,-0.016231069491905101,0.75619830927025955
3405,-0.01494675813515494,0.76452250697642665
3406,-0.015100252389900154,0.76017786282503208
3407,-0.016148215505491614,0.75377423194501003
3408,-0.011202073118527237,0.75322677237367863
3409,-0.015505052044244775,0.76034385808601512
3410,-0.017245314044071113,0.75910093504944143
3411,-0.014085662280656752,0.76498021107705083
3412,-0.01504796172517482,0.75915145630708747
3413,-0.017601560307553582,0.76015875855072113
3414,-0.015778311348245207,0.75890447898027935
3415,-0.016333084763582806,0.76349511508508816
3416,-0.014869929029538312,0.75890326796428353
3417,-0.013899868846302614,0.76264414517993351
3418,-0.013555999838831852,0.75167855560293151
3419,-0.014253767915808352,0.76016444565478136
3420,-0.015147929368843283,0.75741960882865134
3421,-0.01534166909024358,0.75205791244205189
3422,-0.015736948059437983,0.75996489240364695
3423,-0.015323230633294015,0.75153036438900855
3424,-0.013770127259858388,0.7583001687351133
3425,-0.013843746406540647,0.76281536257319393
3426,-0.014646132088837045,0.76308353800033069
3427,-0.015851610392274125,0.75517261308527917
3428,-0.015597412711694712,0.76061003644661862
3429,-0.012859374140659012,0.75767864568770915
3430,-0.015218937352710498,0.76228127913079691
3431,-0.015700241012475392,0.75437014927602597
3432,-0.014910378266810475,0.76398752428692374
3433,-0.014044288917796544,0.76353120399493446
3434,-0.016183772731285316,0.76111965711737817
3435,-0.01525753522234102,0.75961706102786586
3436,-0.017026682554201037,0.7633693292456466
3437,-0.013309642185059069,0.75870774727676848
3438,-0.015982364324491967,0.76177178302323867
3439,-0.015827505295086114,0.7619342858068735
3440,-0.015139169518656325,0.75861156624111004
3441,-0.015629711531333912,0.76018145438490359
3442,-0.015145873242479662,0.75919111044141652
3443,-0.017015141405032172,0.75964265012925625
3444,-0.016714244244340808,0.76049846193306803
3445,-0.015212497637981763,0.75926107680382426
3446,-0.015550068965783587,0.7599956003939341
3447,-0.015104152924664726,0.75468778456069963
3448,-0.014504016627026961,0.76255195680625076
3449,-0.014421229871923669,0.761051514523158
3450,-0.016542877902622061,0.75623386042689456
3451,-0.011819672488489776,0.76196358389469265
3452,-0.016569723127205789,0.75921465494680429
3453,-0.015360604543205847,0.75108336738108639
3454,-0.012551131095612603,0.76388770253099381
3455,-0.013176240144907604,0.75892995743186942
3456,-0.014336675586507568,0.76193895726575689
3457,-0.015029831871161494,0.75737758361212448
3458,-0.013953267573794387,0.76130685202718096
3459,-0.01723445794754605,0.76376456170812979
3460,-0.01291577707153658,0.75149582979164919
3461,-0.015628733352070909,0.75884246406931355
3462,-0.015805114375563936,0.764551211837738
3463,-0.015150360585261402,0.76376019632567471
3464,-0.014353464169227864,0.76001526062926916
3465,-0.015437820305499256,0.75844922087502198
3466,-0.016994103639504377,0.76284503386592917
3467,-0.017987469213758212,0.76058885441588298
3468,-0.013783468317797282,0.76059338658914433
3469,-0.01636893975563438,0.75988881173864453
3470,-0.014241583865136834,0.76428389023722954
3471,-0.016672465111780648,0.76164768052623066
3472,-0.016567567012643204,0.75676300983200695
3473,-0.01399798881252555,0.75463333442571967
3474,-0.016057593492863412,0.757915966357946
3475,-0.014607391171087912,0.75740869439098923
3476,-0.016533641169654285,0.75591305577811518
3477,-0.014438983868974362,0.76117788809751119
3478,-0.015630410755040923,0.76162430574844753
3479,-0.013742430532694567,0.76267036764563834
3480,-0.016183955222498277,0.76154093807834145
3481,-0.015767875703419525,0.75983854842933407
3482,-0.015936220938464415,0.75823495926008111
3483,-0.015179934410776502,0.76084445358023378
3484,-0.016602647624164336,0.76032006015849929
3485,-0.014395506757985909,0.76222739167172626
3486,-0.013890597436805711,0.75394679596350234
3487,-0.015733870872353301,0.76272087173418046
3488,-0.014286672784677363,0.76106453989985035
3489,-0.014410387034555725,0.76349275200846745
3490,-0.014421735633232678,0.76345884364913263
3491,-0.016065526426601758,0.76188337185031918
3492,-0.015120388926797656,0.76572865477474039
3493,-0.015970049122651403,0.75725980875094034
3494,-0.012223198262698414,0.76514599272029549
3495,-0.015009269537818936,0.76154124555169744
3496,-0.014995943643564968,0.75536613608125447
3497,-0.015585124092697539,0.76474923126151739
3498,-0.014489612552770061,0.76104210689376317
3499,-0.01509009077976234,0.7532245517768329
3500,-0.017174466273773576,0.76072105604248863
3501,-0.01348081478154068,0.76105808778303619
3502,-0.014677693574816665,0.76496322807478734
3503,-0.016105149726696719,0.75961418030190531
3504,-0.013802815547943484,0.75735632896459537
3505,-0.012724857133208051,0.7499252438277072
3506,-0.014710290472462089,0.75676619671636347
3507,-0.014374401850741335,0.76369076795660151
3508,-0.014837085912126943,0.76273284177358247
3509,-0.015978924684561684,0.75530950490596682
3510,-0.014634375497266433,0.75516018022477738
3511,-0.016063754991299729,0.76115613549263761
3512,-0.012485223742941146,0.75925209466649912
3513,-0.015580670335336123,0.7521547380600011
3514,-0.01619028892248222,0.76309299958292054
3515,-0.014878984416386874,0.75865799809446455
3516,-0.016455034629249847,0.76082451106245119
3517,-0.015295472699986212,0.76125876985211038
3518,-0.014846970342730116,0.75975205001246748
3519,-0.014638078497430552,0.76129633576423195
3520,-0.013265559232079133,0.7651927140507343
3521,-0.01376284603147482,0.75545905113399303
3522,-0.015426321699448709,0.76586270608295015
3523,-0.015976588164358485,0.76329402612480435
3524,-0.014089367203121731,0.76199141629510059
3525,-0.016309428250344583,0.75822502781567336
3526,-0.016303713577640291,0.76143631975128978
3527,-0.016557585801133964,0.76294530168534813
3528,-0.014490697459797593,0.76292371701573136
3529,-0.018289522909293601,0.76348841119920352
3530,-0.013793947322913511,0.75101150201849476
3531,-0.016075637075070308,0.75672910474160582
3532,-0.013358674406424175,0.75989124498694749
3533,-0.013167055601692006,0.7486646957372074
3534,-0.015545390846118789,0.76126463248469334
3535,-0.014138122156827674,0.75569018774178365
3536,-0.016143624138283012,0.76118671711288999
3537,-0.016105477052425814,0.76149440288835679
3538,-0.014811459261662349,0.75779102591878034
3539,-0.015109887031662743,0.7563919453075495
3540,-0.013888492542895203,0.75761886671331613
3541,-0.014942906313526043,0.75930619952467349
3542,-0.013859750400797677,0.75579904975267576
3543,-0.014155887811631037,0.76244525124126017
3544,-0.017093169193697841,0.74933746357976083
3545,-0.014589735270986072,0.76782242998622641
3546,-0.01279527594503117,0.7547520896400649
3547,-0.0139033082893864,0.75226922157199461
3548,-0.016760299129558832,0.75910157944076773
3549,-0.014950840263826433,0.76027359656118054
3550,-0.015325334236124579,0.75981833415017697
3551,-0.015825729983879551,0.75823878453199611
3552,-0.014661752395257938,0.76193288896772571
3553,-0.016598399187310361,0.76041462599322662
3554,-0.014082619879820958,0.75994360848053499
3555,-0.014963791838752757,0.75850203916555559
3556,-0.015792027045263828,0.75286659587133198
3557,-0.016034849352324968,0.75836119242297739
3558,-0.016231035662910433,0.76370788102215137
3559,-0.016306659798221754,0.76176986329773932
3560,-0.012183422300224442,0.75503356417568412
3561,-0.017095582261483385,0.75917745820849958
3562,-0.015022417832631906,0.76147458312466731
3563,-0.01568100477768377,0.76272216805682125
3564,-0.015650721655035379,0.75879737951248261
3565,-0.015858582869084217,0.75935269887434464
3566,-0.016441793969415086,0.76333160686290613
3567,-0.014788283806040369,0.76070274964404061
3568,-0.016617743851260736,0.75917774792033488
3569,-0.01322912063546723,0.76327779868963386
3570,-0.015603206423044262,0.75903724768501035
3571,-0.01607596915422245,0.7601027413862621
3572,-0.017787707938962533,0.76142275926304648
3573,-0.014842355933110521,0.76379651987487907
3574,-0.015435852284199837,0.75818947493776856
3575,-0.0133257187697132,0.75945294672099095
3576,-0.012421317964494126,0.76397536086476314
3577,-0.01612512483073094,0.75591327249492957
3578,-0.015797514890066724,0.76302995788842021
3579,-0.012823898420801243,0.758974061357926
3580,-0.01558212674270357,0.76108797773171488
3581,-0.016907292077870152,0.76303222947375904
3582,-0.015189410461379522,0.75720029421279011
3583,-0.013945247794213378,0.76064546671878974
3584,-0.017283177646777424,0.76003659418459535
3585,-0.015245331561444486,0.75432717751749745
3586,-0.0152984959117177,0.7581482915190958
3587,-0.016916181300512072,0.75848463092289375
3588,-0.013902265749148962,0.75417222160889086
3589,-0.013543332827605165,0.75551279442768748
3590,-0.012857535616173876,0.76131694856842025
3591,-0.015103982299526683,0.75550166016777554
3592,-0.015985775415278743,0.75981133706188564
3593,-0.015545912335190889,0.75663721933833294
3594,-0.015250810584088446,0.75908047846345883
3595,-0.01779248404350172,0.75793528238932439
3596,-0.015048505079835035,0.7622696091279888
3597,-0.015502142677537186,0.75858876591569102
3598,-0.012975837248495695,0.75869237543114576
3599,-0.014323111419179977,0.75767259069626058
3600,-0.015630438819539821,0.75476664720351638
3601,-0.016260804892727972,0.75772940640293851
3602,-0.015479446620945112,0.75929513491648171
3603,-0.016337540681993334,0.75881327865944825
3604,-0.015500821215404324,0.76083623436587622
3605,-0.018026429746870978,0.76025461530300265
3606,-0.015336124895652638,0.75987767841783282
3607,-0.010877682474230051,0.75474451163215295
3608,-0.014460710346741977,0.75339041713890009
3609,-0.015883840847055162,0.7521808801180333
3610,-0.015390798549243797,0.76145241772945815
3611,-0.015410179627140691,0.75742641124485444
3612,-0.014536549638689462,0.75987740054263042
3613,-0.01545489830362674,0.75982630680573859
3614,-0.014394994453193902,0.75832970661095656
3615,-0.015501491063883252,0.76131018617521595
3616,-0.015653669089008827,0.75175049644880942
3617,-0.014729060924684834,0.75846252484550036
3618,-0.016542281898705664,0.75979204926652666
3619,-0.015018906963455522,0.7577955112287228
3620,-0.015543058704890263,0.75976962441808782
3621,-0.013809335133381695,0.76441913825054775
3622,-0.014032152972645822,0.75910706995188093
3623,-0.016747405476359879,0.75892304378913766
3624,-0.013412626388831839,0.76723580066376895
3625,-0.0148774428452442,0.7566108536311138
3626,-0.017306096676738658,0.7543935536024311
3627,-0.015491117702818124,0.75641192057199425
3628,-0.016038058135730671,0.76236239292057173
3629,-0.013657609260516469,0.75955179660144667
3630,-0.014836987990967186,0.75653311202389406
3631,-0.013437506491834894,0.7562858396865747
3632,-0.016546169726309422,0.75805968740480678
3633,-0.016092973958638401,0.76156449146230221
3634,-0.015540711738912924,0.76245505104013689
3635,-0.015803097632979105,0.75779031130082475
3636,-0.015128992849477742,0.76132193108352653
3637,-0.016991698723712416,0.76046148221774379
3638,-0.014154295478730965,0.75077163285773441
3639,-0.016316625059118267,0.7612438353929275
3640,-0.015844912106314956,0.76130350133513824
3641,-0.015738542433517078,0.76445551440827253
3642,-0.015978204935968451,0.75438504229947256
3643,-0.015093593039546488,0.7587469988374711
3644,-0.013059027045889628,0.7561864887895634
3645,-0.015391159905340254,0.76156286705339626
3646,-0.015536518347377683,0.76527873141225145
3647,-0.012846078951819244,0.75768993296028075
3648,-0.014872593922459716,0.74840322720038144
3649,-0.015185778413753069,0.75706787281142807
3650,-0.014454876568395315,0.75735854017353299
3651,-0.015166672882876618,0.76112854666492658
3652,-0.015863805669705043,0.76529889955277464
3653,-0.016536464457202141,0.75757390684593728
3654,-0.01640924961205048,0.7639708137916571
3655,-0.014548919533550564,0.7535506671098724
3656,-0.015123272641890399,0.75577749962042762
3657,-0.0154354434158174,0.75813575617186768
3658,-0.013241783042885006,0.75693763957141991
3659,-0.015688470667878179,0.75654313529800155
3660,-0.013970093412902082,0.75897885701657475
3661,-0.013456177148389667,0.75777404605456555
3662,-0.01573498210434756,0.75579464278060915
3663,-0.014012560561566438,0.76398750509376401
3664,-0.014571583238343873,0.75550715530904178
3665,-0.016432783247115262,0.75998517000178112
3666,-0.015631185762734798,0.75834408298058154
3667,-0.015532628852750783,0.75877111891749693
3668,-0.014611692212699118,0.76267916710574402
3669,-0.016126115129636426,0.76201841476901011
3670,-0.013050925486549228,0.75583368192382661
3671,-0.014098998320206968,0.76320240412865292
3672,-0.014962676357828282,0.75397839129249433
3673,-0.014821074468128281,0.75887272775886383
3674,-0.0137735887330482,0.75966950104424413
3675,-0.016039602684979816,0.76227980924756678
3676,-0.014935424962140471,0.76410178926887307
3677,-0.010684881889875998,0.74812799333936508
3678,-0.014942413729514588,0.7608133820271441
3679,-0.013933535829756073,0.76099646189175707
3680,-0.014343181717948903,0.76493777202757363
3681,-0.013443533060401495,0.7612050966771623
3682,-0.01304306713224361,0.75977530467534393
3683,-0.014447742359966372,0.75939846109831
3684,-0.015431329172390582,0.76738195567961398
3685,-0.016795512846881987,0.75648668033068178
3686,-0.015071973138687824,0.75965344044604988
3687,-0.012122564548757077,0.7577170772410381
3688,-0.013351358229089009,0.76179343769919439
3689,-0.014569956104651805,0.76691252997093129
3690,-0.014046774926062638,0.76366571076066392
3691,-0.01414571768790095,0.76118860400152866
3692,-0.016138178855464251,0.7601515681111497
3693,-0.014838755595858981,0.75467436293424095
3694,-0.015420028358315498,0.75742030663638071
3695,-0.015572206993485428,0.75681078136397151
3696,-0.016326887645941045,0.75669520881735997
3697,-0.012213038095094777,0.75930784650693983
3698,-0.014304313078313069,0.76514756826985209
3699,-0.013768710419353842,0.75555887877704564
3700,-0.013577614437865712,0.75591290343933026
3701,-0.011961578154827571,0.75888281918230394
3702,-0.01591341099223801,0.76230879240452709
3703,-0.017132903319047946,0.7589556396139997
3704,-0.014247631888852133,0.76573853153669136
3705,-0.015163114539153918,0.76349258929624353
3706,-0.016076239457210262,0.76111432494734821
3707,-0.016559136040936312,0.76139153126773085
3708,-0.016256741908030371,0.75608488856284006
3709,-0.012404948052077215,0.75908265664977037
3710,-0.013652751646509205,0.76343784592723218
3711,-0.012409955406137402,0.75664409788082476
3712,-0.015799069007134854,0.75790347783817491
3713,-0.016258749028287674,0.75615972091603689
3714,-0.014154105133761427,0.76153414275026654
3715,-0.014371429131880649,0.76056671322630032
3716,-0.014821338583840115,0.75515944938609636
3717,-0.014436219278566564,0.75842514183690557
3718,-0.015354129726956213,0.76114505414299527
3719,-0.01554565329248651,0.76112649890311224
3720,-0.015573862165859093,0.76517238939969789
3721,-0.011751687981545324,0.7577352121329417
3722,-0.015377518247478556,0.75604495726321486
3723,-0.015882252856051819,0.7624815478010587
3724,-0.012631778940054759,0.75684903389081271
3725,-0.013455247470667432,0.75178882292564719
3726,-0.01542321770901821,0.76265191265868371
3727,-0.016084598845987966,0.75582093863560851
3728,-0.015538680499329138,0.76755547710042782
3729,-0.015265466734371312,0.75555454978623227
3730,-0.016002084538210372,0.7594032426999231
3731,-0.011526491057302597,0.75694007711251809
3732,-0.013549946803487475,0.75892987083327157
3733,-0.015720399065799043,0.76441120564297027
3734,-0.016103739746211911,0.76374536447791164
3735,-0.015800381241102855,0.76174081679451444
3736,-0.016728735700232103,0.75571124206259321
3737,-0.014903395770137821,0.76275344851463267
3738,-0.013735466459286893,0.75149420952573098
3739,-0.014361691077074823,0.75781342553308251
3740,-0.013345160125846599,0.74971177141236423
3741,-0.015448464688694093,0.76553266993811064
3742,-0.014197515941671839,0.75907189107016459
3743,-0.014058751152944528,0.76195711611790451
3744,-0.016188904519828389,0.76522659888737332
3745,-0.012995798182160954,0.75196351094868064
3746,-0.015634606674261281,0.75994300886001298
3747,-0.014371455842248537,0.75870398393612071
3748,-0.014225013735744441,0.76247620405428285
3749,-0.015044203499071148,0.75939127453922184
3750,-0.017398099619502415,0.76273614322067262
3751,-0.015530318667736803,0.76203666797753511
3752,-0.013600619229308169,0.75959125462277077
3753,-0.014729060924684834,0.75846252484550036
3754,-0.015019293061061105,0.76120497178111268
3755,-0.014342491618647667,0.75496635711035109
3756,-0.017545161294836614,0.76759832920616078
3757,-0.014014259128749713,0.75493909095368417
3758,-0.016303634147899281,0.75839656563715985
3759,-0.016156169203344166,0.76127102728460372
3760,-0.01573984669836025,0.75525938287030703
3761,-0.015264599813086028,0.76113379494324274
3762,-0.014294338129155074,0.76308542211710106
3763,-0.015646380368170003,0.76009145483334373
3764,-0.016074049483745842,0.75500886349280139
3765,-0.016167938765227027,0.76104591524388931
3766,-0.015298922640999432,0.75704096690443456
3767,-0.013989883291274433,0.76135285059754243
3768,-0.014716879106143841,0.7624540529416286
3769,-0.015836019260425327,0.75871355606351043
3770,-0.016176005806708003,0.759924138009201
3771,-0.01498939364313164,0.75946563289123314
3772,-0.013510974457428538,0.75154112557760033
3773,-0.015362212338987205,0.76063568519121716
3774,-0.015118681282886967,0.76386404659155627
3775,-0.01588521698515926,0.75972346385600908
3776,-0.016203842998472197,0.75794973808612831
3777,-0.016041110837278931,0.76301692227450646
3778,-0.015676156163782169,0.7623011625946402
3779,-0.01309798266754451,0.76352727572099055
3780,-0.015029602898828896,0.7585710501018984
3781,-0.015466750754629477,0.75806444938919715
3782,-0.015280609147154558,0.7561646448561824
3783,-0.016244242891863721,0.760638225939678
3784,-0.016518161289936516,0.75534292550373638
3785,-0.016090454776283056,0.75819980025514644
3786,-0.015056396925339577,0.7543861350140999
3787,-0.01295048633116771,0.75946138460222878
3788,-0.01422202792047823,0.76483889281579487
3789,-0.016891774333333824,0.75920789016702384
3790,-0.015412088588906624,0.75993395764513227
3791,-0.014496582027746223,0.75540511995668802
3792,-0.016498636886047118,0.7526355818890208
3793,-0.017481464453247664,0.76285541075480612
3794,-0.018191698492190406,0.76535642019017069
3795,-0.01593912462884145,0.75718253217208831
3796,-0.014711733208463024,0.75691784031055642
3797,-0.014282567354659777,0.75780351196728191
3798,-0.014381049552430235,0.75556740920432464
3799,-0.015217763765277791,0.75548278348947673
3800,-0.016616389709848831,0.76198937902427066
3801,-0.015409924254782763,0.75861511076890797
3802,-0.015315081641935376,0.76320215731809538
3803,-0.016369738217833135,0.75964901351573222
3804,-0.017238640832264861,0.7604467032094806
3805,-0.016727168461465009,0.75921779419519375
3806,-0.013856680881760364,0.76296789267365772
3807,-0.01653078224699267,0.76001578540623593
3808,-0.015301341552272918,0.75533345431975962
3809,-0.014987377918481553,0.76181141876088665
3810,-0.014461334440160754,0.76061953817283956
3811,-0.017634590195523721,0.76228800181032608
3812,-0.014111261284861789,0.75986686146727123
3813,-0.013036569115149187,0.75448054202462855
3814,-0.014269927487638241,0.76129942691960251
3815,-0.018554300202728066,0.76122673474577063
3816,-0.01338491269456501,0.75828820975316213
3817,-0.014106957879594166,0.76330841811914329
3818,-0.013563406787808568,0.75134608176429052
3819,-0.015283395657878635,0.75769972972871402
3820,-0.015439953843780286,0.75446332925792914
3821,-0.01276610415273647,0.75881662241480441
3822,-0.014851554498514042,0.76168314465677978
3823,-0.015168778984073221,0.76014375521132527
3824,-0.013715912866249345,0.75892696101680068
3825,-0.015161765817040082,0.76209910227889244
3826,-0.015709190032163915,0.76197521309537608
3827,-0.015192634162671576,0.75689707200877787
3828,-0.014245237527011071,0.7605412834454679
3829,-0.013606127904485923,0.76631722424369575
3830,-0.014466656440587736,0.75648884600217436
3831,-0.016660173497230799,0.7582985530254357
3832,-0.01325578542132674,0.75853629945524392
3833,-0.013737866664346378,0.75464631862449427
3834,-0.018236843166806661,0.7596078631744716
3835,-0.015397021092698025,0.75915240744816748
3836,-0.013151590456950194,0.75608088507432536
3837,-0.01514322092847232,0.75891184421726643
3838,-0.013801601744381539,0.76109214722139507
3839,-0.015139948750806572,0.75386288127726819
3840,-0.014767117640745222,0.76657654313010293
3841,-0.016745735215342589,0.76096654383850371
3842,-0.014822911425810803,0.75854037003952735
3843,-0.015890387327455097,0.7611793431863153
3844,-0.014692016840399407,0.75898513008969892
3845,-0.016678825671165992,0.7574825100455761
3846,-0.015166641760911096,0.76709975752812576
3847,-0.015850729009115445,0.75805120650022151
3848,-0.016567298892479501,0.7602796556521082
3849,-0.012454071071724597,0.76008279611166385
3850,-0.015821073867826833,0.76325980192179399
3851,-0.0154011071858583,0.76192558184387349
3852,-0.015802002918640784,0.75825976010811358
3853,-0.013921807907901991,0.75824956901514007
3854,-0.0128672605230572,0.75349801266014482
3855,-0.017457792895069612,0.76798964548359683
3856,-0.01719848649196757,0.75947834030265082
3857,-0.013672242245258644,0.76071868714649116
3858,-0.016917453824818254,0.76166883239889527
3859,-0.017860182129030615,0.7626935538936721
3860,-0.016020406289437183,0.76307080084582346
3861,-0.015029096930208744,0.758154796881084
3862,-0.015193404758675595,0.76676283442227533
3863,-0.016454771878979708,0.76387486169222174
3864,-0.017184583181640775,0.76224532623317498
3865,-0.014254348519774338,0.74810657663689606
3866,-0.014294638304727984,0.76390994109310517
3867,-0.015340559867777459,0.76187747260889604
3868,-0.015911375771728534,0.75929604852059562
3869,-0.015535886976918017,0.76004580427176238
3870,-0.014090011314300667,0.76155256368742663
3871,-0.01537487125113836,0.76168928259697111
3872,-0.017284094703745201,0.76351858071155188
3873,-0.013022111387362836,0.75556457136527
3874,-0.017492576094757711,0.76429339581157218
3875,-0.015043587584108476,0.75337609329149313
3876,-0.017459307202761176,0.7590926176718642
3877,-0.015399110695256421,0.75624410238699236
3878,-0.014144873260536057,0.75410080280148617
3879,-0.013058395439662319,0.75592394252885309
3880,-0.016036195825429221,0.76029895939615399
3881,-0.016138453767774331,0.76015411327674931
3882,-0.016615362418039618,0.76030589939845938
3883,-0.0138928349342045,0.76233359633693487
3884,-0.015769741532224012,0.75714833458718278
3885,-0.014202041072332411,0.75458573636858373
3886,-0.016434303920777119,0.76101310438608238
3887,-0.01473704505030742,0.75462843028628046
3888,-0.016586993819394619,0.76154940242344737
3889,-0.015310362495746877,0.75566870912388484
3890,-0.015492835706469907,0.7625061558360976
3891,-0.01321095924762415,0.75578215667972926
3892,-0.016106914840990846,0.76044046458384318
3893,-0.016946621304451112,0.75929858004122419
3894,-0.015846870111686923,0.75800963788945974
3895,-0.013894539330989509,0.75781510907407046
3896,-0.016020921578685916,0.75666378461451689
3897,-0.01492745795595688,0.75447929229004873
3898,-0.014701130436250508,0.76430571056793384
3899,-0.01394505067228083,0.75509608118049665
3900,-0.015516712103074703,0.76177229851898065
3901,-0.015120971566583478,0.76174538848087014
3902,-0.013457377298180933,0.7611710637436977
3903,-0.016235113978142375,0.75973169031794852
3904,-0.013324993038509999,0.75906507555641589
3905,-0.014213122525927073,0.75766933591903463
3906,-0.01414488770284302,0.75672146004545393
3907,-0.015921585848160176,0.76026209807771938
3908,-0.016582127302113232,0.75790150193108297
3909,-0.015769046876408468,0.75592554367828635
3910,-0.014260241187273277,0.75766646860191023
3911,-0.016343127468889718,0.76108386168227093
3912,-0.016516114718620564,0.76157022658721774
3913,-0.014354103269816152,0.76146357242068141
3914,-0.016266930090626831,0.76363844500902722
3915,-0.01558734245975619,0.75313271790813519
3916,-0.01482756486370704,0.75543570608883548
3917,-0.015832090124901135,0.75953141873076047
3918,-0.015881175121601879,0.76325534649093552
3919,-0.014836907612268397,0.75601692982768143
3920,-0.015294578309873214,0.75955988319597523
3921,-0.017231722924738086,0.7653837326422317
3922,-0.016616608377312284,0.75768046778906628
3923,-0.015027067006008539,0.75634384774941055
3924,-0.015228203526041336,0.75924261464525911
3925,-0.015651765982942101,0.7592899071303485
3926,-0.014026334558507873,0.75967231348659203
3927,-0.015376168657098456,0.7655681032193733
3928,-0.01645659638990081,0.76359749412392675
3929,-0.016066795693529975,0.76327435878869299
3930,-0.017460283360360838,0.75665750909854401
3931,-0.015576708319477134,0.75435643832367594
3932,-0.01393859175403774,0.76090556896721806
3933,-0.01631114215613981,0.76370619199761025
3934,-0.014288393980647521,0.75867606043856284
3935,-0.013994913496213417,0.7640525976977901
3936,-0.014412826461626541,0.75852192261182227
3937,-0.015163789091979574,0.76334310971566266
3938,-0.014557729387996179,0.75775769058416642
3939,-0.016487616852737225,0.76376309858250457
3940,-0.014694396246901009,0.75087479498572862
3941,-0.015214195933449035,0.75975740513564793
3942,-0.016946327422588274,0.75730093414708133
3943,-0.016801060229693823,0.76325814353271104
3944,-0.01342604959301095,0.76515996624674842
3945,-0.01500843846256575,0.76213976257632365
3946,-0.016665015221280579,0.76075434150506294
3947,-0.015792112488056731,0.76766712581476726
3948,-0.016238033687410482,0.76216134588641671
3949,-0.01436687184512042,0.76587209872485018
3950,-0.013985725614538667,0.7604864620516425
3951,-0.016475130498200312,0.75940158789446166
3952,-0.014140549361975277,0.75635558388522384
3953,-0.016947165766861588,0.75652658303920894
3954,-0.014677029189062777,0.76489647708926722
3955,-0.015953963889651354,0.75119587410206956
3956,-0.015161463429159514,0.7618673550968994
3957,-0.014358637316423305,0.76078187395945662
3958,-0.014782267288895019,0.75916422493340796
3959,-0.015010186760679398,0.75652028893095657
3960,-0.016108743203874773,0.76098172095489125
3961,-0.016422628367466142,0.76055466397314775
3962,-0.015781042699921186,0.75612065533038819
3963,-0.014638836200555137,0.7579444725944251
3964,-0.013580775055095518,0.76030233196049513
3965,-0.014330841864007659,0.76359931252111435
3966,-0.015926944239713095,0.7660619723117803
3967,-0.012943491001538748,0.75948414726146518
3968,-0.012734379369613807,0.76182599973503073
3969,-0.013000156509299319,0.75770074183076286
3970,-0.014594313849298339,0.75810624882845135
3971,-0.014625837265417312,0.76004547341500972
3972,-0.015326131611791525,0.76065805356707517
3973,-0.014689604242273811,0.7585106470000571
3974,-0.013604912825694421,0.75675234370062183
3975,-0.017847604109721561,0.76048609981328341
3976,-0.014221857109405083,0.75791095295904609
3977,-0.015192462582086039,0.76274662995616671
3978,-0.01576613632713213,0.75753695199645499
3979,-0.014788283806040369,0.76070274964404061
3980,-0.015825913763505436,0.76103981209432958
3981,-0.014921113197585423,0.75953277769625893
3982,-0.014314063029755436,0.76245917292644749
3983,-0.015460066425030691,0.75585383936676198
3984,-0.017454200829968403,0.76396052169845319
3985,-0.016928241281541547,0.76119397962623858
3986,-0.015822235308418815,0.76166542637888401
3987,-0.016579237130391875,0.75866220366435833
3988,-0.015935590919050103,0.75660618001471247
3989,-0.015159970569771319,0.76483732900148405
3990,-0.014485615235576512,0.76153245313572393
3991,-0.016282393807201465,0.76117615865714872
3992,-0.015321650131617796,0.75855853543257379
3993,-0.016677593625866807,0.75935751436450694
3994,-0.015871273298069727,0.75741499463691164
3995,-0.015436096433095785,0.76283085269509199
3996,-0.016349676445534485,0.75479711288093287
3997,-0.012598760119215633,0.75952050074443955
3998,-0.016978386599848749,0.75879439029161944
3999,-0.012947021734833678,0.75808597911319064
4000,-0.015097851884760441,0.75429320888426243
4001,-0.014535654066105113,0.75998695666346539
4002,-0.015592934805412864,0.75956241274933278
4003,-0.015772565546177883,0.76193538157652363
4004,-0.015244687535419178,0.75449817021918131
4005,-0.015264931044842259,0.75813003164003168
4006,-0.014205507272955675,0.75837596358188775
4007,-0.015406281172791464,0.76128597058671077
4008,-0.016178769346284892,0.75815358012681999
4009,-0.016387615950130462,0.75898588966905189
4010,-0.017424463613172177,0.76415388477327106
4011,-0.014426040448277737,0.76495280808834276
4012,-0.015905867159965059,0.75997020500377244
4013,-0.013977747870786711,0.75462720981038844
4014,-0.014676888274353001,0.76555582317951787
4015,-0.017252866715922195,0.75933555914073547
4016,-0.015566716884306079,0.7569339014919052
4017,-0.017864539289507653,0.75858147980300927
4018,-0.013499206102460484,0.75686341018348624
4019,-0.016523053313613797,0.75615073226602236
4020,-0.012961938383088878,0.76049897623625118
4021,-0.01250463865256982,0.76066966057847907
4022,-0.014964062680162827,0.75863505146640409
4023,-0.016153115189676437,0.75898732527897783
4024,-0.015104333323979065,0.76162617827971923
4025,-0.014090150852903887,0.76519431366838764
4026,-0.013140451706443882,0.75949981043197923
4027,-0.0155832692798902,0.76064532618581859
4028,-0.014550871670824922,0.75847467849552885
4029,-0.017289346418751982,0.76043425450247237
4030,-0.0131018537389448,0.75658798114597103
4031,-0.014792108709331451,0.75488048131100893
4032,-0.016585390597321545,0.76140117513279759
4033,-0.015824205971177084,0.75482999571606557
4034,-0.018156614243699607,0.75850752952309741
4035,-0.015278557190216799,0.75849788528854978
4036,-0.01296228629050562,0.75479906367987348
4037,-0.016327529867466523,0.75695668863793275
4038,-0.016259187923882881,0.7604587493731193
4039,-0.015137119412196214,0.76340234626174985
4040,-0.014512042861796188,0.75920960334398735
4041,-0.016663274342662251,0.75628795035330731
4042,-0.015938621524745872,0.7585231150967946
4043,-0.015056958695514882,0.75833412873275308
4044,-0.01471116386868861,0.75899337022617497
4045,-0.014313026080136381,0.75799743429544242
4046,-0.017355389730896446,0.75559754356912656
4047,-0.014854660391498447,0.76721211523389188
4048,-0.014004798427933016,0.76217162735434629
4049,-0.017064831259541266,0.76094620603553575
4050,-0.015504865435865654,0.75133194006568105
4051,-0.01420201444118791,0.76017037653393138
4052,-0.012924262947557399,0.75686802007594078
4053,-0.013545317322285519,0.76159669795281804
4054,-0.015918825400641195,0.75718231682521275
4055,-0.015147119434868061,0.75847557739301141
4056,-0.01550100440367809,0.76272029717376466
4057,-0.015800248987826573,0.76495569380649064
4058,-0.013378092324554534,0.76118735234611823
4059,-0.013549549955288833,0.75777589079726448
4060,-0.015868958753974059,0.76316337453239302
4061,-0.014998504108078793,0.75893492285815356
4062,-0.016788516366018642,0.75658835337767716
4063,-0.015411188724217708,0.75437747101245656
4064,-0.015445838904297248,0.75954724121210992
4065,-0.014528920224002194,0.7595151911191067
4066,-0.0163862889538616,0.75628318523750271
4067,-0.016305899579229524,0.75874765831601565
4068,-0.012601820562101549,0.75467570189521893
4069,-0.013807171266005554,0.7543827402402653
4070,-0.014471721809269996,0.76020584702884664
4071,-0.014640610184244948,0.76140994011509056
4072,-0.014098556676080004,0.76160757215737329
4073,-0.013797576195199807,0.75784571237069009
4074,-0.014298792463954987,0.75857940910801636
4075,-0.013952274469362525,0.7607852148467682
4076,-0.015429319678638097,0.76114576325440331
4077,-0.015075871387216772,0.7577545857391782
4078,-0.013752605899160837,0.75975582664261532
4079,-0.016989664924580924,0.76160602867236826
4080,-0.015060205465744422,0.7579440356863173
4081,-0.015390884004816766,0.76215013240742757
4082,-0.015587799238492298,0.7568767817517269
4083,-0.016637444221512331,0.75975845276104348
4084,-0.01411228364558831,0.75477598975912552
4085,-0.014556213136716897,0.75596690328216942
4086,-0.016281625317849081,0.75644729613447004
4087,-0.015312688027382004,0.76092974588869156
4088,-0.016355004005242601,0.7561656377686492
4089,-0.015099914963690699,0.7593818071594699
4090,-0.01668532362049982,0.76022338366588094
4091,-0.011872922450495194,0.76048256766453337
4092,-0.015000650743935317,0.74875659137744544
4093,-0.015186317539707488,0.76006183111365444
4094,-0.012250506985030142,0.75343172304628347
4095,-0.01531821247845495,0.76021419874815288
4096,-0.017034143947385644,0.75829774839111352
4097,-0.016231730766746551,0.76529062758519051
4098,-0.013859577641687102,0.76432184498455147
4099,-0.014435778354956351,0.74899412933099985
4100,-0.013776879024657742,0.76004809103615112
4101,-0.015264987187174665,0.7595815619041173
4102,-0.014880839942909221,0.7660878093369593
4103,-0.015226045987216804,0.75916017011176151
4104,-0.013307655534810364,0.76484636657090832
4105,-0.01623350800054222,0.75888337031947872
4106,-0.014706546270469585,0.75240695227022825
4107,-0.014550899485835368,0.76123931250118404
4108,-0.016582524272602834,0.75840368546081427
4109,-0.015910178367291201,0.76026264990293446
4110,-0.016224415226897354,0.75673690708587127
4111,-0.014247449344748772,0.75210467543108583
4112,-0.01375452090631683,0.76030131130393241
4113,-0.014757279904850521,0.76236048991422456
4114,-0.012792426355250715,0.76150476899671027
4115,-0.015031568629967646,0.75377598175327543
4116,-0.015808423673881359,0.76312663148651128
4117,-0.015122491195888904,0.75493317240554569
4118,-0.012970714657178559,0.75743707767527069
4119,-0.014447799890197737,0.76200139146585921
4120,-0.014377951250453727,0.7562632381890344
4121,-0.016810250678843331,0.76039396886870381
4122,-0.015682569647553268,0.75963244445390832
4123,-0.014271075866219137,0.75743680079363462
4124,-0.014222744332501367,0.7563026711544224
4125,-0.015582936056772788,0.75618568421658361
4126,-0.011444643005228572,0.75705657834198692
4127,-0.015168078034911903,0.758008678137293
4128,-0.016384379039646804,0.75795631248423367
4129,-0.013590341965512634,0.75730170672365504
4130,-0.015751845061565978,0.76086027247345511
4131,-0.012439614533645444,0.75756122938369908
4132,-0.016605087739761656,0.76009768969646185
4133,-0.015186527847400618,0.75756043909841297
4134,-0.015627482094064889,0.76388818979153439
4135,-0.013558568312115927,0.76087919679121652
4136,-0.014717390211784264,0.75435095322856938
4137,-0.014377451836546564,0.7627532622983435
4138,-0.014434448505663496,0.76659426169314993
4139,-0.013957587972280189,0.76213838080762275
4140,-0.014095223290285425,0.76220788799055661
4141,-0.014172943533142999,0.75958630203070854
4142,-0.012665875774038349,0.7666228018290997
4143,-0.016533249671009193,0.76138661480503866
4144,-0.015516723045362196,0.7652544117928145
4145,-0.015552290021698514,0.75638404170066964
4146,-0.015241780102691251,0.76305963760924578
4147,-0.015837638443796369,0.76228142861432868
4148,-0.010964869326320001,0.75729314652207302
4149,-0.013784643818186176,0.75991251669281412
4150,-0.01617536890034374,0.76103116795522696
4151,-0.014479349140108098,0.75701351148454354
4152,-0.015777964992911869,0.75499643346904843
4153,-0.014314437762435015,0.76220840503838749
4154,-0.016357547083912308,0.76216493524272144
4155,-0.01361915140221385,0.76127545801665686
4156,-0.014673671891917707,0.76039700459268789
4157,-0.014541433232169498,0.75706225372879665
4158,-0.012963107422079716,0.75685873337518783
4159,-0.016879495781328219,0.76166760454011662
4160,-0.015078915691415217,0.751137406899968
4161,-0.016286580619875313,0.76430401568229023
4162,-0.016435172579252331,0.75928819194477182
4163,-0.014121984249152611,0.76163578350198746
4164,-0.013896842425148865,0.76147515692463597
4165,-0.014623228655983337,0.75096310266203858
4166,-0.016570497726520653,0.7584933558111403
4167,-0.015138990901346405,0.76026170169455365
4168,-0.013207966528856216,0.76333680984311969
4169,-0.015306353842002162,0.75798696783981345
4170,-0.012036759485463245,0.76136382581494277
4171,-0.014089220349296962,0.75972529145605183
4172,-0.013015305718664136,0.75563827780602411
4173,-0.014415959477649733,0.75884549812728352
4174,-0.015780689733029141,0.75908086788401752
4175,-0.014162562324290522,0.76781032077509681
4176,-0.01359243934309873,0.75641099077970697
4177,-0.015556431953758821,0.75860990198527556
4178,-0.015191979221164081,0.75846170711199512
4179,-0.017418748368822394,0.76372391272205287
4180,-0.015952847251495594,0.75860583652108671
4181,-0.014928003691384802,0.76395418957997818
4182,-0.01453107686104276,0.76296421504590095
4183,-0.013877286120526831,0.75813120338421403
4184,-0.016123357106287588,0.76059353853184997
4185,-0.017156602407110956,0.76144984726014031
4186,-0.016793753920539389,0.75773607630441886
4187,-0.015489998983898353,0.75649965338738223
4188,-0.015361834361900042,0.76132701698483196
4189,-0.015460129091811948,0.76101902552518852
4190,-0.015915866982986485,0.75704172581582307
4191,-0.015563812317777103,0.75625768020524042
4192,-0.014592260329826162,0.75638149278731182
4193,-0.015657499802582461,0.75691114970101436
4194,-0.01649468854584013,0.75957897626281712
4195,-0.014701571913014848,0.7584397498814105
4196,-0.014336228258469494,0.76446169615978043
4197,-0.012705158976146423,0.76237050640907589
4198,-0.014946741236645909,0.76470172787999158
4199,-0.015279865848637659,0.76240795609881273
4200,-0.013080111798916173,0.75425068990076027
4201,-0.015046599699703679,0.75630755618778422
4202,-0.01314729828894377,0.75663853113518342
4203,-0.015732728020392578,0.75892660745119089
4204,-0.013674126053289527,0.76136089571474808
4205,-0.013460852159156187,0.76240464437465705
4206,-0.014679749838548325,0.76371029834526383
4207,-0.014368488941646222,0.76619500735229917
4208,-0.015225967190355048,0.76202906541609294
4209,-0.015574937258882156,0.76218118269464452
4210,-0.011648968378720283,0.75532031774484321
4211,-0.017060784472189668,0.76141925538115884
4212,-0.012240233629302421,0.75541280761166574
4213,-0.011776467382472917,0.75279143266066262
4214,-0.018650326800156353,0.7630690050022213
4215,-0.015197969158932083,0.75976353572001964
4216,-0.014176366957184086,0.75276397307883858
4217,-0.014591289317730047,0.76329737383725782
4218,-0.013828992071504329,0.75701841909822298
4219,-0.01511336870342448,0.76677209217885722
4220,-0.015610446056103119,0.75886572014715747
4221,-0.014730610592874571,0.75378560411921425
4222,-0.015452707954467626,0.7555334606018218
4223,-0.013305433640136977,0.75899185661585422
4224,-0.012949094111460909,0.75721798187635947
4225,-0.014231306871873062,0.75674018443093838
4226,-0.015472759023033099,0.76006922646476938
4227,-0.014095359547201343,0.76078842946352021
4228,-0.015009370061901589,0.76120258118214712
4229,-0.01520830343361658,0.75972673323968798
4230,-0.016993369009761346,0.76248726908533515
4231,-0.01505504614678861,0.76499180536382316
4232,-0.016022873516585229,0.76248232942482885
4233,-0.014575067487859099,0.75526851723228117
4234,-0.015146390589893626,0.75851890980780778
4235,-0.015872080078596709,0.75829394512452308
4236,-0.015131547774947678,0.75122009743397222
4237,-0.015279396887904528,0.75667212240394899
4238,-0.01579233381180567,0.75961484764804754
4239,-0.013109959574955473,0.76208490415260577
4240,-0.013306837038294354,0.75623991373100219
4241,-0.013632510990425031,0.75931268866104518
4242,-0.015593406490003323,0.75062004330377308
4243,-0.014933950839491778,0.75498309848803224
4244,-0.016223483688625192,0.7624870806381242
4245,-0.014418163241233541,0.76224017213377293
4246,-0.015779302955393096,0.75892232310563046
4247,-0.017383875326926715,0.75866726920801175
4248,-0.017099960697775213,0.7595880394800848
4249,-0.013208227710896102,0.75093216744633062
4250,-0.016224300927054715,0.75807826831889835
4251,-0.013905401973931072,0.75908938908003976
4252,-0.013631003524825215,0.76160811839760789
4253,-0.015187024835170386,0.76106328269744761
4254,-0.014446476827547898,0.75909903388434219
4255,-0.013666745198113409,0.75882484101374015
4256,-0.016334272559388779,0.76201757528423875
4257,-0.016123038912868246,0.76313360844553058
4258,-0.015664077106792379,0.76519051290388218
4259,-0.015337400050280326,0.75682316794299398
4260,-0.01514918764303794,0.7556095977192735
4261,-0.016552089318848724,0.76235932043587984
4262,-0.015317688147041011,0.75561597292403171
4263,-0.014990137641391753,0.75730086582115919
4264,-0.015390757608868577,0.75882458722057733
4265,-0.015856983854029366,0.75913668085935815
4266,-0.017155155881999437,0.757969564319665
4267,-0.014777660548318866,0.75337166088400775
4268,-0.014809317617206682,0.76004689053060903
4269,-0.013457966650854624,0.75992031702227825
4270,-0.015784906948799485,0.75552755910929414
4271,-0.015508372471546105,0.75784004899042257
4272,-0.015262021436274123,0.76405891904138501
4273,-0.014375846299984887,0.75773172319809767
4274,-0.01316269843116628,0.75989318905978021
4275,-0.015037244543411758,0.75854968744023488
4276,-0.013948367991880291,0.75994950807431727
4277,-0.014685879033132013,0.76254571818360561
4278,-0.016354298559036293,0.76157128779611893
4279,-0.013629840621489879,0.76034568045779105
4280,-0.015017538067967403,0.75656974806682231
4281,-0.014920516651171946,0.75387106626131084
4282,-0.01590925271135616,0.76219407489256807
4283,-0.01594319648615948,0.75356946695382721
4284,-0.014460198747342798,0.7635889478075113
4285,-0.013796243926339755,0.75380097885352149
4286,-0.015338112889053708,0.7585542990236438
4287,-0.013809750878132224,0.76056423744436019
4288,-0.016212862356576589,0.76693933290787564
4289,-0.015421658514748075,0.76476714810966495
4290,-0.016021953443165336,0.76426002061694087
4291,-0.01545868262084814,0.75764858959879933
4292,-0.01570359570496151,0.75897695321912084
4293,-0.01679734557880504,0.75598515196256899
4294,-0.013855111339571321,0.75192333708505099
4295,-0.015196412773277631,0.76093259733345975
4296,-0.013171912230228367,0.76169247668792528
4297,-0.014700466287435713,0.76054709430039413
4298,-0.015167921288012927,0.76009943026923354
4299,-0.016486160822913931,0.75606948490256032
4300,-0.01662338634658754,0.7592525252961605
4301,-0.012980110613595875,0.75271454564887186
4302,-0.014083176313095571,0.75778783010815376
4303,-0.016067896489651189,0.76062548138951835
4304,-0.015865953552880785,0.76015431951977008
4305,-0.016401925706035415,0.76333020140680341
4306,-0.015517990045915418,0.75559512146477747
4307,-0.013723531257104583,0.75661210038687421
4308,-0.016457631979785156,0.7619556957593866
4309,-0.012546684408449086,0.75900273851355204
4310,-0.017432112104735678,0.76176247577202638
4311,-0.0162809992776611,0.75310647026770172
4312,-0.016823541392884958,0.75855797366927713
4313,-0.015780515411012365,0.75692384669340029
4314,-0.017445348196351185,0.76310964699257222
4315,-0.015060205465744422,0.7579440356863173
4316,-0.013430763591560112,0.75369666355946485
4317,-0.015911287538469307,0.76087169921770692
4318,-0.015394481954550841,0.7563276441923682
4319,-0.011278165610821345,0.75156815858909498
4320,-0.014978970735689628,0.7595191495023883
4321,-0.015016013388022482,0.76237290547436232
4322,-0.014736403480643706,0.75570497941590942
4323,-0.013967089630633527,0.75222269881660908
4324,-0.016320729390963594,0.76068514415620181
4325,-0.017050286122411336,0.76148006958984993
4326,-0.017669057958470187,0.76031935992101796
4327,-0.016517729452038409,0.75777682864866647
4328,-0.016395448902168781,0.7510524121168427
4329,-0.016906204259622401,0.7597998623884582
4330,-0.017358557073697649,0.75967217847413837
4331,-0.016817093113346011,0.76254610281802571
4332,-0.017479860163953441,0.7577632633663387
4333,-0.01381926584015165,0.75777575713180245
4334,-0.016151379207304278,0.76131300998019324
4335,-0.01384387823698028,0.74696620435647798
4336,-0.01555885230903609,0.75923635663466993
4337,-0.01369479172680778,0.76297485932213815
4338,-0.015385740115650743,0.75997009599978926
4339,-0.015055304185319907,0.76607842329712272
4340,-0.01398951022935091,0.75832144424763281
4341,-0.016451554781538369,0.75463173302324538
4342,-0.015783791735269531,0.75844157248111777
4343,-0.012267315524818034,0.75798739344497079
4344,-0.014796022718346903,0.76244508403259925
4345,-0.014565021296289952,0.76389445294918168
4346,-0.014024708719729155,0.75411447926788666
4347,-0.015270410393980348,0.7556112931012231
4348,-0.01661466138657694,0.75707595547477136
4349,-0.01647980061314723,0.75907426246356591
4350,-0.013384917089842506,0.76073518276296048
4351,-0.015002118629352296,0.75818553113021414
4352,-0.013624967957098957,0.75699110014944504
4353,-0.01623675312115937,0.75950548283556307
4354,-0.013607731088765446,0.75313505421042537
4355,-0.014208638295905495,0.76602180291882749
4356,-0.013902227238496276,0.75786228113863108
4357,-0.012313936614834107,0.75901187570474959
4358,-0.015501838845249716,0.7654011978503924
4359,-0.015561990413620691,0.76309185892768105
4360,-0.01399491001909022,0.75720813208165683
4361,-0.017708854145687569,0.76106084700068943
4362,-0.015691842015904428,0.76221290056413604
4363,-0.01439525254972737,0.75934178286044218
4364,-0.016128794481809997,0.76353158875186622
4365,-0.017199880692380119,0.75542538947368709
4366,-0.015229812356126877,0.76142981505273988
4367,-0.014994868469489973,0.75614905714075575
4368,-0.015061879284700382,0.76001970403094465
4369,-0.014659846168909942,0.75851116958979858
4370,-0.014895441346708057,0.76249387560820869
4371,-0.016442608345002073,0.75996485516327705
4372,-0.01413071421760038,0.76550671551552019
4373,-0.016309417894661227,0.7546664158333366
4374,-0.016729301607085093,0.75632091016739889
4375,-0.014222583423588616,0.76210044379373598
4376,-0.015088687224146432,0.764987086794085
4377,-0.015515278502624781,0.76354911301061135
4378,-0.01557109403878199,0.76266144276173253
4379,-0.01578123442637314,0.76069207750095647
4380,-0.014502402488067782,0.75958612066523246
4381,-0.016064351656404095,0.76055733095608691
4382,-0.015794491479045113,0.76223178202218389
4383,-0.015117153353953883,0.76321715064601281
4384,-0.016812348354474739,0.76014460104949422
4385,-0.016159626592489297,0.76502325275911709
4386,-0.014614707451275657,0.75464031989259539
4387,-0.014989580153658748,0.75629830409431253
4388,-0.016003788626963847,0.76204113627831027
4389,-0.014213720623968345,0.75761127892703295
4390,-0.015389378771689478,0.76005281341285869
4391,-0.015200522849230751,0.75978986164151641
4392,-0.016677011529996857,0.76152469780274468
4393,-0.01627143490000724,0.76076828872217617
4394,-0.015277229729566215,0.7582636944531097
4395,-0.014244334581428963,0.75287980540847532
4396,-0.014555525488159651,0.75903856660304281
4397,-0.014394994453193902,0.75832970661095656
4398,-0.015390042031940158,0.76164216017368902
4399,-0.014531871723694866,0.75719692031256713
4400,-0.015958947471919237,0.75932313289026654
4401,-0.013198962123330694,0.75150343670335518
4402,-0.014642965226731546,0.76085576018035572
4403,-0.015690192894091747,0.75783134425094534
4404,-0.013750125882117471,0.75880661084200374
4405,-0.014121967067268808,0.75891796417962654
4406,-0.015262065761579981,0.76063650039028663
4407,-0.015071511791846803,0.7595704757998637
4408,-0.013660992088023587,0.76680505896624329
4409,-0.015248199770634281,0.76284407761905526
4410,-0.015203566301800359,0.75802193323272848
4411,-0.015358822653291705,0.76043422160635565
4412,-0.01757483056463769,0.75947806788071648
4413,-0.017183978415383119,0.76053388828075053
4414,-0.015149589320734914,0.75824707042940553
4415,-0.014015404766641374,0.76450762171379605
4416,-0.01507436664640013,0.75713887228462984
4417,-0.016820397088566363,0.7603581775862801
4418,-0.017111724549017764,0.76030704101242474
4419,-0.012750033911990571,0.76772785340798377
4420,-0.01408687695004146,0.75390597132243697
4421,-0.015850453992955767,0.76217203571218428
4422,-0.016456128264773759,0.76038736156321052
4423,-0.016962551769629443,0.76374257061569828
4424,-0.010616024385360077,0.75147590850134083
4425,-0.013738395522937694,0.75525388970640472
4426,-0.015168104691179837,0.75833577402580565
4427,-0.016520487951684766,0.76227007325562468
4428,-0.016497426826856312,0.75458052915009266
4429,-0.016408859516313847,0.75783016351069477
4430,-0.011900750936623357,0.75603917644054031
4431,-0.013893316396687377,0.76095955711181873
4432,-0.012294138701981429,0.7603066556250061
4433,-0.014731507093611054,0.75602693612653349
4434,-0.016480772078046178,0.75717177054655582
4435,-0.017137852979192437,0.7598207427709287
4436,-0.015461594851578853,0.76038573808175336
4437,-0.014363713683327575,0.75549737398928241
4438,-0.015485678918402183,0.76550892787871605
4439,-0.016567298892479501,0.7602796556521082
4440,-0.01366664667910523,0.76042640748001489
4441,-0.01334010779961573,0.75675996789240363
4442,-0.013043257298628375,0.75506088468679788
4443,-0.012568419680485691,0.76018626959287294
4444,-0.0135760067848985,0.76412214687324276
4445,-0.01455263838785568,0.7633752795660137
4446,-0.014372658752481197,0.76162015838040853
4447,-0.014149241582743418,0.75938793599907783
4448,-0.01401130281520507,0.76101224038240389
4449,-0.015761719653139161,0.75365002296838723
4450,-0.014735178148976251,0.75531302293057201
4451,-0.016353445002921442,0.75830536635677226
4452,-0.013889199321892125,0.76257644251681689
4453,-0.01649189313018664,0.76452552138608976
4454,-0.0156074663590342,0.75639688847757336
4455,-0.015908943283639863,0.76475561100194434
4456,-0.014413913755778864,0.76515864871019934
4457,-0.014432463643942966,0.76066014558859307
4458,-0.014228453877135876,0.7595358129801183
4459,-0.015187290895620034,0.75999244669599852
4460,-0.013838931496122465,0.7581458762376676
4461,-0.016027999037126976,0.76121814536903121
4462,-0.014137414007233435,0.75954380642236508
4463,-0.014055292773529312,0.76169373625857562
4464,-0.015077998007207253,0.76271939029924796
4465,-0.015871347045366732,0.75624618528396892
4466,-0.014369020962600084,0.75586653668959991
4467,-0.015339858863548366,0.75875017316828441
4468,-0.014537790954148587,0.75978380784653954
4469,-0.016136197802552689,0.76184804381802285
4470,-0.015083128817715983,0.75364608248625176
4471,-0.015928708928028286,0.76050482256070573
4472,-0.017968340749277438,0.76173935630931222
4473,-0.016925332883474073,0.75462896488670961
4474,-0.015318316374288167,0.7590952393039696
4475,-0.016858256602887277,0.75532470421272391
4476,-0.015429049323295627,0.76119953659221362
4477,-0.013637421169930282,0.75785959647908929
4478,-0.012215208329220573,0.75401189396516688
4479,-0.017115708314336096,0.75614497811130654
4480,-0.01432716479448465,0.76118384322579513
4481,-0.01518219599959067,0.75751186518258395
4482,-0.017177163101912307,0.76013202961900228
4483,-0.014878754150305569,0.75802104625718225
4484,-0.01442453216294909,0.76388347566651726
4485,-0.015389988569631087,0.75900659702416506
4486,-0.015105601261762474,0.75605161534866894
4487,-0.013254212351533961,0.75831239398366379
4488,-0.013896525566115455,0.75742806475498248
4489,-0.014414680984904416,0.75629352991081777
4490,-0.01654480573739598,0.76651913728893895
4491,-0.015724326137805708,0.75811144816046239
4492,-0.016093827403870938,0.75943562816484433
4493,-0.016668336560674915,0.75150666756015549
4494,-0.016878494175726302,0.75799902897415505
4495,-0.016237659115939364,0.75764641638855201
4496,-0.016537690713067509,0.7626888643951949
4497,-0.014285444797572868,0.75931911821814302
4498,-0.015723805092779146,0.75541143352739359
4499,-0.015144232298893842,0.76014302148795587
4500,-0.015522438019588183,0.75385597112828961
4501,-0.01354882463835186,0.75612018407972525
4502,-0.014668887795408635,0.76203375135265183
4503,-0.01377952484591026,0.75886814003900971
4504,-0.017459654095451978,0.7605558610743075
4505,-0.015981307486337783,0.76212134511694218
4506,-0.016041639031313119,0.75912340950108204
4507,-0.014087869530201831,0.76055617932609187
4508,-0.016729281414290573,0.75952206320729965
4509,-0.016890501250512668,0.76203339011941662
4510,-0.014831253284081277,0.75938989698607495
4511,-0.013833983805515799,0.7564217861029281
4512,-0.014961563171956193,0.76491127109139501
4513,-0.014372338261550063,0.76020359379612501
4514,-0.013460845016557211,0.75767402378861903
4515,-0.014883170235473468,0.75827598059838952
4516,-0.015680007995476579,0.76202409563313789
4517,-0.014836907612268397,0.75601692982768143
4518,-0.015140303970776764,0.7560879914411609
4519,-0.016587020689542667,0.75854859578671696
4520,-0.014943426543525269,0.7577965245514926
4521,-0.013711872128187027,0.75451993693381736
4522,-0.012337251146682758,0.75703854356498212
4523,-0.01598218923376914,0.75779214220229596
4524,-0.015313701929622945,0.76151105238274652
4525,-0.01480732582198882,0.75281932842413279
4526,-0.012664835806893017,0.76067429677867104
4527,-0.014331196887264546,0.76290835607394836
4528,-0.014887470686451959,0.75495364497291129
4529,-0.014711993025383223,0.7535997698537148
4530,-0.014483507131029487,0.76074140329261364
4531,-0.015914871130886722,0.76155977661401841
4532,-0.01488227055089298,0.76062554296327778
4533,-0.015256963406677095,0.75987259110287719
4534,-0.014565732785163519,0.76508414584172191
4535,-0.017254263125053897,0.76140521355496493
4536,-0.013270575584567641,0.75836249490564067
4537,-0.01641586063707727,0.75990647535110889
4538,-0.016733850340448279,0.76023314858416502
4539,-0.011628104279551306,0.75634400657586442
4540,-0.01507603745748501,0.75767765850203095
4541,-0.013734218288888593,0.75608751985595724
4542,-0.015518828879192148,0.75654911768664457
4543,-0.014190519337433717,0.7601681952904068
4544,-0.012868359431807447,0.75568017909188134
4545,-0.015472162565482197,0.75754463341728528
4546,-0.015598801339414662,0.76516439372763156
4547,-0.013459678901673034,0.76168948945070614
4548,-0.014457226784726896,0.7615897536811943
4549,-0.014837570201358251,0.76580858383305794
4550,-0.014272776942949041,0.76059711107471106
4551,-0.012432115126002978,0.75815011948187738
4552,-0.012705286825431613,0.75716464803513328
4553,-0.012356831106683468,0.76373796217246293
4554,-0.015011255198437731,0.76010841322662293
4555,-0.015334101340782251,0.75681734008658508
4556,-0.013268169570009161,0.75750146064414159
4557,-0.015425348201143874,0.76051658997983562
4558,-0.013507373653390532,0.7629526455041683
4559,-0.013625347477626127,0.7604907844307941
4560,-0.015013529376693476,0.75365231119293863
4561,-0.01524050505466727,0.76370995113162066
4562,-0.017285815535094104,0.75999447765908179
4563,-0.016659790032320584,0.75714384619615249
4564,-0.013124450297886158,0.76179409689301369
4565,-0.015364342944167482,0.7565980188081769
4566,-0.015272999207629638,0.75953375609774809
4567,-0.015687785473225656,0.76242893403159429
4568,-0.013283511857974026,0.75733970612601775
4569,-0.016886111603851672,0.76280643006914595
4570,-0.016827541908868454,0.75724735027529622
4571,-0.012519203365467524,0.76431156839375913
4572,-0.014310591139047433,0.76080865916422447
4573,-0.013787487538253094,0.7629693551167549
4574,-0.014995101991196384,0.75532892905930682
4575,-0.01531264057812895,0.76032187026516573
4576,-0.015255753620692293,0.76227963506735541
4577,-0.013916803685619554,0.75685307166592541
4578,-0.012745018528133374,0.75195833517831356
4579,-0.016926011043040194,0.75784794765602015
4580,-0.015499204507293519,0.75262986467375537
4581,-0.018362551614081558,0.75970824115697833
4582,-0.015508372471546105,0.75784004899042257
4583,-0.013020023168068773,0.76393689846311685
4584,-0.014262333258826285,0.75863214734485218
4585,-0.015450866151212266,0.75360244368900131
4586,-0.017396570296173523,0.75841746760986817
4587,-0.016463584384871804,0.76165194863986263
4588,-0.016249337542611066,0.76065332356147541
4589,-0.014775492185532028,0.76003961341459114
4590,-0.016347915978934952,0.75940360860176892
4591,-0.016387266832263804,0.7613019169265306
4592,-0.014870503041126578,0.75755643103759762
4593,-0.012528251816275293,0.76070437971977167
4594,-0.014542062808286777,0.76207255374053007
4595,-0.013721698581166586,0.75982086300573848
4596,-0.01456107968613523,0.75828659438077106
4597,-0.014859544337693863,0.76553596208494834
4598,-0.016729425672653828,0.7603284379695131
4599,-0.016436471931516598,0.76218101285780171
4600,-0.017024525311442017,0.76060343817329246
4601,-0.01456538213119196,0.75923545517033786
4602,-0.015774358814190353,0.76238974263336257
4603,-0.015274236090025636,0.75832334211796237
4604,-0.016591666258494918,0.76452687351280035
4605,-0.015468105151444533,0.7602441430687471
4606,-0.015424979100405493,0.7497413611036674
4607,-0.014590445010235868,0.76085826975332838
4608,-0.015024390216137506,0.75428885723168526
4609,-0.015816554251236771,0.76161382091306873
4610,-0.013718643811006353,0.75838209928287492
4611,-0.016256741908030371,0.75608488856284006
4612,-0.015118521463063465,0.75898773113762197
4613,-0.017053144033763918,0.76057051116102115
4614,-0.016711369780980968,0.75859738019240153
4615,-0.015365927985696776,0.76349405932605108
4616,-0.016000414006859424,0.76189835537287975
4617,-0.016277549940721257,0.75280905472778215
4618,-0.01557915422689644,0.75985714099890866
4619,-0.015905926422392566,0.76106585183445863
4620,-0.01648404529960943,0.76503045991933605
4621,-0.013391700988060831,0.76133810320991968
4622,-0.018180661540107827,0.76202450401632338
4623,-0.014847718757546195,0.76029890852171245
4624,-0.017043393271422722,0.76265632731944522
4625,-0.013927218072170396,0.75821253073749284
4626,-0.015920854099312071,0.76159413388786901
4627,-0.012977588239888746,0.75960693466780704
4628,-0.014934737204518406,0.75420865943395354
4629,-0.016603897258655527,0.76062327545088337
4630,-0.016687448052090527,0.75994440843251598
4631,-0.016070698582094301,0.75310810780764326
4632,-0.014553902868926025,0.7566409385708005
4633,-0.016369591049795677,0.76478403587428279
4634,-0.016468264025101979,0.75800063764437842
4635,-0.012550297104925289,0.74937709986549139
4636,-0.015388244303889225,0.76176789575357684
4637,-0.014733267171440132,0.76030356757891726
4638,-0.014602396367408189,0.75832214021345479
4639,-0.016080857436774246,0.76335839459582289
4640,-0.013310743184687085,0.75328237389868002
4641,-0.013938325714725313,0.75565495929750848
4642,-0.013077024825915691,0.76371216173295486
4643,-0.014053025639257042,0.7594237246790535
4644,-0.013720480296926928,0.75568421939791164
4645,-0.014422914177802258,0.76128767326533542
4646,-0.015397175507895445,0.76125624368479117
4647,-0.016216038207883865,0.75971189397730066
4648,-0.016643999186935522,0.75906549376579402
4649,-0.016630985682376771,0.75929733502483165
4650,-0.016054480418093479,0.76474550705573474
4651,-0.016754318432981575,0.76060691609212727
4652,-0.017009261056013199,0.76172939464383493
4653,-0.01412944271118744,0.75969448966515996
4654,-0.012172120174117097,0.7613457457473829
4655,-0.015453098789336536,0.75759546243111731
4656,-0.016406862103843244,0.76195435017505964
4657,-0.015531938801232872,0.76395906258098267
4658,-0.015866958072566731,0.75787334837689369
4659,-0.014681934767939768,0.75581044872023739
4660,-0.014986798627821925,0.7578271179851791
4661,-0.014422955225604566,0.75324474728544133
4662,-0.014750591652592543,0.75481102833082581
4663,-0.014052901112715253,0.76043422358962443
4664,-0.015532910974337408,0.75621797312294559
4665,-0.013844077298366075,0.76132184973961081
4666,-0.012607829089438827,0.75937752158190353
4667,-0.016256339132004867,0.76558185003997969
4668,-0.015054765718032426,0.76079974485543822
4669,-0.015627402952030155,0.76505285023612379
4670,-0.015206816148679142,0.75023282100322641
4671,-0.014499771079468291,0.75684970409297747
4672,-0.014920509389687201,0.75877628627562455
4673,-0.016063756996992189,0.75982917530113725
4674,-0.012906000309419406,0.75263556035489232
4675,-0.016376832521481435,0.76151952497283415
4676,-0.016517226905233572,0.76001672837209755
4677,-0.014173004156708358,0.75949088850005342
4678,-0.014862715618783082,0.76185830877808713
4679,-0.017577263308868243,0.76198158189283938
4680,-0.015209416436939576,0.75802865919992835
4681,-0.014733252984935779,0.75227926902534303
4682,-0.013931835468598549,0.75565874806730626
4683,-0.014283092651431671,0.75318707889487801
4684,-0.015773739689092396,0.75815542594801133
4685,-0.015403513765535604,0.75994791924152194
4686,-0.014793640201273082,0.75931149550008847
4687,-0.01617536890034374,0.76103116795522696
4688,-0.01648987945355938,0.76080631815895616
4689,-0.016553304417062584,0.76553100732257384
4690,-0.016355430143215215,0.76216722083541155
4691,-0.014331311538688588,0.76360464894729307
4692,-0.012842095065810737,0.74945938209674734
4693,-0.015309465930123157,0.75487248848934752
4694,-0.014138194941925787,0.7637969830671939
4695,-0.014947687210037202,0.76153495585463438
4696,-0.013380767069897954,0.76152571516400636
4697,-0.014719539311418277,0.76620270490699782
4698,-0.016082385409349871,0.76255207138056347
4699,-0.016596349565229405,0.75948789582201304
4700,-0.014391376914862485,0.76056805492636592
4701,-0.016644166874815215,0.76157029734375814
4702,-0.013641525264627846,0.75708693288828588
4703,-0.016962689533933435,0.7655664078923835
4704,-0.016045225878258691,0.75563389745280329
4705,-0.015711199239969255,0.75501142798390519
4706,-0.014185464195774586,0.75331748621880079
4707,-0.013858804082335117,0.76240592961080977
4708,-0.013388061318424675,0.76140356796716335
4709,-0.016463792613475275,0.75801226173237657
4710,-0.015055125870291368,0.75334170048429772
4711,-0.015539548648513205,0.75983713202984993
4712,-0.01451065401999104,0.75490246564242558
4713,-0.015400189591211944,0.75850943934327186
4714,-0.015403914667464247,0.75608550714127176
4715,-0.014244473068064891,0.75802607191659777
4716,-0.012867626963328343,0.7588930448343697
4717,-0.016902912348420569,0.75732853690063595
4718,-0.014274866317918265,0.75597888663015467
4719,-0.015079168798107357,0.76304044404152183
4720,-0.015467444165495212,0.75507391291973358
4721,-0.014603932000473942,0.75827226968300265
4722,-0.01484667739578238,0.76203865549497984
4723,-0.012757008901501046,0.75956640964597455
4724,-0.015741058416944648,0.75991219737496363
4725,-0.013221312331119891,0.75579877409559948
4726,-0.014119842952168551,0.75996262901398981
4727,-0.017615136188779183,0.75843851565392528
4728,-0.013884361278322325,0.75873322423060985
4729,-0.01278699706856783,0.75127242343409095
4730,-0.014767228779479023,0.75686907234269918
4731,-0.016936840651862701,0.75652719579143579
4732,-0.016821996283077061,0.7597020858979936
4733,-0.012944682224394828,0.7577386284533133
4734,-0.014789523906157074,0.76260312974229461
4735,-0.013746874733487813,0.76000835516688325
4736,-0.014303320733008671,0.75861814206816314
4737,-0.016064311954213858,0.75949441396564765
4738,-0.017034118035788092,0.75754765140848013
4739,-0.016727168461465009,0.75921779419519375
4740,-0.013698252335128619,0.75763250797479631
4741,-0.01350383125684522,0.75648188239789138
4742,-0.015470328092358994,0.74878159391047949
4743,-0.01356187562992869,0.75978458759149803
4744,-0.016889668285834977,0.75868908533959323
4745,-0.01526053393472389,0.75831547387925358
4746,-0.015916454714896923,0.76179558345446907
4747,-0.01557933866631769,0.7541972612154747
4748,-0.016731220201056985,0.76200110980996749
4749,-0.016252807121615774,0.76094814136646138
4750,-0.018145985723905945,0.75794306633375119
4751,-0.015734055949198335,0.75856811892860632
4752,-0.015439354935283298,0.75796903963040396
4753,-0.017155155881999437,0.757969564319665
4754,-0.015941897805127357,0.76190668830196662
4755,-0.014553704052322395,0.75767798455041158
4756,-0.015096989890921456,0.75904453152539964
4757,-0.01549930658416152,0.75581143696306519
4758,-0.014712656028131548,0.76705173494894696
4759,-0.016298015924076731,0.75980485901759742
4760,-0.015888271480274555,0.760987265568839
4761,-0.015194021913096921,0.75838343963719024
4762,-0.017623865576921544,0.75824235644900728
4763,-0.013953948068663924,0.75375264957232802
4764,-0.014080903767806872,0.7604073818252437
4765,-0.01422329162872895,0.76414257498417559
4766,-0.015981986974564065,0.758417178508208
4767,-0.015604224149541542,0.76093565825126031
4768,-0.017929665791401171,0.76445902277745859
4769,-0.013869008143682426,0.75920880376048328
4770,-0.012792067919917289,0.75568856028980913
4771,-0.01603457594091344,0.75673501429285583
4772,-0.014080099416438643,0.75698769036647695
4773,-0.017223981661319304,0.76158952974686023
4774,-0.0161105650349509,0.75930290165379144
4775,-0.015066761860954014,0.75841461763072726
4776,-0.010667579487259661,0.75143291093538167
4777,-0.015560447887371653,0.76034621082443732
4778,-0.011422976153347076,0.76608529571899553
4779,-0.0149986218754592,0.76036512774326803
4780,-0.013962629156317989,0.75884282006806958
4781,-0.015208353756865495,0.76625694940279065
4782,-0.013442575234694111,0.75613392155310866
4783,-0.01641987395150981,0.75542613481847753
4784,-0.013702014061493227,0.76079118942400403
4785,-0.016092241014861099,0.75872759698647541
4786,-0.017024392698930274,0.75883654308095194
4787,-0.013771163196189679,0.76623326635674249
4788,-0.013497771472915804,0.76189092282668325
4789,-0.016860989104838242,0.76122975905577384
4790,-0.013897415740315803,0.75312855695616254
4791,-0.017649933585306199,0.76147074364071676
4792,-0.012012944492034102,0.75926171401908349
4793,-0.015173964231799118,0.75955606549148014
4794,-0.014050797910379435,0.76500885992159529
4795,-0.016484526809370334,0.7636677142132593
4796,-0.015478189501606496,0.76069962997788654
4797,-0.014815085185255086,0.75459850877439871
4798,-0.01719848649196757,0.75947834030265082
4799,-0.017662143725117641,0.75083171542724436
4800,-0.013245370899940661,0.75693408684417496
4801,-0.014554964229929574,0.76162117482154978
4802,-0.015909172548964554,0.75977240036893268
4803,-0.013273948435768604,0.76000954721278813
4804,-0.018154391225134563,0.76199814727610693
4805,-0.015166672882876618,0.76112854666492658
4806,-0.016604633415880268,0.75620848574752209
4807,-0.014582314103601049,0.76080275566525424
4808,-0.012742497013563786,0.75943721217695559
4809,-0.014261953947973152,0.75632018573109505
4810,-0.01607758874495363,0.75491351844039856
4811,-0.016060836861992299,0.75665573987682577
4812,-0.014640447179072709,0.7602114175627368
4813,-0.013898683545276536,0.75622944959548222
4814,-0.014790556993357367,0.75908048725171073
4815,-0.015026467330903924,0.76280391088284505
4816,-0.014120816560468895,0.75864684020481388
4817,-0.015942665400633903,0.75326452636436003
4818,-0.015952420691993423,0.76352785087700192
4819,-0.013563011366252379,0.75639250783310108
4820,-0.015699089566386659,0.76119762043121375
4821,-0.016948177054671103,0.76085878232892856
4822,-0.018097927562337593,0.75996897277498421
4823,-0.014252646342948032,0.75795643198253848
4824,-0.014902200587810962,0.75897269709728132
4825,-0.014249286529878849,0.76044139288283741
4826,-0.013774322462146401,0.76047144807194567
4827,-0.015596369112432364,0.75655982381062492
4828,-0.015173285010941241,0.75697559097319711
4829,-0.01570076524808563,0.76243991118725973
4830,-0.017051308984065667,0.76103247559891152
4831,-0.017599104407214839,0.75617330185815035
4832,-0.013435481206233281,0.76428548269394259
4833,-0.014437863966121019,0.75306577717507217
4834,-0.014935792718040705,0.75834070046409985
4835,-0.015177253966196732,0.76247630013016154
4836,-0.012621068675772635,0.75845580191094419
4837,-0.013789452007141826,0.76247008474705158
4838,-0.014740254653588235,0.76266925631902249
4839,-0.015093788617630031,0.7607430921582522
4840,-0.01427259807738707,0.75995411016423298
4841,-0.017404208277148409,0.75986348965165207
4842,-0.016083292698454883,0.76393365597614105
4843,-0.014806193284965616,0.75994355681113468
4844,-0.013125908681140771,0.75842328142950854
4845,-0.013720917177720938,0.75428211981053728
4846,-0.015027476269934895,0.7613867580511664
4847,-0.014257090294413141,0.75459007972419812
4848,-0.01400527634647231,0.76018921460026245
4849,-0.016018634863631753,0.75918602692542303
4850,-0.014490977420623986,0.76217200790933148
4851,-0.013079177346707618,0.75995963559965651
4852,-0.017498944065401131,0.7604603137417687
4853,-0.012558941626141849,0.76040448130050653
4854,-0.01558585386034342,0.75382460664835105
4855,-0.014181124640854201,0.7559629236795683
4856,-0.016694234010089772,0.75827852574385812
4857,-0.016088307983176522,0.75714434461613378
4858,-0.014421452513081681,0.7606600052563065
4859,-0.017728672587268124,0.76049627443468037
4860,-0.01590450281204446,0.7644016910047956
4861,-0.016239053001887799,0.7571600201973202
4862,-0.015404198382112461,0.76301923249267778
4863,-0.01577513215446074,0.76126856928540931
4864,-0.014523168173151399,0.76698444036357682
4865,-0.014609754809605939,0.75523364796351766
4866,-0.015116664627050124,0.75712049273448778
4867,-0.016335319551433053,0.76267216482562294
4868,-0.0145525425727604,0.76325337561691142
4869,-0.012853377091954736,0.76234717846008127
4870,-0.01453004535773357,0.76104315534258471
4871,-0.013522059656536852,0.76242678448600154
4872,-0.014843663752910232,0.76214725691373464
4873,-0.014182774136260595,0.76544334900867095
4874,-0.016201406490906817,0.76152529999132668
4875,-0.013652445842587214,0.75869957873269211
4876,-0.016192342398173735,0.75989463216596376
4877,-0.013513306317470719,0.75276619249825072
4878,-0.012877525863750865,0.75296254730636569
4879,-0.013621228661540748,0.76087993597733206
4880,-0.01595694536822536,0.76072932072945887
4881,-0.016058583313944469,0.76093000623254092
4882,-0.015918942976168648,0.75768426477063766
4883,-0.015373774780691839,0.75884339277567014
4884,-0.014295402796608256,0.75818014096545749
4885,-0.015345904436712604,0.75844815173643543
4886,-0.016630198135573246,0.75281039530981064
4887,-0.016087625766427509,0.7508886999087977
4888,-0.014244506918377491,0.7638628258902711
4889,-0.014302304179012248,0.76119048228729425
4890,-0.017000321131101219,0.76247319925803358
4891,-0.017026033178184588,0.75964768241616776
4892,-0.0153030769449823,0.76121354995985335
4893,-0.013690433672165863,0.75907839500212282
4894,-0.015277537556874188,0.76152866117460039
4895,-0.013407460620061562,0.76069638987598864
4896,-0.014027252460994708,0.76505484195033735
4897,-0.014114827184032092,0.75728234653931192
4898,-0.017381488802026127,0.75952286345719233
4899,-0.013221623612936089,0.75580654277612791
4900,-0.015586227625023368,0.76207959388200419
4901,-0.015720707460659591,0.75490053759446041
4902,-0.014866804895800239,0.75464312507421616
4903,-0.016230082636100589,0.75910185787358064
4904,-0.01540113774230413,0.76204437590555252
4905,-0.015561312784834958,0.76531962123450059
4906,-0.014993410908260037,0.76135337653027757
4907,-0.014507972826778523,0.75914768264422983
4908,-0.01354958295777187,0.76073424319573812
4909,-0.015278008584232301,0.76201505277558634
4910,-0.014445372266182211,0.76109377535362743
4911,-0.013418321342111298,0.75876170092553907
4912,-0.013185538489976218,0.76163930167131344
4913,-0.015756965570484373,0.76207511151053509
4914,-0.016363095007337389,0.75795593381345916
4915,-0.013147310830497052,0.76295297145797769
4916,-0.015314335516279762,0.76369852572184438
4917,-0.013543966755695861,0.76027911885306687
4918,-0.014729043905036853,0.7547836788132235
4919,-0.015954174012673732,0.75832321856472196
4920,-0.015186405740232193,0.76220981745798733
4921,-0.016112728055039195,0.75980415002406154
4922,-0.014641413019166568,0.75834292342607401
4923,-0.017532932183288719,0.75558268454341793
4924,-0.015649713763770719,0.75881165893752323
4925,-0.015213940392069891,0.76152817327413591
4926,-0.011436169863893368,0.75596998314438568
4927,-0.014462091778326759,0.75946599744189458
4928,-0.014618464324572374,0.76210801255489879
4929,-0.014780543480949824,0.76417437426034984
4930,-0.015360801751599094,0.75493516829797436
4931,-0.0140249014710932,0.75445795245972391
4932,-0.014466633133532067,0.75534864164506377
4933,-0.016110108374059816,0.76600734541659254
4934,-0.015119557774404732,0.75902299889070091
4935,-0.016725119466434527,0.76321879580008467
4936,-0.016918778308101345,0.75630126305860557
4937,-0.014262473566594526,0.75648965081512398
4938,-0.015002589812860656,0.76390729814301073
4939,-0.015538248779827953,0.75507895275831682
4940,-0.01599521468559318,0.75196197878277304
4941,-0.015448848886925758,0.75558071816596883
4942,-0.015403611020255913,0.76105961609626271
4943,-0.015605194639593374,0.75942411045269276
4944,-0.013493645202304783,0.76280526401862436
4945,-0.015617555462639274,0.75717203595315485
4946,-0.014540717090469482,0.7557453423449334
4947,-0.016002084538210372,0.7594032426999231
4948,-0.015851916240620764,0.7572800389728247
4949,-0.016774093311056393,0.76077755475014441
4950,-0.015572796188098457,0.75969321045424776
4951,-0.014626467934328126,0.74870037407133805
4952,-0.014800033457673896,0.75495796957244443
4953,-0.015763249513089651,0.763223645111061
4954,-0.015376448120874811,0.76192261912064319
4955,-0.014768753031661957,0.7567444653428631
4956,-0.015956446877703902,0.76054114653158034
4957,-0.017993856049249204,0.75634477311442905
4958,-0.015666507662647374,0.75606876314889271
4959,-0.0094200033116745539,0.75877208681651231
4960,-0.013751465337125349,0.76157926189039438
4961,-0.012520893484428116,0.75981297206184972
4962,-0.014786302650466361,0.75859813022826816
4963,-0.014415231680402275,0.75913823775726796
4964,-0.015409352851047473,0.76318669532802264
4965,-0.014653201793815905,0.76063185476062112
4966,-0.012990145311596158,0.76187632343564615
4967,-0.014496548605023939,0.76233880475355187
4968,-0.014037674391849079,0.76029788759334549
4969,-0.014692377153161001,0.76111354696651901
4970,-0.015023863635906201,0.75274577565892498
4971,-0.012665614798528584,0.76057550698699206
4972,-0.01515778157873212,0.76003750796645342
4973,-0.016726342797531657,0.76320162713540796
4974,-0.014148537492983067,0.75972693546474601
4975,-0.01487402179079771,0.75652884107020935
4976,-0.012771546277515422,0.74823389584371036
4977,-0.014398477458278467,0.76186436275413905
4978,-0.012995135696009553,0.75675740439612782
4979,-0.01625773590809719,0.76009327472394106
4980,-0.01557129319160807,0.75873510972510028
4981,-0.013695674702688492,0.76061782682382839
4982,-0.013480671447053104,0.75691247361126834
4983,-0.015292403867313838,0.76204199610740009
4984,-0.016182625436865355,0.76138062046825017
4985,-0.014562515081795338,0.76174760062182967
4986,-0.016759961536634314,0.75957506993873125
4987,-0.015874633252233813,0.75910605458539548
4988,-0.014850042093030126,0.75758986938152784
4989,-0.016293461204216035,0.75551298010909551
4990,-0.015501491063883252,0.76131018617521595
4991,-0.013026011572672538,0.75472367965117049
4992,-0.015090697845478571,0.76166904036659056
4993,-0.015325373723068778,0.75958703086118773
4994,-0.016559916174066512,0.7600530666969012
4995,-0.013147345982622221,0.76356415430364344
4996,-0.017509637666058814,0.76309376653409555
4997,-0.016407194429065498,0.76119711782524879
4998,-0.015693236244102588,0.76313407327899541
4999,-0.015006347968149559,0.76351018252954095
5000,-0.01393707187408561,0.75453748592451109
5001,-0.012844987479365322,0.75966416563217543
5002,-0.013483865646479222,0.75357771302536103
5003,-0.01535743100734766,0.76052953775637955
5004,-0.016666177594128445,0.76165534281514402
5005,-0.015950872874726886,0.75516047244604045
5006,-0.014691356388541507,0.75952270951358469
5007,-0.013751659063364114,0.76080386397377675
5008,-0.014283288257681718,0.76054734325741979
5009,-0.014069161559954619,0.7604524260897918
5010,-0.012739679335656864,0.75919366818278322
5011,-0.012570545754952237,0.75896653578683737
5012,-0.014939427877090853,0.76348362934877656
5013,-0.016229143286321815,0.76050824616811996
5014,-0.013932096535706489,0.75365289532792878
5015,-0.013555503451715082,0.75845489702495594
5016,-0.016074414802987262,0.75441160553982389
5017,-0.014840574048349275,0.76091032949334259
5018,-0.014516020395070221,0.75012356954175363
5019,-0.013491389450701111,0.75546722340577821
5020,-0.015346206599725618,0.75675249522157828
5021,-0.015660200863743309,0.75584476134397882
5022,-0.016778474919625516,0.7622241628937293
5023,-0.011985793307570996,0.75953251952724221
5024,-0.013701572303278177,0.7604441522112898
5025,-0.013813154793731828,0.75939839543703258
5026,-0.01478688064139505,0.75577315629762842
5027,-0.014455628245056262,0.75543441006951229
5028,-0.014461077326982588,0.76233681936250786
5029,-0.014616174430976989,0.75857260834594875
5030,-0.011803310486941108,0.75802647795780453
5031,-0.015974402137490629,0.76256522079088118
5032,-0.014430728496850662,0.74787314174928821
5033,-0.015408808242649065,0.76043290532791374
5034,-0.014636868620580477,0.7602897441330595
5035,-0.015071647404291596,0.75739446782135333
5036,-0.016397751759888633,0.762569393781105
5037,-0.013225275257002388,0.75631152370489874
5038,-0.014786330168406293,0.75425220067098364
5039,-0.015576956977230326,0.75682452288631508
5040,-0.015642402793270505,0.76229431941875414
5041,-0.013593744831862258,0.76240146861034253
5042,-0.013699070913790469,0.76471676053605442
5043,-0.014754966147690644,0.76076634724537784
5044,-0.015298570234393193,0.76258494622281048
5045,-0.016182999843838364,0.76375387112527215
5046,-0.015276568044853453,0.76239109996477472
5047,-0.0157279367860646,0.75879227907978886
5048,-0.017505071451732857,0.76309370708700708
5049,-0.018315854950378831,0.76005189092953152
5050,-0.013429294489068008,0.75939101438760059
5051,-0.018413928694526193,0.76113544075557249
5052,-0.014686246511278877,0.75419043359089399
5053,-0.017511138337971296,0.76238453972822207
5054,-0.015717173730333205,0.7629503644759108
5055,-0.014951776017470789,0.75444132772149275
5056,-0.015006440433677827,0.7616853571403619
5057,-0.016338008367541065,0.76454476781390002
5058,-0.015809533975149379,0.7630684298519339
5059,-0.014059172190114263,0.75961099006482768
5060,-0.017340131512231811,0.76023683191520974
5061,-0.015645005651681268,0.76136806084336017
5062,-0.016794304890139639,0.75664605797219209
5063,-0.017895901327306847,0.75674145503139734
5064,-0.012787665073441387,0.75797624827010168
5065,-0.015790640158140072,0.76253394739874858
5066,-0.015313539387506214,0.75301399128305568
5067,-0.012470069394261433,0.75667738325894174
5068,-0.015873114565656765,0.76545267825327967
5069,-0.014555019256935173,0.76531344742860685
5070,-0.015287747993988361,0.76132693286627307
5071,-0.016091123732287188,0.76206697694896353
5072,-0.012732726238749544,0.76063001473941716
5073,-0.015650546440920246,0.7551226168943691
5074,-0.015596728785089491,0.76176124232892473
5075,-0.015202264823861012,0.75964815743008052
5076,-0.014631352536724556,0.75373445826266972
5077,-0.015928383839294725,0.76150291979119678
5078,-0.015973850770363084,0.76181552806601716
5079,-0.014745931955507231,0.75959327487606243
5080,-0.01659902884595843,0.75601667296468433
5081,-0.016817002562397453,0.76075269574817739
5082,-0.016848565551973206,0.76453607459833273
5083,-0.016858084639349652,0.75731157080756151
5084,-0.015832529625647768,0.75479949041854166
5085,-0.015789606628048482,0.76001437291746254
5086,-0.01441893037673596,0.75612413928102162
5087,-0.014607698074890671,0.76426878913355167
5088,-0.016387587622557813,0.76038509578081526
5089,-0.01759579470729444,0.7613944007408201
5090,-0.016799767905944389,0.75886230347965811
5091,-0.012806563640884405,0.75731092431482283
5092,-0.01409328158456555,0.7631165394711924
5093,-0.013479493150407175,0.75574985989852894
5094,-0.014628904634699664,0.75894044417498674
5095,-0.014149943494104245,0.75246575682312955
5096,-0.016532357931313774,0.75910064008676703
5097,-0.014807717181706375,0.75935125706895878
5098,-0.017575616935245175,0.75966251712002086
5099,-0.014142006897683225,0.75301038106948981
5100,-0.015804365037530022,0.76267938984943195
5101,-0.014954700584443582,0.75637998924692795
5102,-0.014279752766285181,0.76266821908466442
5103,-0.013029511391179792,0.75734082651898449
5104,-0.014577868949198679,0.75494896634686059
5105,-0.0145726114597102,0.76016620314362993
5106,-0.014835895049215068,0.7556762376432159
5107,-0.0146478412578358,0.75697488485080611
5108,-0.014985593845091738,0.76060907221187057
5109,-0.018023692334163115,0.75942129873643371
5110,-0.018090294823584006,0.7627002332885704
5111,-0.014767019274432818,0.76278180892615444
5112,-0.014222170813207537,0.75707821140935705
5113,-0.014376636949475746,0.75761460348057963
5114,-0.013859322096989098,0.75400339528120486
5115,-0.015784057439133643,0.7592654285019349
5116,-0.013680887662253827,0.75824516670749287
5117,-0.014820807670926675,0.75844885134039552
5118,-0.017063148120709491,0.76040110908157099
5119,-0.01529734331639929,0.75949141044902746
5120,-0.014564734273753653,0.76377282314848283
5121,-0.016758739436760442,0.75774788715816388
5122,-0.015965405592327623,0.75941908230792377
5123,-0.013206871549247646,0.75778680314594637
5124,-0.014359748055552865,0.75999185934650226
5125,-0.01532185608974573,0.75839832580316202
5126,-0.015986079016481747,0.76097045521137796
5127,-0.016741658850688644,0.75357248329273452
5128,-0.015957733318968978,0.76415714636645127
5129,-0.014483143613345788,0.75954733093831461
5130,-0.013686682713024914,0.76173783831951658
5131,-0.016163073929478751,0.76042083256895532
5132,-0.014847549197821854,0.75885564652307158
5133,-0.017124481033356717,0.7649734075769804
5134,-0.015079150327521268,0.75804882163046539
5135,-0.016980508683799116,0.75886268434815285
5136,-0.016337553525421444,0.75552451179356306
5137,-0.014806411946926761,0.76267326159457061
5138,-0.01365668331878345,0.75979942175758675
5139,-0.015089084754411545,0.76108537659325792
5140,-0.01759248274285323,0.76059876128965553
5141,-0.015002699914720849,0.7548531701019332
5142,-0.015223822168226781,0.76238581044314746
5143,-0.015078867476638147,0.75853686892823124
5144,-0.017328603141531902,0.76198045608482745
5145,-0.017140981810431458,0.75936717330263515
5146,-0.013471078467825182,0.75497137723362873
5147,-0.015236006474230228,0.7586060868649982
5148,-0.015778268826213204,0.76303632617635797
5149,-0.016777837827672538,0.75726497856781017
5150,-0.01554793154213637,0.75838489227058392
5151,-0.013870180924786819,0.76175833796739689
5152,-0.014481508424447419,0.76061520640196456
5153,-0.01510273614167594,0.75971023100730806
5154,-0.015489501513136798,0.76222907063151546
5155,-0.016205109097318177,0.75953696818359018
5156,-0.016075902279738874,0.75744186107018541
5157,-0.015663044609644267,0.7600255800730783
5158,-0.014899228401495886,0.75817422363605802
5159,-0.015114701624762415,0.75985753343419993
5160,-0.015713982061457153,0.75994555927702401
5161,-0.013346504752397913,0.75358845965575949
5162,-0.015836686802570242,0.76655069476022364
5163,-0.014328607049297514,0.75603674906966012
5164,-0.014353453757959373,0.75922928715931659
5165,-0.014677740946332339,0.75577939748948642
5166,-0.014128525015361932,0.75697149433637334
5167,-0.016531432125582102,0.76318695091313127
5168,-0.015950211526435436,0.75119845361714033
5169,-0.01725869848603924,0.76133790077306207
5170,-0.015296682965341849,0.75454525272476913
5171,-0.015990126704018129,0.7635195790207866
5172,-0.014237992013693098,0.76192352003736386
5173,-0.016116653279836766,0.76192524256426808
5174,-0.014277585958225755,0.76512915101515255
5175,-0.015748598091559762,0.75792378771971014
5176,-0.016082090904870359,0.75427101345167191
5177,-0.014659737343680651,0.76268581110494416
5178,-0.016025965323142953,0.75244136210526458
5179,-0.015858396557682605,0.76709797600107188
5180,-0.01587549259030005,0.75921010077502971
5181,-0.012901252329778293,0.76062966200030135
5182,-0.013172221841915344,0.76360644125453292
5183,-0.01496497578624049,0.75975597280559826
5184,-0.016490350068105716,0.75666251048189404
5185,-0.016601123922723653,0.76173386636508067
5186,-0.014717013872577471,0.75894659205913151
5187,-0.017131125672084635,0.7606968991432882
5188,-0.014258872186994476,0.76134123391464126
5189,-0.016328711253538526,0.76113243059371161
5190,-0.015764011420785425,0.76018801215784926
5191,-0.013412254814864423,0.7526323234389859
5192,-0.016561615987324894,0.75948676549627725
5193,-0.015589439598976055,0.75873660579024971
5194,-0.014031043881620353,0.75799539855462961
5195,-0.015227244566336581,0.76090246527426841
5196,-0.015165020642463046,0.75616769304793097
5197,-0.014498818785616083,0.75899233474220873
5198,-0.015336086112228786,0.75621453278782857
5199,-0.015970116045823973,0.76118011411763775
5200,-0.012551726518774634,0.756572817462148
5201,-0.012630715636399618,0.75324625764091702
5202,-0.017555450686468053,0.76177209850949013
5203,-0.015284216669447808,0.76285643733891895
5204,-0.013746732654112831,0.75935823916347445
5205,-0.016621129973165439,0.75990001818495034
5206,-0.015308231649423515,0.7630122771415091
5207,-0.014640025213438339,0.7557015989212934
5208,-0.01621706880141055,0.76241917256267255
5209,-0.013278641093435977,0.76445668115726739
5210,-0.016135296047367173,0.75457381008546731
5211,-0.013906769442345202,0.75586378267582655
5212,-0.0159992356808813,0.76001389427937582
5213,-0.013959232200926585,0.76044000186688732
5214,-0.017323105008948299,0.76554893853234629
5215,-0.016158134410663653,0.76176782624230599
5216,-0.013507206960691819,0.75970736878118805
5217,-0.014555726536914622,0.7520007646959409
5218,-0.016595325306493221,0.75449727327642957
5219,-0.016216767006987383,0.75516684635293385
5220,-0.01312347877642822,0.7592636141953949
5221,-0.015847992036554182,0.75669195402189027
5222,-0.015478522778071298,0.76149912433909994
5223,-0.013604976977663906,0.75864509314986617
5224,-0.014331727201324534,0.75767554506420109
5225,-0.014922380158293856,0.76071953266672143
5226,-0.016075855969754929,0.76059562842900796
5227,-0.014632195845047923,0.75644995139651261
5228,-0.017311913895790586,0.75814682413328582
5229,-0.015245274323558622,0.75715819988911925
5230,-0.015822562804151862,0.75419266525459483
5231,-0.016327019810836882,0.76294161850846809
5232,-0.014882352251568559,0.75822521037728874
5233,-0.014973616031229663,0.75812648625073997
5234,-0.015806051911213374,0.75778386451861424
5235,-0.014620646135565876,0.7588239337380478
5236,-0.017535602252501805,0.75530412192726382
5237,-0.014264338146565672,0.76040599327273006
5238,-0.015568161790195914,0.75733953812622601
5239,-0.014978595460659393,0.76359199134976075
5240,-0.014915236392967848,0.75859836063374209
5241,-0.014934888744099387,0.75273812159765052
5242,-0.016800657515696545,0.75195759015552799
5243,-0.014318784118551878,0.76461038839379325
5244,-0.01291195493395763,0.75983803772040615
5245,-0.01494276017919715,0.7611362130207594
5246,-0.014174424067516652,0.76085593760394821
5247,-0.015035879044026437,0.76317500103300384
5248,-0.016713252254291704,0.76018813055891021
5249,-0.015700746351860272,0.76248104951533424
5250,-0.014599061560410319,0.75940680208994649
5251,-0.013842182811070781,0.75508083530329573
5252,-0.012901272717243051,0.76150694226130322
5253,-0.016304289552262024,0.75555353397290248
5254,-0.012851726780504938,0.75899742901841549
5255,-0.015101851589566137,0.75936807397450745
5256,-0.015356712757789324,0.76346041540009313
5257,-0.012154039428583197,0.75276192585383261
5258,-0.012427328074291975,0.7572942319616931
5259,-0.015450855635014865,0.76188076412694261
5260,-0.017317541122078815,0.76325428740917833
5261,-0.013452078501448913,0.75500921154840528
5262,-0.015300072130088301,0.75990929420280229
5263,-0.01537573287475417,0.7551722507715517
5264,-0.0152033963755525,0.75352810376530077
5265,-0.015795020244081415,0.75601248260499021
5266,-0.016839088319433482,0.75400661270230196
5267,-0.015285874297925403,0.755203317841461
5268,-0.016657023212362378,0.76015909306866003
5269,-0.016039011985538611,0.75870121358068865
5270,-0.015419715991103568,0.75801818603647153
5271,-0.01462461127488876,0.76049187953826214
5272,-0.013518762987428061,0.75882391613258271
5273,-0.016327856539086145,0.76229750400843654
5274,-0.01299996767227202,0.76253522645151794
5275,-0.014831253284081277,0.75938989698607495
5276,-0.015901767133743104,0.75830486279191978
5277,-0.015317951510205896,0.76080129688768816
5278,-0.014914670607754111,0.76279697151425052
5279,-0.014121893023430938,0.75889047480412297
5280,-0.015514926197264901,0.75335196465659238
5281,-0.011586588187714617,0.75165935027172814
5282,-0.014757675949871865,0.75590835901966347
5283,-0.015994833485661684,0.75589658536905802
5284,-0.013974497925312756,0.75935910758241676
5285,-0.015954472270689933,0.75631432588909731
5286,-0.01474739773072814,0.76151790673042663
5287,-0.01555523111917324,0.75900516822786046
5288,-0.015480910709489842,0.75843861227729181
5289,-0.014709049681677249,0.7612148231998106
5290,-0.015699089566386659,0.76119762043121375
5291,-0.015391450054977891,0.76325339946546822
5292,-0.01430683941937223,0.75999868233617929
5293,-0.014783208523045027,0.75803641294575352
5294,-0.016147918526198381,0.7647939248548693
5295,-0.015436539925920296,0.75863330697531262
5296,-0.01666868179840638,0.75965809683944496
5297,-0.016019801872423425,0.76024026009049406
5298,-0.015086272343297888,0.75852937748564786
5299,-0.013726866082534681,0.75982955606503277
5300,-0.014010720479812472,0.76020046454127355
5301,-0.016260804892727972,0.75772940640293851
5302,-0.016263148309549634,0.7622458396319215
5303,-0.015656046361635513,0.76265546615080337
5304,-0.013163203475406081,0.75659200047039887
5305,-0.012636020569929992,0.7480653883550078
5306,-0.014262499831191461,0.76219194391579892
5307,-0.015293713380994022,0.76347349816764709
5308,-0.01609687183038383,0.75762304344475873
5309,-0.015801091897841506,0.75650471916384487
5310,-0.01632563781590067,0.7607304754636256
5311,-0.015749468491449925,0.75762955135830035
5312,-0.016077863453958664,0.75356530682139489
5313,-0.016011119315577121,0.75810307219100204
5314,-0.015757060582316757,0.76307456186123157
5315,-0.016439960076119829,0.76038371983806519
5316,-0.015052667060563466,0.76154701556672111
5317,-0.018072140504184687,0.76004946021030162
5318,-0.015558413138092548,0.7547532456987347
5319,-0.014849860904567996,0.75517872183893131
5320,-0.012513682260656503,0.75832422230656671
5321,-0.014980766018767059,0.76501775150004392
5322,-0.015971890930711215,0.76178821004677844
5323,-0.013922314931596678,0.75677638387715296
5324,-0.015860416143677884,0.76235454377282286
5325,-0.013647618505221849,0.75951163904732344
5326,-0.014882550411080709,0.75999730906700103
5327,-0.016621725206942359,0.76315790270933814
5328,-0.016875073193458059,0.75903023691829896
5329,-0.011521206641285477,0.75954358493742524
5330,-0.016697937785887504,0.75812954122315046
5331,-0.015073301355430894,0.76016078769696904
5332,-0.015930311321252111,0.75304638023879966
5333,-0.016367452355733413,0.76103584283016945
5334,-0.014677018263862701,0.75444640362294768
5335,-0.0143923289267759,0.75951499847339832
5336,-0.015551916396850203,0.75645328619554719
5337,-0.015711029383539191,0.76118905028258754
5338,-0.016990877844674322,0.7636656291152415
5339,-0.01313468521337177,0.75743261969117537
5340,-0.014660054346611278,0.76363630877844646
5341,-0.014897882011643609,0.76358891778028726
5342,-0.018138575515427489,0.75815614814911203
5343,-0.014976445293366957,0.76640965141990736
5344,-0.016961493933330789,0.75879079088493773
5345,-0.015570899773935125,0.7622894463255816
5346,-0.015193940079696884,0.75693814959992911
5347,-0.013374719585910742,0.76932220099080773
5348,-0.013665759889655424,0.7573414662605451
5349,-0.013803447563791572,0.75866356901339604
5350,-0.013085959457028062,0.75679098723019989
5351,-0.016595731204859385,0.75259206808396406
5352,-0.015845491327326676,0.75920132199508228
5353,-0.015220345838484884,0.76130702068883183
5354,-0.015492960356353221,0.76201220681210424
5355,-0.015965709292836971,0.75752722895385705
5356,-0.015181651527201129,0.76068010082810733
5357,-0.012815162277169051,0.75254407312150229
5358,-0.015876337819892797,0.76325010931288073
5359,-0.015123547017821046,0.7665583804147259
5360,-0.013593119425364474,0.75668322873212357
5361,-0.013938616260018072,0.75372971855074855
5362,-0.01587970828236792,0.75934538589961653
5363,-0.016545237040861735,0.76716599494521653
5364,-0.015354268435980365,0.7609874463988604
5365,-0.015588357927012401,0.76731985937487368
5366,-0.015755909007286729,0.75747809449026515
5367,-0.015170603399425326,0.75911048220793909
5368,-0.01589274908014441,0.75871693062247525
5369,-0.017406453057109673,0.76355429199473923
5370,-0.014479643524814612,0.7576935180700064
5371,-0.013803211109576484,0.7611772358597465
5372,-0.01622194717203896,0.75781023712606244
5373,-0.015831427322648504,0.75933024584846509
5374,-0.014352892479193042,0.75954837443015877
5375,-0.016712072703598077,0.75970775651260913
5376,-0.013398604808141127,0.76036183978677852
5377,-0.015250217794240352,0.75603044852299761
5378,-0.015887272836881711,0.76557240228252754
5379,-0.015968798245870691,0.75881894858092991
5380,-0.014703105937261018,0.75738527140153999
5381,-0.014778905862496184,0.75561666787006299
5382,-0.014235019922050016,0.75854020641660724
5383,-0.016122982203351018,0.75951074988466805
5384,-0.014348824876724913,0.75994884777105576
5385,-0.016569755046334324,0.76335302644767544
5386,-0.01816960126322513,0.76228981180140498
5387,-0.014336818121320817,0.76130720564566368
5388,-0.013271189740817915,0.75212574738067961
5389,-0.014239591440872452,0.75368477862964867
5390,-0.01397890472390423,0.75576412751284927
5391,-0.016268695125042504,0.75665423135089571
5392,-0.014965238171924198,0.75900984675739791
5393,-0.015591173589594869,0.75689572397009397
5394,-0.016096318275205249,0.75983346593217105
5395,-0.015673203475568824,0.76029079323158277
5396,-0.016291529087952766,0.75499278964526551
5397,-0.014853178020509925,0.75981378604186511
5398,-0.01533413826581142,0.76325467525970636
5399,-0.015551046795934588,0.7603765163658901
5400,-0.016916896361359152,0.75933128148464424
5401,-0.015528293947250053,0.7605344187512989
5402,-0.014503224646062457,0.76009395097160404
5403,-0.013578578853929633,0.76005086509186448
5404,-0.016542227172885615,0.75618910780779891
5405,-0.01590581799775748,0.76722104225721965
5406,-0.015636823450931918,0.76083286149258922
5407,-0.013364266435462277,0.75834229069162784
5408,-0.014594709312483269,0.76146853020339056
5409,-0.015989824056360971,0.76452624957987214
5410,-0.013596978435684505,0.75855471463886115
5411,-0.014233396261080028,0.75226795747417519
5412,-0.016399669204311632,0.75510462985515658
5413,-0.015522853262686506,0.75851261472497478
5414,-0.014501043018418674,0.7608424568563853
5415,-0.018470517749979154,0.75872386497980449
5416,-0.014912592880045856,0.76415845899079504
5417,-0.015425432933203087,0.76172702624080324
5418,-0.015704328431067182,0.76577164739342474
5419,-0.016614446964619216,0.76151149331965717
5420,-0.015868681470806754,0.75782448339118258
5421,-0.016089020350381331,0.75652112655369352
5422,-0.015889104751590024,0.76333465762570252
5423,-0.014768831387867703,0.76074911769841558
5424,-0.014748137550344535,0.75423243416529384
5425,-0.015848171114615825,0.75576883515045268
5426,-0.010919286466850794,0.75161219549581115
5427,-0.015831188121350925,0.7643020631154448
5428,-0.013331942769884376,0.76269803674980052
5429,-0.013738465505747902,0.76263990239687751
5430,-0.015587400341238049,0.75788439862483958
5431,-0.014096174812351698,0.76104579596407951
5432,-0.013834723965707068,0.75617985858761216
5433,-0.014322821708575649,0.7575002560232843
5434,-0.015451459837262106,0.76647120410523972
5435,-0.016265375390090552,0.7593797468432355
5436,-0.01514776034221744,0.76144793089535234
5437,-0.017555568810588756,0.76150496191682937
5438,-0.015444229598601731,0.76325367976054537
5439,-0.014989854362040709,0.7596661265679685
5440,-0.01509898470539277,0.76080726119870135
5441,-0.015143340093193323,0.75836750383771812
5442,-0.013896528912384125,0.759486032401398
5443,-0.01671484380837801,0.76146884832908868
5444,-0.015867541785936263,0.76487261873381829
5445,-0.015433042490589407,0.76286205752033798
5446,-0.015524349353708831,0.76187441677499979
5447,-0.0138668959415334,0.75875460256546101
5448,-0.016041685505007484,0.76405695170025811
5449,-0.014056218168597322,0.76219461822122436
5450,-0.015351772279819154,0.75380923425313273
5451,-0.015073175025815929,0.75827363725872765
5452,-0.014875096903133116,0.76002281056812981
5453,-0.016429506518703143,0.7546432279821258
5454,-0.014022812446117545,0.75977007971751775
5455,-0.012230835847753871,0.76552899593483525
5456,-0.016521505201828532,0.76379572579965127
5457,-0.014239421437400594,0.75562234774435411
5458,-0.016349331376598185,0.75950999655137297
5459,-0.017448744478435592,0.76125749573603474
5460,-0.015492595880420894,0.75425378439694812
5461,-0.017127561108224353,0.75991798317097059
5462,-0.015118913219175611,0.76109509116378093
5463,-0.010594061958439618,0.7593028810138529
5464,-0.015438668195566359,0.76052784038681631
5465,-0.016946182561454026,0.76030975649264754
5466,-0.014042471310136685,0.75440567155202853
5467,-0.015512014526034764,0.75807938006846298
5468,-0.015729858076536384,0.76112521249430953
5469,-0.01420753078804747,0.75428049005984532
5470,-0.015798217591918268,0.75728948390533357
5471,-0.015744781291765611,0.76139188682218173
5472,-0.013721095237327048,0.76097787539072315
5473,-0.016018959071061628,0.75970487568991651
5474,-0.013866637804792543,0.75577806076611764
5475,-0.015164459492052484,0.76378044093287711
5476,-0.012997519682813308,0.75417554268410203
5477,-0.015897960559258285,0.75567138368094955
5478,-0.015794386267174762,0.7550668696238495
5479,-0.015476278640103935,0.76115968068447992
5480,-0.016051766982623162,0.75731202525678309
5481,-0.014186542958584281,0.76453045306130718
5482,-0.014771471196143653,0.75743501717086925
5483,-0.016592103533379383,0.7597877987707693
5484,-0.013902995115980248,0.75121258246314648
5485,-0.014867893459228645,0.7598801670069627
5486,-0.012736389494993014,0.75835939165501809
5487,-0.017162393918626007,0.75896139410147845
5488,-0.01228078187419317,0.75598534764985281
5489,-0.013534483017025331,0.75667257656269138
5490,-0.01471116386868861,0.75899337022617497
5491,-0.01657651821471522,0.75419762498469534
5492,-0.014010260340860514,0.75267215062851489
5493,-0.014371714623895743,0.76224758055614539
5494,-0.015367002622504679,0.760514709017583
5495,-0.015340429766994465,0.75378112988269086
5496,-0.013072861111088047,0.75452914946776728
5497,-0.014828161470705257,0.75940308884509
5498,-0.014823242379632654,0.75867567438957995
5499,-0.016169670091424521,0.7653285743228857
5500,-0.016608509562262661,0.7575362877517835
5501,-0.013639328413138939,0.76416654738854928
5502,-0.018179526940003108,0.76256780430281812
5503,-0.017445290207336473,0.75959044993663305
5504,-0.014738102828829777,0.75767496399286338
5505,-0.014989294696321705,0.75939049009896387
5506,-0.014665965990690274,0.75865633419478684
5507,-0.013399956183110146,0.76182319473653548
5508,-0.014092969863756929,0.75693319337070808
5509,-0.016006056725846381,0.76223231953285531
5510,-0.018191844866175047,0.75888272905843557
5511,-0.016092549968368331,0.756300813436104
5512,-0.01684325899487412,0.76056570115140654
5513,-0.01429295697529096,0.76295937499079503
5514,-0.016483999974897946,0.76058070214284623
5515,-0.015616989766605589,0.7569158957098735
5516,-0.015937703992518249,0.75119492183419001
5517,-0.014063939807687876,0.75443044637174494
5518,-0.015653156735645664,0.76125278993334178
5519,-0.015629040796622307,0.76240757805579096
5520,-0.014987808459912089,0.75754340457969371
5521,-0.014837085912126943,0.76273284177358247
5522,-0.013150720787159443,0.75745958626798682
5523,-0.014912116075312058,0.75775667389268953
5524,-0.015829566426849736,0.76337386611605662
5525,-0.013808627536297682,0.76124866357375842
5526,-0.013337824362018243,0.75923411291603382
5527,-0.016319655766147148,0.75493437560775256
5528,-0.01605276088100889,0.75730147068586451
5529,-0.015138740533974314,0.75901095133154284
5530,-0.014090339449914734,0.75811019998323681
5531,-0.016500688569737864,0.75692600464882132
5532,-0.01695894454153702,0.75554270505931087
5533,-0.012624335502841963,0.75794880723721458
5534,-0.015075138512475406,0.75628499297317719
5535,-0.017123616393342971,0.76120626995675689
5536,-0.012614799691443638,0.76143102565684395
5537,-0.012903990279667901,0.76187773267406111
5538,-0.01284100848891072,0.75618844416425945
5539,-0.015153943135858322,0.76648891094178639
5540,-0.016693814893702488,0.7598686510518331
5541,-0.016491521306112238,0.75908483521256154
5542,-0.016222900535739229,0.7616650032168133
5543,-0.017298900068202304,0.76056111871410803
5544,-0.014806411946926761,0.76267326159457061
5545,-0.012869378854415425,0.76014663416811679
5546,-0.015868041278508369,0.76225811388040265
5547,-0.014423535569797561,0.75889181362567204
5548,-0.015179197764540592,0.75606362874751931
5549,-0.012025196586502569,0.76320249825520192
5550,-0.01592855640158666,0.75932240338219026
5551,-0.015568799359040746,0.75822949256112482
5552,-0.016667065102334545,0.76164896192177545
5553,-0.012340759719589693,0.76029137699470462
5554,-0.015190250012155505,0.75980628008176287
5555,-0.015036361713552344,0.75969015439649235
5556,-0.014710979208110863,0.75595832217437975
5557,-0.012838610371065011,0.7632999656936853
5558,-0.014122595273171584,0.76505749609474283
5559,-0.01575563649507053,0.76493868869311443
5560,-0.015403289937701462,0.75772105401675938
5561,-0.012467150764549332,0.75808676942195563
5562,-0.013971051675877744,0.76057408636917367
5563,-0.015926477778076216,0.76309900939045805
5564,-0.013647618505221849,0.75951163904732344
5565,-0.01523024103034968,0.75735437450704934
5566,-0.015321661260495561,0.76396553599593542
5567,-0.014423442454613088,0.7512833791523913
5568,-0.015008982441235197,0.76304373293502914
5569,-0.01658990037073281,0.76225875660970366
5570,-0.014981668885230271,0.76171625205168159
5571,-0.016127252298499224,0.75899072147208979
5572,-0.015270601356936187,0.76340524213006866
5573,-0.01359937553949099,0.76294897561495889
5574,-0.016359470641007026,0.75920600558199192
5575,-0.015443605577885416,0.76155009923189088
5576,-0.015497235601758542,0.76391675691430572
5577,-0.012611048993354454,0.76483237608923826
5578,-0.013578320886641175,0.75753433350342081
5579,-0.013158880141799247,0.75213101510270208
5580,-0.014734365123927744,0.75945104966904331
5581,-0.014669646340417421,0.76375992359556699
5582,-0.016584937060732368,0.7576606434941171
5583,-0.014489920078444863,0.75164375151253759
5584,-0.0156688037395365,0.76098814717154628
5585,-0.015259231122063417,0.76113380944385056
5586,-0.013181480416969893,0.75863449727457388
5587,-0.01554828588827932,0.76268676328552365
5588,-0.014939546876965169,0.76265853014247076
5589,-0.014207460770090562,0.75654410051958076
5590,-0.01368750521074351,0.76261400670256962
5591,-0.017686281139776241,0.75985511551795681
5592,-0.013594753124123169,0.75618157783593642
5593,-0.013724544761614209,0.75766855302178504
5594,-0.014218977509012815,0.75995083695283283
5595,-0.015732968512438782,0.75883016890760546
5596,-0.013825896298447339,0.75854860862112383
5597,-0.016092075627614826,0.76142853527287446
5598,-0.012853115894223669,0.76433428579931428
5599,-0.014397340791683453,0.76412945405538923
5600,-0.015253655724631119,0.75996279244617282
5601,-0.015636137279455634,0.75944405026450335
5602,-0.016266817090995544,0.76036038691881824
5603,-0.013673253320422057,0.7562214672297104
5604,-0.013873728898890299,0.74842620195964082
5605,-0.01501623566507301,0.7636932657393114
5606,-0.017294188176589578,0.75724566443956942
5607,-0.014971769578080508,0.75699887084188289
5608,-0.01496747702297989,0.75782922379985684
5609,-0.015081814862492562,0.75887101010546387
5610,-0.010336892095599506,0.75939143079990978
5611,-0.015673925998274885,0.76347295646223978
5612,-0.017960245201970489,0.76283941904828212
5613,-0.01745457262717013,0.75742544076174845
5614,-0.015183185205972271,0.75772245512766478
5615,-0.014119285778311121,0.75501758034681343
5616,-0.016092588575494851,0.76239248394738124
5617,-0.015616374405108,0.75713183503795589
5618,-0.015466768692404575,0.75886528518854279
5619,-0.013833153173560618,0.76497764026481641
5620,-0.012488273514275481,0.76001805093505914
5621,-0.014892173735481323,0.76122415552079969
5622,-0.015300649322997415,0.75896430988186325
5623,-0.014744878706774989,0.76293975137379566
5624,-0.013534000244644556,0.75807473306292661
5625,-0.016594517166202603,0.75886133649805165
5626,-0.016154283137421985,0.76347183995171863
5627,-0.016941384600651734,0.76092201833194661
5628,-0.013440219478617021,0.75918676033140609
5629,-0.017646484970552066,0.75939080659328362
5630,-0.013869430407083851,0.75482105939235145
5631,-0.013203829518961487,0.75991962389392953
5632,-0.014500378146925128,0.75517352956849271
5633,-0.016107787956055206,0.7587974637985917
5634,-0.014955721965642453,0.75919394094590054
5635,-0.014279517041661565,0.76041733383817178
5636,-0.014834461160631057,0.75487765119047645
5637,-0.012621192165874822,0.75876002599477932
5638,-0.016077528627415551,0.75386242523966362
5639,-0.016174401145438839,0.75877857490562473
5640,-0.016120432350556747,0.75963343531066685
5641,-0.014599061560410319,0.75940680208994649
5642,-0.013317076911872222,0.76278002967605618
5643,-0.01499367986621891,0.75828268980260038
5644,-0.016616902681287619,0.76042426005252228
5645,-0.016745063866436479,0.75944616611968119
5646,-0.015366267267275597,0.76173953231861269
5647,-0.01523604517600678,0.76389195609038674
5648,-0.014748015847280135,0.76008504207994898
5649,-0.014108616189495783,0.75346778068659448
5650,-0.015579694744329329,0.7636915829427845
5651,-0.012502649347706554,0.7592762678018844
5652,-0.015066830703836659,0.76036470574511528
5653,-0.01490571411849575,0.76115577367842202
5654,-0.014448654876104442,0.76269756296352109
5655,-0.014576756017766273,0.7558560678922257
5656,-0.015766716281073512,0.76005457655706676
5657,-0.013750772312502286,0.7625901873296399
5658,-0.015268328157034407,0.76118090530164917
5659,-0.015683778000685034,0.75835163595605404
5660,-0.01494271766866442,0.76039259904304346
5661,-0.016190221879080952,0.76431000139376859
5662,-0.014158067689419677,0.75650422676235873
5663,-0.015166786446966512,0.75658754921084526
5664,-0.017433052744541482,0.75997910885062758
5665,-0.01563449508219189,0.76606474492337606
5666,-0.012989285800250055,0.76038474216544572
5667,-0.016481157981622127,0.76244555062040753
5668,-0.016966387213822778,0.75926745695823394
5669,-0.01639402389372295,0.76371496078785583
5670,-0.016379838708119009,0.75572104262305595
5671,-0.013303956128211015,0.75131668430501586
5672,-0.013999452795457161,0.76233567582817452
5673,-0.014637055649952964,0.75436812774502704
5674,-0.012669948333936731,0.75488455827566558
5675,-0.016335782860041094,0.76157824780451844
5676,-0.016419053601314994,0.76295558491688176
5677,-0.016484247599245001,0.75778377653650031
5678,-0.014148842862112326,0.76237925405111362
5679,-0.014124549080534145,0.75621046746244991
5680,-0.014668194391577185,0.76035837295030806
5681,-0.015240865075479362,0.76056050701010203
5682,-0.013354845375685109,0.7582259274487565
5683,-0.015306513931607771,0.7568056220121635
5684,-0.015461394832164639,0.76107369202640374
5685,-0.015259887336780031,0.75980973051204148
5686,-0.01574613272838099,0.75763338151077086
5687,-0.015137392082135343,0.75234418928452029
5688,-0.016420336618549376,0.76298890342050585
5689,-0.014969646055853958,0.76205368865325163
5690,-0.015165595013481878,0.76295894541387166
5691,-0.015062924187951479,0.75983002025065538
5692,-0.016568419558418517,0.76251783646243143
5693,-0.015200099313873158,0.76593472070746205
5694,-0.012826863544623372,0.75759707125069886
5695,-0.014648780416514955,0.76230180278904869
5696,-0.013536703704732964,0.756627107619955
5697,-0.018334150368647145,0.7596418083044667
5698,-0.015403513765535604,0.75994791924152194
5699,-0.015696528961153478,0.7636316784663012
5700,-0.014521625867069642,0.75910658673631326
5701,-0.015104145793469486,0.75934580486738734
5702,-0.015752700166249894,0.76039440647400092
5703,-0.014986482205546684,0.75868684958108512
5704,-0.015182132279456398,0.76173126111014144
5705,-0.012761956998538632,0.75870343937094897
5706,-0.015820205855114566,0.7651066518060109
5707,-0.015425486133087595,0.76241670433420616
5708,-0.015556418646817203,0.75483417537862074
5709,-0.015744011283757894,0.7637112566422759
5710,-0.015522766554495814,0.75678009569793792
5711,-0.016557567635723712,0.76190186703018836
5712,-0.015066684537118563,0.75504459802797141
5713,-0.017451374029002674,0.76074740687149878
5714,-0.014033685492268343,0.76138242988686156
5715,-0.013752362708934533,0.76685312393319871
5716,-0.015750370253528469,0.76238134880895836
5717,-0.015648274146438955,0.76219817253787214
5718,-0.015692353909507933,0.75832617443525252
5719,-0.017172831314535307,0.76130034009545799
5720,-0.014065639496049453,0.75830223630141003
5721,-0.011910894310164075,0.75599459609025066
5722,-0.01554817972013049,0.75936367826466811
5723,-0.015147677389858012,0.76301758782972895
5724,-0.012177969727200642,0.76093687931446841
5725,-0.013849326091128333,0.75584137963847253
5726,-0.017059482711376934,0.76028702921452262
5727,-0.013730023383243712,0.76091956063543931
5728,-0.017149125859310999,0.7649112369468849
5729,-0.016643774454681501,0.75752555051020043
5730,-0.013869009932374297,0.75504620005228062
5731,-0.014143084978033368,0.7594553920365863
5732,-0.013630338647393929,0.74966892168411126
5733,-0.01396328175557969,0.76312139513181476
5734,-0.012363111182797981,0.75836918809299569
5735,-0.017076397517449306,0.76268512481085948
5736,-0.016081694714591685,0.76061382912877118
5737,-0.016266297442377856,0.75955055333688504
5738,-0.015335347742910782,0.75567110034599083
5739,-0.014979759138186395,0.75709560158004718
5740,-0.01402729498058335,0.7548680793991861
5741,-0.014596679227841551,0.7584266530624999
5742,-0.014619598391623564,0.76354643086007556
5743,-0.017492655219380294,0.75661930141772438
5744,-0.016028621234530256,0.75489796424732969
5745,-0.014068259922863219,0.75528416566324186
5746,-0.014530477859202379,0.7582933033321434
5747,-0.016993641093962994,0.76117628478862709
5748,-0.014845610823982305,0.75948419830066016
5749,-0.015390621567439202,0.76252581149433218
5750,-0.016016946140072583,0.7574880440643762
5751,-0.013706515788618825,0.76133692367213446
5752,-0.016482970296595199,0.75796508690167474
5753,-0.014748440165375944,0.75891815979003485
5754,-0.014900693550319113,0.76173147991960055
5755,-0.015539032419029979,0.75952564840894654
5756,-0.012890134457466897,0.75952446834091392
5757,-0.01289410900431494,0.75834379457510648
5758,-0.015208735923148494,0.76069650270643807
5759,-0.014833797806918677,0.75587739112576269
5760,-0.014865300677995918,0.75988749657028076
5761,-0.011320837167255737,0.75654686241569402
5762,-0.016790147001539347,0.75482435993474417
5763,-0.014667323047758085,0.7591784651210578
5764,-0.015916585570600834,0.76006994575981512
5765,-0.01716158164665833,0.76127441021866316
5766,-0.013626188666509734,0.75445871770654072
5767,-0.013591505318238929,0.75806931531958766
5768,-0.014963740172109032,0.75958733826217206
5769,-0.016600929564653706,0.75553288413323627
5770,-0.015569105848643187,0.75955567133933455
5771,-0.01486810591020773,0.76068479791915355
5772,-0.014142057721127274,0.76172878015428158
5773,-0.0154160674721709,0.76412878359392555
5774,-0.014870838512500094,0.75742732847459893
5775,-0.016904320481846539,0.76037812829000473
5776,-0.016657747394032564,0.75951205182441639
5777,-0.013378024207055767,0.76032737472477996
5778,-0.01526472398837826,0.75678593071812617
5779,-0.014465884654595413,0.74966339615825095
5780,-0.014497590616603891,0.75401385870169035
5781,-0.015126789232906532,0.76464856612190291
5782,-0.012984317698288934,0.76060842439526266
5783,-0.0126216876668746,0.75878019647036687
5784,-0.016301729725279691,0.76377521106966251
5785,-0.016997686219881538,0.76027434219467427
5786,-0.015811415661871712,0.75932343746142383
5787,-0.01283810038714726,0.75877398986791578
5788,-0.015770368780105386,0.7606675733989553
5789,-0.017000974426695382,0.7628145615189782
5790,-0.01330604723481468,0.7602063471729299
5791,-0.013791642390347188,0.76634147558461818
5792,-0.013140839292480142,0.75683412418606966
5793,-0.014651412824368822,0.75446836926507577
5794,-0.015273149076204277,0.76201990480194626
5795,-0.015101843169336522,0.76462872885475242
5796,-0.015278258427139859,0.75825396047560101
5797,-0.016628783528624593,0.75791752960235059
5798,-0.01577004125344425,0.76143860045051059
5799,-0.018045461742649999,0.7596030185068311
5800,-0.017589366351181367,0.75672943317566588
5801,-0.014137227006804306,0.75705885546784257
5802,-0.015282656975584577,0.75714421011542676
5803,-0.014136119512263252,0.75806717122478395
5804,-0.016123567412456227,0.75864398822672641
5805,-0.015256653242351693,0.75712529868195222
5806,-0.016711788873126805,0.75872691328767972
5807,-0.015373997512148093,0.75476263836985602
5808,-0.012986846804250576,0.76071049909870125
5809,-0.015357365482475401,0.76684873931450681
5810,-0.014245890833312097,0.7532109966746936
5811,-0.014451533523805193,0.75830137754967153
5812,-0.016473408980359143,0.75849124625797226
5813,-0.015962289466430579,0.7578022716241215
5814,-0.012955872712702777,0.75698463518205095
5815,-0.012717056981054862,0.76037296313222658
5816,-0.013709877654451736,0.7560009739959348
5817,-0.013988641298260284,0.75964717356752187
5818,-0.014951303408458778,0.75331520892554427
5819,-0.014517052682022809,0.76284397586605124
5820,-0.016202634906538414,0.76021616851579799
5821,-0.01494909930153945,0.75758681425400864
5822,-0.013647075328877302,0.75163408000155529
5823,-0.015905125416218399,0.76165414609963689
5824,-0.014867597270735857,0.758539417624155
5825,-0.016150609625074631,0.76733150309508347
5826,-0.014792872109048252,0.75747293034749175
5827,-0.015567915548100865,0.76319386761712216
5828,-0.015537785706065574,0.76231203362059619
5829,-0.015469451824619122,0.75818662928585356
5830,-0.015274831023417581,0.75772321809054788
5831,-0.014630572105682575,0.7562893792492158
5832,-0.013720439645864297,0.76560406402779457
5833,-0.015517252296755712,0.76037424571342316
5834,-0.015060335271467168,0.76715399582479538
5835,-0.012701480940299313,0.75446065384033234
5836,-0.012926302126196816,0.75892662172666481
5837,-0.016229978146660107,0.7581429172026164
5838,-0.015756824240676738,0.76366056810404748
5839,-0.017285032881029123,0.75734819414758703
5840,-0.014355154463102133,0.76005640044409295
5841,-0.015822135657249308,0.76188460087832421
5842,-0.017393749406922641,0.75766699794683945
5843,-0.013425175301076007,0.75985193511928484
5844,-0.016856143551111917,0.75882620602546913
5845,-0.012131361314729968,0.75546331099730879
5846,-0.014422200712675607,0.76015353730530377
5847,-0.01540325411275407,0.75885444823469683
5848,-0.014938720226374373,0.76032526935814537
5849,-0.015316325309355509,0.76314969718391801
5850,-0.013313019975384874,0.76347481295944641
5851,-0.015454831551405653,0.76044012428217289
5852,-0.0144498981206198,0.75716916133582768
5853,-0.016964335287907001,0.75875218349414064
5854,-0.012417055969858178,0.75616531038293877
5855,-0.015632410106569468,0.75862265844610421
5856,-0.014134709520193849,0.76093294743382434
5857,-0.015312979789255506,0.75838394270296305
5858,-0.015100572349194531,0.76126839929239443
5859,-0.016470637536320779,0.75720925213887103
5860,-0.014768380187824401,0.75563841443069646
5861,-0.015733696978024615,0.76014993759263805
5862,-0.013458372289011113,0.75970415041625705
5863,-0.013772715265342137,0.75758401896501348
5864,-0.010805711290655133,0.75325127292420568
5865,-0.015157222150489801,0.75517142407304738
5866,-0.015103019836017747,0.766978334328836
5867,-0.016045858747867528,0.75948987871942197
5868,-0.01349206006645616,0.7588714427761748
5869,-0.014926026049081723,0.75127616119330476
5870,-0.014943501121672177,0.76109324813361801
5871,-0.011359099564545653,0.76131473368610292
5872,-0.0151428494803756,0.7633372729789637
5873,-0.013456594621908012,0.75543664863148952
5874,-0.016417676618560292,0.75709771994373454
5875,-0.016574800989241967,0.76155328707061687
5876,-0.016141584273472537,0.74981776909164555
5877,-0.017000696163485436,0.76130020316221159
5878,-0.015153497746420764,0.7639440000486204
5879,-0.014429487867523617,0.7545079125873464
5880,-0.013764255101336274,0.75813687516207162
5881,-0.016591005302825534,0.76061883630314253
5882,-0.013898944270371147,0.7633029652011788
5883,-0.014731591242440707,0.7570271172121591
5884,-0.017417716919569767,0.75865133439826982
5885,-0.016183123654039976,0.76382493384162076
5886,-0.013829774847834438,0.76153920209492998
5887,-0.01474534120554318,0.76272922990008185
5888,-0.016915385745807174,0.76057532896842361
5889,-0.01613921505311379,0.75206414446255387
5890,-0.015598680650267163,0.75664328306954864
5891,-0.014647609741165806,0.75099074678110078
5892,-0.014530169116010483,0.75843424978306895
5893,-0.012967657323365309,0.75095994030629054
5894,-0.016212412717564812,0.75632126437681857
5895,-0.016514278138990802,0.75799540944154009
5896,-0.015367699431712834,0.75870763555697152
5897,-0.014485627275675948,0.75629411684128423
5898,-0.016210955990242998,0.76083442606452734
5899,-0.015320237193173969,0.760196411776067
5900,-0.015748029810803726,0.75924365174752306
5901,-0.016444526325898434,0.75809024422567084
5902,-0.014455729278659414,0.76318640464952558
5903,-0.013161383162857462,0.76007661881481092
5904,-0.015399716611425279,0.75782318132602
5905,-0.016552691083719068,0.76185837907806386
5906,-0.014726620700319151,0.75784704332701258
5907,-0.013352174181580819,0.75878379906421245
5908,-0.013524560942046109,0.76590002758424536
5909,-0.014004775900141079,0.75714864268987969
5910,-0.013867341611464135,0.75724810267800913
5911,-0.013218551986369384,0.75437713051901223
5912,-0.015094921127261863,0.75890591782450445
5913,-0.013029605267472965,0.76403991092329471
5914,-0.014243944289071279,0.76311276744972889
5915,-0.015295405266335334,0.75962363408779365
5916,-0.013507868719979948,0.75796407748308248
5917,-0.014496700413883684,0.75830883927619797
5918,-0.016252700942383701,0.76086125693122264
5919,-0.013308488099978796,0.75813970559119426
5920,-0.016439304198815376,0.75966511009072057
5921,-0.01661466330548645,0.76311431361056281
5922,-0.013939104480492426,0.75587388405334965
5923,-0.015023014958340854,0.75532187129130879
5924,-0.016078337525075849,0.75390168159233606
5925,-0.013644749433860837,0.76299559422081387
5926,-0.014142720525516952,0.75698149722167773
5927,-0.01372067197000728,0.75778822419358116
5928,-0.015749678472830216,0.76097755118526778
5929,-0.016045736203109381,0.75983280352924043
5930,-0.016828847318266157,0.75473872085062377
5931,-0.015535454962285285,0.76050426233435031
5932,-0.015100272686658108,0.75284097440637687
5933,-0.017139990538606553,0.76210759737848754
5934,-0.016021478130754441,0.76146898655011341
5935,-0.016037112395332162,0.75511218676940572
5936,-0.017250037779861813,0.76154296745292327
5937,-0.015885647936522081,0.75718295410754655
5938,-0.017090063346056908,0.76199436222654648
5939,-0.016807170308865135,0.75530545666071136
5940,-0.016328574287829262,0.75706411900087622
5941,-0.014779549416329661,0.7628577166420174
5942,-0.013033260875328259,0.76268008847054414
5943,-0.013110503113594059,0.75599955435601029
5944,-0.016735055379313128,0.75918845348558128
5945,-0.015910879257145377,0.76548623922394965
5946,-0.015484936936482925,0.76619701467014489
5947,-0.015917013438029051,0.76203796645840416
5948,-0.014717911322885625,0.75981618261791728
5949,-0.014743225331706526,0.75647470446335485
5950,-0.013396343494727299,0.75550697831391
5951,-0.013896842425148865,0.76147515692463597
5952,-0.016253643417897614,0.76123255674163892
5953,-0.014929996335741909,0.76476202967393969
5954,-0.016131877587790375,0.75606673633585342
5955,-0.015666049823220399,0.76320327284520717
5956,-0.01634455173432306,0.76090455125892809
5957,-0.015292481670956598,0.75740319246109933
5958,-0.014869150131973204,0.76466032715139831
5959,-0.013797805545709977,0.75975959354235556
5960,-0.012879020311863689,0.76178219098064925
5961,-0.014794240147705272,0.76040212756838355
5962,-0.015593275038909686,0.76066179503933096
5963,-0.015447994891861988,0.75879714799503784
5964,-0.01496591983018072,0.7649416369009252
5965,-0.013926398508652727,0.76511828526264469
5966,-0.016391884480546716,0.76186042151226407
5967,-0.016367172802709554,0.76490925587682868
5968,-0.015997718941670791,0.75811665486250923
5969,-0.015644545584246224,0.75993644069359145
5970,-0.014474336273314157,0.75319366249011932
5971,-0.015846571797182407,0.76216954883812049
5972,-0.017144520996271794,0.75737397080620306
5973,-0.015087202924284253,0.76113960443952133
5974,-0.016461437381120693,0.76146798864573062
5975,-0.015419365924735707,0.76003223170154255
5976,-0.016598844164124757,0.75765155908690662
5977,-0.014488723253218989,0.75462527208887076
5978,-0.01568418697450806,0.76460108027548701
5979,-0.016677455770994682,0.76122235987004438
5980,-0.015678642319816912,0.75464142085801622
5981,-0.014328425911704048,0.76219784677293501
5982,-0.015124301924299198,0.75771137035096803
5983,-0.014513041890487107,0.7604566566145855
5984,-0.014772324064206723,0.75571001140438665
5985,-0.016095835863971217,0.76089769118918482
5986,-0.015498046922139321,0.75989120781835628
5987,-0.014720514261011937,0.75529404944862244
5988,-0.014256795702458722,0.75510173751223142
5989,-0.013681127186933092,0.75775489597620926
5990,-0.013711872128187027,0.75451993693381736
5991,-0.014825567190534987,0.75458010841116629
5992,-0.014075198573927137,0.76231755459481121
5993,-0.014324337717323752,0.75154173425268478
5994,-0.014207750472818647,0.76376533661252644
5995,-0.01475567790102243,0.75740884678582254
5996,-0.014793516462430583,0.75269530564711962
5997,-0.015443399785860866,0.76114798380890947
5998,-0.01332791054471133,0.75449116056043741
5999,-0.013652166476169802,0.76460763553838684
6000,-0.016486347217004767,0.76019029547168449
6001,-0.017459352456644244,0.75660293500199549
6002,-0.01666453498727799,0.75959932003022035
6003,-0.016587280492026638,0.76122606425111783
6004,-0.01447976640631022,0.75539483368794391
6005,-0.015214078442408612,0.76252090792637306
6006,-0.015479790803605658,0.7600187577390487
6007,-0.014339613331571743,0.75889614372101522
6008,-0.014548780296152574,0.75228652643447413
6009,-0.015119557774404732,0.75902299889070091
6010,-0.013738241998900589,0.76221742524603253
6011,-0.015344359365340066,0.76007705931621095
6012,-0.01578733324201486,0.7622174625344158
6013,-0.016573305561392904,0.76416141354642275
6014,-0.015414153675741256,0.75820338542538845
6015,-0.014004017396054671,0.76289753853665709
6016,-0.016850531063926911,0.76358276608427211
6017,-0.015942048364220453,0.76555106819970187
6018,-0.012675803030817697,0.75967868440367126
6019,-0.015022417832631906,0.76147458312466731
6020,-0.015020734178229028,0.75923602771910992
6021,-0.0143737880174932,0.76132690245001877
6022,-0.016317510849073711,0.75949363952145399
6023,-0.014773493290051577,0.76156758136122193
6024,-0.01521023148718631,0.76562200744150211
6025,-0.014896320021057048,0.76240962277288316
6026,-0.015456066829047562,0.75998138530232884
6027,-0.016030423373740894,0.75852826501507531
6028,-0.015776675361246342,0.76364893207954143
6029,-0.015280014971058213,0.75585707127923274
6030,-0.015501738021462924,0.75845167347618725
6031,-0.015182911950021645,0.76268870902778985
6032,-0.01494571295237883,0.76166803967891583
6033,-0.012853115894223669,0.76433428579931428
6034,-0.013220142711523315,0.75891714648631736
6035,-0.014070911934941919,0.76069913321589688
6036,-0.012579870518757797,0.75423815781747339
6037,-0.016233204973144202,0.75850164920785346
6038,-0.014117162426024532,0.75750379252276256
6039,-0.013136580239104224,0.75510441559117858
6040,-0.014147836106902879,0.75918238452547104
6041,-0.015169404908374604,0.75918918921371437
6042,-0.01538763164083725,0.76192116134048171
6043,-0.014492179571945842,0.75918417984940612
6044,-0.013199880518555779,0.75875161747265052
6045,-0.016149890023122795,0.76066894611454472
6046,-0.014134632690846171,0.7615623605927313
6047,-0.014076116951051904,0.75638834717244974
6048,-0.012714293434884399,0.75692390969244194
6049,-0.016949387003367029,0.75710883302526277
6050,-0.014830030518429703,0.75923098539149192
6051,-0.01839994438674987,0.76132281948068137
6052,-0.016533573222008054,0.76250944988600644
6053,-0.015234201164259605,0.76582231659796141
6054,-0.015062924187951479,0.75983002025065538
6055,-0.016870032744761017,0.75481986349770658
6056,-0.015539059466447109,0.7644633738816573
6057,-0.014586944765776556,0.76037095884897887
6058,-0.014241198127501343,0.7616368114801999
6059,-0.016209775035279851,0.75954409800760292
6060,-0.016646203029530696,0.75681890151474684
6061,-0.015341967417558574,0.76150536858183127
6062,-0.01448500549686905,0.75822792837046871
6063,-0.01635080627851538,0.75918633217544051
6064,-0.012450165503461199,0.75956885176176081
6065,-0.016956683694611882,0.76478835467258699
6066,-0.013804567418722723,0.75832836168199824
6067,-0.014272776154111542,0.75797810310366298
6068,-0.014022762799259798,0.76249610343503926
6069,-0.016390349123938521,0.75344565289095211
6070,-0.013732589196238041,0.76100239578195195
6071,-0.015359447192614787,0.75197477940232171
6072,-0.015372948841075252,0.75834371337061257
6073,-0.016661505221104329,0.7656757380081588
6074,-0.014700598601289106,0.7644549254526668
6075,-0.015202130989672253,0.7626082227287736
6076,-0.013596334980002114,0.75132965638666593
6077,-0.014354850873409594,0.76193435137153698
6078,-0.013543987643965314,0.75697558914097884
6079,-0.016936653287276802,0.75852255932344304
6080,-0.014926920759300921,0.75887789444399201
6081,-0.016553164927790888,0.75916599562080522
6082,-0.015209931304565719,0.76072959018976116
6083,-0.015957903717078059,0.75665861807190637
6084,-0.014670840242343842,0.7511894038003154
6085,-0.013990998730813903,0.7579894070222547
6086,-0.016871739617372622,0.76244493757691256
6087,-0.015802067712936831,0.76332316586285109
6088,-0.015993561001620679,0.76334726180210311
6089,-0.014863203638389964,0.75716282949082037
6090,-0.017858601385304158,0.76125851585611015
6091,-0.014822463596457317,0.76323008162192607
6092,-0.015554949769844903,0.75595181754247232
6093,-0.01455609805486249,0.75553031196803033
6094,-0.015004067141495476,0.75758347749143728
6095,-0.01633031791197569,0.76235693813524708
6096,-0.016777402784779828,0.76161365113525492
6097,-0.014700502579515932,0.76154660785734296
6098,-0.014722577853843521,0.76056072011782105
6099,-0.012650680277273153,0.75971416895379262
6100,-0.015486013261998548,0.75846334932302395
6101,-0.014972469262486516,0.7627506087431295
6102,-0.017368031784481017,0.7551030260137338
6103,-0.015846137390281026,0.75980358841568385
6104,-0.013668013520940658,0.75866738119895538
6105,-0.016500185056273986,0.76092791244568514
6106,-0.01522109965741889,0.75841545190985171
6107,-0.013157179991872789,0.75789247667824278
6108,-0.015770013983025473,0.75423793657608484
6109,-0.014470192310919625,0.75701598912798185
6110,-0.016681433951176126,0.75260867592560032
6111,-0.016045796601034008,0.75674984585651051
6112,-0.014046703266192459,0.75792205613363894
6113,-0.01646556063022786,0.7603541660466574
6114,-0.017015077004162771,0.76236202623349592
6115,-0.01636098881630086,0.76011469409316812
6116,-0.013943417082070456,0.75460069757639336
6117,-0.014986186084653456,0.7635824183252502
6118,-0.01504440659416198,0.76050156452136275
6119,-0.012614799691443638,0.76143102565684395
6120,-0.015022370481985077,0.75682784987769258
6121,-0.015475817887357099,0.76141076531130092
6122,-0.013964660100352836,0.75755780742500101
6123,-0.015030674015759166,0.76275107694149169
6124,-0.015478156468784456,0.75649365991774731
6125,-0.013512109689098805,0.76234785559838225
6126,-0.015167827203536981,0.7616416969741554
6127,-0.017401395275958555,0.7562427262278627
6128,-0.013534858945688864,0.76053473847635367
6129,-0.016391520249521396,0.75561581398492828
6130,-0.014363808412131336,0.75890671970162615
6131,-0.014930092480412521,0.75948091855806976
6132,-0.014577952738324414,0.75632642732238387
6133,-0.013954001177999519,0.76775282979320181
6134,-0.013783697933651372,0.75770819866711014
6135,-0.0150367841291573,0.7638399774967003
6136,-0.01651836587541608,0.7580990647447452
6137,-0.015070979308594601,0.75992615806527786
6138,-0.016289901799358353,0.75594443007428203
6139,-0.017373808350905535,0.75986257469162044
6140,-0.014812057636826236,0.76259608232453424
6141,-0.015508931974566136,0.76703159033532142
6142,-0.016314247212836606,0.76289631914716505
6143,-0.014796715449372382,0.76021224829070433
6144,-0.013062024477313873,0.76013066117382511
6145,-0.01610543029106782,0.7593088289504013
6146,-0.014882415857687238,0.7557930379451151
6147,-0.016185031381776134,0.75676951725866715
6148,-0.015991822885167387,0.76561349677740254
6149,-0.016571236051650423,0.76038372214349315
6150,-0.012710888658151596,0.76287440838358878
6151,-0.01487925205778599,0.75909873258803329
6152,-0.014342079943583842,0.75634086169946391
6153,-0.014286924948269625,0.75433518509297293
6154,-0.013889307432519638,0.75623350946971812
6155,-0.014897291289759947,0.76392782411903604
6156,-0.014205619628068567,0.75882373187004271
6157,-0.015215638021470379,0.76087835107289437
6158,-0.015183073275339571,0.76155897684507157
6159,-0.01509183755212468,0.75890324900562833
6160,-0.015696071093901764,0.76161086385322418
6161,-0.014148437478693227,0.75467738055561584
6162,-0.013722143607489475,0.74831650818700646
6163,-0.016681562692930182,0.76052359901577427
6164,-0.01317253438880174,0.76282720347355337
6165,-0.016470505815729234,0.76243920678618493
6166,-0.016472983013109305,0.75687608792688754
6167,-0.012131914987780379,0.75934858817799789
6168,-0.018477850513895194,0.76101472785124991
6169,-0.013767634647254494,0.76137624802699189
6170,-0.01464528717734623,0.76002215472787638
6171,-0.013602714235149011,0.75101860663758901
6172,-0.012882424648688145,0.7521045396433913
6173,-0.015004645756793708,0.75136676208263853
6174,-0.015566975525711887,0.76206959460029777
6175,-0.014173230300417644,0.75362188227051441
6176,-0.013100197231305941,0.76014269316210614
6177,-0.014734047687855068,0.75489646970230073
6178,-0.014433639662912234,0.75509195994592648
6179,-0.017596742585550135,0.7631266947944404
6180,-0.016430779676920304,0.76005674579889893
6181,-0.01224841929808438,0.76065918474170457
6182,-0.013431673336320967,0.75632368462353483
6183,-0.016046934960548875,0.76050225625627987
6184,-0.015956942962513973,0.75833496791872856
6185,-0.017690091237860542,0.76261165868338288
6186,-0.015320348085109802,0.75815541825674559
6187,-0.014364531568654712,0.76409667544693272
6188,-0.0150203471535826,0.75815506733570825
6189,-0.015932681949691892,0.75959830534545936
6190,-0.015201501094282963,0.75813526239609252
6191,-0.014597454148205574,0.76667649418760098
6192,-0.013703973327261341,0.76059328056093811
6193,-0.016468839208526286,0.75963905793827236
6194,-0.014765242425744649,0.75259567163971908
6195,-0.017678285312860413,0.76202693314801673
6196,-0.017257257576261786,0.75876207600845469
6197,-0.015630550473679564,0.75984971692644587
6198,-0.015169618778396813,0.76110120715299701
6199,-0.01544862263668928,0.75720902640290877
6200,-0.016748883034471636,0.75941058383147297
6201,-0.014320024759412861,0.76101910818506735
6202,-0.015322311378476694,0.76183457125288445
6203,-0.01579619740139818,0.76410626581720587
6204,-0.016410376488547557,0.75207182406841622
6205,-0.014364799808285238,0.76467516701673199
6206,-0.014731825751907516,0.75168029918962642
6207,-0.01389383989862868,0.7563497762149165
6208,-0.01557915422689644,0.75985714099890866
6209,-0.016075855969754929,0.76059562842900796
6210,-0.014509716556854377,0.7574889723380962
6211,-0.013992518134300516,0.75997592962896399
6212,-0.012971778787115277,0.75685187982361957
6213,-0.013296508533671371,0.75388728831497021
6214,-0.015734052308689864,0.76098423522164538
6215,-0.016249471182967452,0.7553254652004886
6216,-0.011112723772093887,0.76277289705803075
6217,-0.016651109238173499,0.75288045053406372
6218,-0.015404198382112461,0.76301923249267778
6219,-0.014010604413994201,0.75319835754438791
6220,-0.016958430579218475,0.75990977435891494
6221,-0.015578145160583574,0.76351791248857293
6222,-0.015976291127198412,0.76179680831833485
6223,-0.016948058503165754,0.76382540646721186
6224,-0.015250902416178545,0.75506908235078773
6225,-0.015325460712097489,0.75990429131570159
6226,-0.013898581186383707,0.7571004428260828
6227,-0.013901185105697923,0.76564030686235796
6228,-0.016249868647852231,0.7554817038909899
6229,-0.013440237233181301,0.7540855016366862
6230,-0.013740847748676436,0.75413094488200161
6231,-0.016995873872847442,0.75843469912584449
6232,-0.014911401626903161,0.75980272880924049
6233,-0.015911125036069108,0.75026990400325855
6234,-0.016989180579770814,0.75823879839346142
6235,-0.014659270981637001,0.76204948276262874
6236,-0.014828265234351521,0.76408848087589276
6237,-0.016493988295700292,0.76049922480751853
6238,-0.015966032899275472,0.75563728644412453
6239,-0.013568738029113656,0.75213911730021699
6240,-0.01571121692352833,0.76053168937610227
6241,-0.014748228918476641,0.76340812417814552
6242,-0.014461299022287306,0.75699088223939814
6243,-0.017502593934216451,0.76017733284753097
6244,-0.016582462253376774,0.76289960821625102
6245,-0.013693076060945115,0.76215330374689183
6246,-0.014881241010095648,0.76277749669585648
6247,-0.013671183136840463,0.74771608033306225
6248,-0.013163576334299645,0.7571111669531132
6249,-0.014608666396208066,0.75610361152334526
6250,-0.015344845264808008,0.76491422028660538
6251,-0.015251963135014807,0.75741072565606171
6252,-0.015675590181584001,0.75559971638222567
6253,-0.016504668762602197,0.75549615412569548
6254,-0.014274330315552012,0.76015054672330762
6255,-0.017368929107546206,0.76073579665590463
6256,-0.015607274558082895,0.75982042075419698
6257,-0.015616919924543754,0.7587632219497652
6258,-0.014661964324345519,0.75692295719013869
6259,-0.016167977337171707,0.76075726297111712
6260,-0.014509919365785924,0.759859496360483
6261,-0.015558271909149789,0.75869998596216026
6262,-0.01588403188902331,0.76184876911174226
6263,-0.016741397076255972,0.75968458788973592
6264,-0.01176621710689744,0.75664905635126178
6265,-0.013069093438596446,0.75697084345072774
6266,-0.016268570997692088,0.76167940964774905
6267,-0.013661102196563472,0.75618904149573318
6268,-0.014753100555698079,0.76744356377544054
6269,-0.013270406777397452,0.76091602031631256
6270,-0.014222703090615909,0.76364497167034862
6271,-0.014233719174698177,0.76477269702091255
6272,-0.015056526686640544,0.76068794569247333
6273,-0.016394801351062731,0.7587028366477061
6274,-0.016708504371614905,0.75748421262598675
6275,-0.015454266516610008,0.75965149035001334
6276,-0.016160543741504489,0.75852782060902479
6277,-0.014498818785616083,0.75899233474220873
6278,-0.011678870745373812,0.75083065155694428
6279,-0.016126258247058961,0.76202301461291166
6280,-0.014195093854398204,0.76465762737315568
6281,-0.017731160428668791,0.76001621007248077
6282,-0.015610972931736874,0.76025654617309812
6283,-0.015856206464141941,0.75818461762433009
6284,-0.015116847732946746,0.75860703269518515
6285,-0.013170650489740504,0.75909672382470528
6286,-0.015389630690318741,0.75439905735945501
6287,-0.015595348933846929,0.75756224749509793
6288,-0.015576928954452583,0.75842069510851895
6289,-0.016793172872946717,0.75555842796332962
6290,-0.017417496053878087,0.76365488026753925
6291,-0.015607041396326011,0.76289049493486327
6292,-0.016164947582093445,0.75942365362532849
6293,-0.014529881383699178,0.75426180153118949
6294,-0.014478463203683394,0.74881889026844661
6295,-0.016363143152220018,0.75879277354985353
6296,-0.016105339324951375,0.76414607676168678
6297,-0.014530627708202499,0.76420180838271567
6298,-0.014161146343402053,0.76000046347003924
6299,-0.015376604008298298,0.75913589196235587
6300,-0.015420213538024861,0.75782684863708571
6301,-0.016373901332983616,0.75868448340772809
6302,-0.015452295665467979,0.75767693046355133
6303,-0.014728520181885916,0.76143363229085681
6304,-0.014963244667313792,0.75341301842148878
6305,-0.014238810635964732,0.7588447214871028
6306,-0.016275353527642707,0.75729658383762244
6307,-0.015537480805769041,0.76125814325041208
6308,-0.015351340264381333,0.75835732128541133
6309,-0.015646087445647747,0.75687612504595403
6310,-0.014811459261662349,0.75779102591878034
6311,-0.011868192712102391,0.75445698269348938
6312,-0.015106840392145916,0.76280300862772388
6313,-0.016000482598439884,0.76212011732739138
6314,-0.014419543029305064,0.75734950204708851
6315,-0.015007625515823301,0.76742143171916799
6316,-0.015777964992911869,0.75499643346904843
6317,-0.014596267969314361,0.75613257754079355
6318,-0.016596421558141568,0.75953503847911807
6319,-0.016281886956680605,0.76287293705333592
6320,-0.015494427034425308,0.76085835665793211
6321,-0.014434761842781018,0.75786953337613705
6322,-0.013553239922794839,0.76537984870250086
6323,-0.014166660496775655,0.75767046380525727
6324,-0.015680995762300785,0.75827512134508834
6325,-0.013633709712948248,0.7546441606761698
6326,-0.017000696163485436,0.76130020316221159
6327,-0.013942016070055992,0.75818714604269921
6328,-0.013386179483522144,0.76235188122820463
6329,-0.016509012350767516,0.75661863495256942
6330,-0.015936471251011393,0.75976902260146417
6331,-0.014840473967462244,0.76297895715942698
6332,-0.01522048663241188,0.75736630277044481
6333,-0.016518161289936516,0.75534292550373638
6334,-0.013531886644491455,0.759162299784919
6335,-0.016799020267826207,0.75672808571140671
6336,-0.015648274146438955,0.76219817253787214
6337,-0.013221176957232971,0.75860810142502433
6338,-0.016595498395967592,0.75955371572982366
6339,-0.016143520173606506,0.75933046144020921
6340,-0.015649301278285704,0.76090299076059698
6341,-0.017614533506230833,0.75738100419135068
6342,-0.012602006516488953,0.75371329237219065
6343,-0.016645833380324753,0.76070569278124633
6344,-0.016690786558088463,0.76448237745886893
6345,-0.016248621782376977,0.76177027892614246
6346,-0.016157122098597203,0.75830325843181945
6347,-0.013743069253605732,0.7611047894725409
6348,-0.016617994467785668,0.7591548892310932
6349,-0.013832222599961712,0.75926840533766426
6350,-0.014524985187998057,0.75521090542941127
6351,-0.013740607750035813,0.76219893617528789
6352,-0.01322912063546723,0.76327779868963386
6353,-0.0142864884746857,0.75806113916632789
6354,-0.014753011513036032,0.75670881205693252
6355,-0.012736006554997566,0.75792575825166097
6356,-0.016569606590851667,0.75934698850160576
6357,-0.012423817726269807,0.76257287531862594
6358,-0.01519239723904137,0.75948101141096025
6359,-0.015226034046861596,0.76087997401606811
6360,-0.013532840355173395,0.76080684292499301
6361,-0.013454202870419608,0.75341888309940774
6362,-0.015025948376714022,0.76203118183041596
6363,-0.014008716449622932,0.75605375284042498
6364,-0.013260823115295629,0.76185462969482998
6365,-0.016519440624408507,0.75719296965548299
6366,-0.01458961457313084,0.7582894374222463
6367,-0.014890724208610529,0.75756514744545211
6368,-0.014751991190073714,0.75765005508526995
6369,-0.015339082704524581,0.76534612165203697
6370,-0.015018451544163799,0.75700439700016253
6371,-0.013448393232623078,0.75385844751754427
6372,-0.016464864795536858,0.76084090764410639
6373,-0.014591082156757071,0.7498518540122362
6374,-0.015392126881599437,0.75472608539846153
6375,-0.013618038645794738,0.76033318631936253
6376,-0.015211166274986041,0.75896277500791609
6377,-0.017193217357823521,0.75437211201290899
6378,-0.015194972690283293,0.76106376077431681
6379,-0.013105237224442378,0.75434996501711049
6380,-0.01540412663514875,0.76077154924902324
6381,-0.013926171165943368,0.75849433381267406
6382,-0.015230138714211312,0.76199609425515602
6383,-0.013149162242542853,0.75745540802765654
6384,-0.014421452513081681,0.7606600052563065
6385,-0.01588586768063582,0.75902811446822627
6386,-0.013801131377187114,0.75888091685116332
6387,-0.015422996099287829,0.76386909027559213
6388,-0.012037457578391548,0.75667701919088348
6389,-0.01597741993068641,0.76008005691524838
6390,-0.015211107875291514,0.76549612691334445
6391,-0.014644493459854743,0.76482147268434131
6392,-0.013697043630704741,0.76370239385946637
6393,-0.01500701516872629,0.75434207690628841
6394,-0.00949819611866916,0.75996112710053809
6395,-0.01640096077406078,0.7638889532748655
6396,-0.01654956040449141,0.75513556221759248
6397,-0.014311205387041682,0.75984698575254817
6398,-0.016753953063715236,0.76298041196545263
6399,-0.013124450297886158,0.76179409689301369
6400,-0.018076533899775687,0.76214520465870006
6401,-0.015127192992880584,0.75754306577592012
6402,-0.010682057756887815,0.7526388941545894
6403,-0.013734039546578423,0.76118326777613909
6404,-0.014687869931523715,0.74941836852566479
6405,-0.016979212451412058,0.76095432051099776
6406,-0.014092604459647667,0.76307919922946355
6407,-0.016969848378891227,0.75983166804373548
6408,-0.015936396103453286,0.76035481655435522
6409,-0.016898543533346133,0.75707571969055643
6410,-0.01318935515250459,0.766193545643998
6411,-0.015872086076720873,0.75664671506011272
6412,-0.015144989317580923,0.7523387612665785
6413,-0.015435852284199837,0.75818947493776856
6414,-0.013915901822355563,0.76115790048255016
6415,-0.013648862526649914,0.75913961495668503
6416,-0.016914840166813334,0.76007538222734872
6417,-0.016044640319360981,0.75954291570101129
6418,-0.013232666974526488,0.76103351258613938
6419,-0.015745572882810633,0.75844275992532273
6420,-0.016100029310371002,0.76263235505139626
6421,-0.012872716019960047,0.75574630681310173
6422,-0.015005179304343697,0.76118169224471866
6423,-0.017282872638465209,0.75913385708956593
6424,-0.014033703162842838,0.76008309242354799
6425,-0.016238690863515919,0.75945605505742353
6426,-0.017086419452276222,0.7637896773821885
6427,-0.014576172852383048,0.76182397935778323
6428,-0.016754935500243907,0.76344301234554601
6429,-0.01547754155203508,0.7558692386457958
6430,-0.016831712399665726,0.75783833226125497
6431,-0.013919716292222941,0.75593728970800367
6432,-0.015303479098102143,0.75397282208208105
6433,-0.015133194049907886,0.74868729494477604
6434,-0.014942573976304515,0.75488859844999212
6435,-0.017101120163806542,0.76457113096512641
6436,-0.012953386608864097,0.75748233443783164
6437,-0.015467732098137704,0.75225089824757196
6438,-0.01726442101867233,0.76009554323661477
6439,-0.014174543836442796,0.75959467562757899
6440,-0.014692451653431087,0.76032227484505732
6441,-0.0172700160772381,0.76584304840898187
6442,-0.013883176179275114,0.75650106830156449
6443,-0.018498907711845234,0.75630889006000479
6444,-0.016430025925458783,0.76483358742671737
6445,-0.014947044912155099,0.75916234429742113
6446,-0.014559067403699092,0.75663654584916629
6447,-0.01627459880357076,0.75981256701245581
6448,-0.015249759664269089,0.76488977989359563
6449,-0.015380936100440185,0.75435932083052926
6450,-0.014596013809451424,0.75716297882749306
6451,-0.014720947356128203,0.76060304428281733
6452,-0.016000541148921986,0.75354553451239747
6453,-0.015194417825881058,0.75214625171889415
6454,-0.014391929315497459,0.75982153116935724
6455,-0.015837006492889376,0.76290249474328276
6456,-0.015339747756758962,0.76180172579745786
6457,-0.014685949715391318,0.75621114306677739
6458,-0.01562829153216521,0.76067414467465833
6459,-0.013463818280414442,0.76077520879861582
6460,-0.013055688612881847,0.75422222503109504
6461,-0.016238747141421234,0.75605374780426959
6462,-0.013855968872042048,0.76306962304788728
6463,-0.013206499534537947,0.76198509069193132
6464,-0.015628786337202889,0.76099610149173591
6465,-0.015384953941587494,0.7644023677830849
6466,-0.017075542007265077,0.75979885995091512
6467,-0.014799656486609126,0.76148959428541585
6468,-0.013368538934522362,0.76460710296643519
6469,-0.015161823760621862,0.76093092907202231
6470,-0.018389574288982025,0.76078629762549788
6471,-0.014618006750602828,0.75201952562563301
6472,-0.012491630281710617,0.74843986191848344
6473,-0.014744463718040966,0.76222603903693242
6474,-0.016192928816257661,0.75920077871832536
6475,-0.014294441785839355,0.75824872619257044
6476,-0.013177804697761279,0.76735533593473593
6477,-0.016572546920879519,0.75728029201088787
6478,-0.013936079910227562,0.76153780461472798
6479,-0.016405228760208279,0.76407245157445824
6480,-0.014566860317922781,0.75141567485221383
6481,-0.013563220877359764,0.76166114950504082
6482,-0.011640078002600069,0.75447868633072146
6483,-0.015531762157287916,0.76100587955585386
6484,-0.014441798769627191,0.75445405146488098
6485,-0.015988016386008705,0.75641907899417582
6486,-0.013930423883622735,0.75590353040853731
6487,-0.013679862368903065,0.76038490104242984
6488,-0.013919135012957901,0.75988290673648229
6489,-0.017775599506656158,0.76356798240667589
6490,-0.015721368888416735,0.76288466241684239
6491,-0.015338665615709051,0.76308873562008628
6492,-0.01402570463964839,0.75934020428665983
6493,-0.015872848063402126,0.75850546089610271
6494,-0.012688038740000731,0.75692746761958352
6495,-0.014952398338725364,0.76592124629924518
6496,-0.015195095023558492,0.76058609434615476
6497,-0.014529019666252634,0.75765146547747997
6498,-0.015589443324858437,0.7613673277251628
6499,-0.016869155009300717,0.76433694282609443
6500,-0.015143556643200502,0.75967940563198078
6501,-0.016813912503075464,0.76043468273954062
6502,-0.016075828161205258,0.75737829846154492
6503,-0.0149986218754592,0.76036512774326803
6504,-0.016498009434108216,0.75454052568371499
6505,-0.014982802387352128,0.7579160776149102
6506,-0.015011656953647614,0.75651433214950614
6507,-0.015798574425071571,0.75416906606350498
6508,-0.015428066252043687,0.76344702410940513
6509,-0.01406452770761242,0.75331113655523918
6510,-0.015453446763275926,0.7583450149568467
6511,-0.015446422232098704,0.76579838335384842
6512,-0.018092171473145725,0.7621125851261169
6513,-0.012636328460309283,0.76035068466332933
6514,-0.014477622410843698,0.7576445655183035
6515,-0.01524896358740443,0.75866880381231971
6516,-0.016028499127379549,0.75705690739694476
6517,-0.013823206378707013,0.76054534541804975
6518,-0.013728471625082238,0.75863022232106136
6519,-0.013798696166532022,0.76205902265935221
6520,-0.015123452145649655,0.75733728748933338
6521,-0.014142814419425661,0.7563348396728381
6522,-0.015400338901077629,0.75802701343583667
6523,-0.015038318520032129,0.76387026344051401
6524,-0.016341117937847777,0.75810161008471166
6525,-0.015995685952781134,0.76126208767233172
6526,-0.013453892019826524,0.76450925155027494
6527,-0.015648789132987163,0.75621764679732528
6528,-0.014685034440011997,0.75840657509928755
6529,-0.013872937546410644,0.75928437692442674
6530,-0.015917356787269802,0.76229952791074074
6531,-0.015429955900888331,0.76136588580482545
6532,-0.015833450644092084,0.76316617938977294
6533,-0.016104962979168913,0.76208741755107501
6534,-0.017250365773672262,0.76009052465528548
6535,-0.015613527559899702,0.75743181700089701
6536,-0.011938900776898943,0.75539112290217247
6537,-0.013254943305432754,0.75325879483515268
6538,-0.015129669125668198,0.75970061552977841
6539,-0.015145355611135284,0.76237609627266301
6540,-0.016199911010239251,0.75701240295729044
6541,-0.014864588570237215,0.762743247277895
6542,-0.015164481630356129,0.76124063975664902
6543,-0.013703782134226317,0.7585416895712469
6544,-0.016670579994672675,0.76353758841405772
6545,-0.013176474649044022,0.7546663543252764
6546,-0.015407310583763541,0.75712802765153386
6547,-0.012743637923915982,0.76165952814749427
6548,-0.015201338762133173,0.7578941852929526
6549,-0.016636275553200942,0.75976521726191837
6550,-0.014176048881283269,0.76281335133331718
6551,-0.014356845959932561,0.76157948354208838
6552,-0.012911787107380598,0.76561305687401415
6553,-0.015006131036206943,0.75910664602282674
6554,-0.013864933055425422,0.7574295638366485
6555,-0.014510524229671333,0.75929985565486335
6556,-0.015166525905564446,0.75446362927138544
6557,-0.015350169844425186,0.75737484670646404
6558,-0.016153068707099781,0.76021335559506964
6559,-0.015422857304332332,0.7583033596303046
6560,-0.016158532105179008,0.76178334617334675
6561,-0.016654890795513973,0.75956745415835192
6562,-0.012863211175975746,0.76023773459521549
6563,-0.016259392493165759,0.7622528085469138
6564,-0.015523615715936204,0.75395282322222823
6565,-0.012794180961156996,0.76047425582651562
6566,-0.015874118825796486,0.7600936679983572
6567,-0.01240242063737796,0.76332413580138392
6568,-0.015671291544788003,0.75881104121507903
6569,-0.01368150881078755,0.75513198493274813
6570,-0.014306083752929308,0.75601702392020664
6571,-0.015351340264381333,0.75835732128541133
6572,-0.013987141216273466,0.75654176985207056
6573,-0.013747336335330309,0.75443165246710986
6574,-0.01540113774230413,0.76204437590555252
6575,-0.015452744791231961,0.75643979075782963
6576,-0.016342409962586287,0.75313410490383959
6577,-0.016493715192602815,0.76395914757133621
6578,-0.012851114882411432,0.75346950986310524
6579,-0.015661731519614461,0.76327620767897619
6580,-0.014446464209371294,0.75883714244196887
6581,-0.015325303243273365,0.76160551489811934
6582,-0.014140326639882754,0.75873620584550316
6583,-0.014295402796608256,0.75818014096545749
6584,-0.015538843210337661,0.75811536651118228
6585,-0.014967229143265684,0.75948158266777732
6586,-0.014550925783281711,0.76071139324139725
6587,-0.015190710403202991,0.75866382155221257
6588,-0.015328503040618729,0.76067241297804944
6589,-0.01701644622097654,0.76130996777683191
6590,-0.014784717002781982,0.76275113319598187
6591,-0.015452877545062487,0.76568167980052237
6592,-0.013754343448942068,0.76040990655560159
6593,-0.01418446547822657,0.7577991934123437
6594,-0.01330188274856913,0.76128939364773329
6595,-0.015122576464359806,0.7633723285702495
6596,-0.014433062074036919,0.75262491658866282
6597,-0.014258596121454668,0.75149336655362253
6598,-0.017069126805598432,0.76198006208348623
6599,-0.015363819424845351,0.75967669043907171
6600,-0.016094452582384219,0.75936547330514814
6601,-0.016245117764008037,0.75243631404792199
6602,-0.013792663066180008,0.75731411474386456
6603,-0.015395572520625933,0.7590615418357135
6604,-0.015054011457134957,0.76022990311348038
6605,-0.01298441506095796,0.7633557976764197
6606,-0.01266925591285295,0.75818583626596803
6607,-0.016195586598548424,0.76074496274155257
6608,-0.013970622006388321,0.75689701679252486
6609,-0.015977495951963752,0.76179927647304657
6610,-0.012650426112626683,0.75796368382600032
6611,-0.015055304185319907,0.76607842329712272
6612,-0.017601057630668562,0.76465805115688279
6613,-0.015444434587118363,0.76118356211699345
6614,-0.015983925617201716,0.75821141720007279
6615,-0.014992180084680173,0.75676378227823204
6616,-0.015287834321792083,0.76288106204654249
6617,-0.014418426475551069,0.75362073586036205
6618,-0.014651238591131059,0.75772710319531966
6619,-0.016335293503433674,0.75442285840072398
6620,-0.01372091714375805,0.75959078211510556
6621,-0.013465850025512694,0.76615489606401321
6622,-0.014785911011167906,0.75176924921838384
6623,-0.01488582297675326,0.75420612986749458
6624,-0.015845712110452808,0.76033251654699385
6625,-0.014544474243948682,0.76022907309644172
6626,-0.01160586150704971,0.75987991694357226
6627,-0.01309803365715808,0.75220046532441842
6628,-0.012343403924953816,0.7532000936173151
6629,-0.014836559825952708,0.76354128127549281
6630,-0.015028235549685375,0.75926568849821596
6631,-0.014790978036116106,0.76134473000957237
6632,-0.013658577403197744,0.75953230224952328
6633,-0.016257223730963589,0.7654214019365303
6634,-0.01558683627444994,0.76017111547321592
6635,-0.012735615038638022,0.76191466681433317
6636,-0.012911361086770332,0.76318257815827328
6637,-0.014682928958300376,0.75507707198623075
6638,-0.014925409599925733,0.7613606241421419
6639,-0.01478686337962099,0.76262893969897283
6640,-0.014926916314776911,0.75457452930103253
6641,-0.013259139952565847,0.7607620572211885
6642,-0.015779361516036927,0.7579154077567033
6643,-0.014461031960918337,0.76271850370437444
6644,-0.016223041122504771,0.75861191236458692
6645,-0.013682355396799477,0.76068327737640618
6646,-0.015384554844651356,0.76071298463838333
6647,-0.013791113155673388,0.76168406758474971
6648,-0.015758736176439928,0.75238609857511929
6649,-0.014303559627240801,0.75745575456791847
6650,-0.017568657793424741,0.76258400289611583
6651,-0.014038121462627189,0.75988231572371989
6652,-0.014878383326279901,0.76297829109543758
6653,-0.01286364074601336,0.75820200958062711
6654,-0.014212287141999963,0.75709111225305126
6655,-0.014166726472724527,0.75813143381151338
6656,-0.01464382758487414,0.76031374644870642
6657,-0.014462273389339655,0.75836683525056392
6658,-0.016678165418303109,0.76129013818440128
6659,-0.010919771460724037,0.75031620798536303
6660,-0.014099043030159755,0.75823925361903532
6661,-0.013864210059297773,0.76217003768448788
6662,-0.014363208323688866,0.75775148687297511
6663,-0.015146456923849952,0.76059432000991112
6664,-0.010878944780505407,0.76235493144757449
6665,-0.013439354451595355,0.76128127235293097
6666,-0.015912755266724428,0.7597895313409504
6667,-0.014270098222601923,0.75710791382259968
6668,-0.015692277113236956,0.75912527275463104
6669,-0.014371644440643325,0.75677611608733408
6670,-0.016563586872561802,0.7650613987217223
6671,-0.014622114840689624,0.76144879856959857
6672,-0.017417496053878087,0.76365488026753925
6673,-0.01348856198732562,0.75638194271234083
6674,-0.013945409419202292,0.76092069543047691
6675,-0.012300479144982106,0.75144857005892907
6676,-0.01614306362054399,0.76165135162794662
6677,-0.014618981354351444,0.75907490646642883
6678,-0.014176129471471561,0.75821020637823078
6679,-0.015508824640229932,0.7561481151507361
6680,-0.013700398029477607,0.75632679537760872
6681,-0.015745080703250952,0.75863462129646331
6682,-0.014831960148514246,0.76217068658512543
6683,-0.015996172716937443,0.75779585527072935
6684,-0.015208929929232243,0.7629574144315252
6685,-0.015489223715046766,0.7605037384425003
6686,-0.014797734285009688,0.75647433237082295
6687,-0.016928720847972527,0.76155235861557036
6688,-0.013677933446261219,0.75489162138140553
6689,-0.016580187872297945,0.76127676471319794
6690,-0.014558078105442188,0.76022860332389763
6691,-0.016148292362509038,0.75614050388297793
6692,-0.015845339423720552,0.75788585468532976
6693,-0.012411440157829237,0.75381858830648918
6694,-0.015725721729500017,0.76329518736798108
6695,-0.01398150003137187,0.75651062584003825
6696,-0.016515403429931873,0.75838002834350704
6697,-0.015378752562499211,0.76148654385159575
6698,-0.014833880130756831,0.75827515293360781
6699,-0.014935792718040705,0.75834070046409985
6700,-0.014814568810573178,0.76652123620151369
6701,-0.016450194384257412,0.75774108031783116
6702,-0.011631831298915483,0.75765741390387631
6703,-0.013738668537293976,0.75847758649894381
6704,-0.014164647705816723,0.76347119909158345
6705,-0.014573261145692266,0.76176501729682911
6706,-0.012188808381664687,0.76154785907724498
6707,-0.014704604781026019,0.76471968997473994
6708,-0.01492831660275365,0.75981187770234426
6709,-0.015547194994382476,0.75815024047147384
6710,-0.014553148001825104,0.75825021765159895
6711,-0.015650480405637022,0.75516598563548754
6712,-0.014604983812423793,0.76019136540171006
6713,-0.014790284073595551,0.75208123674260696
6714,-0.016081076529810258,0.7627079442026895
6715,-0.015131547774947678,0.75122009743397222
6716,-0.015471232270178093,0.76468694748368415
6717,-0.012615406594322675,0.76253410469263716
6718,-0.014474780388247437,0.76074935326527049
6719,-0.014042003177284476,0.75667407555816302
6720,-0.013573399089060129,0.76090709391126765
6721,-0.017141400108239821,0.76303915441163306
6722,-0.017500255389471187,0.76389639951373312
6723,-0.013454710626252638,0.76371953531079861
6724,-0.013404176204968378,0.75490044033159298
6725,-0.013969703529924098,0.7583635701278143
6726,-0.013575004571304965,0.75911080096555661
6727,-0.015429018632514703,0.75551101189583791
6728,-0.017574763966929537,0.76199510051779429
6729,-0.014685473706224132,0.75668488235354125
6730,-0.016898718925222437,0.75867612729213452
6731,-0.015801572794665555,0.75715223160444067
6732,-0.014853761728255966,0.75377696413933304
6733,-0.015905867159965059,0.75997020500377244
6734,-0.017370213621231898,0.76276408923094219
6735,-0.016088867044049708,0.75732662350444457
6736,-0.013014482989162829,0.75744193490819334
6737,-0.013070244649660126,0.75900007277783732
6738,-0.016674555107139104,0.76404273910903064
6739,-0.01618226397153201,0.76716685235290116
6740,-0.014820453532048909,0.75778537887721809
6741,-0.01488529009224461,0.75277344372135668
6742,-0.015171578005180805,0.75716852129814949
6743,-0.017416250851427194,0.76036921510867816
6744,-0.017071831920635192,0.76072772780918496
6745,-0.016053602566008136,0.76344903650036278
6746,-0.012848997438103917,0.76147864367693341
6747,-0.015219107469014635,0.76025513163631331
6748,-0.017633721785237283,0.76226425224221195
6749,-0.013186219296322223,0.75825414045964235
6750,-0.013365016240681381,0.76099107607130512
6751,-0.01694012282804138,0.75848210930472837
6752,-0.016017157646821635,0.76083190861331895
6753,-0.015312677380303681,0.75936007492977098
6754,-0.017192984877469966,0.76101229112426561
6755,-0.014782270163189172,0.75906816387620868
6756,-0.014926413018419965,0.7610478958453446
6757,-0.014678604437230472,0.74994236395228264
6758,-0.016429923250263566,0.75656668104558633
6759,-0.015538412445180901,0.76065662902657583
6760,-0.013084230901804323,0.75763431345666088
6761,-0.014665595440755025,0.75856168112531475
6762,-0.015010186760679398,0.75652028893095657
6763,-0.01731806164599823,0.75472672765469495
6764,-0.014992306075795934,0.76480553196522594
6765,-0.016571505616016818,0.75948543835856519
6766,-0.015760170000535614,0.76273470311602809
6767,-0.013392650561346539,0.76064313005967266
6768,-0.014879828380957897,0.75782230048071231
6769,-0.013639248224644419,0.76231208890572399
6770,-0.013231774318322469,0.76240746197709908
6771,-0.015229965881846011,0.762376469488665
6772,-0.015984152507301425,0.76146218596843041
6773,-0.014555858041955881,0.75545307888245572
6774,-0.012262792265239691,0.75940112651783165
6775,-0.017181359200260017,0.76177547864953188
6776,-0.016459474319309501,0.75600082355002263
6777,-0.014498249449199113,0.75845113022687305
6778,-0.016211636463140493,0.75916348660928479
6779,-0.017337365046614223,0.760948416907682
6780,-0.016774305523126622,0.75830952901866522
6781,-0.016278202042944299,0.75610676633766749
6782,-0.016812700501439595,0.76059777589001121
6783,-0.015460377242724107,0.76028709782825166
6784,-0.015383139508416117,0.75809285452430397
6785,-0.014907908389713327,0.75947277067439278
6786,-0.015915158948401877,0.76154695051842936
6787,-0.014932877726489371,0.7618622926278259
6788,-0.013267663728416734,0.76000042726960026
6789,-0.014275682714918685,0.75649938513398529
6790,-0.016147930947300729,0.76278787565213191
6791,-0.014950365377148269,0.75620459865207712
6792,-0.01634081162840199,0.76088415658734077
6793,-0.014130867949323727,0.75976087180733443
6794,-0.015997626984572948,0.75731371595421382
6795,-0.014648743808171237,0.75859171833788175
6796,-0.015921563890787166,0.76063605732384965
6797,-0.013311398044986664,0.75979552022623609
6798,-0.014278906413985486,0.76124136479380056
6799,-0.014866153692615514,0.75977266227415896
6800,-0.016517803884165509,0.76159612741904648
6801,-0.015081136699906452,0.75715909183396624
6802,-0.014947517716512107,0.76259693031023723
6803,-0.015566237284787527,0.76349728664700567
6804,-0.014236122481167304,0.75559422006899168
6805,-0.013729022106776055,0.75584672607208092
6806,-0.014795807593753544,0.75263734193376786
6807,-0.016421456878330166,0.75827652198208162
6808,-0.015165149980826735,0.76257193040091131
6809,-0.015121540907414372,0.76038577428825216
6810,-0.013561018080692185,0.75945441731683272
6811,-0.016749261943621713,0.75745095984074595
6812,-0.015689490022651197,0.76306975358721152
6813,-0.016298124809172601,0.76092905784292475
6814,-0.01420201444118791,0.76017037653393138
6815,-0.014207850601019652,0.75959299550575654
6816,-0.015979574944005585,0.76241189132403442
6817,-0.015881262408185562,0.76234713938268217
6818,-0.014548308592610609,0.75882822335731615
6819,-0.018402531964211606,0.76118322113760761
6820,-0.016528317124952271,0.75824674818568416
6821,-0.016654839169011438,0.7545414842391398
6822,-0.015002017385917438,0.75930246466751228
6823,-0.013851653971240076,0.76018605380765913
6824,-0.014931492048083281,0.760903162374027
6825,-0.016569339880981943,0.75840646363303255
6826,-0.014833623397080019,0.75376380843662683
6827,-0.016285393095938336,0.76116293860480155
6828,-0.014540214506912891,0.75802058396521887
6829,-0.014992825151407541,0.75784530792918425
6830,-0.01278661477746855,0.76139734451654328
6831,-0.013392153334868869,0.75649472476749602
6832,-0.018365797761556037,0.76142779939666216
6833,-0.01716707742032943,0.7585636197562784
6834,-0.014245413864040954,0.75367588486435866
6835,-0.012847941861684479,0.76451670868186083
6836,-0.012988459079922984,0.76011804835148233
6837,-0.014241085668660496,0.753623625894839
6838,-0.012470180051618141,0.75680105021227462
6839,-0.014831253284081277,0.75938989698607495
6840,-0.015708458388812845,0.7605446213522602
6841,-0.016891641427077081,0.76146733179177128
6842,-0.013582386624172528,0.75507528914011346
6843,-0.017170138925320121,0.7586036263426833
6844,-0.014589002427165033,0.75874659734006644
6845,-0.017072801971539486,0.76137643604389726
6846,-0.016259979471889736,0.76018184304842917
6847,-0.013818623652974009,0.75913844654956431
6848,-0.012778626107999886,0.75988910692574252
6849,-0.014388114908169535,0.7618056563180946
6850,-0.016347122309864182,0.75072569364115693
6851,-0.013879747033636917,0.76000038804143766
6852,-0.014683652916334023,0.76194342010599858
6853,-0.015797264984853614,0.75780338612517817
6854,-0.014992368790443786,0.75397397944018352
6855,-0.016813040307889666,0.76143919028618601
6856,-0.015718219997424482,0.75522229844311028
6857,-0.015390418301478449,0.76105580188399602
6858,-0.014815614776632128,0.75893408314200617
6859,-0.016053363534650061,0.75877177465561563
6860,-0.01455045143218933,0.76158853280186134
6861,-0.01408845643958501,0.75918537663451213
6862,-0.015781934482519688,0.7580416987219738
6863,-0.013979200311527532,0.75576205194642676
6864,-0.013901629455651114,0.76142311737084689
6865,-0.012906278487471435,0.75954773927374264
6866,-0.015869156506066982,0.75456992592635508
6867,-0.016604547530903249,0.7628221369032403
6868,-0.015100382392256844,0.76580900959740061
6869,-0.01428260780624627,0.7608552614799321
6870,-0.015139205279597242,0.76192673544395639
6871,-0.011732089260162788,0.75943344229839271
6872,-0.01414785232161999,0.76067825535831646
6873,-0.014582907253310382,0.76595251885739635
6874,-0.012052598137986276,0.76289533611124982
6875,-0.015591916521025082,0.75930040691167699
6876,-0.013147380158640764,0.7494828060072628
6877,-0.015389052376027192,0.76218138032070926
6878,-0.015846058268466134,0.75815164656636713
6879,-0.015091509556561057,0.76019009467327325
6880,-0.01539909103088013,0.76301285829680787
6881,-0.015540338819065051,0.75792570208061238
6882,-0.014315052926411522,0.75727491110804213
6883,-0.016359843236283401,0.75809128860489028
6884,-0.016001951295447507,0.75650020834243714
6885,-0.015619368943096183,0.75936126530489878
6886,-0.018324644637183501,0.75825331837440302
6887,-0.017211825991945096,0.75953745605600176
6888,-0.016537682128298849,0.75806001873723128
6889,-0.012247992115723376,0.75661465088543045
6890,-0.014764417220766383,0.75980288209789182
6891,-0.013339470349776675,0.75333969432541814
6892,-0.013765845850556074,0.76197858182793854
6893,-0.014564514269631165,0.75989391084071223
6894,-0.016190289659752985,0.76322571986940424
6895,-0.014413916340731657,0.76437968674612822
6896,-0.014845494082794669,0.75636811018703409
6897,-0.012736006554997566,0.75792575825166097
6898,-0.014596568730052693,0.7602141190377173
6899,-0.013453290201512541,0.75373181452969551
6900,-0.014174801443002346,0.76026708962935174
6901,-0.014047353846115532,0.75637915852165072
6902,-0.013011585407926915,0.75442498568533622
6903,-0.015197798998685319,0.75241669146947909
6904,-0.015753763403793024,0.75933686836894765
6905,-0.012543855543200101,0.75954977385303502
6906,-0.015135805811954717,0.75918746166803386
6907,-0.016914811066621824,0.75862406650505387
6908,-0.016671096511682693,0.76528793616672586
6909,-0.014086221107208382,0.75614575829591246
6910,-0.012724857133208051,0.7499252438277072
6911,-0.015026126388138076,0.75970567233344866
6912,-0.016263148309549634,0.7622458396319215
6913,-0.015267134330589906,0.75392566127406113
6914,-0.014502860637687706,0.76482670383752249
6915,-0.015754001331573363,0.75412106501640885
6916,-0.012978421923158177,0.7598739171780895
6917,-0.016172154800048355,0.75757344381296465
6918,-0.014360954172339652,0.75580459771673236
6919,-0.015251145626213916,0.76308596184848809
6920,-0.013850336026103744,0.75799541347957677
6921,-0.01551100725770793,0.7637810238547047
6922,-0.015033986736380208,0.75736511173308108
6923,-0.010885761138214668,0.75807145756943928
6924,-0.015645129435600813,0.76600279463157406
6925,-0.015579694744329329,0.7636915829427845
6926,-0.016994288982113852,0.76434751933997835
6927,-0.016372989750372279,0.75997358360757905
6928,-0.017550889251143027,0.76346288283892827
6929,-0.016980776539349627,0.75748254261630932
6930,-0.015107353603430943,0.76650117150999231
6931,-0.013748371536722736,0.75468538488619274
6932,-0.017116472196422785,0.75692386108970366
6933,-0.015194293178015425,0.76213444458408697
6934,-0.013721439975023344,0.76310056682622396
6935,-0.014638292232748299,0.76255969485514052
6936,-0.016309435652529125,0.75691741618010189
6937,-0.014746740234248948,0.75877002683808803
6938,-0.015077940032587491,0.76000160984120024
6939,-0.013214785735027977,0.7588196227873889
6940,-0.012927054149155433,0.76209456979895973
6941,-0.017517169759071909,0.76026400007379846
6942,-0.016083292698454883,0.76393365597614105
6943,-0.016641883794673976,0.75740090722381859
6944,-0.01526652466552458,0.75416350644366426
6945,-0.016190289659752985,0.76322571986940424
6946,-0.015866975254690455,0.75993112633163928
6947,-0.016175329420149213,0.76274394357754816
6948,-0.014215559986905015,0.76170582244549201
6949,-0.01615160842055054,0.75783652203781526
6950,-0.016551567535584601,0.76256462726387264
6951,-0.016203794963686305,0.76081538728299858
6952,-0.014723125424946531,0.7610188120728637
6953,-0.01760242129829977,0.76145323549348487
6954,-0.016923274422257027,0.76449143733179437
6955,-0.016500871120913706,0.75568056552128715
6956,-0.014789742666570268,0.76541601439533224
6957,-0.016201089530275371,0.75669186303889813
6958,-0.017119656791428489,0.76279067496055242
6959,-0.01457541013643026,0.75664392016334459
6960,-0.014892949973380663,0.76499444046348986
6961,-0.014948791876645542,0.76259223608177351
6962,-0.014933263204152289,0.75948070145254842
6963,-0.014509038419026017,0.760223001065082
6964,-0.014307758599193912,0.75233040374684634
6965,-0.016220072053099225,0.75786656887761217
6966,-0.017679176795059797,0.76188882881901199
6967,-0.0139857482781596,0.75821420249125615
6968,-0.013927713789420319,0.76509888560466233
6969,-0.015437479460800766,0.75606505100949239
6970,-0.015954983147440066,0.75909003022531718
6971,-0.016391211613628123,0.76244429964585547
6972,-0.013248743979227063,0.76134908661379752
6973,-0.015012828055512488,0.7559076075019866
6974,-0.015154731288306661,0.75427353698532795
6975,-0.015594226326097888,0.7596353144022483
6976,-0.012852204367324985,0.7581769549685542
6977,-0.013700620930094743,0.76044411349655738
6978,-0.015939646456286198,0.76121348461790972
6979,-0.014588084238552701,0.76087074422183798
6980,-0.016677913753066854,0.76067842669222552
6981,-0.015816197072899961,0.76002689330623929
6982,-0.014803083948099623,0.76293246343205823
6983,-0.015154842841915043,0.7588942184663714
6984,-0.015114984996023182,0.75936816704995569
6985,-0.01299752154573035,0.76116121329904118
6986,-0.015349857929076401,0.75888009284348967
6987,-0.013589298769690412,0.75752291174174324
6988,-0.014570926537153115,0.75841717228939509
6989,-0.014669432165333843,0.75868566965835638
6990,-0.017005333668494483,0.76080988422702889
6991,-0.015952580463156053,0.75885349290090287
6992,-0.014602613885339621,0.75890935900288636
6993,-0.015016158690010037,0.75892812209287153
6994,-0.015290419414569795,0.76162607271676619
6995,-0.015857962351766272,0.7546462636246497
6996,-0.016688436439743836,0.76563250525982163
6997,-0.015055304185319907,0.76607842329712272
6998,-0.014953397886540433,0.75938868367633716
6999,-0.016922029475361922,0.76365167775396414
7000,-0.015196628468627446,0.76216242603668727
7001,-0.013363484849962437,0.76200239710195572
7002,-0.015434770165534651,0.76343123376065147
7003,-0.014190175513487824,0.7593532649284962
7004,-0.014140241058707195,0.75948141734085384
7005,-0.01189989549675952,0.76079558813772585
7006,-0.014513308378083898,0.76228490357608814
7007,-0.013810282937251275,0.76010102004683411
7008,-0.016028880947115021,0.76206470336885201
7009,-0.015067422644717863,0.75653324893717455
7010,-0.016276227755814603,0.76772436506265918
7011,-0.015610423130504768,0.76261668223551426
7012,-0.013028763597692282,0.75336453208740972
7013,-0.014674782563082359,0.75751491917445157
7014,-0.014902657149865621,0.76019070965043134
7015,-0.012441235319020683,0.75901526828635091
7016,-0.017801022013640803,0.76055772179042547
7017,-0.011905598929904577,0.76066499760624973
7018,-0.01628342131109474,0.76159145081898494
7019,-0.01622377265203024,0.76107737886092786
7020,-0.015529334969369302,0.75953725146612505
7021,-0.013590412840571801,0.75982142905337358
7022,-0.012030992621482134,0.76140006075273692
7023,-0.017675162691117588,0.7608013177855999
7024,-0.01492360318668428,0.76106265230847692
7025,-0.015162157204868991,0.75799773075967658
7026,-0.014050766929813848,0.75498981907508
7027,-0.013945001675870958,0.75102259447825737
7028,-0.015379764623464541,0.75742126908926755
7029,-0.016081764963588589,0.75471071068887086
7030,-0.016051819695938319,0.7643511388895442
7031,-0.015904107255740096,0.76150087177416337
7032,-0.013422107580342183,0.753735374709677
7033,-0.016470032956921593,0.76223614737859424
7034,-0.015193653065790349,0.75867656784689574
7035,-0.014911407212025244,0.76034143260511933
7036,-0.016599845465638662,0.7611779905605337
7037,-0.015386751275528571,0.76203814996594221
7038,-0.01414930243690201,0.75811205164146267
7039,-0.014743240894475278,0.75731985180246664
7040,-0.014519786629369187,0.75958655575441592
7041,-0.013752030273450165,0.75687636709846129
7042,-0.014737796836705673,0.75665204428079247
7043,-0.015044647441738213,0.76180674005227023
7044,-0.014921192342189587,0.75986777820079943
7045,-0.013807364446049956,0.75860312793036344
7046,-0.016804623111764214,0.76172254708216069
7047,-0.017058934786452744,0.75981807089389752
7048,-0.015441820009829009,0.7578713721892375
7049,-0.014549755359042864,0.75961730265398497
7050,-0.016026202462529504,0.76245154486975786
7051,-0.015514681226477008,0.75512808687852462
7052,-0.011391274006134548,0.75966387268388058
7053,-0.015872567514600758,0.75104518697270439
7054,-0.016502035583450925,0.75791904633422713
7055,-0.016662220688465332,0.75991299421656788
7056,-0.015868875438192133,0.75702180091706595
7057,-0.014399374949118471,0.753031469452076
7058,-0.016088886975812015,0.75444545892216852
7059,-0.013422548122865231,0.76170910002827152
7060,-0.014033393439589653,0.75386797747179546
7061,-0.015141832816268677,0.76222861752710669
7062,-0.013538878931116397,0.76569424396831198
7063,-0.012159332181239881,0.7564552782068712
7064,-0.015593127210564779,0.75452871585515402
7065,-0.014287778042170015,0.7602838284988549
7066,-0.015751313153067506,0.76243601871263933
7067,-0.015851331718903086,0.76377692532503705
7068,-0.012294894312346389,0.75873289432840452
7069,-0.012716326501454359,0.76028487583682347
7070,-0.014205019838863677,0.7604430432228082
7071,-0.011529953341238908,0.75380388710386537
7072,-0.012675803030817697,0.75967868440367126
7073,-0.015535420483854031,0.75762861354718603
7074,-0.014159647216974922,0.76168054007656816
7075,-0.015815907439382364,0.76504134054924056
7076,-0.01250463865256982,0.76066966057847907
7077,-0.014209689312622991,0.76034901960621215
7078,-0.015524106948280596,0.76415490716905821
7079,-0.013644894574551449,0.75872254103673209
7080,-0.015678642319816912,0.75464142085801622
7081,-0.016068164622712024,0.76277418410516162
7082,-0.014545887330658289,0.75719046035135495
7083,-0.015415401629106646,0.75275532932421063
7084,-0.017082855813273012,0.76190286455348211
7085,-0.015524140318368769,0.76451329612473073
7086,-0.018119778333198382,0.76414958723084081
7087,-0.013869487399710379,0.76424165840830782
7088,-0.015423780813413494,0.76199146219138292
7089,-0.017741456829208607,0.75727457022090172
7090,-0.017546106875092931,0.76349706928462424
7091,-0.016544196842108703,0.76013995917266342
7092,-0.015468946702890939,0.76051939910413258
7093,-0.015340685485621515,0.75894940762967733
7094,-0.012501822514401137,0.75449777016125141
7095,-0.016337555558836932,0.75629686274109009
7096,-0.012467150764549332,0.75808676942195563
7097,-0.019019426122616933,0.76316167806570456
7098,-0.01537832384728946,0.7588558573052584
7099,-0.015460189499739815,0.7572129255212795
7100,-0.015635601856538457,0.75987882544093299
7101,-0.016036680141791586,0.76108503554932416
7102,-0.014682178412711733,0.7638708069839496
7103,-0.014945950496141421,0.76270671600384388
7104,-0.017139037315936877,0.76087476938449194
7105,-0.017933206351306682,0.76603926394398569
7106,-0.013748704681614207,0.75606114487159282
7107,-0.01324972620715628,0.75766065484201983
7108,-0.015451890593191252,0.75955010306577142
7109,-0.013202316069232072,0.75981257735995644
7110,-0.017291595404254657,0.75885081666274834
7111,-0.013330111216957211,0.76054217907071897
7112,-0.015579598387679311,0.75879946155038625
7113,-0.016373695970994601,0.75869734312398918
7114,-0.016113770613309736,0.7625384547474352
7115,-0.015321258301517727,0.75909430808961098
7116,-0.015451948758031856,0.7612410494242664
7117,-0.014926415438673029,0.75291936025742989
7118,-0.015348818300526625,0.75668998481617089
7119,-0.013933970656735494,0.76069733934329631
7120,-0.015231697743817304,0.76138021793797594
7121,-0.016798874134486868,0.76124823532410257
7122,-0.017172271173937142,0.75992143170278048
7123,-0.013666863634868307,0.75844147828526653
7124,-0.014270572399998866,0.75374178040200601
7125,-0.015011079839297347,0.75426874213149941
7126,-0.015820773094506871,0.75673836813886763
7127,-0.015441634754194234,0.76133151471543725
7128,-0.01496525095631797,0.76024427776496095
7129,-0.017204413922228386,0.75963600312822155
7130,-0.013179585487556334,0.76022435085723816
7131,-0.014210322621726152,0.75995863452906487
7132,-0.015101213385751143,0.7590646524472372
7133,-0.016446615529116311,0.76254979856427818
7134,-0.015351484362546528,0.75923618208888921
7135,-0.016211636463140493,0.75916348660928479
7136,-0.013659535669719775,0.76915574223365479
7137,-0.015071473588175304,0.76155024729842402
7138,-0.017308116485516771,0.76009703415977858
7139,-0.014783017114458927,0.75954585415759868
7140,-0.015949221275490519,0.76696003756892006
7141,-0.01545868262084814,0.75764858959879933
7142,-0.018505927304692669,0.75847822065564663
7143,-0.014440395993453762,0.75510722528795904
7144,-0.016529533627796821,0.76272541883883704
7145,-0.016265621103754166,0.76444856563186869
7146,-0.018398327560507979,0.76213602171756722
7147,-0.016240903753114152,0.7599917246339114
7148,-0.015883847872538701,0.75720431384035758
7149,-0.011488854798917451,0.75323306534773538
7150,-0.013078417107363656,0.76360214887078004
7151,-0.016048825016959763,0.75921487601748516
7152,-0.016053117258257033,0.76422731054331861
7153,-0.015186943999771657,0.7585670795679117
7154,-0.015062924187951479,0.75983002025065538
7155,-0.015010186760679398,0.75652028893095657
7156,-0.012856502536850899,0.75063037807559763
7157,-0.01592486212199655,0.7626483715986021
7158,-0.016596881775097355,0.75495346552644449
7159,-0.015897426827087877,0.76158374505746018
7160,-0.015017568756018703,0.75964648616847874
7161,-0.013967340535177605,0.75993017072945035
7162,-0.014080879326515227,0.76152238825170138
7163,-0.014422200712675607,0.76015353730530377
7164,-0.018175743920579482,0.75899410275316814
7165,-0.012762637368547386,0.76015005934907764
7166,-0.015121833016513628,0.7605110705724959
7167,-0.013365604395489911,0.75505239830321758
7168,-0.013864049775668979,0.76069566128480059
7169,-0.016201919331552517,0.75695760616158747
7170,-0.015958193114542787,0.75798152113608397
7171,-0.013844279534163074,0.76399422467340361
7172,-0.013086818386920763,0.75768460764580936
7173,-0.016966937085728509,0.75605173121534397
7174,-0.012421662959929032,0.75838382281474159
7175,-0.016307283122312378,0.76285734807180727
7176,-0.01512909407741644,0.75666165227434334
7177,-0.015589877502496852,0.76109978918893817
7178,-0.015422750590444848,0.75691513348475969
7179,-0.016252016402230899,0.75297847589954647
7180,-0.016654886010994106,0.75958461288224499
7181,-0.017982890850044286,0.76154924287687731
7182,-0.013965720721170489,0.7585225495441712
7183,-0.015696913647215378,0.75551512167283896
7184,-0.015050583152506201,0.75815679272872405
7185,-0.01257054691842632,0.75999230647785165
7186,-0.01475577059548887,0.76152330523921763
7187,-0.016891975214600032,0.75816436676235388
7188,-0.015720091870937543,0.75554987255382278
7189,-0.014931308312528561,0.7658431962177723
7190,-0.015275404339162748,0.76069539705428124
7191,-0.015409572849071377,0.75855928298871311
7192,-0.015900654606061999,0.75990846393445366
7193,-0.014901752501399749,0.75745980766872689
7194,-0.015995693142757665,0.75737680893762449
7195,-0.013967372825297922,0.7590332130018127
7196,-0.015029537466350808,0.75868064679455804
7197,-0.015871961743730567,0.76666492623741012
7198,-0.016625686918918386,0.76213698123502072
7199,-0.014991867597707832,0.76058351328962881
7200,-0.015729377008204933,0.76392397456866146
7201,-0.01602353898179467,0.75379309855117771
7202,-0.014357138054886432,0.76211709847705089
7203,-0.013585119406402231,0.75647077870644597
7204,-0.014471054045916719,0.75929109924210525
7205,-0.015990525484774323,0.76051469665069682
7206,-0.013665759889655424,0.7573414662605451
7207,-0.015225967190355048,0.76202906541609294
7208,-0.014773711916108115,0.76034140633914404
7209,-0.016104917268536439,0.76387674449385601
7210,-0.016482798167889279,0.76132076361405776
7211,-0.015486096394428038,0.76072363480690885
7212,-0.01435760933911095,0.76065575743584901
7213,-0.013186898610958956,0.75820663785830944
7214,-0.014498345438461712,0.75789848535178739
7215,-0.012002223952534207,0.76108420366178098
7216,-0.016037570483548685,0.75676854891231582
7217,-0.013493519178777721,0.75980417050700866
7218,-0.015830597393569599,0.76119911464838674
7219,-0.01346028084912068,0.75804642657568855
7220,-0.014318944723080774,0.75866843494105773
7221,-0.016154368165980322,0.76293305232261943
7222,-0.013551350197045221,0.75433793433769081
7223,-0.013634176918951637,0.75977423145239797
7224,-0.015154461660894058,0.75629415554342538
7225,-0.015985934113343647,0.756652009728221
7226,-0.01440750861799504,0.75906018149128185
7227,-0.015936247422328582,0.75638652959717412
7228,-0.016391824246055425,0.75781948730222903
7229,-0.016101584436729363,0.7551916990182499
7230,-0.014899483894037311,0.76012623375402
7231,-0.014400306192834084,0.75419691490212781
7232,-0.016353875505272883,0.7593172358023127
7233,-0.015065923836010494,0.76115379142741479
7234,-0.014186889999257242,0.76181530534839237
7235,-0.015186422187474518,0.76832897732727423
7236,-0.016975246982216148,0.76140379858057372
7237,-0.012636478513915056,0.75459897530809528
7238,-0.0160352477705114,0.75870991407731203
7239,-0.014240908837948967,0.75478845088103463
7240,-0.015666314238688514,0.76278039515474094
7241,-0.0148012810317749,0.76067902839865809
7242,-0.014542665481633799,0.7630109853039061
7243,-0.015315649187522342,0.74988120315065443
7244,-0.014961670440405176,0.75589363203243798
7245,-0.017185887051049027,0.76381341539663627
7246,-0.014827158195735638,0.76056308356329649
7247,-0.015698462052327351,0.76399822966504993
7248,-0.014395350483150745,0.7603568917149468
7249,-0.014868901054298143,0.75712751180636118
7250,-0.014984900261677626,0.76023875368401694
7251,-0.015476031564848666,0.75708111000567513
7252,-0.017182795345651813,0.75992076506365547
7253,-0.015373188635175332,0.75757407908674756
7254,-0.014998431242436829,0.76100720766671359
7255,-0.014893753848654644,0.76190271274752985
7256,-0.01448947621025826,0.75245915103077454
7257,-0.013887002539137494,0.7554438151727384
7258,-0.013776124125988531,0.75179303271595399
7259,-0.015504613892238226,0.75896328919269418
7260,-0.012967551508632333,0.76113229528506976
7261,-0.01689431920181763,0.75833438487603011
7262,-0.014769661749458292,0.76087081986688609
7263,-0.013980943066623033,0.75768180346998304
7264,-0.015589672787333487,0.76142401479972388
7265,-0.0149128969552217,0.75808908355301741
7266,-0.013760741040334949,0.75793550402887955
7267,-0.013341390286809298,0.76160161143556981
7268,-0.013183779909713695,0.75667728956913116
7269,-0.014957781397602425,0.75979741313026239
7270,-0.0144493273488909,0.76377947340466945
7271,-0.015408445668361087,0.75994710494131479
7272,-0.016303480502225472,0.76253097796604696
7273,-0.015847215170843913,0.75631523285649338
7274,-0.016996216441232989,0.76079226852913473
7275,-0.012792067919917289,0.75568856028980913
7276,-0.01514543374791797,0.75773290091437484
7277,-0.014849148176753868,0.75680931275544905
7278,-0.015715966006000573,0.75777737367878673
7279,-0.014748137550344535,0.75423243416529384
7280,-0.016360057181610266,0.76261918667412143
7281,-0.01615622673768425,0.75556383926631698
7282,-0.014261127654567149,0.75988029905649557
7283,-0.014923626919265211,0.76415324190690104
7284,-0.015031568337812842,0.76245932931929639
7285,-0.014328851812583695,0.75989742928918158
7286,-0.014790004349869082,0.7615961031544185
7287,-0.015300546186372438,0.75976383195822006
7288,-0.015275418459267547,0.76412564429961805
7289,-0.0146195187681144,0.75773357275729691
7290,-0.013530969348691881,0.7573819704581144
7291,-0.01500146568860059,0.7570213194741845
7292,-0.014694931117887822,0.76140790137032788
7293,-0.015293436118834745,0.76463113904215119
7294,-0.014622984521649245,0.75532462397847067
7295,-0.015506129142000544,0.76406316953472897
7296,-0.013911386037250791,0.75561204833035289
7297,-0.013493393263724462,0.75968023850057598
7298,-0.01606098119269142,0.76096086381894346
7299,-0.015142019050164999,0.75551675002641139
7300,-0.013590293085762628,0.76083985039553248
7301,-0.014634215541810578,0.76093744788304118
7302,-0.017038517902911766,0.75995478894601221
7303,-0.016981586123326731,0.75743066145037286
7304,-0.015280190364739689,0.75827088349198524
7305,-0.014251937570759134,0.76312625692545044
7306,-0.015604794413761206,0.75728181736468092
7307,-0.013905426559075193,0.75751867528781203
7308,-0.015046930090584056,0.76020787466144146
7309,-0.01578289743242918,0.75535378063931813
7310,-0.015325689487865495,0.7520881436045439
7311,-0.015256030306317489,0.75799981081484891
7312,-0.014096044036984128,0.75360441601209438
7313,-0.016538042181267261,0.75421771894305989
7314,-0.016904140596116231,0.75924596059968275
7315,-0.015436826355985882,0.76068581872322039
7316,-0.014892394245068104,0.75579801977869243
7317,-0.01170793132860992,0.75893651934367956
7318,-0.011850110013377491,0.75754167449076637
7319,-0.013627953512337056,0.75697986326371169
7320,-0.013043372754719614,0.7607066079495044
7321,-0.013797368361910804,0.75818109290470703
7322,-0.013309363126960289,0.75994831995809631
7323,-0.017265442921975113,0.7602249163278878
7324,-0.011632460346408368,0.76354037611748005
7325,-0.015541924831723264,0.75855323610718506
7326,-0.016557745542343467,0.75561820324960627
7327,-0.014637192306488812,0.75787598634407438
7328,-0.016238213431878409,0.75540975939633259
7329,-0.01323716815442511,0.76025788798132832
7330,-0.014209806133882256,0.76047850603232292
7331,-0.015960989459394795,0.75660226050107271
7332,-0.016168889845564784,0.75964933485472197
7333,-0.013317519722258662,0.7605401488666832
7334,-0.015145355370723602,0.76193986660725532
7335,-0.014068048555226984,0.75832876629565127
7336,-0.015245274323558622,0.75715819988911925
7337,-0.015787855684145688,0.76306074627651177
7338,-0.017410568500960271,0.75844206968852501
7339,-0.014547825197836779,0.74777684460907401
7340,-0.015287337855446564,0.76111935793652452
7341,-0.013474350535869966,0.76039871138073778
7342,-0.018413928694526193,0.76113544075557249
7343,-0.013225838888183319,0.74928788285745862
7344,-0.013243214464625452,0.75917629550677612
7345,-0.014606040546867321,0.76544196194357306
7346,-0.015913759562485225,0.76032766340931313
7347,-0.013252868277787532,0.76234603983791815
7348,-0.014679331379652716,0.75802752507476878
7349,-0.016431748081257073,0.75957125648477741
7350,-0.014647788221302386,0.76917272878300458
7351,-0.015769717567659863,0.75855120434500434
7352,-0.015746046905688187,0.76245038247706665
7353,-0.013849026699829903,0.75908669872628087
7354,-0.015938621524745872,0.7585231150967946
7355,-0.015634868184373235,0.75869963854604672
7356,-0.015806402940132403,0.76097734572947495
7357,-0.01547308814766973,0.76040451442417534
7358,-0.011806442349365833,0.75300062996994199
7359,-0.015876911599897778,0.75961921888230832
7360,-0.015975002633826636,0.76306750840291948
7361,-0.016593682243829507,0.76231232351775657
7362,-0.015431135314493544,0.76274526961186495
7363,-0.015760313749160513,0.75163341070310852
7364,-0.015678825198645767,0.75039958179035804
7365,-0.014054358350527821,0.75329780833291304
7366,-0.016448190727929489,0.7648301752250436
7367,-0.015022223096923045,0.75618142654939213
7368,-0.014688564633976796,0.76227125541413898
7369,-0.01721218491334886,0.76165901654274104
7370,-0.015684842122509163,0.76322087252220172
7371,-0.0138668959415334,0.75875460256546101
7372,-0.01477111467729866,0.75368996535370369
7373,-0.01362040070479832,0.75923985518142056
7374,-0.011884170822354335,0.76132623780384867
7375,-0.015067409166927847,0.75078386525187213
7376,-0.017344522290892082,0.75911626111926001
7377,-0.013942794747591775,0.75699799729902617
7378,-0.016815622936948337,0.75692497437609174
7379,-0.015342877177652184,0.76405767727770746
7380,-0.015035001233372905,0.76238865939221123
7381,-0.014091351420200531,0.76374924174977132
7382,-0.016833011187445509,0.76451277880948765
7383,-0.01319599050260278,0.74949186162471604
7384,-0.016062829356292198,0.76227925270541286
7385,-0.015674445226399884,0.76224960120636243
7386,-0.015916726546939482,0.74835690784163411
7387,-0.01442738568792591,0.75847123205747069
7388,-0.015386948991192261,0.76100315502159488
7389,-0.015123092818796815,0.75860286944326105
7390,-0.014703038882482495,0.76238704482278097
7391,-0.013293112932232103,0.76210032756804635
7392,-0.015647398187792518,0.76148891640604344
7393,-0.012980985924215968,0.75982545875004559
7394,-0.014159143956757497,0.7532715627264347
7395,-0.014635743863564128,0.75887756042474241
7396,-0.014035820175127642,0.75867175788109553
7397,-0.01482221889153333,0.75433838223159255
7398,-0.015881046523140971,0.75999346650253519
7399,-0.013046135216866281,0.76889102275399335
7400,-0.01082132064671569,0.75835022537916641
7401,-0.016453603503111369,0.76046622678592612
7402,-0.01623005038554302,0.76191591109049384
7403,-0.015439790902117537,0.76091447397458289
7404,-0.015683921482067466,0.7572403529785966
7405,-0.017509379394536104,0.7636182173985101
7406,-0.015913459198295871,0.75605502019805959
7407,-0.016175208884604622,0.76401522590890247
7408,-0.01290724879167114,0.765461541566957
7409,-0.015967180512487723,0.7554973931107356
7410,-0.01387201433103899,0.76041030149510924
7411,-0.015276892650351608,0.75762235688305435
7412,-0.016392390873673182,0.75926760775558955
7413,-0.015497416090440839,0.75355918393212018
7414,-0.0158985441867492,0.7566968696436398
7415,-0.015520479681366958,0.76210273694661801
7416,-0.015589455020567956,0.75756501652996955
7417,-0.014137669215626701,0.75807853168807715
7418,-0.011906508583246562,0.75729260614448246
7419,-0.016458349719448505,0.76426383154379984
7420,-0.015344881857114091,0.75540417273075822
7421,-0.014578112390423973,0.75099774830639365
7422,-0.012780199367798999,0.75768761828988695
7423,-0.013506755586886604,0.75866980687298868
7424,-0.014564587893183557,0.75716020929458572
7425,-0.015269278244709842,0.75510171079735955
7426,-0.014378462130282956,0.76323334593520487
7427,-0.016570100883977361,0.76079896032812167
7428,-0.015980127784099955,0.75842215287507775
7429,-0.014975481418260796,0.76453683210825818
7430,-0.016977520528300809,0.75543676474290489
7431,-0.014407267591366804,0.76171150137904686
7432,-0.01309803365715808,0.75220046532441842
7433,-0.016565509178677149,0.76025566189499938
7434,-0.011970562655786754,0.75823218640319245
7435,-0.015912169102738169,0.75964612308692003
7436,-0.014678326287777531,0.76074086198140289
7437,-0.013165683707706382,0.75930820662789256
7438,-0.013206939429275191,0.76644686566024245
7439,-0.014269794414088622,0.75963257291688868
7440,-0.014125719986955833,0.75158097919574518
7441,-0.015203434640339578,0.76323288066916184
7442,-0.016068980470221223,0.75653254626725297
7443,-0.013132206782419489,0.76208021242061963
7444,-0.014297275690883786,0.75860740767478119
7445,-0.014318277346541486,0.75865009898846758
7446,-0.016753542556590589,0.76416295607594864
7447,-0.014436681398333109,0.75668909237213511
7448,-0.016108544823826058,0.75806087468724181
7449,-0.016445994218029357,0.76180047722124189
7450,-0.014881482442450064,0.74728313896020671
7451,-0.015330196944599384,0.76010264290283025
7452,-0.01553444557952584,0.75902904640756896
7453,-0.013500134008760798,0.76719087367848715
7454,-0.016566240050866224,0.75785270473882949
7455,-0.015570655488555804,0.75827776671574199
7456,-0.012762895822934522,0.76434542789767401
7457,-0.015086929296227,0.75432233551455929
7458,-0.016061698786961696,0.75985589974753021
7459,-0.011103427386518441,0.75567983464981181
7460,-0.01302657929998112,0.75950176059828167
7461,-0.016321916845737486,0.75728719837913883
7462,-0.014648969675443527,0.75996317016236992
7463,-0.014159044274882109,0.76039544824702643
7464,-0.015726701246657229,0.76168142905845926
7465,-0.015076190649026372,0.76251136023744226
7466,-0.013666089043202422,0.75649819944387042
7467,-0.013958703823410662,0.75819377882337868
7468,-0.01430041229268765,0.75779102696654765
7469,-0.015678645447278733,0.75451130096404639
7470,-0.015962320041585758,0.7625518229087217
7471,-0.013869529727725495,0.76566753764091589
7472,-0.015504614755978472,0.75398142606546514
7473,-0.012891021828671839,0.75545368238175281
7474,-0.012040381800869788,0.75490636696460311
7475,-0.012749982335931364,0.7608086134273272
7476,-0.016017199750912738,0.76303086987331903
7477,-0.014742093735052987,0.75868131780639425
7478,-0.014228188353847548,0.75990366315885782
7479,-0.014974634397064953,0.75770172294712423
7480,-0.01366188084384715,0.7564638462486466
7481,-0.017356402071307266,0.7618391733861134
7482,-0.014070401060141523,0.75725228520845222
7483,-0.015664851216878516,0.76196884669661846
7484,-0.015189509594075241,0.76326399168612014
7485,-0.015448848886925758,0.75558071816596883
7486,-0.012927520003322842,0.75803232443503588
7487,-0.015424778433177107,0.75499906700057451
7488,-0.013235192731398445,0.76121501148038306
7489,-0.014354042149174054,0.76574011816391585
7490,-0.017351573989194742,0.75614338625851962
7491,-0.015510768474636409,0.76050943322225084
7492,-0.012602249585324575,0.75379186295557576
7493,-0.014218597921117347,0.75849709614607741
7494,-0.015336006790279929,0.75041814007000784
7495,-0.015252349931354893,0.76193868197916204
7496,-0.013593595112765942,0.76211775109369118
7497,-0.013209645971962525,0.75659422139102339
7498,-0.01612166997934179,0.75850221819523844
7499,-0.017501616688203381,0.7578958388029865
7500,-0.016084794161815474,0.75710729466515969
7501,-0.016390609969032251,0.76346500514162963
7502,-0.013362678415823491,0.75402935041497099
7503,-0.015800087542377453,0.75255895875165857
7504,-0.015133271966404842,0.76263265469887065
7505,-0.015089862835134105,0.75774522670365085
7506,-0.016151497816208414,0.75883649629924965
7507,-0.012341827044664399,0.75905720083538042
7508,-0.014420217409693901,0.76260408752142406
7509,-0.015474815303890938,0.75939305406782664
7510,-0.017512177869052271,0.76415980468511846
7511,-0.014687874327967259,0.75435414699561099
7512,-0.014500477079106337,0.75754397162678988
7513,-0.013809226618534216,0.75698658604620916
7514,-0.016084336361898998,0.76059367920782295
7515,-0.014391593925373227,0.75704282246148624
7516,-0.016138912295022362,0.75854260327183287
7517,-0.015874314179406306,0.75902458044865528
7518,-0.013496140233962088,0.76051106890024511
7519,-0.01519707368306767,0.75885864298238903
7520,-0.015713012069864054,0.75904399458594962
7521,-0.015064529772645109,0.7530617402111861
7522,-0.013557956947289044,0.75665669778423528
7523,-0.015161276738879322,0.7590357579787117
7524,-0.014342047865168307,0.76352175938622424
7525,-0.011534063044394043,0.75587504181880072
7526,-0.017914270432559797,0.76143251317842964
7527,-0.01599065146964148,0.76275855178536844
7528,-0.013140215890238779,0.75652653617552301
7529,-0.012822598815735551,0.75865632821634454
7530,-0.014954515863116566,0.75307684039679534
7531,-0.012752295004529179,0.76007666632262116
7532,-0.014895091895444879,0.76495176432678669
7533,-0.013750711287633924,0.75886867974575922
7534,-0.014763894512360896,0.76203903062347855
7535,-0.015540873537257412,0.75537175015964186
7536,-0.016340763893119649,0.76093362488256233
7537,-0.014635743863564128,0.75887756042474241
7538,-0.014845665811421578,0.75727429198719265
7539,-0.015511490858521066,0.75874928240738859
7540,-0.013817211748698877,0.75994031344971347
7541,-0.014683971676212958,0.76194177383284956
7542,-0.013251034971626744,0.75640180794199241
7543,-0.014453271725391955,0.75175278242508781
7544,-0.016885033238229142,0.760800797935407
7545,-0.012654762099759362,0.75960935575223376
7546,-0.015470639734721009,0.76039405040805252
7547,-0.016426418573175058,0.76085559250904922
7548,-0.014023296683530622,0.7618800167413311
7549,-0.013968470266228075,0.75807102550892991
7550,-0.016669722634330038,0.7619457788883357
7551,-0.015561525001061904,0.76364697701286899
7552,-0.013879155654621176,0.76127118857009946
7553,-0.01459260854489656,0.76378284011538855
7554,-0.013845651610108508,0.7579548256737787
7555,-0.016287159438106331,0.76143571855920311
7556,-0.015887880215919116,0.76218158263280744
7557,-0.015824219888467009,0.76031536148974521
7558,-0.016113626902558301,0.75877682903413313
7559,-0.014331230296736721,0.75828667914375014
7560,-0.013839520442946625,0.76101305898944593
7561,-0.016840517061754098,0.75601402247615812
7562,-0.017968340749277438,0.76173935630931222
7563,-0.013214626967015471,0.75747021053054431
7564,-0.016929729803795122,0.75621612932309512
7565,-0.014780001846144234,0.75520783582034356
7566,-0.012389618714460624,0.76258252618767153
7567,-0.015581722130305736,0.76210840258874668
7568,-0.014715223001602922,0.7591083229823582
7569,-0.014227502741315607,0.75361700013344646
7570,-0.017287222553979222,0.76213463910534474
7571,-0.016999399085100023,0.75871231953912677
7572,-0.014780900595280762,0.75820205684686781
7573,-0.014667252936782669,0.76174504895058903
7574,-0.014043225617427104,0.75891101474420497
7575,-0.01605885089351786,0.76230239211945128
7576,-0.015227506530412868,0.76068941645286137
7577,-0.013581659311362931,0.75393697981818519
7578,-0.01769880711743364,0.76129134532958087
7579,-0.013928380400804217,0.75653404264478197
7580,-0.014596568730052693,0.7602141190377173
7581,-0.012145934048220742,0.75936332589361111
7582,-0.013647077861948447,0.75824192150655945
7583,-0.015366927227136609,0.76001231223749399
7584,-0.016459391107659694,0.75460297169795831
7585,-0.016556943952998712,0.75962720912888704
7586,-0.013706308402876325,0.76049920838907836
7587,-0.014201429160625556,0.76257315275626569
7588,-0.016346627613664094,0.7647934631086748
7589,-0.015692846061351514,0.75745557485544612
7590,-0.013906507521048139,0.76239347462264495
7591,-0.015744766752544062,0.7587316915650284
7592,-0.015602231617189731,0.75682581751064704
7593,-0.014821679065189908,0.75958212177164686
7594,-0.013715037001551579,0.75963358044419849
7595,-0.015647417784022725,0.76269187864818533
7596,-0.012405503044165888,0.75557900161750258
7597,-0.016032570652205917,0.75760816819188637
7598,-0.017618029684127158,0.76250723984514179
7599,-0.013155503307088678,0.75708292114584497
7600,-0.014446631806687277,0.76315033224960704
7601,-0.015695084041174433,0.76058355422834922
7602,-0.013105741913327598,0.75565564454625023
7603,-0.017450406676275121,0.75606193610438388
7604,-0.015056299396428292,0.75907433079198239
7605,-0.016330770985059011,0.76111769710302002
7606,-0.015791390786676379,0.75850762088673884
7607,-0.015895458464675126,0.76164489665357116
7608,-0.014390923487234534,0.76047176539127825
7609,-0.014672518138426897,0.75869026777235216
7610,-0.01693698137005447,0.76018931850348592
7611,-0.013903554791769968,0.75495522026135198
7612,-0.015815569869296345,0.7592913181411558
7613,-0.013679891038315796,0.76347340846027201
7614,-0.016741828058405739,0.75518051398805597
7615,-0.012950460065442782,0.75580244716731027
7616,-0.015642333147455979,0.75769996550772512
7617,-0.01225991535261556,0.75278410751735536
7618,-0.014816530896981277,0.76245252121022911
7619,-0.015076156031252137,0.7549430368268617
7620,-0.014464702946474763,0.75613979978091195
7621,-0.016333277102778036,0.76744160993752808
7622,-0.014932778009825618,0.75687027796168205
7623,-0.015612429572482342,0.75825413633948058
7624,-0.015059219024552985,0.7629691287210365
7625,-0.015215493064165813,0.75824108433981319
7626,-0.015373062865017899,0.76351281851069652
7627,-0.014055806379603361,0.76258916269854382
7628,-0.014672749917747287,0.76330115544043253
7629,-0.016021882864146741,0.75395532380664987
7630,-0.016529514233164275,0.76266794798429161
7631,-0.015308130637037658,0.76367509534633748
7632,-0.016682530289314535,0.76181044526642883
7633,-0.015771374345104755,0.76206843355379594
7634,-0.015208186407977617,0.75756113288747784
7635,-0.016997851322959116,0.76526249568489424
7636,-0.012557435033754687,0.76239682719191315
7637,-0.013563025309960956,0.75677292682834996
7638,-0.013007209459023499,0.75697774224064696
7639,-0.016898928329644451,0.76055916411155688
7640,-0.016638661859753684,0.76043356940723983
7641,-0.016375861963127413,0.76092765441279653
7642,-0.012458389918285269,0.76528424456116095
7643,-0.015546421017136327,0.75488150443351976
7644,-0.014523175438677035,0.76033155913712547
7645,-0.013150965756446531,0.76019129341321501
7646,-0.016394217402133288,0.76133072635027388
7647,-0.013870312636664063,0.75693676961171474
7648,-0.01683205345074406,0.76647241827779966
7649,-0.016478968254195533,0.7611639785779416
7650,-0.012996718780719577,0.75736337110761875
7651,-0.015058140501907478,0.75600939839208225
7652,-0.014376933752527193,0.76364474683926753
7653,-0.017218933792056863,0.75962673473871622
7654,-0.013762683024576651,0.75893533166141058
7655,-0.015465255197487765,0.75677947278073632
7656,-0.013759693508258276,0.7604277878223038
7657,-0.015398598019212863,0.76178200145784325
7658,-0.015589443324858437,0.7613673277251628
7659,-0.016458621851881832,0.76120037157000897
7660,-0.012436954552227441,0.76426290811830611
7661,-0.014997055580972609,0.7567719697882096
7662,-0.014753905383991413,0.74918881288620975
7663,-0.015514975761603395,0.75920795129137675
7664,-0.014924225796623277,0.76296349583244194
7665,-0.015729807685418252,0.7598869610776795
7666,-0.011912109693842203,0.74931246788912342
7667,-0.016495136191346689,0.76343598373549004
7668,-0.017037675226856924,0.76220302438991849
7669,-0.015471843427643213,0.75889992501734127
7670,-0.012960209002779246,0.75837892355023961
7671,-0.013419203602365292,0.75886190209042459
7672,-0.015326243236121221,0.75985660281641976
7673,-0.016340281938832316,0.75601015819071893
7674,-0.016977039892839111,0.7619109155140027
7675,-0.014809911770116584,0.75888764540688158
7676,-0.01498939364313164,0.75946563289123314
7677,-0.012895094126137116,0.7594172888285986
7678,-0.014986727251761148,0.75845890225755808
7679,-0.01638997694498168,0.75399616382378642
7680,-0.016830817966735884,0.75736213878733627
7681,-0.014833330206430507,0.75940967048211216
7682,-0.015344378820873684,0.76042456900527111
7683,-0.015941106051179738,0.76241841472287775
7684,-0.014777250853220951,0.75489069442368362
7685,-0.013085504665062479,0.75476082613203865
7686,-0.015917533302677436,0.75655941290054374
7687,-0.017246252520247335,0.75999189048451732
7688,-0.014089750891415242,0.75828420676820429
7689,-0.014678117774974617,0.76262198424818017
7690,-0.016591907433103827,0.76322926439206218
7691,-0.014739253649070706,0.76020925642398618
7692,-0.016559931033509306,0.76464596861890399
7693,-0.015783855022120701,0.75544889168703178
7694,-0.014820073592645609,0.75767230485549442
7695,-0.012102154687959672,0.74975841312666991
7696,-0.014764037726777699,0.76023647518067505
7697,-0.015301154659910865,0.76571602417712348
7698,-0.011151586683377328,0.75351214786128529
7699,-0.01390853815176455,0.75821979361914094
7700,-0.015420028358315498,0.75742030663638071
7701,-0.016718478727091982,0.76325744960448605
7702,-0.015913171356154145,0.75656667165700764
7703,-0.017162476657975333,0.75922537609032492
7704,-0.015974370511444118,0.75966175474422004
7705,-0.015856510980426713,0.76127754216486765
7706,-0.011222335700462568,0.76085565144197986
7707,-0.015230042573856977,0.7511257591290752
7708,-0.015017121062323736,0.75953883343163819
7709,-0.017345319463966148,0.758649400067959
7710,-0.013096730266586714,0.75233980089497177
7711,-0.016387587622557813,0.76038509578081526
7712,-0.014604541942704531,0.75063481890107198
7713,-0.013870462039077026,0.76533384278904393
7714,-0.014525117206601906,0.75572260556627502
7715,-0.015439354935283298,0.75796903963040396
7716,-0.014018774545904314,0.76441636211021224
7717,-0.012842216912452542,0.76351108677266666
7718,-0.018240487479964443,0.76214778772493919
7719,-0.017586589290787821,0.75642442902051543
7720,-0.01699795223814201,0.75990765511745972
7721,-0.016776845545410802,0.75824621008024617
7722,-0.013980047379918797,0.76009641371703318
7723,-0.014212635469097606,0.76010618971802868
7724,-0.015709658700373719,0.76097313786818399
7725,-0.013545055765263277,0.76496644248204071
7726,-0.016133669783303668,0.76311270065785275
7727,-0.014185617694273218,0.76240402467070278
7728,-0.018245273838773161,0.76152123643053815
7729,-0.016418758725097647,0.75760727209589562
7730,-0.015184481023262928,0.75704222468579396
7731,-0.014800519777316024,0.76120811910215924
7732,-0.011320126563663891,0.75783690203103826
7733,-0.014490629219604692,0.75816099424625827
7734,-0.014988616952584702,0.76242514628507585
7735,-0.015783059604069831,0.75922671506068296
7736,-0.015080706000828377,0.76158937427725271
7737,-0.013043777185295338,0.74760147783364883
7738,-0.016308728545462815,0.76186874712685981
7739,-0.016127714712019604,0.75500707285779856
7740,-0.014059888414595288,0.75991203134501573
7741,-0.016104317567961504,0.75577712596413316
7742,-0.015227522420708751,0.76320348665616278
7743,-0.014042945694354509,0.75555699121337028
7744,-0.015843276459782035,0.75809764190579454
7745,-0.015306353842002162,0.75798696783981345
7746,-0.015525418933551265,0.76436829439001686
7747,-0.014734285727549468,0.7645836050728555
7748,-0.016091521100323077,0.76319206905371839
7749,-0.012888691872469629,0.75677931002333254
7750,-0.015992305772318006,0.76196649855119536
7751,-0.015321305771170838,0.75456441984869982
7752,-0.015426550683736613,0.75835597761369589
7753,-0.014838514904605995,0.75628943296707529
7754,-0.017367216559600718,0.75564623233581441
7755,-0.015911403944322278,0.75543489886188098
7756,-0.013480671447053104,0.75691247361126834
7757,-0.013245981054387984,0.75965465270669119
7758,-0.012063527148661636,0.75807741149509311
7759,-0.014213894768307136,0.75717899574037306
7760,-0.01267924168120531,0.7535560257522349
7761,-0.015873631588249001,0.76476181684242506
7762,-0.014860527284022793,0.76531027557043785
7763,-0.016996216441232989,0.76079226852913473
7764,-0.015023191500865753,0.75646086127050371
7765,-0.014196733517673409,0.75810963339489745
7766,-0.014518150484341295,0.76310349394729349
7767,-0.014196789837175197,0.7505870759255977
7768,-0.01490990239090991,0.75753872739797734
7769,-0.015429489813953782,0.75860259227595395
7770,-0.015234448697111739,0.75394111091413485
7771,-0.017283502934291695,0.76016141584726626
7772,-0.01591148696877193,0.76094942565698986
7773,-0.017734274612764937,0.75778252192144668
7774,-0.013481395234125993,0.75551228590702524
7775,-0.013584787528309257,0.76001870007743522
7776,-0.014847398257828413,0.75918878245553068
7777,-0.013622212043202448,0.75560970314621156
7778,-0.014399266952866972,0.75676417913819394
7779,-0.014878525587785723,0.76142588885646112
7780,-0.013525775008203353,0.75832337628190127
7781,-0.017873652609357207,0.7594143401326553
7782,-0.014106033679732406,0.75969425150933623
7783,-0.016940573190709577,0.75791666027624771
7784,-0.017432845309069404,0.7570573954959442
7785,-0.015512399871623422,0.76291628484719132
7786,-0.015425486133087595,0.76241670433420616
7787,-0.015029692396035788,0.75759918381570412
7788,-0.015992600970837458,0.76261750813632934
7789,-0.015965533870449342,0.76064021921869995
7790,-0.011810569634475543,0.75934934641122565
7791,-0.014816834610264016,0.76231435398363989
7792,-0.017550702318930841,0.75769961628725457
7793,-0.013218661088549638,0.76118001008342029
7794,-0.013380651308968138,0.75148925192856619
7795,-0.014916836067889943,0.75495659409336457
7796,-0.014736176255006794,0.75979639881894567
7797,-0.015930678424655356,0.76203494438113006
7798,-0.014416537863410647,0.75739326088227399
7799,-0.014462372157314822,0.75980636820922542
7800,-0.015027134513914183,0.76222800143731628
7801,-0.01535046550500181,0.7673558454953463
7802,-0.014216303760735459,0.75905482427325721
7803,-0.012631631626109956,0.75555390650597909
7804,-0.013929107587502937,0.75878848688458933
7805,-0.01378637964668116,0.75718819396068437
7806,-0.014315153610411668,0.76196836965768722
7807,-0.013770500075989303,0.76273139227894793
7808,-0.017042884925293489,0.76238489332355419
7809,-0.016253307712409872,0.75504000396274251
7810,-0.015472688022254372,0.7566323436051875
7811,-0.014665642328746491,0.75254212500030437
7812,-0.013782748152262148,0.75804391567567098
7813,-0.012836739105914796,0.75701397883203358
7814,-0.015721475238986288,0.75910416654577018
7815,-0.016053602566008136,0.76344903650036278
7816,-0.015913735899218039,0.76293446122575947
7817,-0.017044992352945643,0.75837138600342791
7818,-0.017074810830502898,0.76158937790168701
7819,-0.014883690970644983,0.7640945736828243
7820,-0.013172934131140179,0.75708108458092671
7821,-0.01205975904195529,0.75853886905115675
7822,-0.014440715347952516,0.76077128254265691
7823,-0.014367244551091859,0.75925551005965197
7824,-0.014581382462216371,0.76145516662780843
7825,-0.013805082765101938,0.76477908658591964
7826,-0.015482443724174944,0.75868123939863175
7827,-0.016774263387128445,0.76098120089397292
7828,-0.012666605242967238,0.75615454859677755
7829,-0.017345715441430348,0.7625326307450867
7830,-0.01185961361410307,0.75532876525493542
7831,-0.013582121266189099,0.76037310263371527
7832,-0.014459597197134036,0.75480412284684295
7833,-0.015216809693989364,0.76151474136667785
7834,-0.013618038645794738,0.76033318631936253
7835,-0.015110875472285528,0.76140834988623818
7836,-0.013725833892803248,0.75486848796989492
7837,-0.012923583426131608,0.75912593072971013
7838,-0.015953100618257658,0.757456774328509
7839,-0.016555954722529076,0.76204779832629432
7840,-0.016314247212836606,0.76289631914716505
7841,-0.012670696818156885,0.75757416647071818
7842,-0.011663381698286382,0.76137703619894403
7843,-0.01571577832056275,0.75183879348328797
7844,-0.016452904392183179,0.76160820830600329
7845,-0.014562989974555317,0.76137613198511522
7846,-0.017185698456628404,0.76291796628940034
7847,-0.015276667441462935,0.75141848561699853
7848,-0.015273275593089546,0.75830229843964048
7849,-0.013937896804569151,0.76320791617007688
7850,-0.014737446557179457,0.75803108861283697
7851,-0.015063284441365383,0.75715088883167903
7852,-0.016058565793425565,0.75952313488718248
7853,-0.01453107686104276,0.76296421504590095
7854,-0.01528519341523525,0.76007482166149731
7855,-0.014684098668806159,0.75834817329501691
7856,-0.014571005798577853,0.75634159223216346
7857,-0.014999444951347574,0.76131900755711146
7858,-0.015891435780894733,0.75784414902670316
7859,-0.016248123880934977,0.75711764783464697
7860,-0.014806411946926761,0.76267326159457061
7861,-0.017546982448427176,0.76057144938685506
7862,-0.011050228375050762,0.76463395313635918
7863,-0.015098469878753263,0.75639043648715942
7864,-0.016080857436774246,0.76335839459582289
7865,-0.015468565596688591,0.76203228531837741
7866,-0.016163727916898026,0.76453639387810357
7867,-0.013395853324788768,0.76398033542271049
7868,-0.015084446114880832,0.7582739024173587
7869,-0.016663048969829484,0.75664694580926029
7870,-0.015304579698345091,0.76394645325751143
7871,-0.014473719740791285,0.761747044330506
7872,-0.0159992356808813,0.76001389427937582
7873,-0.015129142262430126,0.76153638603030172
7874,-0.016828320631402213,0.76407854154327903
7875,-0.015139930259323768,0.75010418628530251
7876,-0.01365112194746454,0.76450330035642877
7877,-0.011478993946378748,0.76026927972049485
7878,-0.016172360957474759,0.75827383311337415
7879,-0.011921248874644939,0.76264170180460911
7880,-0.015978912724357596,0.76131051740046485
7881,-0.015130045363076685,0.76095509253326887
7882,-0.015552762113865411,0.75585197080598987
7883,-0.017393397226126886,0.7591404646230705
7884,-0.015657793290187356,0.75750878920067333
7885,-0.013884160470129818,0.75824114320046654
7886,-0.014449061423250887,0.76424193244609062
7887,-0.015893280509621781,0.75658804082245446
7888,-0.014743826856771424,0.75445416097646056
7889,-0.016779646455555363,0.75355069347095216
7890,-0.015649458789034149,0.76296191469051766
7891,-0.015175179254118298,0.75944339568498764
7892,-0.014494170361234352,0.7551483465794675
7893,-0.01578523643320031,0.76067830105984258
7894,-0.015370366711348454,0.76124993390820916
7895,-0.016471845071407941,0.75895500983095654
7896,-0.016773422659524046,0.76290403099611892
7897,-0.014780961033193298,0.75580197387189285
7898,-0.015651295325321279,0.75433332888258842
7899,-0.016221490506533043,0.76122878595148591
7900,-0.016198786502321729,0.75915815025763245
7901,-0.016346046704790184,0.7583323887759047
7902,-0.014867850778492011,0.75692787799064565
7903,-0.013757421370181195,0.75410407952552461
7904,-0.01477373170980816,0.76343276276886396
7905,-0.015762334403908999,0.75682272556510821
7906,-0.012460065445208909,0.76073007189338371
7907,-0.01474879052629284,0.7578093661516262
7908,-0.015616919924543754,0.7587632219497652
7909,-0.01634866989235393,0.75700406615198312
7910,-0.015214131457121423,0.76142657326318364
7911,-0.013713895608994308,0.75845265665681505
7912,-0.015506002020329729,0.75965211350658346
7913,-0.01715209907546842,0.75743507987063774
7914,-0.014607962568863981,0.75944772005757988
7915,-0.013424723829494627,0.76082153097120209
7916,-0.015306327955188947,0.76072355450803864
7917,-0.013352174181580819,0.75878379906421245
7918,-0.015172781567120366,0.76497908955271132
7919,-0.01196631406156886,0.75839900966836027
7920,-0.013405992693509429,0.76262831751046345
7921,-0.01439467937606499,0.76206898637048792
7922,-0.015472523826724909,0.76119291472595518
7923,-0.014577958922124091,0.76084928134965457
7924,-0.015473618789269254,0.76002764559605251
7925,-0.015565155880840519,0.7616823503486192
7926,-0.012374366799970544,0.75588407974221616
7927,-0.01465533990032308,0.75502076724173595
7928,-0.014524508760249405,0.76289261227647287
7929,-0.012168634565055101,0.76470714688834096
7930,-0.01495899417249287,0.76416963143820671
7931,-0.013849657075177071,0.7642596593845653
7932,-0.015881710336279234,0.76272602746437457
7933,-0.01355675652857059,0.76406106624811543
7934,-0.015381145990773868,0.75937736673216483
7935,-0.015351557442671868,0.75578796797151904
7936,-0.016458555195043925,0.75861350073027856
7937,-0.014551788357729091,0.7546677354639606
7938,-0.013066032084810768,0.75747208558913903
7939,-0.012975691740647846,0.75493129503150103
7940,-0.015851102954461391,0.76018202127574419
7941,-0.015841188440827415,0.7633950507772298
7942,-0.01570772861207733,0.75605143105947581
7943,-0.016304330465094975,0.75730400649520346
7944,-0.014535470148154709,0.75881049482355822
7945,-0.016769425560168569,0.76221281626559279
7946,-0.014283373127139948,0.76149565514491802
7947,-0.01474156956620238,0.76143647995682584
7948,-0.014185489758249811,0.76245587624513667
7949,-0.016036347068599729,0.76581714821705715
7950,-0.015239833157621438,0.76471600778406035
7951,-0.01476443796868958,0.75964474958061556
7952,-0.01512417894041041,0.75994330129504362
7953,-0.015204314223163878,0.75776655862717324
7954,-0.013893094610150272,0.75905956116661566
7955,-0.016453517673879682,0.76085360038313077
7956,-0.012699379225443785,0.76067332086153183
7957,-0.013073793485975583,0.75228049151248977
7958,-0.015520473803831173,0.76226246829672251
7959,-0.014500950249910698,0.75987892805995993
7960,-0.013848947071677328,0.75885132631813212
7961,-0.013919847001741797,0.75935500711539006
7962,-0.015622581331831427,0.76174305080971683
7963,-0.01740005438441948,0.75986314644862107
7964,-0.013125216133554883,0.76077624103305286
7965,-0.017486266481447944,0.76034433705943727
7966,-0.015722529610943205,0.76451814109058702
7967,-0.015467521522203565,0.75979741776406118
7968,-0.014928086447286748,0.75553280579062265
7969,-0.014975747057100702,0.76119848920957478
7970,-0.012676857413836949,0.76096911380211285
7971,-0.015557429853491987,0.76083946131763902
7972,-0.014941895366507068,0.76625397133677176
7973,-0.012683724180318863,0.75891309913675231
7974,-0.01788445561871068,0.76383152831268941
7975,-0.015124227116526659,0.76268376548626204
7976,-0.014955045067495504,0.75999769984190735
7977,-0.015762255221608103,0.76595664204479808
7978,-0.014953760785284412,0.7629665240050002
7979,-0.016319094772029492,0.76172769889059488
7980,-0.017026319323643666,0.75938914655331313
7981,-0.015855446797296766,0.75680426609103324
7982,-0.015165249486749448,0.75435407729243875
7983,-0.015162297357646182,0.75457688122433653
7984,-0.012227144856281296,0.75512853211383624
7985,-0.0132468552731707,0.7634383699762306
7986,-0.015743799963513411,0.76259538346799827
7987,-0.015003286697053522,0.75589643143849172
7988,-0.016200043292843969,0.76212835707272886
7989,-0.013649196361694255,0.75363216581124437
7990,-0.01299010960880218,0.75895393429217362
7991,-0.01612248963148008,0.75685795589378746
7992,-0.014335105705761481,0.75443432855401837
7993,-0.015621710736795868,0.7596722537029289
7994,-0.016146200442848313,0.75568183207766426
7995,-0.014666256538438409,0.76222561299866198
7996,-0.014068920261865219,0.76118211322941287
7997,-0.014720387825252578,0.76409326429407243
7998,-0.015407353339392129,0.76246851153344797
7999,-0.014157329859759248,0.76048586861472434
8000,-0.016454560325335453,0.76261276263606481
8001,-0.013629840621489879,0.76034568045779105
8002,-0.015073991894472135,0.75755488160094664
8003,-0.01326230835928692,0.75758534154683799
8004,-0.016216219133875474,0.76097082549780715
8005,-0.016420664575008827,0.75891932214822744
8006,-0.017490091305802737,0.7609634879019499
8007,-0.015122604351728363,0.75720751144927889
8008,-0.015146088948265477,0.75428715188552753
8009,-0.015076822274365825,0.76274972652644957
8010,-0.016864878480124641,0.76178807298963425
8011,-0.014813902510125978,0.76382821496220632
8012,-0.017654475614275026,0.7620335960129071
8013,-0.015146050968141148,0.76275060674363804
8014,-0.012877197194676589,0.76379913038797076
8015,-0.017106390728376081,0.76552366897879798
8016,-0.014814322882806851,0.76023125973399552
8017,-0.016904357414973453,0.75916477597585463
8018,-0.015747621116172613,0.75364764493785841
8019,-0.014703245529206392,0.75937499297330324
8020,-0.014962727792763824,0.75909881109213739
8021,-0.016197664203873384,0.75912799305677225
8022,-0.014451676899735958,0.75155073401784234
8023,-0.014128598059282209,0.7538427516233388
8024,-0.016253165980366982,0.76352449806467604
8025,-0.015219203283977254,0.76161609506111128
8026,-0.016057643569249137,0.75892252315974729
8027,-0.014901843973296061,0.75821232458560339
8028,-0.015819946684929739,0.75363194275174239
8029,-0.017999688974918437,0.76265852574008119
8030,-0.015183344861522223,0.75652649564931396
8031,-0.014190175513487824,0.7593532649284962
8032,-0.015745574804937691,0.75587712411121177
8033,-0.014724797478217122,0.75835595065383254
8034,-0.01627417572681146,0.76326822001636374
8035,-0.015428944495715483,0.76111375141205384
8036,-0.013801070488134871,0.75902920179125677
8037,-0.015054036880360052,0.75449150509846019
8038,-0.016037690023793925,0.75790144487930555
8039,-0.012926435534128854,0.75888765841296857
8040,-0.013129310902067703,0.76310749019728796
8041,-0.015428494798644591,0.76020233768743173
8042,-0.015277677486798475,0.75554553029824523
8043,-0.0163487549881643,0.75956321873232335
8044,-0.015022545286373118,0.75307935417383787
8045,-0.013356563624822406,0.76130734389019383
8046,-0.014834569249416252,0.75618839045360631
8047,-0.016754602222629429,0.76427053092323061
8048,-0.01779637768985104,0.76133144605377356
8049,-0.014456544657703602,0.7564562978211018
8050,-0.014829401768584338,0.76100828726874248
8051,-0.013884641155449266,0.76364304723165166
8052,-0.016723277612483177,0.76081564462165652
8053,-0.014002263876795679,0.76245965503089508
8054,-0.01613038963052478,0.76186277404193592
8055,-0.01419454082442306,0.76185650039821051
8056,-0.015244114140324068,0.76279548820741794
8057,-0.015785610581186448,0.75802715289771372
8058,-0.016884670427273943,0.7643320159108502
8059,-0.016621527248154126,0.76280719291882582
8060,-0.016748675485402174,0.75856247822812928
8061,-0.017143518114237321,0.75877211560394742
8062,-0.016115791675630074,0.75846046633334852
8063,-0.014523379742499403,0.76028717231428378
8064,-0.013839944868918156,0.76095537734667862
8065,-0.01639716030209757,0.75706170828040653
8066,-0.017486989052022707,0.76100668350594303
8067,-0.01549860717833477,0.7600577750824673
8068,-0.016517803884165509,0.76159612741904648
8069,-0.013977258642110154,0.75712017430906497
8070,-0.017082397552488717,0.75516935625805326
8071,-0.017773405097480793,0.76083430628495441
8072,-0.01643935898356113,0.76154770361474222
8073,-0.018263092730734336,0.7632660998976738
8074,-0.014524925733479202,0.76142078731131102
8075,-0.014380621426446442,0.75747460576366443
8076,-0.015911749667548145,0.7671300780422291
8077,-0.015800898186962658,0.75939153997978015
8078,-0.016850531063926911,0.76358276608427211
8079,-0.013770748410763919,0.75585831481696508
8080,-0.01339448451653929,0.75827418152778459
8081,-0.012352014437497087,0.75261314752045616
8082,-0.015293656183365324,0.76273662967900779
8083,-0.013533988139121884,0.75559690647992472
8084,-0.014565143382325058,0.76448584238539297
8085,-0.015308130637037658,0.76367509534633748
8086,-0.015957767849261475,0.76248951330009529
8087,-0.016792627647907704,0.76554856138774896
8088,-0.014553646001561485,0.76063051186994424
8089,-0.016197098656642026,0.7545726773339807
8090,-0.016198708135705911,0.76134197291284111
8091,-0.014465926765882497,0.75699110717257401
8092,-0.016096962065595577,0.75255168569165909
8093,-0.016217319592155843,0.75676046571450872
8094,-0.014184519096773001,0.75432384702937361
8095,-0.012853260172224245,0.75592168112811264
8096,-0.015538695936803924,0.76919932873420793
8097,-0.015691293277492198,0.76139229356259386
8098,-0.013568135918812434,0.75948002604292653
8099,-0.013909197586146461,0.75564153692441371
8100,-0.014076542958135036,0.7572051849689736
8101,-0.014154541155711391,0.75729191722580635
8102,-0.015103238331915693,0.76361104463772356
8103,-0.014265661115530471,0.76046015235013475
8104,-0.014514480643722077,0.76073329001144951
8105,-0.016675488993280384,0.7604125096563219
8106,-0.015730570449687641,0.75873940587662503
8107,-0.017783265120579334,0.76074980017082505
8108,-0.014180429422452855,0.75482954134427505
8109,-0.013933240733915305,0.7648187462299656
8110,-0.014148434115813414,0.75691520187184536
8111,-0.01561947875170288,0.75713986827854596
8112,-0.016230718415199359,0.76087884227085811
8113,-0.01507603745748501,0.75767765850203095
8114,-0.013205244484249022,0.75413241969156852
8115,-0.013618815729525625,0.75476550408040655
8116,-0.014354640628700375,0.75920430755533352
8117,-0.014969259531940053,0.76483214586482895
8118,-0.014364715084276438,0.75663109447183241
8119,-0.014898803102778661,0.76034678454495941
8120,-0.014517865417479681,0.75792302932683409
8121,-0.015285247484467603,0.75252961438473298
8122,-0.01393726960605042,0.76368833501401912
8123,-0.01499342240774957,0.75991965142826889
8124,-0.01485704187179197,0.75995251783617945
8125,-0.015016100217072855,0.76253352007689257
8126,-0.013332474454720194,0.75958328201106617
8127,-0.014515590331511511,0.76185780244557399
8128,-0.010828860794072919,0.76187855927199688
8129,-0.012794180961156996,0.76047425582651562
8130,-0.014329019020909949,0.75922642287435638
8131,-0.015049460160356251,0.76035023198252327
8132,-0.013572778044225612,0.75717639397718972
8133,-0.014894988234395662,0.75475588900306179
8134,-0.012795738116609169,0.7661078502512223
8135,-0.013979854151806538,0.7578504104117324
8136,-0.015763375049514798,0.75926459030057281
8137,-0.0160769915514372,0.76285179181379448
8138,-0.015692293972091435,0.7634437398986077
8139,-0.015310492906945373,0.75907593816263941
8140,-0.01459455227161878,0.75668598180091207
8141,-0.01222067992531474,0.76154412344119538
8142,-0.01546467297991464,0.75995164645941304
8143,-0.013674326726840024,0.76244961592168436
8144,-0.015082082351027665,0.76815016323285112
8145,-0.015474160440820239,0.75925961453554602
8146,-0.015404195483351521,0.75577923656777846
8147,-0.016524229205178431,0.76129989893927097
8148,-0.015018219754314633,0.76276504385494848
8149,-0.014443733786767266,0.76350987578649332
8150,-0.01602158169333771,0.76541854155646472
8151,-0.014217976882157183,0.75199422934814653
8152,-0.017747311823087444,0.76202502527145799
8153,-0.013850226212007682,0.76297319157020627
8154,-0.014852305563474787,0.761933467438354
8155,-0.016310535617523284,0.75978342987886016
8156,-0.014445660735143046,0.75431977042015885
8157,-0.013439487285247888,0.74854712370626597
8158,-0.016748675485402174,0.75856247822812928
8159,-0.017223444635472183,0.75868362316775873
8160,-0.016749980390921026,0.75829927703950495
8161,-0.014480992403865418,0.76126711393164248
8162,-0.014364799808285238,0.76467516701673199
8163,-0.015684375266505575,0.75697478187319711
8164,-0.014587571409629086,0.75798939449178415
8165,-0.016431075445514962,0.76258469149306485
8166,-0.012615359826024068,0.75527939689282841
8167,-0.01260489053157561,0.76119531916990946
8168,-0.016647640081153874,0.75973980816210707
8169,-0.014347838824934967,0.76346559453064733
8170,-0.016404845027574673,0.75791476011067538
8171,-0.014323101565339301,0.7594274424503018
8172,-0.016934633299131079,0.76266656183745307
8173,-0.013419098999755923,0.75405185365235894
8174,-0.012980140933237801,0.7589995337139267
8175,-0.013742448732750021,0.75879470957111017
8176,-0.016113853178039182,0.76125442146219635
8177,-0.016623799339667764,0.76206592033109566
8178,-0.014878335910875838,0.76419259890436431
8179,-0.017832432142322059,0.761331715924914
8180,-0.015841360005735709,0.7548831622409935
8181,-0.01599915872096324,0.76319264984678925
8182,-0.013353395754796925,0.7536356473781618
8183,-0.017947214219944482,0.76166679350446065
8184,-0.015143259227840704,0.75928141682299555
8185,-0.015536518347377683,0.76527873141225145
8186,-0.014588610008587171,0.76220707387824171
8187,-0.015176052427837082,0.76062480569119972
8188,-0.01282045007234126,0.76087398003261586
8189,-0.015933383536036357,0.75727178564426689
8190,-0.014709385365455987,0.75839275613248869
8191,-0.01389802756887744,0.75474115977905343
8192,-0.016522411038986641,0.75699712486511905
8193,-0.013654404609502511,0.76341274859530817
8194,-0.01611346373206151,0.75639989595211099
8195,-0.014409223936226023,0.76278040091688337
8196,-0.014837697129075582,0.75890240453527202
8197,-0.015839066623256119,0.75173115649913891
8198,-0.014481139070315226,0.75764437812239127
8199,-0.013524475909248997,0.76361720376104114
8200,-0.015098670902436625,0.75204095170731489
8201,-0.015349857929076401,0.75888009284348967
8202,-0.013582172054798076,0.76262428181577491
8203,-0.016026026564514809,0.75641403154583398
8204,-0.013467548883347322,0.75747975453201943
8205,-0.012137068484222444,0.75622382250747544
8206,-0.013264918748388399,0.75947246281202374
8207,-0.014622408599055023,0.75893867036076845
8208,-0.013684575561681494,0.76128571320026339
8209,-0.01386162984286966,0.76203909832339289
8210,-0.014068206086299325,0.76757102444974001
8211,-0.014592890710287064,0.76187705081468393
8212,-0.015741766678275745,0.75956019390890084
8213,-0.013680536832657957,0.75680905106510776
8214,-0.016618460443425707,0.75882714795146455
8215,-0.014191902884796985,0.75835153365556751
8216,-0.014996231630259944,0.76054044582436453
8217,-0.015231783913850798,0.75572884785788308
8218,-0.016222445233632844,0.75402972387014577
8219,-0.01583630466549793,0.76175965819647939
8220,-0.014546486204788959,0.75655855693796759
8221,-0.014893789804234879,0.75357302455571729
8222,-0.015258985424155245,0.75904915812891827
8223,-0.015255161898090187,0.76480780731502895
8224,-0.01276345531151162,0.75383323101253563
8225,-0.013276402958894014,0.76018444123376083
8226,-0.015865258923506598,0.76107744596316218
8227,-0.014197733394832246,0.76127660740969638
8228,-0.015010427762559201,0.75764312223122299
8229,-0.010715687189160472,0.7666844603676134
8230,-0.016008644344258794,0.75759499962450527
8231,-0.012660496062788221,0.75500830720473389
8232,-0.016691746243981662,0.76792041117628873
8233,-0.014280840159309777,0.75912608989469832
8234,-0.016245971454735206,0.75852867747814157
8235,-0.015232712152661585,0.76095767800302783
8236,-0.014444297912827791,0.75370574964379455
8237,-0.014738688113283485,0.75614348033870415
8238,-0.013385989369587148,0.76615005727381891
8239,-0.014118382221672702,0.75926515996809063
8240,-0.016414685055421652,0.76182867012501665
8241,-0.015240145644215601,0.76332036399629921
8242,-0.015331424543979434,0.75799730958451328
8243,-0.015221567264843451,0.76036348623270678
8244,-0.014559780493085834,0.75263251327690495
8245,-0.013973809031312895,0.75546034637911186
8246,-0.013342022865996469,0.75360965605063357
8247,-0.014714160762607611,0.75656261136383274
8248,-0.016463952320740119,0.75927103100916249
8249,-0.013555959867550775,0.76054447299739814
8250,-0.015018475148690343,0.76266716141165547
8251,-0.014695788131183499,0.7591466996009304
8252,-0.015471045352133794,0.76209521810394865
8253,-0.015528907765705908,0.76353863312094916
8254,-0.014987148105571609,0.76291763715577887
8255,-0.016347321625576595,0.75819585979089665
8256,-0.013578533045438296,0.76099603601066768
8257,-0.017083246938825139,0.75982275920345899
8258,-0.014545700266337482,0.75410034329479481
8259,-0.015767029372343602,0.75749982433963059
8260,-0.015942492636690141,0.76209584681144349
8261,-0.014300600165855538,0.75859281052627558
8262,-0.015183556986712872,0.7605790383236557
8263,-0.014838749259154507,0.75555194582443441
8264,-0.015552182786955899,0.76146695460227576
8265,-0.015298404516461746,0.7570532733070201
8266,-0.016218977135586374,0.75862980897764609
8267,-0.014201824862519738,0.76173781267737961
8268,-0.01509766567909052,0.75762629366763345
8269,-0.015623146184293807,0.76157654905857564
8270,-0.015499081379462378,0.75893254455041703
8271,-0.012516021592613081,0.75844968661320944
8272,-0.016057618563272133,0.76155426069544063
8273,-0.015191124988005494,0.76367128109796101
8274,-0.016291406145251548,0.76143820863454525
8275,-0.01530009655965295,0.76186064592396796
8276,-0.013873586846464055,0.75814458805255891
8277,-0.016286920762239095,0.75683735621004133
8278,-0.01386866408808294,0.76148376474740365
8279,-0.015123081255994422,0.75554875087147388
8280,-0.016683422341184796,0.75942031874642324
8281,-0.014705599780785469,0.76177614698092222
8282,-0.015082234359152709,0.76003981808324705
8283,-0.014394922028449487,0.75917538805318752
8284,-0.016170309568278987,0.75880219676112748
8285,-0.015320724129111051,0.76305967034735833
8286,-0.014581204114776793,0.75746788991314384
8287,-0.016066275235149294,0.7600577748039351
8288,-0.01520156676939771,0.76025508325502833
8289,-0.012953386479127126,0.76145771578683108
8290,-0.018461955823068196,0.7599402497663339
8291,-0.015464728123065033,0.76227745672722891
8292,-0.015827691870483045,0.76435371938022034
8293,-0.016628686923289518,0.76201181429277187
8294,-0.014253969545585879,0.75686658342296798
8295,-0.014484397364728705,0.76310839156461885
8296,-0.014964548757778251,0.75656017933834407
8297,-0.01517476313989405,0.75525892550400386
8298,-0.01405133135588895,0.76591094026946072
8299,-0.016549833827028973,0.75930998030946406
8300,-0.012210795116927419,0.74956838120148139
8301,-0.014975741820410287,0.75884349066502776
8302,-0.015748029810803726,0.75924365174752306
8303,-0.01622301377335119,0.76375755877199103
8304,-0.014702312168078092,0.76200832063327184
8305,-0.014217691085292361,0.76202979969866214
8306,-0.014822732241028067,0.7578957049282945
8307,-0.014331671940555707,0.75772834129727595
8308,-0.014783048698412921,0.76021491681505304
8309,-0.016704879217555341,0.76270085394184262
8310,-0.014701875272443822,0.75541312488489598
8311,-0.017123616393342971,0.76120626995675689
8312,-0.01299752154573035,0.76116121329904118
8313,-0.01452918476765431,0.7617416156090927
8314,-0.013959925588500541,0.75911996557662254
8315,-0.017666100435008852,0.76145328382718325
8316,-0.012545193780597408,0.76122854236722703
8317,-0.013747597926401164,0.75801681274188903
8318,-0.015848884840035368,0.7647425614341955
8319,-0.016081327364302119,0.76447776207598828
8320,-0.015627402952030155,0.76505285023612379
8321,-0.015320237193173969,0.760196411776067
8322,-0.017746615508460455,0.76024971762852256
8323,-0.01675524366135793,0.75621581777703595
8324,-0.015694127280686015,0.75360674247659287
8325,-0.015868157035393033,0.76074901933404293
8326,-0.015432184922790771,0.76103422345495408
8327,-0.014083177604778728,0.75546574085271379
8328,-0.013218849456145449,0.75042961170143907
8329,-0.017573587510572308,0.76149714328731988
8330,-0.012520800200644389,0.74615251151403439
8331,-0.016978805833192435,0.75407655901543247
8332,-0.017501502509055848,0.76192558049909243
8333,-0.01488010614486553,0.76138749242689763
8334,-0.016076479734494241,0.76043784746857235
8335,-0.016407256990576109,0.76292525946834766
8336,-0.014827537565217996,0.76432152244534157
8337,-0.014846451408256788,0.7614512398361285
8338,-0.015455959440770542,0.75986889429259774
8339,-0.015024510623834621,0.76149319651434522
8340,-0.012572435905826618,0.75916856013306411
8341,-0.013490670877469751,0.75976129949830618
8342,-0.016319334498208146,0.76173551122708294
8343,-0.01124131674049207,0.75516853938135953
8344,-0.01464259603739247,0.75796890885198365
8345,-0.01620282500816702,0.75929562681931262
8346,-0.015770824686220493,0.7584415899300363
8347,-0.013761223259446625,0.76175483926233667
8348,-0.01498050548411874,0.76101909019889313
8349,-0.01354016302281956,0.76583144792166802
8350,-0.014881242460554559,0.76032145374801696
8351,-0.014398101363480567,0.76105265329832483
8352,-0.014311350446636294,0.75768583920471044
8353,-0.014148771408152088,0.75355990569027043
8354,-0.015237770340224827,0.76106904346311044
8355,-0.018252686119128829,0.76207099321691429
8356,-0.011367546200541043,0.75864566744636264
8357,-0.01767977426678053,0.76186675939345594
8358,-0.013598335234446248,0.75968678796030764
8359,-0.015208056278652324,0.76082174928025725
8360,-0.015738560103380483,0.75861691364773787
8361,-0.015141018508143065,0.76627709562917401
8362,-0.015754170021772939,0.75732270155473425
8363,-0.012795239713926227,0.75245482295832988
8364,-0.015969766646522596,0.75638178332405581
8365,-0.015622581331831427,0.76174305080971683
8366,-0.014812556043312775,0.75767544415585175
8367,-0.01512541414984166,0.7596647397863463
8368,-0.014667753749270349,0.76410347656875166
8369,-0.015053917509009741,0.75982809057843848
8370,-0.016028314071139201,0.75617327627074138
8371,-0.015690507674845561,0.75404559613151145
8372,-0.014938345200704558,0.75914115894043166
8373,-0.01427410013758653,0.76118452420516847
8374,-0.014807085644017686,0.76096902309468428
8375,-0.014549256453024734,0.75576181737313908
8376,-0.015585702185275633,0.75999896199239159
8377,-0.014521511082292434,0.75795165764118577
8378,-0.016374753703004123,0.76199965628208088
8379,-0.013468836897091614,0.76476562368921785
8380,-0.013208290237739884,0.75754093918834953
8381,-0.014435345340948775,0.75479811856356349
8382,-0.013910255349302354,0.76059515681843515
8383,-0.014506910292354925,0.75895371635459574
8384,-0.015821768622094522,0.75774366016186878
8385,-0.016599090623371126,0.75479810443536643
8386,-0.014800446719026687,0.75568050949868804
8387,-0.01497858827097916,0.76151178481093684
8388,-0.015833358420991345,0.75549671791191753
8389,-0.014880872313240669,0.76302254322404228
8390,-0.016451025641502373,0.75719732079118118
8391,-0.014601887231580787,0.76323474469286823
8392,-0.016495607985767997,0.76567468245011172
8393,-0.016523745287816041,0.76046362879867291
8394,-0.014148834508263111,0.7559791955100128
8395,-0.014188604252861078,0.76645155507069096
8396,-0.01259129389431899,0.75295879160340495
8397,-0.011114240699769951,0.75688981705710467
8398,-0.015746051333729784,0.76544993971136366
8399,-0.014728204878808337,0.76058753430332615
8400,-0.015885647936522081,0.75718295410754655
8401,-0.013163700577536949,0.76341901560715053
8402,-0.01408845643958501,0.75918537663451213
8403,-0.014652718614812465,0.7570643214245365
8404,-0.015856444689721715,0.76291942220369791
8405,-0.014768052392769073,0.76006870613355071
8406,-0.014614637430217015,0.76040452155482485
8407,-0.012929979596137314,0.74987375108264365
8408,-0.016314917418883104,0.7617410689113987
8409,-0.016820805477835588,0.76138771101129288
8410,-0.016200301053199057,0.75695853685195114
8411,-0.014519941197788325,0.76006943429580542
8412,-0.011410749428097951,0.76171150915772867
8413,-0.015216313832129735,0.75477395589301532
8414,-0.01471793555506702,0.76010232885960471
8415,-0.014909787767351891,0.76222570964952052
8416,-0.016228577947112681,0.76412827683066453
8417,-0.016536260913510997,0.76248099545872638
8418,-0.013394916467900924,0.76152602680593973
8419,-0.013271321701749869,0.75865494790804733
8420,-0.014929474078404049,0.75308288268458579
8421,-0.014756548285127983,0.76120607445904587
8422,-0.013920266341214913,0.76077298053803044
8423,-0.01591651213541876,0.75996374291363622
8424,-0.01455957677577378,0.76313410948655336
8425,-0.015406728916902814,0.76187777823853786
8426,-0.014574685785797166,0.76052388961548334
8427,-0.013541069034928918,0.75328537653587879
8428,-0.015470246922448496,0.76053873755186541
8429,-0.017403071258977346,0.76316883668212943
8430,-0.015484107744218703,0.75872001918966225
8431,-0.01424459818108032,0.75987459403553281
8432,-0.014386840360020973,0.7660005446826913
8433,-0.014756787455496899,0.76379667617397851
8434,-0.016541820619235415,0.7625620449736209
8435,-0.015711176932114122,0.75885123472706362
8436,-0.014372113887091862,0.76059376282863833
8437,-0.01553722439088329,0.75822580582256349
8438,-0.015162751133767961,0.75386938162732087
8439,-0.014324372887241315,0.76570264683535272
8440,-0.015122490619794645,0.7574703498357569
8441,-0.015731880498892299,0.76210489276440452
8442,-0.013525820710296068,0.75984003244588438
8443,-0.014692111206907487,0.76116660961486204
8444,-0.014290339431205466,0.76194417180441454
8445,-0.013702821184788867,0.7579631696310013
8446,-0.011896906533037602,0.76249515616895325
8447,-0.01807765168147385,0.76069237404709655
8448,-0.015646914537804764,0.75846072449826141
8449,-0.015841902364893232,0.76094021269190981
8450,-0.015095924747570129,0.76049744868851632
8451,-0.016535288206569132,0.75808500549171343
8452,-0.017010477400763582,0.75917973238308545
8453,-0.016689994111144808,0.76496663468312576
8454,-0.017336708986390358,0.76118275934778301
8455,-0.014386647773504561,0.76161769759557363
8456,-0.013750897479817739,0.75661514642474326
8457,-0.018558426482402735,0.75714082508864566
8458,-0.016370060377925193,0.75433223439374586
8459,-0.015940569493392211,0.75379174832735385
8460,-0.014543425449503612,0.75602924700898311
8461,-0.014764001365023083,0.7631366781248089
8462,-0.016626135720287573,0.76038146774379423
8463,-0.015439753010834575,0.75895617928605774
8464,-0.016729597778194692,0.76130384442307375
8465,-0.015255257999589438,0.75733224798095067
8466,-0.015119487237621356,0.76240011590520718
8467,-0.017557967679209006,0.76059506871400329
8468,-0.015889267692533206,0.75591913095615215
8469,-0.015280292357885139,0.75747060394671606
8470,-0.014616396931031854,0.76082323192811541
8471,-0.013252306936060967,0.76191880311382387
8472,-0.015243431340117783,0.75569466249928186
8473,-0.016624755613739987,0.75878886972439519
8474,-0.015665148209477328,0.76075982904604111
8475,-0.017175761406387612,0.75284950532110728
8476,-0.016883261877722509,0.75997940992278989
8477,-0.015284783508336421,0.76261527283481412
8478,-0.015504695979957711,0.75563663492016075
8479,-0.013592814553071497,0.76096686299203531
8480,-0.01255289349482421,0.75314409138498817
8481,-0.014947146771923324,0.75805884754998232
8482,-0.01438070647247186,0.75605953427222261
8483,-0.016084460790624287,0.75511110476211762
8484,-0.016472983013109305,0.75687608792688754
8485,-0.015661487324765348,0.74810576776362836
8486,-0.017169157995649595,0.75736735943335731
8487,-0.018112734095797705,0.7605278880482963
8488,-0.014836464789988775,0.75352529552754421
8489,-0.014351167505311957,0.76115155310102711
8490,-0.013672275123206571,0.76003322870646439
8491,-0.012081884968305543,0.75313568477359194
8492,-0.015651817147717247,0.76318551116816746
8493,-0.016188685084874317,0.76316758773486737
8494,-0.015371414189507267,0.7626845678193358
8495,-0.015754197560372007,0.75622721935973958
8496,-0.015898853545942511,0.75382310416307052
8497,-0.016273950510996213,0.7600293675109413
8498,-0.014415995535287518,0.76145563864489718
8499,-0.016722776285658776,0.76020137235458218
8500,-0.01542568231080638,0.76540479474359857
8501,-0.016192859034759803,0.76492711635911315
8502,-0.015081056665648228,0.76007472049689462
8503,-0.016091975759091603,0.76083363801674708
8504,-0.015961685296207197,0.75636799155794421
8505,-0.013145303195323924,0.75800417017874
8506,-0.014402476279512117,0.75644324275954966
8507,-0.015163088960984169,0.75125740582621892
8508,-0.015283545019521916,0.75506474229044629
8509,-0.014172037154772121,0.76124172412767843
8510,-0.015609011887201641,0.75201177887573178
8511,-0.014870031396297195,0.76144793300110247
8512,-0.015176509906411083,0.76022072284376951
8513,-0.015308263608260353,0.76205694252290657
8514,-0.013308488099978796,0.75813970559119426
8515,-0.015121191325847265,0.75488898239701641
8516,-0.013270061519304814,0.75841698751057796
8517,-0.013574632177999106,0.76292102588714517
8518,-0.01418121978372348,0.75513245491477932
8519,-0.015860586065235674,0.75337519211899706
8520,-0.016692121010086589,0.76403473161742474
8521,-0.013318630660048866,0.76374794296046988
8522,-0.015654795105701953,0.7633155375668379
8523,-0.017298237109144594,0.75935153541386935
8524,-0.014576278190969674,0.75290675905563686
8525,-0.01420498700911128,0.76139485398522666
8526,-0.014950055969178111,0.76062419811353277
8527,-0.013755148657389589,0.75574468174678422
8528,-0.012288459132225961,0.75859704733971312
8529,-0.011561851741978324,0.7555007416981353
8530,-0.014506256322622646,0.75848481649985167
8531,-0.012176069631411256,0.76151155393934544
8532,-0.012421970193801429,0.76056631250757822
8533,-0.015571796887860473,0.75872196705742678
8534,-0.01411228364558831,0.75477598975912552
8535,-0.015648544640711304,0.76129306944793407
8536,-0.015135459824485775,0.75396754227727469
8537,-0.015227423245032481,0.75762518446561011
8538,-0.012265433650683409,0.75959348978743191
8539,-0.016798887117804868,0.76220307660643405
8540,-0.012711669808261659,0.76375637671907326
8541,-0.016106844994295363,0.76369776168869585
8542,-0.014223358863899655,0.76093381132531723
8543,-0.015305924846980944,0.75935126845644907
8544,-0.014391440689054418,0.75997205960655645
8545,-0.012934659183539594,0.74979469177617786
8546,-0.014691255345421598,0.75673585912817976
8547,-0.015961328978041284,0.76133020895991654
8548,-0.016327856539086145,0.76229750400843654
8549,-0.017524202038490536,0.76053761122173347
8550,-0.013415969443864872,0.75347163967816799
8551,-0.016997554998988806,0.76316723811676146
8552,-0.016300597761723847,0.7605031551385123
8553,-0.014379843698439265,0.76042677267776748
8554,-0.014133310447145589,0.7556453675879925
8555,-0.01559362520351034,0.76290141149303303
8556,-0.017763814850713509,0.76275147324575998
8557,-0.015192399128112944,0.75644582817709494
8558,-0.013506088087755268,0.76312942298664876
8559,-0.014486727207409058,0.75932167997826994
8560,-0.014345621165777828,0.7590622795381794
8561,-0.014264622554291709,0.7569865484728574
8562,-0.016593667797537452,0.76503092537590234
8563,-0.017221808941932662,0.76289880391733333
8564,-0.014420217409693901,0.76260408752142406
8565,-0.014622574471933398,0.76644712889488009
8566,-0.015282656705274664,0.76377718382477311
8567,-0.01460037585948956,0.76139974186943926
8568,-0.011240873233693376,0.75877390644621445
8569,-0.015801057787276817,0.76394942562491475
8570,-0.012895612691107056,0.75824372202663948
8571,-0.01234616930543842,0.75826133293926812
8572,-0.016972058086777451,0.76108185467164402
8573,-0.013923475186423132,0.75664772452483808
8574,-0.014897564362622641,0.75851375188503445
8575,-0.016925246521318368,0.7555082054929706
8576,-0.013523652905025489,0.75833138853590909
8577,-0.015579599242690824,0.7581588094211017
8578,-0.017255950881519381,0.7552286788236644
8579,-0.016359253997454411,0.76034139329625661
8580,-0.015273860697256005,0.76131262273889666
8581,-0.013625729742603522,0.76081061111540615
8582,-0.014918449413121751,0.75886109801801405
8583,-0.016094556090146817,0.76007412004070085
8584,-0.013721739351267751,0.76110591982131093
8585,-0.014591572792740991,0.75781287229262306
8586,-0.014929114841914013,0.75419095000520275
8587,-0.015218368654428579,0.75813446408486729
8588,-0.016509978679333064,0.76330993576712713
8589,-0.01609399737951665,0.76062645615135138
8590,-0.016412617872145548,0.75961007236369882
8591,-0.01444547799410455,0.75427257447702722
8592,-0.016875081238199342,0.75873644046445343
8593,-0.015410437562695988,0.75915037524141626
8594,-0.015349142318521077,0.75874618812854255
8595,-0.016793584554740011,0.76542105564839535
8596,-0.014237185626933584,0.76202785648332794
8597,-0.014533851975527909,0.75490125285017229
8598,-0.016044604452775516,0.75863340057270845
8599,-0.014257239835498514,0.7517800211303064
8600,-0.015079889337962168,0.76265883705960413
8601,-0.014880192178273279,0.76302013680967362
8602,-0.016962974311227251,0.75934336079014064
8603,-0.015849891708927342,0.75806571672195133
8604,-0.01564900559026778,0.76563190156804528
8605,-0.016898747188834974,0.76516219382686101
8606,-0.014674727616561377,0.75988385891340482
8607,-0.017116123968161541,0.7616322418052992
8608,-0.016429162571543011,0.75783428736470015
8609,-0.014840583453639523,0.76023436141622625
8610,-0.014338405379890659,0.75402188048131336
8611,-0.017436387185945545,0.75790769834144545
8612,-0.015003057025439864,0.75677351744020471
8613,-0.014733708254558471,0.76531968241849568
8614,-0.016223221361490313,0.76693033692055002
8615,-0.017383898515951013,0.76210049092538523
8616,-0.014126902060622643,0.75268746856635704
8617,-0.014622096138371971,0.76582056874365223
8618,-0.015555418395174605,0.76070103824441926
8619,-0.014968030330560943,0.76114861062513062
8620,-0.01226967644713859,0.75706039642527967
8621,-0.01519005314214663,0.7610735866097349
8622,-0.015800390365751989,0.76015597984260852
8623,-0.015470551243956911,0.75784212011960195
8624,-0.015268864979239309,0.76351603176828831
8625,-0.014563005168553109,0.75481192583342016
8626,-0.015335876776634448,0.76080211146171495
8627,-0.01563761469839918,0.76519876502824802
8628,-0.014632209372745295,0.76121979935374962
8629,-0.013990529139327237,0.75682668637378447
8630,-0.015100873618722139,0.75713525608817867
8631,-0.015586794299138673,0.7643396933609975
8632,-0.014157950230214409,0.75836313475231076
8633,-0.015412398926814235,0.76239546587925
8634,-0.014979531117466903,0.75946236474129258
8635,-0.016211435217102207,0.75875666288801913
8636,-0.015981450659542713,0.76197758837561103
8637,-0.014580563664686037,0.76016876896670404
8638,-0.017717385146138343,0.75729328135978613
8639,-0.016548862607835849,0.76296350069579388
8640,-0.015689613294681458,0.75516430998715223
8641,-0.015717279174472423,0.75866289503446749
8642,-0.016386293361082757,0.76126159837864227
8643,-0.013377757900376697,0.75986795423245845
8644,-0.012858642407962856,0.76035557414401156
8645,-0.01412216017618175,0.75915400350343376
8646,-0.01504540279645282,0.760583722464509
8647,-0.014690047689999944,0.75912532211379957
8648,-0.015240119200029784,0.75958566585086806
8649,-0.015703191910997054,0.76303170620392125
8650,-0.015292738696691637,0.76158036176157118
8651,-0.014323319909500788,0.75409043350903238
8652,-0.014054743655224624,0.76158031674448268
8653,-0.015056444354923031,0.76487218308011462
8654,-0.015379726584708781,0.764919595277468
8655,-0.013619017221051013,0.7593236902443401
8656,-0.012093919294976278,0.76126172921578894
8657,-0.01467029445465895,0.76059078721225781
8658,-0.014140652504003403,0.75923029278365861
8659,-0.016429506518703143,0.7546432279821258
8660,-0.014052281746051302,0.76057801476413411
8661,-0.017250456472087866,0.76351261878494103
8662,-0.013741939487949975,0.75993701830412308
8663,-0.013088739901223282,0.76255295619333363
8664,-0.013556355880577372,0.75936695429317203
8665,-0.016075828161205258,0.75737829846154492
8666,-0.013453642270506968,0.76027219732033635
8667,-0.016878485552557509,0.76261711786140718
8668,-0.014208372858664067,0.7587505529816253
8669,-0.015893280509621781,0.75658804082245446
8670,-0.014202886698819176,0.75856650414380655
8671,-0.01652925692462643,0.7594511141586342
8672,-0.01538415797799645,0.76106738450760247
8673,-0.014240908837948967,0.75478845088103463
8674,-0.013937717383270052,0.75706027809596876
8675,-0.015053335179290972,0.76054103185290745
8676,-0.01354412647346011,0.76956404009416268
8677,-0.013424723829494627,0.76082153097120209
8678,-0.015330199109646168,0.76496820741742733
8679,-0.016978792648540318,0.75307716631229782
8680,-0.014297614261855909,0.75906516809061297
8681,-0.014302843847767845,0.75519219736136689
8682,-0.013665509311529706,0.74994612560349083
8683,-0.014622965459497077,0.76077558231367715
8684,-0.015900267818277365,0.76024384497490627
8685,-0.013505111232407292,0.75853872170280279
8686,-0.012988260347810438,0.76082578976453163
8687,-0.016135184388450602,0.76648932883563203
8688,-0.015615990990285827,0.75317129147642692
8689,-0.013756475362092917,0.76041376272209427
8690,-0.014285107523553008,0.76376084115131693
8691,-0.017305028300567397,0.76251596792908105
8692,-0.013980943066623033,0.75768180346998304
8693,-0.01286948366571704,0.76267904141962684
8694,-0.015202696423129517,0.76188929616322631
8695,-0.014783255331025242,0.76007461472971272
8696,-0.015392136886507776,0.7655877500271665
8697,-0.015080706000828377,0.76158937427725271
8698,-0.01732878177319053,0.76259013608726223
8699,-0.01359408395499276,0.75563925576850499
8700,-0.016441997575179702,0.760341870908401
8701,-0.013083291295913917,0.75279525248742851
8702,-0.01571081527506531,0.75911441423909021
8703,-0.013779435179586606,0.75867901533500892
8704,-0.015259463689782269,0.7598451319326156
8705,-0.015119284555854125,0.75311954107776147
8706,-0.016655884192317161,0.758138162225236
8707,-0.015605628154515796,0.7573280987387393
8708,-0.014394896462898618,0.76213072106474655
8709,-0.015103019836017747,0.766978334328836
8710,-0.015111871128235066,0.75935434214823438
8711,-0.014605654409021571,0.7639384493376008
8712,-0.015683440040052288,0.75524276769508125
8713,-0.016021569436394219,0.76244276190420546
8714,-0.015053830500390476,0.75896913860055548
8715,-0.015280063403181509,0.76361139229520947
8716,-0.014493690146558045,0.75822071977301675
8717,-0.015059454589338052,0.76132998511716599
8718,-0.016412490622161567,0.76218886456155088
8719,-0.015595071795930341,0.76053534176997539
8720,-0.016845035422241438,0.75825254224060046
8721,-0.014426194300205331,0.75664114311317077
8722,-0.013834723965707068,0.75617985858761216
8723,-0.013643760118571432,0.76215283976441361
8724,-0.016875817675132052,0.75670723985470778
8725,-0.015329048274325666,0.76439577904487011
8726,-0.014786020364875819,0.75350309649949065
8727,-0.015243464377480555,0.75793966036298466
8728,-0.015600530850685669,0.75797721460006695
8729,-0.016188153303258106,0.76008454319863583
8730,-0.016823626530079037,0.75896628703113223
8731,-0.015594598978431806,0.76080893879047684
8732,-0.013180052159680423,0.75712627816654487
8733,-0.015107796439168814,0.76182907877163275
8734,-0.016200034365283368,0.75863025065520717
8735,-0.016245971454735206,0.75852867747814157
8736,-0.014482147068082872,0.75894600462449691
8737,-0.013496519457083586,0.76226413204625521
8738,-0.013637365526053335,0.76189210914221361
8739,-0.015954106629270132,0.76177606246253349
8740,-0.01348952126743159,0.75579701635730889
8741,-0.014907473824035462,0.75657125004415793
8742,-0.013824375261063096,0.76122158225782188
8743,-0.01509183755212468,0.75890324900562833
8744,-0.016845134747915262,0.75851818106725044
8745,-0.013378801387257035,0.75287359305445745
8746,-0.014071762869681276,0.75102596955773604
8747,-0.013093956609149431,0.76244059158720845
8748,-0.013362284992838975,0.75562510391954152
8749,-0.013557949332674329,0.76076325447187898
8750,-0.015675230148724854,0.76307566045408959
8751,-0.015583657895836213,0.76595786698920154
8752,-0.017076399106770921,0.76347810588053033
8753,-0.016443047751782493,0.75717120698339302
8754,-0.014251937570759134,0.76312625692545044
8755,-0.015851924915184251,0.75967062412093789
8756,-0.01635955487117588,0.76205450707684708
8757,-0.015040929688014839,0.75663603079184172
8758,-0.012350057391742169,0.75603638203770351
8759,-0.015916382787745938,0.75792694467670285
8760,-0.015640616358052858,0.75057870857710174
8761,-0.014891405067227994,0.76154990445223414
8762,-0.012009572794987249,0.7587872390983712
8763,-0.015743891625108763,0.75649605383455787
8764,-0.015409924344277945,0.75393625754738258
8765,-0.013296978050946448,0.75633554126152869
8766,-0.017608484967115139,0.75972493074673852
8767,-0.016494012120315045,0.75776075106875651
8768,-0.016245181413113138,0.76336995996928514
8769,-0.014686086019474879,0.75748774638808025
8770,-0.015113091813929565,0.7603364604781353
8771,-0.016376792751496654,0.75928664870130946
8772,-0.01464922184549686,0.7611158863934443
8773,-0.014428982333936509,0.75989718661294847
8774,-0.015412126670109712,0.75590509049957411
8775,-0.015303632986182213,0.76205811950943958
8776,-0.014952995194631792,0.7618076771213883
8777,-0.015488713975997541,0.76384757889624533
8778,-0.013725234053053157,0.76401291850013942
8779,-0.016759073741565857,0.76511361625868191
8780,-0.015742989236381601,0.75582127689797229
8781,-0.014424072719647792,0.76148666733704551
8782,-0.014452348798619471,0.76208154967671948
8783,-0.013935202768150448,0.76499870616797583
8784,-0.014743885220645741,0.76089011941033191
8785,-0.016266637235721519,0.75708415021028419
8786,-0.014401038504765028,0.7543022687200458
8787,-0.012757044435637965,0.75133037382629742
8788,-0.016664013184684204,0.76134351302800685
8789,-0.015850566629520439,0.75776527890336132
8790,-0.0160292970042306,0.75409909133540531
8791,-0.014811653262904699,0.75665365302550625
8792,-0.017525739559983142,0.76167250491378857
8793,-0.015741121173761991,0.76224382723203088
8794,-0.016725361979771397,0.75818786910799352
8795,-0.015950872874726886,0.75516047244604045
8796,-0.012147285763804432,0.75977204122035147
8797,-0.015117153353953883,0.76321715064601281
8798,-0.013542221727549797,0.75907541333393946
8799,-0.013057752438747891,0.76048262089453822
8800,-0.015143910433892922,0.75573267480589967
8801,-0.017490018020679718,0.76249423009549044
8802,-0.015737343784131851,0.76224870728003369
8803,-0.012795065006278954,0.76147219387821574
8804,-0.01343671248486843,0.75532786858671597
8805,-0.01283810038714726,0.75877398986791578
8806,-0.015633693358833051,0.75451346076206205
8807,-0.013365418815365768,0.75738376669685581
8808,-0.014108000888025366,0.76314561208726484
8809,-0.016926458075941082,0.75353521548053726
8810,-0.012783228499464182,0.75907011346513353
8811,-0.015139103932003729,0.76167690361320095
8812,-0.014929248483444377,0.7577305087613152
8813,-0.015578882555609267,0.76163885612373772
8814,-0.014862038413481287,0.75547293209168098
8815,-0.016712847530230938,0.76051719063042955
8816,-0.016467998750942431,0.75969877647086881
8817,-0.017778369367321079,0.76352169314817619
8818,-0.012141472339288967,0.75952116884517784
8819,-0.014947044912155099,0.75916234429742113
8820,-0.015768024836172852,0.76526189821372603
8821,-0.012962970619845089,0.7577908155217763
8822,-0.014912623524262397,0.75605232672404954
8823,-0.017458152294576118,0.75794903858248563
8824,-0.01521109228708298,0.75778335909552186
8825,-0.015648471123176209,0.76220138906934931
8826,-0.014967008267203725,0.75618150252060823
8827,-0.016489948444147952,0.75383076179393937
8828,-0.014631054261853819,0.75756614052663607
8829,-0.013388536817294612,0.75923192837122389
8830,-0.013445749297815382,0.76236806240882204
8831,-0.016969883937587638,0.75660142385674234
8832,-0.014331330766780904,0.76021145982298866
8833,-0.014617329341725894,0.75592825020412313
8834,-0.015795527559162744,0.76166736449029049
8835,-0.015560458881222658,0.75901028241647794
8836,-0.016629388335459398,0.76161290809384541
8837,-0.015948358403893102,0.76259196796597184
8838,-0.014666256538438409,0.76222561299866198
8839,-0.01692944460875458,0.75789135648289596
8840,-0.012141584249242072,0.75630052000388515
8841,-0.014263641199093,0.75487577680098772
8842,-0.014147134869154492,0.76033427493502603
8843,-0.014588280806355838,0.76306320490344937
8844,-0.014890377756848882,0.75296554616931399
8845,-0.014556279780771678,0.75965306658052578
8846,-0.015224656628812779,0.76075117580730922
8847,-0.015926475554747837,0.76213669282247298
8848,-0.016875807499894965,0.75427213502368384
8849,-0.016845550321520922,0.75395206666128844
8850,-0.015587972370488794,0.76068398987908725
8851,-0.015973816284641305,0.75943054039261593
8852,-0.016688353469885717,0.76057798596820758
8853,-0.014651795071685705,0.75822022281715562
8854,-0.013671924507849823,0.76089762375980419
8855,-0.018061821663438123,0.75975548011509153
8856,-0.014195242263248623,0.76067139145648788
8857,-0.017613423315304272,0.76284598053227859
8858,-0.015208320604213356,0.76248132324884377
8859,-0.012756718000797005,0.76108057044291066
8860,-0.016208767575995934,0.75264506609837523
8861,-0.016017649536042667,0.75973255273571072
8862,-0.014422715465730368,0.76142588198853145
8863,-0.015348057385006164,0.75999115898173597
8864,-0.016834377043128561,0.75416593591258552
8865,-0.014627258271212694,0.76228234890153057
8866,-0.014572528153080815,0.75746549572414146
8867,-0.015762420625288008,0.76159539000966281
8868,-0.013379932086869044,0.75702124315991026
8869,-0.016744230692535934,0.7589115195509466
8870,-0.011545765864088311,0.75880021531389397
8871,-0.017340689956699719,0.75848744465708307
8872,-0.013636250708788725,0.7584400861883791
8873,-0.014181391375048357,0.76008359836291339
8874,-0.016119586873183715,0.75587427286678754
8875,-0.013558843628695607,0.76022925388502149
8876,-0.016947087373428388,0.76133755492398281
8877,-0.013644455846215681,0.76075756472360634
8878,-0.014768792770545778,0.75369496674300496
8879,-0.012238298838205128,0.76339481313495272
8880,-0.016226939393923293,0.76085449305410602
8881,-0.014733291037319679,0.76321224070517502
8882,-0.01441854365319512,0.75646167406897313
8883,-0.016799481699340299,0.75600243650718135
8884,-0.015330175182617927,0.75828191411717283
8885,-0.014765408934574793,0.76088424459656645
8886,-0.013464886550239332,0.76157743058953209
8887,-0.014351660412295589,0.75316656287539174
8888,-0.012703660636014693,0.76063609385348574
8889,-0.012899315661973856,0.7560405557727341
8890,-0.017077127523875829,0.76244908730599714
8891,-0.016106101602712964,0.76238658293588457
8892,-0.015660341049956145,0.75863651694554113
8893,-0.015536280123642682,0.75810223440853264
8894,-0.016913079666113596,0.75959004425038212
8895,-0.014621607290792907,0.76055943840884244
8896,-0.013470213956791941,0.75380036861284239
8897,-0.013646267749977752,0.76579557691210076
8898,-0.016621804280889392,0.7569899544196822
8899,-0.016592601322551914,0.76009307983932417
8900,-0.014211106660535211,0.7551688106794755
8901,-0.015804766511607456,0.76192483863757832
8902,-0.015516206685860521,0.76518853486162952
8903,-0.015845022187158241,0.76198924421987191
8904,-0.016046171893768033,0.76252887167666961
8905,-0.015761949831277572,0.76118289458259014
8906,-0.016080325127679797,0.75553859732131234
8907,-0.015336319063793685,0.75624232957607973
8908,-0.013171009180750981,0.7612712452494903
8909,-0.015714286295470746,0.75135703317518454
8910,-0.015483718690519411,0.76163840038619079
8911,-0.015092687781239077,0.75989730444816728
8912,-0.015298876698586197,0.76572547577329664
8913,-0.014103241324620822,0.75951973576649034
8914,-0.014594278677688272,0.75798990176026437
8915,-0.017171441759913822,0.76108276078363335
8916,-0.01195781952868832,0.76362401001848246
8917,-0.015043986108733365,0.75890506261007196
8918,-0.01619544383769974,0.7619714245093584
8919,-0.013271703829621711,0.7547169772177692
8920,-0.012013901220301305,0.76015137006846811
8921,-0.01470174411317998,0.75981285725040038
8922,-0.014332975458249507,0.76316140935216936
8923,-0.015705680542339284,0.76367096595815909
8924,-0.015920193515550022,0.75846341526104422
8925,-0.017205478882384374,0.76203703670480416
8926,-0.0146510216711005,0.75528495869674184
8927,-0.018425713167021629,0.75886553911743926
8928,-0.015646658130371104,0.7636447010487657
8929,-0.015158777671720424,0.75097042383072499
8930,-0.013883976211498195,0.75874524467123339
8931,-0.016028493038496773,0.7597074898566748
8932,-0.013976183769078247,0.76100765293698935
8933,-0.012935026961517798,0.75525070652532345
8934,-0.011793719125194885,0.76340308095916898
8935,-0.013719028234254289,0.75960942529401521
8936,-0.015852951553814186,0.76091520140066504
8937,-0.014868856578504855,0.75906380379095051
8938,-0.015912652569877804,0.75767348328490813
8939,-0.014609369023676577,0.75718905575219997
8940,-0.016857219058768368,0.76076422416099299
8941,-0.012766453912020258,0.75889625067347044
8942,-0.013785495330379564,0.75767078632983098
8943,-0.013761988427568466,0.76294159867178224
8944,-0.015248448465891381,0.7567967784344003
8945,-0.017302709694828049,0.75826742792354396
8946,-0.015120266430099567,0.75926178340923156
8947,-0.015893304357301068,0.76743679912272755
8948,-0.017132061089378502,0.76336910778652456
8949,-0.015505935206506213,0.76150878484438822
8950,-0.013635128386292356,0.7590336865024494
8951,-0.015882096480112608,0.76019673638559648
8952,-0.015518608848910867,0.76303432514152014
8953,-0.013186692092299796,0.75972461314799067
8954,-0.012477190845984375,0.75336975940614492
8955,-0.016880418823141716,0.75589373553523287
8956,-0.013810067813043071,0.76752038919101984
8957,-0.017862732150041839,0.76458198750508299
8958,-0.015357251541804255,0.7618485519944328
8959,-0.015757808866240654,0.76400476337023271
8960,-0.014481644841916656,0.75854930608893212
8961,-0.012602471275740349,0.76322438920073743
8962,-0.016196287144301304,0.76409758102010517
8963,-0.016873294901133554,0.7678850281898234
8964,-0.014261177202848014,0.75374074704913896
8965,-0.012732720875917732,0.75818773796064043
8966,-0.013995047316456686,0.75680428939752542
8967,-0.012838287307226503,0.7584895620305655
8968,-0.016700483864138062,0.75604949153900869
8969,-0.014436422816896905,0.76113235678723645
8970,-0.015980747054983771,0.76622811037833682
8971,-0.017189642275833604,0.75823314256828966
8972,-0.011820116092065651,0.75971885497789804
8973,-0.016026907082270683,0.763232442354839
8974,-0.016510408985001265,0.76387616172348216
8975,-0.01462869259587671,0.76063117996304652
8976,-0.017594771369766882,0.76252729658418017
8977,-0.016502278400571516,0.76113853079195193
8978,-0.015565286144449315,0.75763759031280098
8979,-0.016413116143554934,0.76169582472907948
8980,-0.014827454079960084,0.76190655478437153
8981,-0.015354842973587765,0.7618465677909072
8982,-0.015209748493774277,0.76041619582017395
8983,-0.014303380411286776,0.75938367721245459
8984,-0.015395822660517216,0.75793650113592648
8985,-0.015429690310734056,0.76086926779278063
8986,-0.013224260817832881,0.75666262662575978
8987,-0.014151444060450942,0.75923117446136834
8988,-0.014983712400679002,0.75564484143102562
8989,-0.016427694011599506,0.75878914415161658
8990,-0.015275288720131992,0.76720954106274608
8991,-0.01556456016825467,0.75762590364478499
8992,-0.013215659660819275,0.75741085995337498
8993,-0.015602047997755835,0.76154664616912238
8994,-0.015145296358113807,0.76008756495694973
8995,-0.013237428156422038,0.75749604323560127
8996,-0.015268922490798607,0.75728987665581649
8997,-0.016327167590444884,0.76139683172339645
8998,-0.016060537903494286,0.75638338317263898
8999,-0.01551757993608527,0.75896598089116951
9000,-0.015476043703851068,0.76039663040035366
9001,-0.014837636852836808,0.76571031648469401
9002,-0.01653310392869918,0.7569399124738454
9003,-0.015726120358102516,0.75912396484348899
9004,-0.016079546858821056,0.76223816200779304
9005,-0.015600395683228071,0.75997346531656418
9006,-0.015196628468627446,0.76216242603668727
9007,-0.016379413769367475,0.75536060169661201
9008,-0.013803791503414448,0.75836720122152446
9009,-0.016295506306175461,0.75971171091533329
9010,-0.016838965008461132,0.76172929917855703
9011,-0.0154996438053078,0.76136382905117972
9012,-0.014863658523073696,0.75633053082878154
9013,-0.014110927005174644,0.76098684962590535
9014,-0.016049543417546733,0.76599864490841996
9015,-0.014870476834665147,0.76485107471676828
9016,-0.014742744471998939,0.76011285156089925
9017,-0.014118236214115155,0.75891020654444086
9018,-0.016742418324983098,0.76437846825042433
9019,-0.014892489372383359,0.75490865718159028
9020,-0.014781571915998404,0.76046501905485675
9021,-0.014035567027410831,0.76106514161285566
9022,-0.015179914300047141,0.75995537318793849
9023,-0.014410499737049789,0.75873738600305451
9024,-0.015926019046843074,0.76078359653873451
9025,-0.013650239625590473,0.75596606100351871
9026,-0.013754200090025712,0.76266459215139304
9027,-0.017148888544694339,0.75924617499418323
9028,-0.015203777309958,0.75607745632169221
9029,-0.014971769578080508,0.75699887084188289
9030,-0.015734867863751924,0.76068591607215441
9031,-0.016641076139179194,0.76057339229123377
9032,-0.015465902442568192,0.75897339158124399
9033,-0.014566295402586582,0.76271116356147295
9034,-0.015397003416129547,0.76350921213409306
9035,-0.012732720875917732,0.75818773796064043
9036,-0.016239613691842583,0.75492898255645746
9037,-0.014280879262942778,0.76405264081833379
9038,-0.014345057075583298,0.76231550322898323
9039,-0.014104538974888916,0.75638744074220932
9040,-0.01517638441999921,0.75898352365336341
9041,-0.013519585555813854,0.76469194474296664
9042,-0.01512879905833066,0.75033703462225654
9043,-0.015548188246148632,0.76569162036711846
9044,-0.015168425931883618,0.75454843089445178
9045,-0.015918096010074843,0.76246089057862299
9046,-0.014686016832560532,0.76024763434468012
9047,-0.014025773940379273,0.75850401780494114
9048,-0.015315927627558847,0.76404281510944583
9049,-0.015463806674263824,0.76214843948290278
9050,-0.017093765177162677,0.7581188258789866
9051,-0.016173842207781074,0.75473419507333883
9052,-0.014764570772757311,0.75818005045791936
9053,-0.013406440913499844,0.75539110940464438
9054,-0.015124045229845442,0.75994774917501007
9055,-0.014679697794079797,0.75392001950487442
9056,-0.017590773391462994,0.76107751022645631
9057,-0.015642264916930767,0.7593083658317501
9058,-0.014667146396748107,0.76143866204072252
9059,-0.016183514510453349,0.76348050233029918
9060,-0.015971835603187826,0.76106081655496904
9061,-0.015370077081650944,0.76161424207140727
9062,-0.017092806645369281,0.75799165173910421
9063,-0.01233008010578757,0.75631709863758911
9064,-0.016988033741792512,0.76540075863037316
9065,-0.01333638592270388,0.75848715774562814
9066,-0.01517667710615251,0.76381962688294613
9067,-0.015264181593125006,0.75766424611287986
9068,-0.016299016017215149,0.75920289771786487
9069,-0.015484092495602775,0.76521023356468543
9070,-0.014159687468193375,0.75372154957124893
9071,-0.015650214258825682,0.76104480509009054
9072,-0.013166109440316811,0.75920640510739046
9073,-0.015547137236794649,0.76285478544394902
9074,-0.016310736492545157,0.75756557843742667
9075,-0.014154051436635973,0.76113064016042398
9076,-0.014971405702247094,0.76200061610170733
9077,-0.015235655062554938,0.75708860463500971
9078,-0.014738848228812997,0.75842246633192578
9079,-0.015643809121281334,0.75817862804586456
9080,-0.014089750891415242,0.75828420676820429
9081,-0.014346345055030223,0.75723186020271027
9082,-0.015613200073457329,0.76077654889495672
9083,-0.012982753928304327,0.75802594069897056
9084,-0.014765697434780888,0.75720051860456727
9085,-0.014256359951905972,0.75979433884028613
9086,-0.014750086865312442,0.76094241873103952
9087,-0.015409924344277945,0.75393625754738258
9088,-0.014575633805853583,0.76346237449864318
9089,-0.013281315747471259,0.75605851480264574
9090,-0.015587817053283453,0.7601309652302306
9091,-0.016165259657366156,0.76217156090930371
9092,-0.013511866949226571,0.75961222200062939
9093,-0.014520451259898932,0.75291569346579112
9094,-0.016206455472565613,0.7552030706854127
9095,-0.016343816642963645,0.75669449542591449
9096,-0.015543605440578813,0.76308725919661147
9097,-0.014536370935221591,0.7571442740284382
9098,-0.015987714227226488,0.76244564792616687
9099,-0.015756083472524895,0.76199251338916918
9100,-0.014365778383647783,0.75972717528641331
9101,-0.015797583674862975,0.76039262969002941
9102,-0.012716484111703067,0.75807239998307452
9103,-0.018027172828567944,0.76099052062498063
9104,-0.014873351299728853,0.75550528925472438
9105,-0.016900061336120865,0.75279736335496039
9106,-0.012837640810200885,0.75368962627814595
9107,-0.016338446535371611,0.76094923039155027
9108,-0.01603598920511088,0.75924524261667792
9109,-0.01326991256403616,0.76183136849136013
9110,-0.015295319259915133,0.75676708597180498
9111,-0.016617546711550774,0.75950435969461283
9112,-0.015930981234076581,0.76185839358511998
9113,-0.014799782401144525,0.75923935038519685
9114,-0.019212180264778271,0.76132329646622687
9115,-0.013644894574551449,0.75872254103673209
9116,-0.016230319602527851,0.76360637315957314
9117,-0.017370740459675738,0.76338646788291875
9118,-0.014669419676454371,0.76410387812394187
9119,-0.015194628693561689,0.76279662793446679
9120,-0.016244033765418275,0.75863248407194062
9121,-0.017547547888844814,0.76261885976629251
9122,-0.015457681104814202,0.75832423258487158
9123,-0.015333550961585878,0.75937371686937494
9124,-0.015744611448480092,0.75959467060509211
9125,-0.014286924948269625,0.75433518509297293
9126,-0.013883780442640326,0.76151418674938631
9127,-0.016472813667366536,0.76877730305331105
9128,-0.013881107385667588,0.76134588610669807
9129,-0.013596510780081976,0.75896565517720904
9130,-0.015383935255947266,0.75759584470544283
9131,-0.013507806663367216,0.76340572546585628
9132,-0.014880184354246049,0.75701866775110238
9133,-0.014499454287855127,0.76203683159356328
9134,-0.015165032852808357,0.758594329350187
9135,-0.014572824751383098,0.7558353758282923
9136,-0.013815952494885772,0.76246484414703874
9137,-0.016011827520427589,0.76198224331344577
9138,-0.013645168659686874,0.76062512022141038
9139,-0.017082602540594058,0.76086966945385703
9140,-0.013886906786288601,0.76217077725629279
9141,-0.014361444785177216,0.76564443114429903
9142,-0.013097127434735784,0.75587556463122507
9143,-0.015205180776617058,0.76412095273396352
9144,-0.01782977328194018,0.75962184896522278
9145,-0.014062478794356157,0.75942171826801974
9146,-0.014289530952489339,0.76318029813798161
9147,-0.01377869671671585,0.75714223156283844
9148,-0.013531501047367939,0.76278731552628343
9149,-0.015529702998063043,0.76097803906675909
9150,-0.013908578578077885,0.7554616274860313
9151,-0.015988910254102137,0.75648277103287154
9152,-0.014835360067445288,0.76663677484011206
9153,-0.015730827586576866,0.75615376843291771
9154,-0.015172757105543293,0.75936109493716775
9155,-0.016143314156723473,0.76347843482424804
9156,-0.013895418509688123,0.76040003128856992
9157,-0.016767868909944559,0.75886151056852869
9158,-0.014245413864040954,0.75367588486435866
9159,-0.013467548883347322,0.75747975453201943
9160,-0.015214589026267775,0.7611719710620336
9161,-0.015107184974334871,0.76195403126811445
9162,-0.015013811058074379,0.7560811154412288
9163,-0.013612520146795535,0.75621030580526971
9164,-0.015580783047759488,0.76151276028692994
9165,-0.014929382992249021,0.75670217883210877
9166,-0.014840560449002152,0.76132639844901506
9167,-0.014227189025227424,0.763279095150589
9168,-0.014645016848474227,0.75613339978210925
9169,-0.0129795330011828,0.76548319970844525
9170,-0.015801979113069489,0.76118642778199697
9171,-0.0178747791051629,0.76178921891586626
9172,-0.01521472231112803,0.75105461087162506
9173,-0.015621205284678922,0.75879730233684806
9174,-0.014486934314455342,0.75567702016296368
9175,-0.014703737195867494,0.76112254145969072
9176,-0.016821671551161248,0.7553337363140421
9177,-0.014920653074143914,0.76347648921903977
9178,-0.015356111714311702,0.76208513473772221
9179,-0.01363380070139787,0.76287525630962105
9180,-0.016323355931561489,0.76125639713805715
9181,-0.016861378981643027,0.7628966920045005
9182,-0.013369718014074912,0.7579291739905577
9183,-0.017572426349676991,0.76376131571899775
9184,-0.014631630134283995,0.76343597614349301
9185,-0.016402118792383413,0.76340906291022514
9186,-0.014932705272695513,0.7599580069666203
9187,-0.015094602625839473,0.75743482621932845
9188,-0.013519592892596953,0.76022295104215032
9189,-0.014175603245401633,0.75563588046112384
9190,-0.011097944135937687,0.75393150844059775
9191,-0.017156496937805892,0.76308314215846096
9192,-0.010456047008310132,0.75703507065704367
9193,-0.014566248067383544,0.76205740377861464
9194,-0.015561467325951166,0.76080738004682669
9195,-0.016072099069620739,0.75939076430662589
9196,-0.014931698216214682,0.75750499848220876
9197,-0.013640427600197581,0.76590295846039658
9198,-0.016612916996724653,0.75767283689292597
9199,-0.015531618439797803,0.75955958730245643
9200,-0.01283192707873548,0.75059251650087988
9201,-0.01335073701711465,0.75890006280377409
9202,-0.014576879613047346,0.76191676602303937
9203,-0.015892393338571641,0.76452860938503564
9204,-0.014673537709702946,0.76028616281038286
9205,-0.016235158992111517,0.76687741256710962
9206,-0.01348996951351472,0.75832675696921215
9207,-0.014795318491725353,0.7520998777993676
9208,-0.01575965460736305,0.75835380085549586
9209,-0.013853602889584045,0.76411905144173642
9210,-0.016890754993359409,0.76167686630572895
9211,-0.016039834109874748,0.75894869480463956
9212,-0.015349857929076401,0.75888009284348967
9213,-0.014835308866018677,0.75711961219821167
9214,-0.016210610921073454,0.76026538085254391
9215,-0.016588108138614596,0.75837705768555508
9216,-0.015546386971456569,0.76046383050866795
9217,-0.011741587855521467,0.75794481631774335
9218,-0.01670836603711193,0.75763676795023505
9219,-0.014979818293081018,0.76178615807125394
9220,-0.014209689312622991,0.76034901960621215
9221,-0.017408645725440541,0.75897558426776601
9222,-0.018343325025899727,0.75769416248551336
9223,-0.014202390563317412,0.75279587618176846
9224,-0.015880652595782349,0.76394449975040057
9225,-0.014196818177023519,0.76582766240494915
9226,-0.017183803811497748,0.75351492140382192
9227,-0.014135137445201871,0.76203591905735013
9228,-0.014515273826810629,0.76295014934066352
9229,-0.018087891871700769,0.76374352990835259
9230,-0.016317653552463809,0.7549810676362233
9231,-0.014985800545005359,0.75714287853069862
9232,-0.01539481870768185,0.76025669270445662
9233,-0.01503274768069833,0.76178253868896262
9234,-0.014925639581171216,0.75945003961901458
9235,-0.014059808748723942,0.76006590111909045
9236,-0.013799015583786859,0.76057386582248621
9237,-0.013954675628737329,0.75908441041380281
9238,-0.016496388537574524,0.76114110895385934
9239,-0.0164866533255877,0.76115506214800033
9240,-0.014110337583170781,0.75556393450522907
9241,-0.013894256753533785,0.75958144907638392
9242,-0.015094083869732261,0.76100514637614158
9243,-0.014153936132644465,0.75873165099964823
9244,-0.013681332484397622,0.75794992720147081
9245,-0.015875146694151621,0.7546055024408147
9246,-0.014943446489206006,0.75384610488302106
9247,-0.015278269063117716,0.7641818166904929
9248,-0.017144487890285581,0.75823493672704412
9249,-0.015392807469247659,0.76327679251748082
9250,-0.016535554121814431,0.75841098987818201
9251,-0.015176997761623186,0.76022043368720371
9252,-0.014593368412674231,0.74871119534469954
9253,-0.014777912411827201,0.76488596746355275
9254,-0.015075882192751112,0.75905709915133579
9255,-0.016408826916605564,0.75522905088197057
9256,-0.017287648925748418,0.75900943536204679
9257,-0.0160251936202245,0.7507085231091799
9258,-0.013674601396386181,0.75909564782516448
9259,-0.013255284781906481,0.75607604312111887
9260,-0.01598664167548166,0.75830865429756744
9261,-0.013482374016425684,0.75866308453634124
9262,-0.016873057036260235,0.76547715800799243
9263,-0.015498614316449178,0.76339579146641989
9264,-0.014841967367189934,0.75887870016275649
9265,-0.016558605075439645,0.76140957380365193
9266,-0.017080274660544455,0.76180915441044295
9267,-0.013903331495756632,0.76119778266166427
9268,-0.016542877902622061,0.75623386042689456
9269,-0.011816219780976273,0.76287490728137075
9270,-0.017924560287654684,0.76383301029797279
9271,-0.015255238201304739,0.76136937405566152
9272,-0.015349142318521077,0.75874618812854255
9273,-0.016369285851262988,0.76262042912479988
9274,-0.014674254484255298,0.75725690916331412
9275,-0.015908205613655097,0.76184940969658999
9276,-0.015233417478363294,0.76361811604996133
9277,-0.014770001869650518,0.75848251783663445
9278,-0.014330864704849693,0.76221699686541033
9279,-0.015086956195865763,0.76473800390752888
9280,-0.013566496394374201,0.75876794711218654
9281,-0.015862124466708684,0.76076022169949453
9282,-0.015193003865369084,0.76304034353339945
9283,-0.015144836520814222,0.75773854118107509
9284,-0.01554224520482299,0.76309242973090163
9285,-0.01670562570219198,0.75952615829674708
9286,-0.016497007926179297,0.75873147702814181
9287,-0.016797322023925684,0.76033329669863514
9288,-0.01471116386868861,0.75899337022617497
9289,-0.014047534143385769,0.75609290382935057
9290,-0.014509265495330171,0.75738362682587101
9291,-0.017117538586029449,0.76386830106541725
9292,-0.015672794039519024,0.75916798118932838
9293,-0.014019514970941423,0.75944020837878323
9294,-0.016541487117650581,0.76030981151109378
9295,-0.015851102954461391,0.76018202127574419
9296,-0.012664560185957671,0.76083335825805531
9297,-0.016553560247807235,0.75677319304797808
9298,-0.015922912906954221,0.756833483505713
9299,-0.012839728947833362,0.7645904206019698
9300,-0.017072095916412192,0.76188392705095564
9301,-0.014276879800268628,0.75940142552904655
9302,-0.014770001869650518,0.75848251783663445
9303,-0.016558241338914849,0.76090343998276244
9304,-0.01456031501542265,0.76175457231844212
9305,-0.015629494665410974,0.76508524552325363
9306,-0.015673898693502622,0.76025272191954074
9307,-0.017660042922825768,0.76228326900265331
9308,-0.013317751756254695,0.76512819898754048
9309,-0.014510795653431479,0.75895383492859414
9310,-0.012829911726611427,0.75497366866831284
9311,-0.013000784484185198,0.75499366659309197
9312,-0.015975819383066261,0.75877859092956124
9313,-0.013836194416353255,0.7538691240133123
9314,-0.015958581502876965,0.75277958123581867
9315,-0.013933638665893039,0.75345189211408459
9316,-0.015815812020695173,0.75673002232795383
9317,-0.013792789361594544,0.75741466949261183
9318,-0.013111882617642788,0.76557306712752693
9319,-0.011595636940367478,0.76257824187977763
9320,-0.014372338261550063,0.76020359379612501
9321,-0.014672246714419399,0.75108402165001398
9322,-0.015827264993884101,0.75059297279375004
9323,-0.017016693795712058,0.76251041946255171
9324,-0.01606538044378282,0.75890257570918662
9325,-0.014166022799074069,0.75624442425664695
9326,-0.016817236925395433,0.76037115906358954
9327,-0.014442895903721442,0.75480273324462077
9328,-0.015112657907316075,0.76447428561344266
9329,-0.01639591235993141,0.75520763152584303
9330,-0.012712430971301349,0.75916023921536846
9331,-0.01404525264895257,0.76270206032242505
9332,-0.015984140191186422,0.7555897360976761
9333,-0.01414069717882056,0.75839798988845819
9334,-0.015683189188053327,0.7541626771716049
9335,-0.012473443587948071,0.76209998021188519
9336,-0.016211867017940446,0.76033323132808917
9337,-0.014700117085168165,0.75671094228385483
9338,-0.014606694669042892,0.76287760804721017
9339,-0.015168307588356821,0.75237703658949806
9340,-0.014839073577730528,0.74628853112284188
9341,-0.014303969923912547,0.76053369656385039
9342,-0.016406622813750653,0.75758031349448718
9343,-0.014959680090090778,0.75343677487922334
9344,-0.015257716233020887,0.76183558744818147
9345,-0.01708169313397816,0.75013611545509484
9346,-0.01395273616644886,0.75588557390064604
9347,-0.016170126525214004,0.75860337281993473
9348,-0.015346121368981747,0.75754292508068233
9349,-0.016025522212635153,0.76089404631402879
9350,-0.015245674984387341,0.75900522730291731
9351,-0.016135622498875533,0.75995897915069466
9352,-0.014180732165289469,0.75593344694931741
9353,-0.016365193801881742,0.76254681455217777
9354,-0.014440208666723086,0.75919597995577903
9355,-0.014762779306902597,0.76195194510876529
9356,-0.015998516011370416,0.75372365288942544
9357,-0.015975819383066261,0.75877859092956124
9358,-0.015579479606579977,0.760258328406615
9359,-0.015318071615488905,0.75795761353617341
9360,-0.013118682667914008,0.74858952546518975
9361,-0.013717366873683388,0.76526770596409588
9362,-0.015271216505801991,0.75787668725264334
9363,-0.016430571082958274,0.75768135065365616
9364,-0.013874891142403518,0.75519942284304897
9365,-0.014233341314684561,0.75964489353366071
9366,-0.015993089917732441,0.75834683685043514
9367,-0.015567797898543069,0.76083007176766504
9368,-0.015274831023417581,0.75772321809054788
9369,-0.017149788969104504,0.75915902505134158
9370,-0.01467062084527385,0.76212419868394266
9371,-0.013847236495466783,0.76056394102444935
9372,-0.014135115328586375,0.75532734055476702
9373,-0.015072084740525833,0.75504931964010358
9374,-0.01462815552388062,0.75586360830568644
9375,-0.015241699421860863,0.75847466773557337
9376,-0.015985619432780637,0.75374070136494686
9377,-0.014011011333213403,0.75745242719389561
9378,-0.014621945342070276,0.75553988370854175
9379,-0.015921563890787166,0.76063605732384965
9380,-0.012815918012498626,0.7616663350097953
9381,-0.015380382573374263,0.76293570667839805
9382,-0.013476178495850795,0.75461720735462579
9383,-0.014459029710521569,0.75928763882540662
9384,-0.014267735042835978,0.75603677206329323
9385,-0.014834332542084763,0.76233871658956576
9386,-0.012514607251357213,0.75583204256639303
9387,-0.016966900364340013,0.75989558180260564
9388,-0.014881718860513374,0.75501774380826203
9389,-0.017773436338137286,0.760133380009957
9390,-0.01592445460197893,0.75926094061793314
9391,-0.014541553598718249,0.75592383036393529
9392,-0.017712905040338969,0.75938731625054878
9393,-0.013944987418954603,0.76280066520489298
9394,-0.012399054154000853,0.75075229361661111
9395,-0.015372222725291703,0.75979695885050635
9396,-0.01368750521074351,0.76261400670256962
9397,-0.016515533349627125,0.76466325203618379
9398,-0.016954707738827499,0.76154083404074091
9399,-0.01514920295551566,0.76042762442727629
9400,-0.014441932089923545,0.7589416234914893
9401,-0.014543424618902739,0.76193196864525725
9402,-0.013193621554502318,0.75611834333984929
9403,-0.014008746061710257,0.75778328530742622
9404,-0.015703542628835748,0.75674114979864593
9405,-0.015159299180420164,0.75771058763799326
9406,-0.01503560390382686,0.76084387707608414
9407,-0.015479163363250727,0.76041517610672915
9408,-0.013224092172985749,0.75991862848666802
9409,-0.01565921385772023,0.76367680557985618
9410,-0.013564012293458464,0.75247562757444109
9411,-0.015468617687993864,0.75536911259352324
9412,-0.014553279628604978,0.76086410818974737
9413,-0.018457760418418713,0.76292356833690644
9414,-0.016751979095934053,0.76065794681620991
9415,-0.012032099047974252,0.7543425792575108
9416,-0.014270431518041759,0.75769091291814528
9417,-0.014960884033664058,0.75402130025320346
9418,-0.01317721137435653,0.7558035128941144
9419,-0.014337968952230429,0.75891586564108415
9420,-0.013693777297701246,0.7564330683925129
9421,-0.017001412462093232,0.75908384244134564
9422,-0.015602409623958272,0.75705032259484351
9423,-0.013785935215619768,0.76524752570240595
9424,-0.01362040070479832,0.75923985518142056
9425,-0.012280832979383425,0.76094674840621923
9426,-0.015462073691923404,0.75175778526879611
9427,-0.016263027005387731,0.7617127133497833
9428,-0.016288428721486177,0.76034147105159533
9429,-0.015635103612362585,0.7566898648575151
9430,-0.014721382434845299,0.76037707736159188
9431,-0.014711566580648757,0.76153798378033144
9432,-0.017155241492644198,0.7593523201718454
9433,-0.014189782695237059,0.75825421222544198
9434,-0.015658691403060341,0.75667656012178441
9435,-0.016751658839109493,0.76020253014780681
9436,-0.01353879691689552,0.76322154703457867
9437,-0.012604510760221435,0.75774040086278216
9438,-0.016703196767719621,0.76147025840520377
9439,-0.014536370935221591,0.7571442740284382
9440,-0.014297119205752756,0.750948464861805
9441,-0.015968401312672562,0.7547424601429219
9442,-0.014572444304349652,0.75984229518124669
9443,-0.014431548248678492,0.7554279865373984
9444,-0.016619171998205069,0.7559933130693306
9445,-0.016628337143528748,0.757078424389378
9446,-0.017478380223383619,0.76556209859160007
9447,-0.016092648724826179,0.76434982429836573
9448,-0.013966531692988664,0.7554789178462874
9449,-0.013235826851346584,0.75722155570521488
9450,-0.01582110955851336,0.76320676219879102
9451,-0.015690709188717421,0.75071758908390307
9452,-0.014142687361935418,0.76182678988037611
9453,-0.014931046855018362,0.76187327179675557
9454,-0.014979792799986544,0.75723164476814009
9455,-0.015351913147202842,0.75660605852498941
9456,-0.014805576965311011,0.76459801523191329
9457,-0.015537028660587577,0.75641129396079176
9458,-0.014913412293351616,0.75838231984314397
9459,-0.014984109738159106,0.76175932399009028
9460,-0.01570397579006403,0.75921910139390869
9461,-0.014801528040597003,0.75965543568046345
9462,-0.01348023732652057,0.75375283437400953
9463,-0.013918588533536088,0.75653547261878318
9464,-0.015529549407717334,0.75845027867779313
9465,-0.016053150756258239,0.75374456147565105
9466,-0.014161275912124115,0.75080418336303367
9467,-0.014783100729280631,0.74957583176657727
9468,-0.013734727072178239,0.75479951884252328
9469,-0.015502437980288613,0.75751750082575642
9470,-0.016512160494070331,0.76465857479741839
9471,-0.015902667197963186,0.75870290000492591
9472,-0.014808256855990435,0.7642906568179455
9473,-0.012774491105038418,0.76219521269766244
9474,-0.018095796030544405,0.76255181439047026
9475,-0.012507721969931792,0.75393431038636183
9476,-0.017435337951002418,0.75455631938055634
9477,-0.016531114882313319,0.76215491578765249
9478,-0.017310735668902164,0.76327838644050261
9479,-0.014252649100636504,0.76124644203929148
9480,-0.013688135998915149,0.76250147101604659
9481,-0.014620010265264561,0.75885473993128583
9482,-0.013720628958120887,0.75635889818041269
9483,-0.016075145898186125,0.76103465156089545
9484,-0.014087918280690153,0.76040545389420178
9485,-0.015927988347075324,0.76247994722798396
9486,-0.014975747057100702,0.76119848920957478
9487,-0.017483868583691567,0.75658696522281388
9488,-0.016502338252288765,0.76242988938088274
9489,-0.015322278290715054,0.76095966606203724
9490,-0.013827700409492515,0.76035550678319797
9491,-0.016040009509908498,0.7634990253566587
9492,-0.01598113368688326,0.7645125215787717
9493,-0.01323638712300737,0.76392715935398836
9494,-0.01387432958845603,0.76065138552173228
9495,-0.016347617683510951,0.76263260351245243
9496,-0.013796436570520092,0.76204154949049241
9497,-0.015203245606066377,0.75421296164481988
9498,-0.015939918421691009,0.75903656845944045
9499,-0.018288309163983558,0.76069410813020588
9500,-0.014196484217562167,0.75934696974003568
9501,-0.015891061852946312,0.75742038716015625
9502,-0.013799323002788598,0.75894448811199144
9503,-0.015344465869493147,0.75931331347952247
9504,-0.012031192122654353,0.75314247260137956
9505,-0.015494547690129203,0.75732568551096824
9506,-0.01564266689094836,0.75943741878103199
9507,-0.014907444719693084,0.76290742006331447
9508,-0.013803553941822262,0.76205154808355879
9509,-0.013829060732999757,0.75729864063332675
9510,-0.013054890497460019,0.75653343719598543
9511,-0.014342316538481139,0.75663471927556636
9512,-0.016108030974317095,0.75752498160946424
9513,-0.017319120079063929,0.76308095417988342
9514,-0.016871247916779145,0.75743681423900411
9515,-0.015223501358196761,0.76059950526695563
9516,-0.016143624138283012,0.76118671711288999
9517,-0.01668883970480323,0.75714648519692618
9518,-0.015501407172226337,0.75570203578085737
9519,-0.016696954313604608,0.75713862816211486
9520,-0.015051045585675502,0.76150558798177326
9521,-0.01490006443782883,0.7593656079144524
9522,-0.015729858076536384,0.76112521249430953
9523,-0.01447858829410608,0.76455322237234369
9524,-0.014493578783883049,0.75606541106546721
9525,-0.017138420343632468,0.75817095375245647
9526,-0.014105468400863354,0.76053335274595579
9527,-0.017416119410108219,0.75733781228980712
9528,-0.014814500471946362,0.75691498424205494
9529,-0.013766827681810643,0.76139222697398534
9530,-0.013469115623958187,0.75715550260599851
9531,-0.015064667352790906,0.76214559304039597
9532,-0.014634013179649623,0.76196631247591784
9533,-0.01473675466779948,0.76006233313621951
9534,-0.013819211003990844,0.76462790399060199
9535,-0.016047091401074916,0.75986634554673793
9536,-0.016114377988291254,0.76342729471618453
9537,-0.015567028936510192,0.76194065652268117
9538,-0.016168528095535758,0.75472430634309429
9539,-0.01598646345973511,0.76279351330636536
9540,-0.015057676438863818,0.75794810312603522
9541,-0.015301749517421331,0.75975007937473482
9542,-0.016041465026550378,0.76301223694728926
9543,-0.015100305807830198,0.76670077433074013
9544,-0.013768710419353842,0.75555887877704564
9545,-0.015463998268092876,0.76034219976365658
9546,-0.014805079783298935,0.75996301269670519
9547,-0.014159460755615864,0.75858199727312758
9548,-0.014159396902565072,0.75625811697089573
9549,-0.013456796459492007,0.75806304144284886
9550,-0.015992334955458071,0.7619826436136331
9551,-0.013747974355165647,0.75995333593722703
9552,-0.016020933903524121,0.75573201131332424
9553,-0.015264931044842259,0.75813003164003168
9554,-0.013657483843187915,0.75172952945520555
9555,-0.011575154083973372,0.75890038311317587
9556,-0.015378639330186232,0.75424014474513112
9557,-0.014490722236969428,0.76490605041642512
9558,-0.01570460376000575,0.7582998829537857
9559,-0.014715701155412654,0.75680918606455905
9560,-0.015418417594867137,0.75582917297566254
9561,-0.013278224735075289,0.75415033422856914
9562,-0.016096638914535048,0.75411334054095858
9563,-0.014664033301140675,0.75330456630001785
9564,-0.013814650325335135,0.75853279170874999
9565,-0.013906142708315153,0.76334994492774499
9566,-0.017019155826541121,0.7591136977085825
9567,-0.01487530648408851,0.76192201713735219
9568,-0.014330841864007659,0.76359931252111435
9569,-0.014308065321311495,0.75972269491754063
9570,-0.012462418491026191,0.75451636002203604
9571,-0.014634560816153171,0.76395954991239556
9572,-0.016630745020492877,0.76074205192635702
9573,-0.013242117473391525,0.75989618251981306
9574,-0.013990190769506923,0.76022793035533953
9575,-0.016292019016367953,0.75624556565554979
9576,-0.015349990060198247,0.75835535297354162
9577,-0.016303771041019179,0.75903907977534102
9578,-0.01392033518642281,0.75597554599039563
9579,-0.013807950972917506,0.74989225647335245
9580,-0.014697731534092406,0.76091494860057163
9581,-0.015028161451423503,0.75996397983269026
9582,-0.012930966323719182,0.76400323467539111
9583,-0.01465459623463709,0.76200197806161141
9584,-0.014424825885976284,0.75804066807041559
9585,-0.014708217359035141,0.76026812470668248
9586,-0.013857815922490661,0.75733148581123944
9587,-0.01601219655250638,0.75282981530835502
9588,-0.012345783228139048,0.75520811924415787
9589,-0.014310598203601742,0.76208025908458343
9590,-0.014920376890236533,0.75784773964214536
9591,-0.016142188275380796,0.76447688813146675
9592,-0.015394125306694963,0.7646696856097096
9593,-0.014148437478693227,0.75467738055561584
9594,-0.015357452008178044,0.76218194347870249
9595,-0.013062335994383834,0.75507935870417098
9596,-0.013345682441295349,0.76197614016598603
9597,-0.017817888314214349,0.75440402475032187
9598,-0.015408768535658675,0.76055569121893218
9599,-0.01539756128301816,0.7576027414331975
9600,-0.016051766982623162,0.75731202525678309
9601,-0.015651987139365331,0.75449544514807865
9602,-0.013809335133381695,0.76441913825054775
9603,-0.016647671458056117,0.75848399909647268
9604,-0.014427538152575055,0.76292546665908412
9605,-0.015720349667797229,0.75797140213353831
9606,-0.016717555411816819,0.75683306409455109
9607,-0.014896112866550721,0.75548919578234219
9608,-0.012558340757842353,0.75905212589920279
9609,-0.013925652571464546,0.75680468051749694
9610,-0.016127742824791673,0.75977093592872103
9611,-0.015434019611594216,0.75993638051708534
9612,-0.014617228056695273,0.75841391089718146
9613,-0.015243417307500283,0.76055534100728006
9614,-0.015631276743884644,0.75294643036790843
9615,-0.016327744552340137,0.76117988119749469
9616,-0.01625773590809719,0.76009327472394106
9617,-0.0156041312150835,0.75873393635370023
9618,-0.014960104998228797,0.75666995378379309
9619,-0.014993869911944051,0.75918920021761371
9620,-0.016897080354881681,0.76032923279884779
9621,-0.015494297808123943,0.76216411775704151
9622,-0.014842917726680251,0.76281306192625953
9623,-0.016449094439547146,0.76319407392354455
9624,-0.01676708973544809,0.75885171224469539
9625,-0.014589790846180516,0.75912672188549413
9626,-0.014634574659660178,0.76314142229595172
9627,-0.016077162196890642,0.76045929529172585
9628,-0.013924977882402073,0.76381689854773416
9629,-0.013482036883857499,0.75351814535126627
9630,-0.015651566859818548,0.76530589520701098
9631,-0.014563649109987951,0.76047805828029325
9632,-0.014108077880904995,0.76200377527932139
9633,-0.012636896131196127,0.7568194295255366
9634,-0.015996787422905692,0.75419731998762773
9635,-0.012606483975740069,0.75835056334793183
9636,-0.013643981173835284,0.76194671953943083
9637,-0.016672681434844919,0.76620063229138635
9638,-0.017398196483107493,0.75752042067722436
9639,-0.016801808266499976,0.76249263010580015
9640,-0.014688452186304475,0.75217453970451598
9641,-0.014736398604119075,0.76164848009883246
9642,-0.017332854979282046,0.7541880365738175
9643,-0.016003793016321349,0.76225706745036326
9644,-0.013981834667546244,0.76138647045578101
9645,-0.016850997234618033,0.7560895936833395
9646,-0.015980679905870571,0.75877030944497437
9647,-0.014940038935856947,0.75798973646615497
9648,-0.014341222730673096,0.76103386078186641
9649,-0.016549833827028973,0.75930998030946406
9650,-0.015733864286083518,0.75723007221669303
9651,-0.017173247662137393,0.7630639391511399
9652,-0.016658860813176884,0.75897768796649767
9653,-0.016378837050205045,0.75453865088277605
9654,-0.014231092954601315,0.76320208787448318
9655,-0.017484827623048718,0.75872460796996788
9656,-0.016083070055731348,0.76157255249582168
9657,-0.014504041590059207,0.76439762871303285
9658,-0.014708113142162946,0.75896131660114929
9659,-0.015624632655376417,0.75606999479498616
9660,-0.016453825365503421,0.76212886346993935
9661,-0.01579083882461637,0.76066616282474975
9662,-0.012719571383673996,0.75177817520252666
9663,-0.014227621688615081,0.76357650646047959
9664,-0.016471454015104789,0.76159989770078573
9665,-0.01517146094501602,0.7627353439237532
9666,-0.014191862616285911,0.76419204016837561
9667,-0.015902667197963186,0.75870290000492591
9668,-0.016441009615572669,0.76039545467905512
9669,-0.013177860940921318,0.75882469000012909
9670,-0.014568571805704814,0.76307920143540797
9671,-0.014012986470895234,0.76111451281015907
9672,-0.016701077225729444,0.76228394069730709
9673,-0.014810647474848058,0.76543656003566152
9674,-0.014957781397602425,0.75979741313026239
9675,-0.014618307980211331,0.75726481137179835
9676,-0.015033007884203588,0.75787858866503244
9677,-0.015429690310734056,0.76086926779278063
9678,-0.015039411668328827,0.7542754726539932
9679,-0.012991407789593908,0.76125064793877928
9680,-0.013558548012302616,0.75961300995654368
9681,-0.014404755887469072,0.7522874855360675
9682,-0.016400878745683082,0.75839516419704289
9683,-0.015733198035432442,0.75708530728599943
9684,-0.014315027013569322,0.75455022704993691
9685,-0.016168295225071148,0.76627650834826533
9686,-0.015883136525411682,0.75816098945246724
9687,-0.014660155890682713,0.76229942734618816
9688,-0.014112424498361762,0.75813217146529677
9689,-0.014709183870381158,0.76287062425237473
9690,-0.015909961850594484,0.75916328494233054
9691,-0.017606981562680007,0.76032336190656236
9692,-0.015524364558215971,0.75791338704423328
9693,-0.016596576600601369,0.75990882944032434
9694,-0.015136844803437209,0.76494885780139077
9695,-0.017008435141513796,0.76077403007662625
9696,-0.018817835766564792,0.76030417654995097
9697,-0.014541907520629845,0.7579127305552964
9698,-0.014885078272660819,0.75870243435501117
9699,-0.015866042545589487,0.76064554166226794
9700,-0.014399224880336214,0.76168708315009981
9701,-0.014888063491514957,0.76015682258465822
9702,-0.016355439655765202,0.76201876902235777
9703,-0.016451320918203682,0.7603975592880724
9704,-0.016008778718117997,0.7609579535238904
9705,-0.015596440489266183,0.76138440525216167
9706,-0.013465238971874495,0.75571758179770521
9707,-0.016523557277158197,0.76004319063045711
9708,-0.015954551055622837,0.76367044684269625
9709,-0.015178914453518355,0.76401897012178766
9710,-0.013409616625614525,0.75953714049292265
9711,-0.015264286674116414,0.76054823640508906
9712,-0.015604614351478099,0.76524256083229181
9713,-0.014203970799491849,0.75648777426811131
9714,-0.015738803654774144,0.75332056367147815
9715,-0.01565280180142771,0.75832363249580537
9716,-0.01605562760933673,0.76649060581841333
9717,-0.015737619947067419,0.76323649920331338
9718,-0.015543053117448717,0.76340661082096306
9719,-0.015810561473834611,0.75775278210220964
9720,-0.014287099608825043,0.76432632358015584
9721,-0.01441644132872192,0.75450210452039401
9722,-0.01463126989681468,0.76052285502258909
9723,-0.015054105355200338,0.76528220688401005
9724,-0.014151782700487409,0.75900933004935744
9725,-0.015555124888902538,0.75593944831456694
9726,-0.015978786146426761,0.75931065587233737
9727,-0.01666900466738969,0.75150860693606591
9728,-0.016303088799624652,0.76160583787102776
9729,-0.014255642686059406,0.76092614775852385
9730,-0.014716831280577925,0.76672943068285093
9731,-0.015568834766069612,0.75938288610164484
9732,-0.015662319296773447,0.75800714082778353
9733,-0.015568794074177156,0.76553729032324147
9734,-0.012457357870270145,0.76126972330647125
9735,-0.015470035227582916,0.75849043333084476
9736,-0.014707005221271493,0.75328396707567069
9737,-0.014131537187676096,0.75781721407852598
9738,-0.017426937619162405,0.75956810124260388
9739,-0.014206157006745141,0.76141452594879167
9740,-0.016262949427939856,0.75997588897427404
9741,-0.014739788633864317,0.75333070427455806
9742,-0.014985241774934471,0.76005392997436605
9743,-0.013458683093392624,0.76196819914027925
9744,-0.017458000431632734,0.76269435446768186
9745,-0.012826863544623372,0.75759707125069886
9746,-0.016144779470363337,0.76075799444911341
9747,-0.015420704300532006,0.76075498481878068
9748,-0.013121902577567171,0.75234755334905634
9749,-0.013727846964292764,0.76001377088569977
9750,-0.01480732582198882,0.75281932842413279
9751,-0.015713292791232347,0.76356594972164804
9752,-0.013082170934110127,0.76128054998370809
9753,-0.014519261485202736,0.75971657753131128
9754,-0.015061127376423636,0.75951723202471766
9755,-0.016614076748563938,0.762791232417947
9756,-0.0138668959415334,0.75875460256546101
9757,-0.013477604332684117,0.7537921039194827
9758,-0.013654386156472263,0.76533512672427439
9759,-0.016339037475245496,0.75819410542088561
9760,-0.015730860788204494,0.76197885286675271
9761,-0.01612066356298527,0.76040756067991488
9762,-0.015695033558143102,0.75456229448565149
9763,-0.014305112480982837,0.76125286044563112
9764,-0.014330685491308389,0.75920467898941357
9765,-0.016588152336654904,0.75457836698213687
9766,-0.017693815267624938,0.75905528986951287
9767,-0.014399230320619521,0.75846905793519626
9768,-0.015320764015348711,0.7525936875123842
9769,-0.015499314729803022,0.76385621497159117
9770,-0.014478868149901314,0.75857985048218179
9771,-0.015238488613109934,0.76196196853073805
9772,-0.014080332280564567,0.75803306299838036
9773,-0.015342554895784399,0.76465861753243958
9774,-0.015707671810812888,0.76602098690726517
9775,-0.015792065241305001,0.75308560345276487
9776,-0.01560615433886711,0.76108668574832805
9777,-0.016303701676132001,0.75699207680188474
9778,-0.016753242285027677,0.76240548139915443
9779,-0.01489343239145745,0.76041120598833589
9780,-0.016410508345837425,0.75737920655906754
9781,-0.016252809513430097,0.76170743501556826
9782,-0.015481791959793836,0.76086573651106348
9783,-0.015942683084725035,0.75618518294807902
9784,-0.015027067006008539,0.75634384774941055
9785,-0.012225567010278921,0.75957139942160823
9786,-0.014566890881701404,0.75633868100484325
9787,-0.016889668285834977,0.75868908533959323
9788,-0.014764657533637428,0.75738821511620869
9789,-0.015972804058452059,0.75720692842698478
9790,-0.014885368362377553,0.75612150766402575
9791,-0.016890356315083295,0.75649441446787991
9792,-0.014698473534410264,0.7599807153532091
9793,-0.014907316718720724,0.75715709913614038
9794,-0.01490571411849575,0.76115577367842202
9795,-0.01537516196959615,0.76235337349977894
9796,-0.014473464069113064,0.76294725331394475
9797,-0.016499656518228781,0.76289060610875736
9798,-0.014443585519347201,0.76080046689096803
9799,-0.015177250002647916,0.75943519574251117
9800,-0.015139778483967678,0.76604284961069091
9801,-0.016463253397428618,0.75851398655258995
9802,-0.014897294550477107,0.75964202830092709
9803,-0.015900675619503962,0.75888485252730076
9804,-0.01744911563486317,0.76207368633435124
9805,-0.011217144584130274,0.75695073492403697
9806,-0.015468607794634093,0.75170476642157447
9807,-0.01468625411027184,0.76303303746821571
9808,-0.01696327080193951,0.75834176808159548
9809,-0.01434555556934038,0.75937480832656779
9810,-0.014799363646437545,0.76107811056308561
9811,-0.013902265749148962,0.75417222160889086
9812,-0.013725614586793085,0.75229863749786452
9813,-0.015524649071505714,0.75432757893145286
9814,-0.013815341683546176,0.76028666610148832
9815,-0.014283061792869959,0.7611440549364813
9816,-0.016824891069573404,0.76233015270119886
9817,-0.017117723158031981,0.75830824292615617
9818,-0.012981969443629242,0.75359894276463302
9819,-0.015932653404532607,0.75692149010656617
9820,-0.015055608488128454,0.76096343737678496
9821,-0.016012031404497473,0.75648734801383888
9822,-0.016849782632834921,0.76042983686051258
9823,-0.016408885873903996,0.75428981418491703
9824,-0.013193152897088925,0.76095963558291568
9825,-0.015799251433884158,0.76003324045480225
9826,-0.015632495487557671,0.75663988779864322
9827,-0.015016367128038294,0.76304134286323833
9828,-0.016661798568730159,0.75643924094795989
9829,-0.014988078441093445,0.75873619459689245
9830,-0.013505258033047033,0.75007168853132011
9831,-0.01551417954191419,0.75983743672692039
9832,-0.016067651240414545,0.7583536490716466
9833,-0.015098310774800158,0.76128478682586465
9834,-0.016423981826654589,0.75602388980227953
9835,-0.016185136143646577,0.75859072468794242
9836,-0.014351515371673963,0.75837690901518851
9837,-0.015891135220518993,0.75212829262111802
9838,-0.013936955036368834,0.75971541126316378
9839,-0.015748029810803726,0.75924365174752306
9840,-0.015383801243747693,0.75994417628982225
9841,-0.014916051460541554,0.75948954501278065
9842,-0.017314426735068521,0.75875200038880952
9843,-0.014316726906485345,0.76181954251159489
9844,-0.017603332693650602,0.75577731958228744
9845,-0.01448367999915913,0.75456300203397542
9846,-0.01425555368683796,0.76003629906782488
9847,-0.013363217484682766,0.75769722940438711
9848,-0.013043494226159217,0.75924999482946043
9849,-0.014099537806410482,0.75690433144796265
9850,-0.013601498325451293,0.75188556779933435
9851,-0.014205399651625131,0.76120353261076357
9852,-0.015583657895836213,0.76595786698920154
9853,-0.015215785463033989,0.7631740203843147
9854,-0.014985914288321909,0.75483771666385202
9855,-0.015124629385303503,0.76045295455011341
9856,-0.016344076328688988,0.76271505352324609
9857,-0.014551316588918594,0.76112592489491959
9858,-0.014807594355885677,0.76485569417941368
9859,-0.014683952425807108,0.76086170121421526
9860,-0.015291794278151909,0.75833820804922625
9861,-0.013097435514004047,0.75784817579964114
9862,-0.015147219590273689,0.76537579574103964
9863,-0.015150963405615813,0.75491033524701723
9864,-0.015547463872146004,0.7644950687932851
9865,-0.015500022869632746,0.76290636578865501
9866,-0.01490006443782883,0.7593656079144524
9867,-0.01329970671368037,0.76022697407239448
9868,-0.014024423292553991,0.75807255081946201
9869,-0.015758813662045682,0.75584627780788916
9870,-0.016560596311179402,0.76825957569010517
9871,-0.014093368941250016,0.75527012384336834
9872,-0.014769887629462887,0.75821520443274026
9873,-0.016689437507691821,0.75713778055978431
9874,-0.014103486233266299,0.76139215103151359
9875,-0.014967583198557883,0.75935531832356573
9876,-0.014522356191727334,0.760600958100767
9877,-0.015560261325146695,0.75735825511893473
9878,-0.016309731210192292,0.75908188631066109
9879,-0.014776102198484124,0.76294573433876933
9880,-0.015898940700585312,0.75649009999793337
9881,-0.014883337544578473,0.75497360465373742
9882,-0.012719748244114657,0.76095870514712316
9883,-0.015774033304773342,0.76004691072263075
9884,-0.016417139905735983,0.75601660590422148
9885,-0.018277893852648462,0.75643860737196922
9886,-0.016155807197182667,0.7562727557873381
9887,-0.015963132948084179,0.75958307935712721
9888,-0.015949492646858403,0.76016192911288105
9889,-0.013995540296226894,0.76477683738079738
9890,-0.015181425375392949,0.76063115380161062
9891,-0.015125396439191257,0.76410876904310043
9892,-0.016647464446818867,0.76021791293446916
9893,-0.01387132952816534,0.76200647580868208
9894,-0.013339458741990686,0.76089957567454314
9895,-0.016595749541106021,0.76172546808245856
9896,-0.013714536226577947,0.75630016713298343
9897,-0.015309282264569801,0.75869452120489778
9898,-0.015292907359011657,0.75957215543544787
9899,-0.015914873237201175,0.76078697081350111
9900,-0.014662646565126924,0.75564598687806617
9901,-0.015589598458677172,0.75423547170289629
9902,-0.015981958988718809,0.76278295634917237
9903,-0.016990189786930544,0.75937009297644442
9904,-0.015679812451176424,0.76233295878985896
9905,-0.015422848954705129,0.75711634411456519
9906,-0.016194359697938303,0.76022226802276061
9907,-0.014619850682181763,0.75504970757520484
9908,-0.013107704023258723,0.75484010845087091
9909,-0.016751718526018602,0.75563225955664681
9910,-0.014272386648981471,0.76077470373401801
9911,-0.016266985197056688,0.76370803155838562
9912,-0.013487291690127395,0.76279154518406833
9913,-0.015296292970027882,0.75317807061038688
9914,-0.011938321129652027,0.75923779017671278
9915,-0.015736181716833719,0.75925397286948637
9916,-0.015675230850380674,0.76028384537280413
9917,-0.014589288516530189,0.75983382788456433
9918,-0.014014869477046313,0.75168798044052332
9919,-0.017182270018721912,0.76184504056541369
9920,-0.013292059528512635,0.75579244701678583
9921,-0.012341098692573297,0.75691111325887284
9922,-0.016046813568840988,0.75840856023952063
9923,-0.016314106813600317,0.75956983209801765
9924,-0.016675264098784774,0.75910174822137899
9925,-0.016636081680188489,0.75311142674725262
9926,-0.015374871706328407,0.75692101999299111
9927,-0.014933305446067056,0.75725526529691567
9928,-0.01492201853618025,0.76223530095302594
9929,-0.015291787951672048,0.75990064328594442
9930,-0.013260399506433823,0.75817507732486278
9931,-0.014026252804687486,0.75993387185756034
9932,-0.014774878162134915,0.75752195524549404
9933,-0.015103985369935485,0.76208092140779193
9934,-0.01283893870792535,0.75882335141983093
9935,-0.01656454730993237,0.75921822388200311
9936,-0.014822970628677348,0.76027284588505573
9937,-0.016841318865292165,0.75830640635287572
9938,-0.012187897414711052,0.7549824261948973
9939,-0.016430766789290542,0.7593126716978833
9940,-0.014334341951173779,0.7624340467018289
9941,-0.015366209877012701,0.76634687834838133
9942,-0.013116779441954659,0.7576735898567839
9943,-0.015153092482134981,0.75941395288983626
9944,-0.015784289831577536,0.76291039884337408
9945,-0.016097548151337113,0.76250943478868205
9946,-0.01549508355591759,0.75761874008708119
9947,-0.012870369503640471,0.7508914204313738
9948,-0.015412612365809415,0.763155249268887
9949,-0.018217853607747587,0.76418734614040806
9950,-0.01470113331201252,0.74970423426138078
9951,-0.015406225780895101,0.75836537073438459
9952,-0.010328324099821278,0.76231906885237932
9953,-0.013494830121546271,0.75353302674198031
9954,-0.01702067976829879,0.76027186337325714
9955,-0.012998212850633207,0.76029507475428348
9956,-0.016358511163028458,0.75786744251096272
9957,-0.014497944265598828,0.75675045958066822
9958,-0.015496915020867641,0.76130729463035152
9959,-0.017340454124085587,0.76757901709684118
9960,-0.017330229495386991,0.76071323498537946
9961,-0.015384678696373303,0.76047656582250711
9962,-0.016975106315000113,0.76030321946977819
9963,-0.015194533831520463,0.76244010018473674
9964,-0.016430014275581203,0.76069229834301844
9965,-0.014581118964015385,0.76491758410790478
9966,-0.012734155455338228,0.7583513838229804
9967,-0.014217755113838503,0.75606274519746386
9968,-0.013859729345055447,0.76004104360733327
9969,-0.016934538110959397,0.76491892629437219
9970,-0.015994692183389669,0.75930604043897376
9971,-0.014575827797131818,0.7613284024830369
9972,-0.01484029058782896,0.75592716923408576
9973,-0.014157557352222138,0.75733183474000043
9974,-0.016407605200732325,0.75943643554828932
9975,-0.012829482426120822,0.75877235608168681
9976,-0.015855720163478776,0.75758587344115402
9977,-0.015223944762847944,0.75442108950628817
9978,-0.013760513049950083,0.7558093360564252
9979,-0.012516408330789087,0.7613959982310613
9980,-0.016957082350037504,0.76102174458793437
9981,-0.01549073413535829,0.76004187527394851
9982,-0.017044991620165435,0.76388571936995886
9983,-0.014680509147449672,0.75421185752842534
9984,-0.015468016081889009,0.75914590786101488
9985,-0.013922250539253627,0.7654629139650253
9986,-0.013482509159886767,0.76426703510521787
9987,-0.014896369616783591,0.76423994331159484
9988,-0.015063883883298405,0.75983092575589639
9989,-0.014738102828829777,0.75767496399286338
9990,-0.014611817222532686,0.75888464953635126
9991,-0.015501616563879607,0.75842352567945859
9992,-0.016312646644950496,0.75916746944278168
9993,-0.016224189431243815,0.75866607107745332
9994,-0.016731639604712363,0.75242855393452224
9995,-0.017498936701357781,0.75988495988458471
9996,-0.013763389326905125,0.75668951026632225
9997,-0.014558425742788164,0.76339554426153367
9998,-0.015298424582722805,0.75613005535462008
9999,-0.013667874024113173,0.75166620419937835
10000,-0.015775082678527154,0.76272583903028091
10001,-0.018365166895447843,0.75957953973162706
10002,-0.017839155901743026,0.75608490296128361
10003,-0.015358976833066909,0.75807403296966469
10004,-0.016391586508308166,0.75969741641717403
10005,-0.015042914187028715,0.76195470663458043
10006,-0.014305331059989291,0.76155010766048203
10007,-0.015629697238477912,0.76043784299260553
10008,-0.013724770314882449,0.75639192995094362
10009,-0.01536938167507311,0.76015440949895352
10010,-0.014287099608825043,0.76432632358015584
10011,-0.012345591659697243,0.75903975273327673
10012,-0.016903839033120018,0.75877086054425702
10013,-0.016343986768475472,0.76286056701223637
10014,-0.015246512867196658,0.7641881283126416
10015,-0.016488726341343529,0.75730457971279985
10016,-0.015737449302219306,0.7590963153481709
10017,-0.01612166997934179,0.75850221819523844
10018,-0.014757937491746803,0.75587643944665184
10019,-0.016042123344405336,0.75111628778400596
10020,-0.014338266927139558,0.75649501709826217
10021,-0.015404198382112461,0.76301923249267778
10022,-0.017760259032052771,0.75963290613505696
10023,-0.015783720342621627,0.75761299746390043
10024,-0.015265908449940723,0.76290411137993064
10025,-0.01617253071844614,0.75783309431327595
10026,-0.01459467556955947,0.75766904030720372
10027,-0.014296182576958392,0.76279771958737996
10028,-0.015519705506097128,0.75721368613729911
10029,-0.01490476815541506,0.76228191303272741
10030,-0.012892233271730986,0.76080277817530051
10031,-0.015321475210773606,0.76287668641550288
10032,-0.014434501022419256,0.76010319999623255
10033,-0.013219852813097144,0.76365917513753268
10034,-0.013348670189580584,0.75867186500226858
10035,-0.013592723193180072,0.75421957279256324
10036,-0.015711853906204082,0.76307658347856144
10037,-0.016497502986960025,0.76208602311863505
10038,-0.016278965411501568,0.7600842388416934
10039,-0.015501514010841929,0.76011634945347717
10040,-0.014772663720552894,0.7570729146166133
10041,-0.014652880856277127,0.75606322447010466
10042,-0.015705805172535496,0.7510687960905682
10043,-0.012872143237115455,0.75314090349485074
10044,-0.012334181686086536,0.76142014678450154
10045,-0.014711438731382726,0.75359603856088375
10046,-0.013625842399108653,0.7561961486033929
10047,-0.015014460861729726,0.75600263372457077
10048,-0.012523213795296098,0.75900158474701507
10049,-0.015120502280462769,0.75993408706753429
10050,-0.0161372086398161,0.7596418579512878
10051,-0.013940747669563403,0.75700254084916163
10052,-0.014292717059828715,0.76010558079138224
10053,-0.014522683433074248,0.76361740942798106
10054,-0.016431194091731237,0.75750876444792914
10055,-0.015949539715203687,0.76044543464854752
10056,-0.015941598681793394,0.75913659944566936
10057,-0.015089622135645693,0.75795684191021861
10058,-0.01714917140720203,0.75714227211144913
10059,-0.015963812068863215,0.76452337355559885
10060,-0.013644045894916549,0.76190166931282899
10061,-0.014403745581822138,0.75789451409852615
10062,-0.014451607112352364,0.75707557437696182
10063,-0.015054034150213478,0.76261544628598488
10064,-0.014461275560625455,0.7619960305201684
10065,-0.015279522092452846,0.76353777422838598
10066,-0.016798346669061402,0.76201655286792846
10067,-0.014974537352183249,0.76073808107850405
10068,-0.015789507945424983,0.75817286363510294
10069,-0.015714280514546937,0.75683759918209548
10070,-0.011779023898024491,0.75748617883839342
10071,-0.013931501129063681,0.75632620636591419
10072,-0.01485257728659721,0.75722979742939389
10073,-0.011780496839631624,0.75899607255337698
10074,-0.01320860385642432,0.75347605042866794
10075,-0.018137216598079674,0.75902567408740573
10076,-0.014422795286408736,0.76322048273042165
10077,-0.014040875400740244,0.75522158845053899
10078,-0.015673925998274885,0.76347295646223978
10079,-0.016226939393923293,0.76085449305410602
10080,-0.0142816023794488,0.76069292906036567
10081,-0.013989802411754798,0.76303132222779324
10082,-0.012086704285841418,0.75636343291795227
10083,-0.01516364592648951,0.7561964096976983
10084,-0.016401030989792613,0.758938745424659
10085,-0.016715515396341779,0.75710867427664563
10086,-0.01636287543431416,0.7552054405560471
10087,-0.015190928008370718,0.76281765033527948
10088,-0.017043423195684533,0.75753499527947854
10089,-0.012635443561273343,0.76370264925999254
10090,-0.016227652931173515,0.76143392997223247
10091,-0.015415800341558341,0.75852410680611715
10092,-0.012998661086119315,0.76249456624003553
10093,-0.014432730261786613,0.76073419579917712
10094,-0.017384098939170547,0.75595223782760057
10095,-0.013940373460454378,0.76109685012369332
10096,-0.01505447476141859,0.76061011468144502
10097,-0.015268847238207447,0.75626197340086532
10098,-0.015285824366733492,0.76067064251628835
10099,-0.014671876471203974,0.76421597302498967
10100,-0.015095201299811763,0.75934907473717084
10101,-0.014222703090615909,0.76364497167034862
10102,-0.013831698515321329,0.76011684630026299
10103,-0.016102256380913609,0.75536213907553884
10104,-0.016678666724595361,0.7521207621759417
10105,-0.015643069435002349,0.76157548615816373
10106,-0.015936568543660014,0.75106166129449703
10107,-0.018382870581706966,0.75711694280284159
10108,-0.014851545773576632,0.76156677844225362
10109,-0.017082408254418563,0.761203673485774
10110,-0.017287052603703897,0.76004085378399189
10111,-0.016934501849507851,0.76324156013702849
10112,-0.014890718186263446,0.76004630368353876
10113,-0.017720949751722125,0.75621477711882057
10114,-0.010331766981302412,0.75910500567121164
10115,-0.014459312827580876,0.76028071929834784
10116,-0.014856536823264299,0.76178348593035761
10117,-0.015716819432101209,0.77039201229002119
10118,-0.014216225099617428,0.7612927675741934
10119,-0.014817862221448671,0.76163470948003331
10120,-0.012961546519269751,0.75614172395853851
10121,-0.016171017072713095,0.76010029890626774
10122,-0.016441423339876974,0.76004265322988585
10123,-0.015357293584536573,0.75707027936784199
10124,-0.014717410320273466,0.75902323606179301
10125,-0.01570460376000575,0.7582998829537857
10126,-0.014897475782709439,0.7625031855916603
10127,-0.016464091107518203,0.76175515325791665
10128,-0.016690692966837083,0.75777985021075345
10129,-0.014992694321304475,0.76708897779074303
10130,-0.0137382415753407,0.75456487289425367
10131,-0.016744018817616863,0.75523130690517071
10132,-0.01477911679717841,0.75947263264722842
10133,-0.015164022470124825,0.76023078189451809
10134,-0.017070975343444154,0.75814944390067907
10135,-0.013899267732070196,0.76795961044271122
10136,-0.012803793580360157,0.76255756771570826
10137,-0.014723530289311598,0.75839650186778584
10138,-0.016135011773545149,0.76184951530425349
10139,-0.016798003133303839,0.76199683966477505
10140,-0.014849395169630703,0.76155493630842175
10141,-0.0134445679583574,0.76089387301504596
10142,-0.014076545209222304,0.75953589084623496
10143,-0.016228313337015708,0.76222808963333788
10144,-0.0147206910101511,0.7632712806726959
10145,-0.015727471732519874,0.75395136322175083
10146,-0.015917368352929021,0.75883433193096883
10147,-0.017507711080418847,0.75324646374851401
10148,-0.017034680292023208,0.76095095432574555
10149,-0.017397048789622012,0.75787939007565963
10150,-0.016352890539017818,0.76423514013750937
10151,-0.015564682373098897,0.75815955429830961
10152,-0.01543678841085422,0.7588747239760032
10153,-0.01688180278990184,0.76149552418354149
10154,-0.013494456871610036,0.76272779492569787
10155,-0.017261155621196282,0.76185993621823733
10156,-0.018083696028227195,0.7603684760107472
10157,-0.014842139295728878,0.75599041900333463
10158,-0.016464167868632619,0.75741741165279552
10159,-0.014956027685819089,0.75833375889993648
10160,-0.015671975597068177,0.75773508459718841
10161,-0.015382610290417521,0.75488277225564127
10162,-0.017113065269440883,0.76001780693814214
10163,-0.016613067819948646,0.76163083354302907
10164,-0.014202550916470991,0.7622490441439782
10165,-0.015417218024339754,0.76047668306807314
10166,-0.013830394320418556,0.76116534845301231
10167,-0.016135184388450602,0.76648932883563203
10168,-0.014948778949580181,0.76334987572044322
10169,-0.015654795105701953,0.7633155375668379
10170,-0.014266569383251756,0.75090744874045379
10171,-0.015023229298832525,0.75903620212439049
10172,-0.012772956870431201,0.75561530095038187
10173,-0.012491821542686415,0.75660443320882531
10174,-0.013651183465645079,0.75711218559492099
10175,-0.015667788818696599,0.76069018914388564
10176,-0.016239098341226402,0.76219564025292297
10177,-0.01624222574606609,0.76146837846436954
10178,-0.015028413242716653,0.7619953125140726
10179,-0.014740513663364216,0.7623176701766563
10180,-0.015781187260708651,0.75918720189987021
10181,-0.013423524098381963,0.75965524049385824
10182,-0.017622766712428264,0.76339386920837826
10183,-0.017213704125015793,0.75770637572255706
10184,-0.015292640535820126,0.76161993885424661
10185,-0.014484704621012503,0.75276608612147566
10186,-0.015379641918408774,0.75995030385744977
10187,-0.01474268351842848,0.75891658984393517
10188,-0.015381050606366279,0.75082413020555683
10189,-0.013277238065692139,0.76095212472408424
10190,-0.014960503345666735,0.7589036321919902
10191,-0.013196450640492078,0.75262738755291014
10192,-0.015987349644778302,0.75810813693057666
10193,-0.013050062393878445,0.75252733855992504
10194,-0.017765029256332377,0.76216757823908043
10195,-0.016423477830894925,0.75926264812764677
10196,-0.015225367874901882,0.76135850879853717
10197,-0.014941565059124941,0.75254102348016871
10198,-0.016023050108031848,0.75853422437443929
10199,-0.017153125407483427,0.76032170728779336
10200,-0.015814994681889537,0.75368773714321602
10201,-0.015950494837516267,0.75893494885182655
10202,-0.016506162459352935,0.7603133602112716
10203,-0.015724890936137381,0.7595357028965537
10204,-0.014400369676102923,0.75310468712252976
10205,-0.016308012686365624,0.7562955942955466
10206,-0.015351819941812792,0.75635316264945207
10207,-0.017625350638855935,0.7584145060742874
10208,-0.01436420476646638,0.75937643058563586
10209,-0.01542552124022604,0.75634990472794561
10210,-0.014638858735471718,0.75791046971561737
10211,-0.014078737880252401,0.75842519045951451
10212,-0.015317113869840984,0.76282709130176596
10213,-0.015506346166189941,0.76279797627121149
10214,-0.015317370462272585,0.76480480514052196
10215,-0.013760537783623185,0.76081835935449049
10216,-0.016003601255475126,0.75950257960617173
10217,-0.016599839860124609,0.7587095853796848
10218,-0.016097165578103506,0.75624083873982417
10219,-0.016561104908152068,0.75808402436779609
10220,-0.012757044435637965,0.75133037382629742
10221,-0.014718406440821362,0.76511243866242984
10222,-0.01600521593540119,0.75535623970277332
10223,-0.017439989753744493,0.7635524751396825
10224,-0.0144307481307407,0.7581491316820983
10225,-0.014698790279102775,0.75788267685950406
10226,-0.015960214015875406,0.76059990374063657
10227,-0.015164428049324698,0.7543576304654982
10228,-0.016203487295047315,0.75634224974433784
10229,-0.014898143002628914,0.75933386017898785
10230,-0.012760075807340452,0.75480411419235471
10231,-0.014636951724375857,0.75561092750846925
10232,-0.015504427616459837,0.76022622123292749
10233,-0.016073335936431277,0.76465975051498725
10234,-0.016575016361848452,0.76038922483633875
10235,-0.014944408623774661,0.76490534268941313
10236,-0.015812335809979483,0.76328468656346837
10237,-0.013144706489013802,0.76684145332867482
10238,-0.015398885238867226,0.76005211656643634
10239,-0.016186613033341183,0.76673603638604337
10240,-0.014233492711907601,0.76688923233638961
10241,-0.015830825813970675,0.76086350723533902
10242,-0.015060816835073088,0.75953859749911234
10243,-0.017315248594221132,0.76165015855489326
10244,-0.01534636549660595,0.75431866833071293
10245,-0.011786760739646848,0.76009061276197931
10246,-0.016002374506816977,0.7619751497548205
10247,-0.014873712716093191,0.76031964546750352
10248,-0.011920961557005826,0.76072003913459529
10249,-0.015939085732065837,0.75678386436510958
10250,-0.016463839316486983,0.7557531567150132
10251,-0.015451164635112374,0.7549673950934207
10252,-0.012725940878158478,0.75867103189016161
10253,-0.015366267267275597,0.76173953231861269
10254,-0.013487891608747495,0.74752559876508429
10255,-0.016017577604244972,0.75955962214756723
10256,-0.017059784818774116,0.75863660739546301
10257,-0.013212943503475905,0.75882066674829252
10258,-0.016115018671961485,0.76154135466857931
10259,-0.016923071153468812,0.76070494978733538
10260,-0.01505589987790084,0.75596457257442229
10261,-0.016136197802552689,0.76184804381802285
10262,-0.014783048698412921,0.76021491681505304
10263,-0.014760137901333891,0.75227753075333603
10264,-0.014061490137754283,0.75782094096964392
10265,-0.015582864063575797,0.75683685447079618
10266,-0.014023335752307848,0.75584269903548751
10267,-0.015845341868282292,0.76019216408048451
10268,-0.012678079048029105,0.75662554873844257
10269,-0.013516041612209777,0.76436970182103792
10270,-0.016736498478817332,0.75844572205514316
10271,-0.015658015915795728,0.76014020953912342
10272,-0.015838941193813356,0.75948757216737495
10273,-0.015744788310824185,0.75866375392529084
10274,-0.017699554645087729,0.75939478990817255
10275,-0.016267714513874466,0.75693711962938204
10276,-0.015687502220141113,0.75997757154966183
10277,-0.013635871264428872,0.75399866143386196
10278,-0.014180589348991456,0.76242181452231705
10279,-0.015737156738505946,0.75869345138634436
10280,-0.012893410666711418,0.76199814474811944
10281,-0.014716170447752341,0.75885923997606952
10282,-0.016119261056829527,0.76408416887864539
10283,-0.016526301896493678,0.7631798427335218
10284,-0.015787506355405444,0.76068235656294891
10285,-0.013891994586862352,0.76085288977149657
10286,-0.015575689068613953,0.76527867361137658
10287,-0.015338108567866484,0.75833741963405465
10288,-0.012988459079922984,0.76011804835148233
10289,-0.015682770956713773,0.75308583438546939
10290,-0.014443982352168511,0.76011518597682037
10291,-0.015190928008370718,0.76281765033527948
10292,-0.015278451878872298,0.76088107664944082
10293,-0.015455071506796429,0.75830430514717073
10294,-0.012253458363648141,0.75762194962825002
10295,-0.017635739726846112,0.76568198380196772
10296,-0.015362327969256222,0.75970251326462945
10297,-0.015917726520061265,0.7554439623318101
10298,-0.014010111393743342,0.7573765012137047
10299,-0.012123530779866852,0.75943555164760435
10300,-0.014521152915422577,0.76536019761431295
10301,-0.013301066232252941,0.76132059283130449
10302,-0.01523341104245364,0.75705589212070012
10303,-0.015100208714832119,0.75662966453619152
10304,-0.01411417484397169,0.75667806029142093
10305,-0.015408543411478843,0.75972092646169054
10306,-0.014068199784478047,0.75564784910060168
10307,-0.016919954557917283,0.75974990776277707
10308,-0.014713340841250372,0.75901572937132533
10309,-0.013508012023133419,0.75386452132602599
10310,-0.014763165035957744,0.76359059252491213
10311,-0.013450733485794959,0.76077392786724796
10312,-0.014416907376964088,0.75675158197395953
10313,-0.016260136012864392,0.76381693624814884
10314,-0.016616789662248214,0.76386305804627896
10315,-0.016632779174044571,0.7609991915380756
10316,-0.012978821093233228,0.75552489312166526
10317,-0.016647464446818867,0.76021791293446916
10318,-0.014775358786669465,0.76045628318823144
10319,-0.013921093046549498,0.75761208293281324
10320,-0.013647564684029377,0.75598200895062528
10321,-0.013054278557545972,0.75749259298021854
10322,-0.013779310259012365,0.76228033235789816
10323,-0.016184568727975752,0.75836329022598026
10324,-0.014901834896675459,0.75574920965962489
10325,-0.015215878262141234,0.75226940911344831
10326,-0.015402750505614515,0.76059234992966374
10327,-0.014949055637404415,0.76153895227113233
10328,-0.014341079736320077,0.76116754457428892
10329,-0.014618006750602828,0.75201952562563301
10330,-0.015838881330127813,0.75879246038343828
10331,-0.014926193563641256,0.75876917255260679
10332,-0.017960245201970489,0.76283941904828212
10333,-0.014417011108212828,0.74983018058437378
10334,-0.015705806505994648,0.75412970672685087
10335,-0.018077807424096422,0.76056524838357742
10336,-0.01651690101002927,0.76429552445586657
10337,-0.017812299305114916,0.76171712911460676
10338,-0.016221484878577615,0.75952487709430627
10339,-0.014308460727801002,0.75716727993229649
10340,-0.015814127597478769,0.75883596956105781
10341,-0.016102020848686355,0.76009811762312796
10342,-0.01583482730971305,0.76449685979583537
10343,-0.017622863765814661,0.76137576925825545
10344,-0.016051418859310211,0.76231043297102197
10345,-0.017027956210130153,0.76236647169452632
10346,-0.01525937477621315,0.76416799882481368
10347,-0.016837383816555661,0.76111965734422904
10348,-0.014206148386091081,0.75225852148312844
10349,-0.015533041611206912,0.75811768115528644
10350,-0.016876676688199303,0.76424533335821054
10351,-0.014856369401395474,0.75911918693922709
10352,-0.016475766002207869,0.75924066373561006
10353,-0.014903310343636346,0.76077866342052058
10354,-0.01660043332368704,0.75486197549255662
10355,-0.014529483984480524,0.76198607615726499
10356,-0.015744346238433859,0.75777446787745573
10357,-0.015441892938432402,0.75896889741260942
10358,-0.014076866617813511,0.76321605865725717
10359,-0.015190021848277516,0.7648194166926493
10360,-0.015840905026863618,0.76481249685071739
10361,-0.016632278956744989,0.75678803941706763
10362,-0.015767909446550685,0.76352048149576812
10363,-0.015358969191317257,0.75547831095696683
10364,-0.014475453344255049,0.75618947773960199
10365,-0.013911508825783346,0.75902596520472232
10366,-0.018525458223731778,0.75859325089074636
10367,-0.017119537543354549,0.75806558934253443
10368,-0.016579496337011824,0.75893028494865034
10369,-0.016650277074307506,0.76418320062394995
10370,-0.016725146167780276,0.76415269399801544
10371,-0.01444095935882961,0.75594793583373776
10372,-0.013480983250949968,0.75982667994377318
10373,-0.015823698632070889,0.75675027122636473
10374,-0.017402793651234233,0.75986693439367936
10375,-0.013672901301309924,0.75768783917734295
10376,-0.01398670126523608,0.75711976644245182
10377,-0.011357451836849407,0.76022239995645147
10378,-0.015729858076536384,0.76112521249430953
10379,-0.017325313979764563,0.76087045802814635
10380,-0.015156939464174835,0.7596777022755512
10381,-0.015025948376714022,0.76203118183041596
10382,-0.015234962214249734,0.75706134162151328
10383,-0.014402192797998805,0.75498913138061174
10384,-0.014546967930594417,0.75196266947533441
10385,-0.013867057149657462,0.76383798814188975
10386,-0.014466774968113064,0.76416130371599456
10387,-0.013671329282140182,0.74767186069294223
10388,-0.015251875515381829,0.75794727227153813
10389,-0.014337711047614941,0.75634519090252772
10390,-0.0163726825564369,0.76597728519559161
10391,-0.014175576224306062,0.75676533772001742
10392,-0.01496657077167831,0.76081371089823235
10393,-0.014593646628688606,0.75720720074074077
10394,-0.014858621642205449,0.76079929046413752
10395,-0.014038695628796406,0.7615421014962811
10396,-0.01418121978372348,0.75513245491477932
10397,-0.01612893763290929,0.76325110397203677
10398,-0.016564593858462602,0.75927520247033986
10399,-0.013415944702197237,0.75771523067129676
10400,-0.014841216616117529,0.76083577872092922
10401,-0.013928032337574673,0.7639662064889734
10402,-0.01427259807738707,0.75995411016423298
10403,-0.017380343623056578,0.76335643015794419
10404,-0.015689768413267247,0.75752643660985608
10405,-0.014710301163660571,0.76311320126596105
10406,-0.014014160364825591,0.76072792695233005
10407,-0.015280955121256018,0.7574900018064431
10408,-0.01439185251052315,0.76023564194046822
10409,-0.016212729393134825,0.75781055093412075
10410,-0.014772810302369944,0.761918823393123
10411,-0.016043118342604919,0.75969572280128805
10412,-0.015616411075800326,0.76000583821218537
10413,-0.016340408848592385,0.75983534844082556
10414,-0.015776386973664194,0.76418475080152615
10415,-0.01575966845433634,0.75948515044695453
10416,-0.014990123002196841,0.7583410436193132
10417,-0.017296995113676793,0.76088228094467436
10418,-0.014460787067230784,0.75537617086981668
10419,-0.012865822308700136,0.75829578663546138
10420,-0.013881144758472162,0.75940167003061787
10421,-0.011514501962745607,0.75839571214581258
10422,-0.015720730366129344,0.75549993918123759
10423,-0.017747335587799399,0.76489356799057184
10424,-0.01290467131948515,0.76337371688303324
10425,-0.015477204705867198,0.75337767731965555
10426,-0.013969252186725666,0.76015704291331032
10427,-0.015608423642637426,0.75853008127550603
10428,-0.01775526340796826,0.76245720567336928
10429,-0.012615603332028481,0.75521731600304043
10430,-0.013020533393974567,0.76097933521988792
10431,-0.017952919900979143,0.76038079052787688
10432,-0.013563011366252379,0.75639250783310108
10433,-0.014853866938333663,0.75833567328493123
10434,-0.016780558713279298,0.75917206598866305
10435,-0.014395350135491014,0.76781285164544255
10436,-0.015611761004241775,0.7571035319988243
10437,-0.017286734427705352,0.76078216985643177
10438,-0.014210642444239051,0.75894494821671177
10439,-0.014530880907652591,0.76579161930700446
10440,-0.016102442830569462,0.75879881569755514
10441,-0.014909202118864155,0.76008284526564951
10442,-0.012714330663618191,0.75645952929104776
10443,-0.012549602943077044,0.75555199669335404
10444,-0.014781177620505159,0.76285077964915682
10445,-0.013425175301076007,0.75985193511928484
10446,-0.014302202328985079,0.76053526073677413
10447,-0.014013331942250899,0.75793071269292045
10448,-0.017428492945558812,0.75565808681194102
10449,-0.015666765857777484,0.76267742416412565
10450,-0.015227280009398037,0.75390078169243901
10451,-0.015771815581967656,0.75306174235931023
10452,-0.013182947127397265,0.7622569874841747
10453,-0.014519001635829483,0.75731321193980228
10454,-0.014768130077996846,0.75936945180412585
10455,-0.014998171057117114,0.7612696446688838
10456,-0.017830245715986827,0.75586098354774955
10457,-0.013663367555430244,0.75537868821807586
10458,-0.013997990514052277,0.76513914201567468
10459,-0.016156324353367717,0.75781171213691878
10460,-0.013340617582181002,0.76064461351938206
10461,-0.015494080812964248,0.76075203309555084
10462,-0.016725361979771397,0.75818786910799352
10463,-0.016058394761672035,0.76013908926614027
10464,-0.014254409030745404,0.76250522357596473
10465,-0.014535865520646367,0.75816537229059078
10466,-0.013441081822693893,0.75984913488408112
10467,-0.014965924731357575,0.75635341346929363
10468,-0.015983566900298816,0.76097833457436537
10469,-0.014550924206875496,0.75901932730833432
10470,-0.015705217765619891,0.75325098416369007
10471,-0.014084431646433457,0.7630168841807724
10472,-0.013596320956408853,0.76307234923969214
10473,-0.015252999502550922,0.7569352996813774
10474,-0.015208695994692897,0.75693156569525188
10475,-0.01671484380837801,0.76146884832908868
10476,-0.01326837766994542,0.75608596731863587
10477,-0.015530502270471005,0.75905651372365013
10478,-0.016446271963465289,0.76001585273901817
10479,-0.015871377646675365,0.76199824075486966
10480,-0.012705722788855855,0.75997795831212067
10481,-0.01363380070139787,0.76287525630962105
10482,-0.016263422824568954,0.75617793084213181
10483,-0.015333072953128886,0.76012853658599289
10484,-0.013927354668460469,0.76410553727094921
10485,-0.014664448123396519,0.75346397028033274
10486,-0.014382093289077337,0.75969650720281912
10487,-0.01590080943233323,0.76279137458588575
10488,-0.015567294458461958,0.76100470002411391
10489,-0.015759751694687414,0.7521920832680079
10490,-0.016521278023650544,0.76050184063642989
10491,-0.013765509428500081,0.76080149838988786
10492,-0.016015390512748841,0.75886713750525991
10493,-0.015322561348284212,0.76040980836578742
10494,-0.016175240082567911,0.76000878669422867
10495,-0.015880326624283465,0.76310505934218875
10496,-0.015517699972574402,0.76034195804181359
10497,-0.017419371230725691,0.76083154574175293
10498,-0.015629989156537419,0.75670970336421683
10499,-0.015156100753647586,0.7568835448608574
10500,-0.014089220349296962,0.75972529145605183
10501,-0.015645860789853375,0.76332560647735825
10502,-0.016011332767889498,0.76166492465774283
10503,-0.013080111798916173,0.75425068990076027
10504,-0.015361324860340433,0.76499081274787317
10505,-0.016812520043513163,0.75449567756225833
10506,-0.01498523047584116,0.75644148606857353
10507,-0.015934763461008992,0.75200157627641528
10508,-0.01426107180433364,0.75760622360160579
10509,-0.01413603162272771,0.75996893874540172
10510,-0.014748831460504527,0.75666401441258335
10511,-0.017224503033118562,0.76019552280607405
10512,-0.013209250220688409,0.75508820267070176
10513,-0.015071080472441078,0.75841143809459566
10514,-0.014439153102530881,0.75821598488877162
10515,-0.01333030234845153,0.76309604691115729
10516,-0.016542281898705664,0.75979204926652666
10517,-0.01678991990261192,0.76043387738650425
10518,-0.016444284015092264,0.75872990065864954
10519,-0.015817948776154396,0.75695766035969447
10520,-0.01049366116588819,0.75310999189959749
10521,-0.016855444983140986,0.75874061928825709
10522,-0.017086320141481582,0.76389131913466002
10523,-0.016058184951633706,0.76098360050604075
10524,-0.014867357103263465,0.76017529431997033
10525,-0.015201398798544973,0.76310708982364828
10526,-0.015968408750566456,0.75963006317657422
10527,-0.015846171001949506,0.75395143681197552
10528,-0.012240078333464018,0.76120898523381908
10529,-0.014859587470094967,0.76132195709006689
10530,-0.017059081341138226,0.75813390762689947
10531,-0.014711993025383223,0.7535997698537148
10532,-0.015406362859397501,0.76251441045847534
10533,-0.015744411202614241,0.75573096822155739
10534,-0.016425985411017786,0.76040175059440196
10535,-0.017179706424058597,0.76239637503199909
10536,-0.016173181059878534,0.7564212655640592
10537,-0.01401681906452629,0.76213543880272239
10538,-0.016757203563908481,0.75566369080900508
10539,-0.013685573168881904,0.75599639461651291
10540,-0.018064185223744915,0.76176628099441324
10541,-0.014828141280025256,0.76103392379224166
10542,-0.01615072767647556,0.76135021105780565
10543,-0.017947823298069768,0.7638450917362688
10544,-0.017497054004186184,0.75904986914579298
10545,-0.017347158043252282,0.76243447737928305
10546,-0.013344497605171386,0.764743197949317
10547,-0.012966722371610886,0.75910941644779628
10548,-0.016144488397057177,0.75934978398775455
10549,-0.014938546108587344,0.75419305259806368
10550,-0.012875406306349943,0.75481268690162162
10551,-0.01434578230804508,0.76238223596828314
10552,-0.015267409854072879,0.7554125567413339
10553,-0.015459463862662334,0.75805775755004068
10554,-0.016363860671148006,0.76348125609702566
10555,-0.01349168769470478,0.76077896034607362
10556,-0.016919625737142306,0.76067759149989667
10557,-0.015767107481342482,0.76320116497043944
10558,-0.013614111254254499,0.75813875536274511
10559,-0.014132824976241872,0.75384602314896243
10560,-0.015496152802111361,0.75624772617928049
10561,-0.015217009597451817,0.76088470889839444
10562,-0.015758518762878364,0.76132597661298418
10563,-0.014344807357084733,0.75667286741216477
10564,-0.016044636866066823,0.76301469662212573
10565,-0.016225702422815971,0.75734009785699097
10566,-0.015854524002659971,0.75930940455885521
10567,-0.015893981934268664,0.75991706727232144
10568,-0.014925402679399081,0.75737926326157146
10569,-0.014285107523553008,0.76376084115131693
10570,-0.014993410908260037,0.76135337653027757
10571,-0.013899977707528649,0.75707934243542907
10572,-0.013312048216014845,0.74966309080665938
10573,-0.013636628952588254,0.75791298185332867
10574,-0.014931030475207004,0.75834491908421087
10575,-0.015620077391151599,0.75861796812263038
10576,-0.012911479052524003,0.7483646225213223
10577,-0.014835730150524102,0.75952757423644546
10578,-0.01490990239090991,0.75753872739797734
10579,-0.013798221422524315,0.76682203238428803
10580,-0.015540538517305611,0.75455207344585684
10581,-0.014628308777297637,0.75885139511861999
10582,-0.014423453968227926,0.75310144530423706
10583,-0.015679618287402879,0.75568060255749059
10584,-0.017761719858054734,0.76160532628966726
10585,-0.014944737500819769,0.76042339180071927
10586,-0.013808057749765771,0.76217907623974246
10587,-0.015701387332129856,0.75573946205231679
10588,-0.015411394808278826,0.75691653198505404
10589,-0.013774481048671907,0.76052443332657438
10590,-0.013538099765629452,0.76263068829903069
10591,-0.014434599648351854,0.76430019874414901
10592,-0.015435852284199837,0.75818947493776856
10593,-0.01603494107163296,0.76364715367907066
10594,-0.016000193595681736,0.75923910023966712
10595,-0.017202877972440356,0.76178182174820708
10596,-0.014473682904883605,0.75677385775352712
10597,-0.017084190643892983,0.75517884956509929
10598,-0.015197091003075213,0.75741445698945131
10599,-0.015047691464364346,0.75527713167459054
10600,-0.014963263813206793,0.76714345890200775
10601,-0.013980943066623033,0.75768180346998304
10602,-0.015059833314327907,0.75688104951991764
10603,-0.016906749112358611,0.75810840700912951
10604,-0.016246527348449891,0.75913696219669058
10605,-0.01402191212799677,0.75379381434487613
10606,-0.017050335042724407,0.76489166500332606
10607,-0.015692213458501615,0.76251245252405275
10608,-0.01497529247307444,0.7532524815882351
10609,-0.013938482648489363,0.7584521087591678
10610,-0.01677912697150185,0.75887277790208718
10611,-0.01532086290664599,0.75507840791115077
10612,-0.016460485019937944,0.76082085189530879
10613,-0.014609611592218253,0.75691974776767001
10614,-0.016034840001791111,0.76266980046754562
10615,-0.015192173207567852,0.75646286632290594
10616,-0.01471116386868861,0.75899337022617497
10617,-0.015866796895911597,0.7575387087633787
10618,-0.017876305963437637,0.76000436652292758
10619,-0.014398477458278467,0.76186436275413905
10620,-0.015970322784167951,0.75925555501426389
10621,-0.017832546205079319,0.75697381439671796
10622,-0.014263886979680864,0.75038942577534673
10623,-0.014962970864018307,0.76252985787217742
10624,-0.015768167755624451,0.7593588577692385
10625,-0.013378350979056781,0.75758102748244094
10626,-0.016758364128084936,0.75729422028216864
10627,-0.015434250108700481,0.76308350547020309
10628,-0.014540760647536687,0.75831481618781238
10629,-0.015695413882183096,0.76129564670788197
10630,-0.013794548492729144,0.76061669137566501
10631,-0.016295233011882279,0.75737539433573176
10632,-0.011803145741797794,0.75742196011488061
10633,-0.014741738308966842,0.76074387459771575
10634,-0.014414810798107859,0.75531705929319926
10635,-0.015363172803863791,0.76087108612478582
10636,-0.015294363446126608,0.75560588888437374
10637,-0.017100597534662088,0.76276659607209463
10638,-0.016589436519609466,0.7627211114178456
10639,-0.015427007966629059,0.76468249363353247
10640,-0.014576476314218363,0.7586254498957794
10641,-0.01468391019655689,0.76080457254401523
10642,-0.016035583668005698,0.75902472938724763
10643,-0.014901110299813978,0.76359067105476464
10644,-0.016064996819643518,0.75846821283350985
10645,-0.014777855804039335,0.75823724126685554
10646,-0.014183545227724331,0.75645729122215943
10647,-0.015355835411027504,0.76517873934078984
10648,-0.013192261311449708,0.75716033664303284
10649,-0.014235579059595859,0.75337591524503267
10650,-0.017143309190060362,0.75825059427982899
10651,-0.015707664868359519,0.76580184752727676
10652,-0.01518334633123079,0.76134228091346745
10653,-0.01555912698353786,0.75877969976808335
10654,-0.014958275829856968,0.76205389443752281
10655,-0.013757408103696267,0.76064203681248777
10656,-0.016524639758500732,0.75884008948315418
10657,-0.016255551986166641,0.75919523014877877
10658,-0.016896105034447904,0.75137227088424097
10659,-0.01393425297499465,0.76300635556875218
10660,-0.01695444061732395,0.76067383101535613
10661,-0.01637511027285482,0.76259722152949516
10662,-0.015650884135473615,0.76449437752071558
10663,-0.015849823739830449,0.76144021948862384
10664,-0.014589440299876128,0.76275779403534938
10665,-0.019456973706073806,0.76105276080242401
10666,-0.015583924575933768,0.76213963310373367
10667,-0.017001412462093232,0.75908384244134564
10668,-0.015389505211829161,0.75876562056478591
10669,-0.013698743978677902,0.75382845886692695
10670,-0.016132944129203713,0.76465648176699097
10671,-0.014512364491025833,0.76565129373388496
10672,-0.017755941913897337,0.76715401808509809
10673,-0.017827190827671893,0.76372192258660354
10674,-0.01456911989924208,0.75325885970514583
10675,-0.015003800722083094,0.75946770985711476
10676,-0.015302312639778151,0.76320621274379297
10677,-0.015184648421287307,0.75843035683640148
10678,-0.015286910643525078,0.75520766023622321
10679,-0.013973305841337909,0.75753328434183564
10680,-0.01563766113602871,0.75773103797731911
10681,-0.013064728606398615,0.75420610199958116
10682,-0.012830218604234668,0.75116993219113803
10683,-0.017450406676275121,0.75606193610438388
10684,-0.014055806379603361,0.76258916269854382
10685,-0.016660900028347071,0.75641677169563659
10686,-0.012268232351544809,0.76038590581886389
10687,-0.016045271673869814,0.7567676675454903
10688,-0.017417412742199028,0.76474982046054074
10689,-0.017601365105168479,0.76306393252607896
10690,-0.013015475625783389,0.75217571928713578
10691,-0.016608514552991838,0.76022717182526467
10692,-0.015807361675306563,0.76095969017301246
10693,-0.015930082529519017,0.75863906301814388
10694,-0.015192868590705469,0.76357434008051028
10695,-0.0140897539884971,0.76319908441637552
10696,-0.017438594715377731,0.75793380183537518
10697,-0.015901111710988711,0.75958957598986276
10698,-0.015479790803605658,0.7600187577390487
10699,-0.016338861874678819,0.76044225435608115
10700,-0.018931699664648104,0.76400544037378715
10701,-0.016396089031419751,0.75674604113104704
10702,-0.015395318630928523,0.75816764083569166
10703,-0.015033558961666136,0.76423999945463028
10704,-0.016270398680645309,0.76092659499338366
10705,-0.016401030989792613,0.758938745424659
10706,-0.017468595704062319,0.76209259358180714
10707,-0.014273561652152158,0.76178597667875114
10708,-0.014519133666576471,0.75378902458103159
10709,-0.015865668943790837,0.75952395948359863
10710,-0.015869837691584343,0.75929127417045372
10711,-0.015291213934161298,0.7558601659655565
10712,-0.013472346785897137,0.76150825110074549
10713,-0.017474782936196375,0.76497313044718673
10714,-0.015147677389858012,0.76301758782972895
10715,-0.016907974921308772,0.76308413414698673
10716,-0.014120062239233172,0.7613051133148605
10717,-0.014374671840120375,0.75583453365759401
10718,-0.014716865784977389,0.76235753270917017
10719,-0.016176301708500464,0.75431171635172689
10720,-0.014918081018550695,0.76282270621625536
10721,-0.012523515967006642,0.75756431937123836
10722,-0.016329939500156765,0.7590799972899569
10723,-0.01444251029066408,0.7556278779369876
10724,-0.016110736759192432,0.75991560678084069
10725,-0.016159337973173288,0.76201420206630543
10726,-0.016558134271977332,0.76134712444811936
10727,-0.016179595144021876,0.75862927902244548
10728,-0.016824610121363909,0.75913390035097827
10729,-0.016403714024700436,0.76181118806053794
10730,-0.016411113221861263,0.76345530431900388
10731,-0.015751424344308061,0.75981779875601985
10732,-0.014618380016198369,0.76167102765196237
10733,-0.016845051913036965,0.76180347757099276
10734,-0.016130736079415724,0.75724282573911905
10735,-0.011505487271960534,0.75804516021412838
10736,-0.015996275156044622,0.76460119690913686
10737,-0.013806360768224767,0.75901218552346972
10738,-0.017380970514486893,0.75430283437027812
10739,-0.015823825006100828,0.76080116043030743
10740,-0.015783370186236087,0.75953350760536931
10741,-0.015565309823028766,0.76045761531132283
10742,-0.016298622143897219,0.75738403612611194
10743,-0.015922296504494227,0.76095292352582367
10744,-0.015645894436725417,0.75995461415824073
10745,-0.014487644759400051,0.7612008787003719
10746,-0.016134449912711915,0.75763639603833832
10747,-0.013492678402958355,0.75859154832038178
10748,-0.013757408103696267,0.76064203681248777
10749,-0.014907069608383124,0.76068084760156407
10750,-0.013603066541837832,0.75743727957007334
10751,-0.013844538463029564,0.75826080519851224
10752,-0.015386948991192261,0.76100315502159488
10753,-0.015250895151955244,0.75741783184233358
10754,-0.015926032100653006,0.75520716483605288
10755,-0.015902451592417155,0.75866785449157748
10756,-0.014970760437913592,0.75179438871100557
10757,-0.015339209498231896,0.75937342782799222
10758,-0.015993937816970748,0.75863009725614428
10759,-0.014672379971971598,0.75323018362674321
10760,-0.015422253148655536,0.76330304920858993
10761,-0.015085061147497268,0.75603757893214141
10762,-0.015087518802456436,0.76035793086062764
10763,-0.016767852510058509,0.75278243535264744
10764,-0.017450581069568247,0.76508898772624956
10765,-0.015417005916782975,0.7590060153328807
10766,-0.01555498292312741,0.75598972675177034
10767,-0.014518002590187908,0.75960047613328929
10768,-0.014625837265417312,0.76004547341500972
10769,-0.015732678564283196,0.76096961575858901
10770,-0.0119275358840606,0.7620839068154962
10771,-0.014766649445039614,0.75858735962687063
10772,-0.017020058098712362,0.75759847717471651
10773,-0.013803858334119077,0.76214964487502956
10774,-0.01375610201635287,0.75539572743952654
10775,-0.017489209672908082,0.75977195838581024
10776,-0.015714280514546937,0.75683759918209548
10777,-0.015537766028958181,0.76120047906870347
10778,-0.014345621165777828,0.7590622795381794
10779,-0.014250464904801042,0.76070531773705996
10780,-0.015511759459118849,0.76260481883580744
10781,-0.013962980613766145,0.75688031788306132
10782,-0.013459752662541905,0.75633657763815521
10783,-0.015121932870420711,0.75970239943281226
10784,-0.015032171486064312,0.75879848010136353
10785,-0.011541785174088857,0.7595597450428313
10786,-0.015322278290715054,0.76095966606203724
10787,-0.016252730060052407,0.76267961317968025
10788,-0.014890501037847236,0.76045857228484681
10789,-0.014988473994994951,0.76102171611444636
10790,-0.015023014958340854,0.75532187129130879
10791,-0.016411570707169625,0.76351648598027955
10792,-0.014616932362600669,0.7597297013630524
10793,-0.01536003434739191,0.75365484627209967
10794,-0.014579011222383807,0.76242998533684858
10795,-0.013864589927670361,0.75220330904073829
10796,-0.014409564515230474,0.75586193066920371
10797,-0.016035448024246345,0.75917353585684566
10798,-0.015680403493665111,0.7613562584912742
10799,-0.013443520884563661,0.76207681921563908
10800,-0.013634122390627329,0.75925645421415289
10801,-0.013670671677898797,0.7556968749071904
10802,-0.01627620810565128,0.75748882811083118
10803,-0.01377507184483772,0.75798817902545268
10804,-0.016373343820659018,0.75901196973678575
10805,-0.015234362726019848,0.75340583392942828
10806,-0.01320188679520974,0.75722647567833301
10807,-0.016088867044049708,0.75732662350444457
10808,-0.015724584884265681,0.75978214400495714
10809,-0.014142249709272131,0.75731412417520638
10810,-0.012137716191998087,0.75250960219708463
10811,-0.0179707922743155,0.76145206934430254
10812,-0.014269354926750123,0.7560816216429721
10813,-0.014029426685494215,0.75616553240989215
10814,-0.01433696474650901,0.75580146755818944
10815,-0.015006214934159278,0.75700942041780062
10816,-0.012996161058435986,0.7607598228494129
10817,-0.016325096286644324,0.76011088396998383
10818,-0.017966348702015755,0.75237009161777146
10819,-0.01654292847848882,0.75922475403234801
10820,-0.014818845615867699,0.75545448972492302
10821,-0.014064265516137438,0.75862546716084489
10822,-0.013237813542442358,0.75670296952787974
10823,-0.014283759635673271,0.75429866198127415
10824,-0.015638473412305696,0.75946540891823033
10825,-0.011830270281403982,0.75637585130236928
10826,-0.013298695331009663,0.75584476657536248
10827,-0.014594230977862039,0.7586034337601576
10828,-0.012295980653970248,0.75631052709242985
10829,-0.017395354275642122,0.76341429972369335
10830,-0.014766790428357069,0.76097752583455436
10831,-0.015888760987403355,0.76518001241953482
10832,-0.015144998739492096,0.75852922864455374
10833,-0.015926343020299195,0.75905177218141662
10834,-0.015782992251869882,0.76218339264441159
10835,-0.016068980470221223,0.75653254626725297
10836,-0.013498624041461434,0.7610932993781937
10837,-0.01600190029506067,0.76684884191328362
10838,-0.015609402493092237,0.76035619362250462
10839,-0.016522914237683275,0.75317661752101284
10840,-0.013869629116614759,0.76005810823611974
10841,-0.015603901137328981,0.75655165732192142
10842,-0.013893597738352472,0.75659512056604306
10843,-0.016423001982650731,0.75931666212133486
10844,-0.015707082861436576,0.75493736651229582
10845,-0.013705817199950661,0.75952242893203459
10846,-0.015344652185983155,0.75724036900483183
10847,-0.014517207482861533,0.75487440335943912
10848,-0.01347784006727993,0.75686990185650149
10849,-0.015222236714078609,0.75965059268869428
10850,-0.014670057929532578,0.75698201703289802
10851,-0.013874156841739718,0.76065241908290204
10852,-0.016391233814918967,0.76380195289506214
10853,-0.017094004836425467,0.75837039626614455
10854,-0.014406208793785527,0.75359013151628806
10855,-0.0167254665167689,0.75867619442437961
10856,-0.014366117276311268,0.76554273730394029
10857,-0.015153959839880427,0.75886022037326484
10858,-0.0146152101189012,0.76173891971148378
10859,-0.015188889057720983,0.75731711051229333
10860,-0.014675879739989708,0.75331559663544212
10861,-0.015311143346346553,0.75907385852800169
10862,-0.01685562650962974,0.75949528044059922
10863,-0.014090155538766127,0.75616261892423475
10864,-0.01477242404509858,0.755162369506161
10865,-0.013968283411737201,0.76570688479106241
10866,-0.016794865549508937,0.75797970528160741
10867,-0.015153959839880427,0.75886022037326484
10868,-0.016526411184163637,0.75556294867315621
10869,-0.017372052582990172,0.75850655070023365
10870,-0.014466060753060516,0.76297867978533218
10871,-0.016891975214600032,0.75816436676235388
10872,-0.015861782128891007,0.7583480077876471
10873,-0.014639822681872774,0.75682261263148232
10874,-0.013405786561482074,0.76140116731439722
10875,-0.01471928974341892,0.76040118672568202
10876,-0.016443180615882739,0.76132894398577955
10877,-0.013565701921715157,0.75281036734168794
10878,-0.015801516806790997,0.76187067255102681
10879,-0.015520623190611706,0.75500988760805154
10880,-0.015305201286968525,0.75732678547135013
10881,-0.016152539969791622,0.76516377051846596
10882,-0.015821063853957679,0.7598139867217929
10883,-0.017156050868681813,0.76405569679521446
10884,-0.016752809334402277,0.76367911513316822
10885,-0.01296342220195228,0.75863398331911813
10886,-0.015744000921198362,0.76126135908655723
10887,-0.014181664508432832,0.75505541479427596
10888,-0.012729988149616686,0.76048517549448613
10889,-0.017491816244791708,0.75907191392858586
10890,-0.0151821789311884,0.76169044080526405
10891,-0.014071149594297373,0.75897609107953423
10892,-0.014529065034138958,0.76345929666185908
10893,-0.014097945507365331,0.7573194161447061
10894,-0.015891015165372797,0.75507475647664601
10895,-0.015574631254562744,0.76326286918953579
10896,-0.012869695259034879,0.76113627094576664
10897,-0.016422124048581253,0.76052316245644191
10898,-0.015151297684359006,0.761513957461873
10899,-0.014758624846361139,0.75960676144672745
10900,-0.014676182070837136,0.76227548664195677
10901,-0.014375630422696574,0.76047605146122643
10902,-0.012395639580200544,0.76331966023897746
10903,-0.015712500520347859,0.76084260555174665
10904,-0.01539909103088013,0.76301285829680787
10905,-0.016391528596465893,0.75821038142809005
10906,-0.014972957679173301,0.76428978107813672
10907,-0.014251900015360143,0.75148449259876415
10908,-0.011226520121461369,0.75378681148764837
10909,-0.015009388207531655,0.75538750113373354
10910,-0.016153268044470592,0.75734715286434762
10911,-0.01605641972590147,0.75989332761702577
10912,-0.015151791478297968,0.75725285049717228
10913,-0.016735205307129943,0.75906043920592436
10914,-0.014083017521608371,0.7645482730708747
10915,-0.016237907189737111,0.76256351434630398
10916,-0.014467304734086986,0.76074645730178614
10917,-0.013193024653372258,0.75944763830289119
10918,-0.011580010348408385,0.75134402940568867
10919,-0.016530219672743568,0.75868828691946555
10920,-0.017139499662590645,0.75864997981494886
10921,-0.015975212289612534,0.75612648995353482
10922,-0.015794810244529764,0.75842976894381964
10923,-0.015366643638083235,0.75918241642900675
10924,-0.014798664895080671,0.75873776239999446
10925,-0.014963829172478101,0.74980872175281343
10926,-0.015583611739030783,0.75793081459016531
10927,-0.016631153117306955,0.76101247281928031
10928,-0.015379654317692552,0.75953586165528386
10929,-0.014688029912409806,0.76248738386549308
10930,-0.016482496985113993,0.75633733744496978
10931,-0.016673415072307653,0.76401044367040838
10932,-0.014710271560008002,0.75894929720143955
10933,-0.016005939461601407,0.76356782461771044
10934,-0.014354515618658687,0.75438333200578933
10935,-0.014737954526835576,0.76223755887777234
10936,-0.0158704696077419,0.76280499809864388
10937,-0.016653479059048508,0.76201928971943411
10938,-0.015659357717036977,0.75171187793064809
10939,-0.015962208717654865,0.75660658107605316
10940,-0.013644179283387143,0.75593775118429118
10941,-0.015235645351793673,0.76098355355759506
10942,-0.016830353109300943,0.75809158533763399
10943,-0.014311144568155083,0.75798226410158309
10944,-0.015953098035902995,0.76058391982224183
10945,-0.015192254216573524,0.75817596508766716
10946,-0.015114086979566224,0.75636951816017362
10947,-0.016153068707099781,0.76021335559506964
10948,-0.012861023132350539,0.75232336803958377
10949,-0.01957232760925633,0.76188644591541144
10950,-0.016992656263269304,0.75845727000398366
10951,-0.01615773198986839,0.75895372511081016
10952,-0.016313909086214648,0.75455388863349226
10953,-0.016588413385042189,0.75388263524092425
10954,-0.016071447440698022,0.75722376441580008
10955,-0.016700461441665579,0.76162237241007891
10956,-0.017918250545953231,0.75534575304963969
10957,-0.015300523355156272,0.76086938038926799
10958,-0.014490977420623986,0.76217200790933148
10959,-0.015332903082616717,0.75806561916550519
10960,-0.013748120845095588,0.75006960173896564
10961,-0.016189606704200998,0.75294959924538551
10962,-0.014928606787009305,0.75368279279145367
10963,-0.012240041065905259,0.76443504165247911
10964,-0.011851008117744791,0.75947927291812833
10965,-0.014564405330720646,0.75579932042672615
10966,-0.016024600427807019,0.7619485768340577
10967,-0.015023887533535974,0.75701830525362535
10968,-0.016141074634799281,0.76349143878669168
10969,-0.014171323275858313,0.76330920914041656
10970,-0.017800584973065421,0.75768567728815495
10971,-0.016862254941474732,0.75753718913067314
10972,-0.012800058504022511,0.75288459162888299
10973,-0.01467027163215397,0.75646531542267315
10974,-0.016291018476352885,0.75818781931070001
10975,-0.013800016344358207,0.75492943854449757
10976,-0.015479617078844671,0.76332436865141318
10977,-0.017532842372489362,0.76079580650314949
10978,-0.015228437756977638,0.7562420368102033
10979,-0.013958570444501781,0.75511749443726006
10980,-0.014308065321311495,0.75972269491754063
10981,-0.015206253839327657,0.75772566392187812
10982,-0.015356046591445887,0.75509144883947699
10983,-0.013689081029471225,0.76129450279400734
10984,-0.014534154504343073,0.76054869092972299
10985,-0.016638539171598059,0.76132115977013715
10986,-0.015327419012179485,0.7557543559812312
10987,-0.016965036259054461,0.75857714857461322
10988,-0.014363713683327575,0.75549737398928241
10989,-0.014381874682136829,0.76143923189401896
10990,-0.012775558541512064,0.75789780556278674
10991,-0.015553407000983736,0.76163796071313827
10992,-0.019710736338018654,0.76115949037800723
10993,-0.017695890633256425,0.75708116945789417
10994,-0.012521098296914324,0.76098719792295921
10995,-0.017062832786901547,0.75590552521393795
10996,-0.013320077952325461,0.75191116849240369
10997,-0.015145355611135284,0.76237609627266301
10998,-0.016111448437707641,0.76106537622444359
10999,-0.013589836140408774,0.75847660548128371
11000,-0.014872486793892886,0.75581771159712474
11001,-0.016545523233076405,0.76045384945792438
11002,-0.015496723422709861,0.75915959080978634
11003,-0.01565369631399019,0.75959826757148807
11004,-0.014966002746256309,0.75618483841748485
11005,-0.014263607816730453,0.75542865101694712
11006,-0.015611041495961495,0.75982843643156073
11007,-0.016824394174925233,0.75810881161634414
11008,-0.014419463712274224,0.76269747247684438
11009,-0.015166427498035267,0.7571244404448052
11010,-0.015077908866637093,0.75878570711488369
11011,-0.013998999466980104,0.76201025979801895
11012,-0.011420833241812691,0.75708103394915172
11013,-0.018739197837568149,0.7574662299480307
11014,-0.016918523173375027,0.757927841688814
11015,-0.014779326755597375,0.75538508449505593
11016,-0.01514842399707717,0.76304701626531513
11017,-0.014019030101614351,0.75882665450108722
11018,-0.015381255195319564,0.75828001519797594
11019,-0.015809399289796543,0.75951358184073892
11020,-0.014071560650645893,0.7609220281523249
11021,-0.014543272679406862,0.7572699600350985
11022,-0.015975417157834595,0.76092462483168044
11023,-0.014565240482389909,0.75521993223595041
11024,-0.014330572042313966,0.76427599190475159
11025,-0.014815032428781015,0.76271890200250758
11026,-0.015885459350087013,0.76458011223543809
11027,-0.014569841925206703,0.76331863076257034
11028,-0.013934417724726155,0.7595297534369172
11029,-0.015946575161334874,0.75029311994397219
11030,-0.016300566186364135,0.75808500752662733
11031,-0.014790004349869082,0.7615961031544185
11032,-0.01414069717882056,0.75839798988845819
11033,-0.016510236656853087,0.75250238027559324
11034,-0.014605213197816528,0.76216523561302008
11035,-0.015629148308450792,0.75823658295677654
11036,-0.014018774545904314,0.76441636211021224
11037,-0.01445035166401446,0.75568048117548559
11038,-0.015710236903693005,0.76117296794600964
11039,-0.019093211644483875,0.75994303649479578
11040,-0.014447628274734855,0.75036561808071811
11041,-0.014034368880201461,0.75570429369976466
11042,-0.014743555813335368,0.75721078908858719
11043,-0.017012535380753091,0.76243293955001878
11044,-0.017286211894442301,0.7546124426091313
11045,-0.015558348681140921,0.76131500892633919
11046,-0.013687228263250651,0.7636992992954631
11047,-0.017016619817396928,0.7576433619603764
11048,-0.014619299553663265,0.76192780927829862
11049,-0.012670560637381647,0.75828722026415618
11050,-0.015154710483909258,0.76598900403076942
11051,-0.015824095490739744,0.75813015027754571
11052,-0.015607753387814777,0.75773907410374197
11053,-0.014538696422690955,0.75642964374462363
11054,-0.015190719405819285,0.75911558538762236
11055,-0.015563012923880515,0.75955912325250052
11056,-0.017646275415457768,0.75758270434317976
11057,-0.015165470708026176,0.75885647370309339
11058,-0.016028904222634921,0.76106174785006042
11059,-0.013804533168967995,0.75381754846454607
11060,-0.015636692753354303,0.75980145947972577
11061,-0.014885010334643104,0.76252011145397025
11062,-0.014401880244768343,0.75387978107401077
11063,-0.014712633103511759,0.75948083901179586
11064,-0.017059973574113839,0.75592491201666789
11065,-0.01339087365321741,0.75965594627642319
11066,-0.015408924033084472,0.75811210420865538
11067,-0.01711015397650913,0.75388325179809956
11068,-0.014185879594300899,0.75364725718560921
11069,-0.015704018830606403,0.75835791287450893
11070,-0.015843513688776126,0.75981740635329631
11071,-0.016668735089375771,0.76054902931279833
11072,-0.015696549239344503,0.75804680864895224
11073,-0.013077408079217803,0.75649350977093599
11074,-0.014831433311164642,0.75820036661053281
11075,-0.014284009827962482,0.75970930877542353
11076,-0.012098751469999728,0.75762669792437898
11077,-0.015108344727037468,0.76045724236924894
11078,-0.014896596911468869,0.75612868719556225
11079,-0.016073087444591409,0.75438904462695866
11080,-0.017457417134443255,0.76090732905516867
11081,-0.01712900450144933,0.76274481477460654
11082,-0.015167795775576327,0.76050360431758246
11083,-0.016299298819079159,0.75737656797118047
11084,-0.015883178391830725,0.75850729029132746
11085,-0.015412369799089273,0.7617098827729174
11086,-0.014104609677545253,0.76196322110665116
11087,-0.015801089235660565,0.76209200883890793
11088,-0.016684552495307203,0.76324051992683928
11089,-0.014439857720409817,0.7579402065374975
11090,-0.016396662540923736,0.76165000396446914
11091,-0.016078226316324506,0.75543953385050022
11092,-0.014974268356431833,0.76164599750557749
11093,-0.014758775477766817,0.75902561691599102
11094,-0.012999455163356597,0.75419690289545849
11095,-0.013390870111656432,0.7576662620063922
11096,-0.014494409296703255,0.75316502208851199
11097,-0.014772310163964552,0.75609789176799347
11098,-0.01659075287421629,0.76063653713672275
11099,-0.014484051121183849,0.75651200442087629
11100,-0.013532840355173395,0.76080684292499301
11101,-0.015194628693561689,0.76279662793446679
11102,-0.013342864942297245,0.76195043400364404
11103,-0.014182311292413039,0.76216852097454668
11104,-0.017426937619162405,0.75956810124260388
11105,-0.015551727592879264,0.75761548653070376
11106,-0.012303205805737358,0.75741778690558503
11107,-0.016126201148211526,0.75847527995701569
11108,-0.014166834045356647,0.75740495447524248
11109,-0.016526530012512586,0.76433344035674766
11110,-0.014487644759400051,0.7612008787003719
11111,-0.016029490210058436,0.75836863109090502
11112,-0.015364854548396107,0.76000660495180328
11113,-0.013278118640550245,0.76300543179548375
11114,-0.015431445061185425,0.75800829041794715
11115,-0.014511657750495862,0.757069684677392
11116,-0.014302202328985079,0.76053526073677413
11117,-0.016567525696161788,0.76090709095628728
11118,-0.015564464167803136,0.7559510547967252
11119,-0.014632085074830265,0.75645126825610587
11120,-0.016179912392628941,0.755418989075613
11121,-0.015745923638608876,0.76310962759473233
11122,-0.014188033286042971,0.76562095899204352
11123,-0.013434764593318282,0.76438494528270251
11124,-0.013043219330763037,0.75224205965934055
11125,-0.014237580965243728,0.76088202071384103
11126,-0.01531264057812895,0.76032187026516573
11127,-0.013409294667338397,0.7638150427873458
11128,-0.012834351947415371,0.76279061264639392
11129,-0.014197515941671839,0.75907189107016459
11130,-0.016735055379313128,0.75918845348558128
11131,-0.017828119674959661,0.76347942141826763
11132,-0.01318355851135666,0.75854750835165075
11133,-0.01547418776393762,0.7637245763022309
11134,-0.014733024853163667,0.76333224966181545
11135,-0.014319013571949547,0.76022388254273998
11136,-0.016788146757898866,0.75770377617763718
11137,-0.016019689544183285,0.7608523723255376
11138,-0.012858923448520691,0.76336620078174
11139,-0.012326876754599389,0.76026540564208145
11140,-0.01474934195649512,0.7601488766353377
11141,-0.016429629001968447,0.76562354233959784
11142,-0.0154996438053078,0.76136382905117972
11143,-0.012213038095094777,0.75930784650693983
11144,-0.015911749667548145,0.7671300780422291
11145,-0.013335363601876749,0.75979397979676522
11146,-0.01411990382283033,0.75976603524347308
11147,-0.014408244654924187,0.76133988011385378
11148,-0.013855140532849992,0.76236018710369313
11149,-0.016379516270663252,0.761531501650625
11150,-0.016997056309940473,0.76477084431698727
11151,-0.016327942175406604,0.7602512132692254
11152,-0.014928067059362712,0.75906444267632756
11153,-0.015362986449120854,0.75713335765037715
11154,-0.014913122891018902,0.75775811103292701
11155,-0.013849194524245241,0.75361113879800024
11156,-0.016062619283475965,0.76088031607631923
11157,-0.014555560215745259,0.75909523440990212
11158,-0.01590129332024881,0.75901745998686887
11159,-0.016241414337853102,0.7611123043678969
11160,-0.015786882455243942,0.7585015116238335
11161,-0.014532086920879029,0.75637002201990633
11162,-0.01474156956620238,0.76143647995682584
11163,-0.014709574889258607,0.76406624649135158
11164,-0.015493772707190694,0.75663347642216983
11165,-0.016114671389380955,0.75963014516573324
11166,-0.014750905439223862,0.75978754886740252
11167,-0.015910291645236906,0.75718708476797913
11168,-0.014131999766862224,0.76016565278787118
11169,-0.016158768963925579,0.76245446920472204
11170,-0.016636832781882889,0.76102023273025943
11171,-0.016588505547473389,0.75383301037371142
11172,-0.016106093032764453,0.76097083964099965
11173,-0.01698049349775849,0.75748424568623418
11174,-0.013087930319115662,0.76250501456492181
11175,-0.015385643906246483,0.75513232369483652
11176,-0.014839219512264839,0.76245663727956281
11177,-0.014961563171956193,0.76491127109139501
11178,-0.014084359335435998,0.75874061592978925
11179,-0.016135500254831705,0.75937566655886557
11180,-0.017205299722326976,0.7633032248956968
11181,-0.017316960603588075,0.76108230575408209
11182,-0.014152917875757311,0.76099069720315082
11183,-0.012521717731603443,0.75542670708362669
11184,-0.015070678437100252,0.75853301345999491
11185,-0.012578167427205106,0.75941790548073707
11186,-0.013689157992572316,0.75878405772538471
11187,-0.01237408840633894,0.7563498520558809
11188,-0.016310960050671619,0.75957692320891501
11189,-0.013128564587123932,0.75836368762125683
11190,-0.014649950962035559,0.76099809304211685
11191,-0.016916384380717634,0.76060138695296164
11192,-0.016076854345813969,0.7611597644581366
11193,-0.014511657750495862,0.757069684677392
11194,-0.01658285078924672,0.76088633803418593
11195,-0.015603945464903698,0.76039578208539338
11196,-0.014536549638689462,0.75987740054263042
11197,-0.013985537024203139,0.76473253351635928
11198,-0.014956871759959739,0.76000627626912265
11199,-0.015932367033858773,0.75800925944752251
11200,-0.015584542861887284,0.75729763380440052
11201,-0.014589446069894034,0.75663770576188594
11202,-0.017206818476263697,0.75828803136467815
11203,-0.016042492983118901,0.75620806244452277
11204,-0.01477687805017716,0.75254440684531199
11205,-0.015471810550454861,0.75800137199182904
11206,-0.015610204920097922,0.76094921098797541
11207,-0.010873725243836266,0.76115104974269321
11208,-0.016262949427939856,0.75997588897427404
11209,-0.015757035863926676,0.76048753850864603
11210,-0.016922836091510959,0.76563879166214222
11211,-0.015625660845808728,0.76390904365937595
11212,-0.013618017203523566,0.76026825313885305
11213,-0.016002152215762969,0.76432365984336748
11214,-0.01736779096369041,0.75914711012826608
11215,-0.015819111856256653,0.76182119302600282
11216,-0.017813556698976628,0.75665300056621465
11217,-0.015632009648774578,0.75362141027153451
11218,-0.014574685785797166,0.76052388961548334
11219,-0.012380084440644095,0.75743220636604791
11220,-0.015463791922948965,0.76118626200038486
11221,-0.014957704496789792,0.7585738115737185
11222,-0.015601648281901482,0.75929922415210083
11223,-0.014663124687123927,0.75788428835977639
11224,-0.014250423736476817,0.75874778025767697
11225,-0.014919148137247084,0.75748207699179659
11226,-0.015818708965699091,0.75757846953647889
11227,-0.014642956890133733,0.75807519565004899
11228,-0.014868878584920208,0.75926262111685727
11229,-0.015897681908767461,0.76578896717551004
11230,-0.016617270139508866,0.76186600841172625
11231,-0.014493190630076501,0.75710811372051845
11232,-0.016548862607835849,0.76296350069579388
11233,-0.014255450106659661,0.75314776041293152
11234,-0.015514951910135326,0.76025730082819232
11235,-0.014530379552496222,0.75948849175615019
11236,-0.015865466898323265,0.75732918219436374
11237,-0.015586400578021672,0.76231427927592377
11238,-0.016300840983025127,0.76282472727184569
11239,-0.016581060010903224,0.76091527342093368
11240,-0.014496439770553989,0.75752589289485617
11241,-0.014841234275453436,0.76406675967871041
11242,-0.015518766899666048,0.75727265173248171
11243,-0.014094991499255208,0.75741147498019046
11244,-0.01578219107365068,0.75903591027390582
11245,-0.014040513949030015,0.75152675173273176
11246,-0.012631631626109956,0.75555390650597909
11247,-0.015134790543987555,0.75857938903032707
11248,-0.015728711125404131,0.76207882979065544
11249,-0.016575439234676779,0.76064473350005046
11250,-0.017820282448619398,0.76085812278845177
11251,-0.014757631683656198,0.75657610932862163
11252,-0.014694679843063781,0.76428451800253072
11253,-0.01380853951975371,0.76197724943419964
11254,-0.014400307643776649,0.75806831372299566
11255,-0.01519961906681034,0.75996651721798736
11256,-0.017803430335243915,0.76038126377063331
11257,-0.014664178036886648,0.76221585825270111
11258,-0.015999642193381687,0.75432967740574686
11259,-0.015514645607430858,0.76443489187464586
11260,-0.015140769044775895,0.76204108684415994
11261,-0.014349450883082407,0.76171074382756054
11262,-0.012248415381813354,0.76246192323757245
11263,-0.014748338965745763,0.75452355293940609
11264,-0.015184026007245954,0.76603398833792957
11265,-0.013682614185857585,0.76009549214746919
11266,-0.0128673025110178,0.76033162605863835
11267,-0.01665807943514758,0.75732455372766183
11268,-0.016509248001572392,0.76008258423939523
11269,-0.014464642233599724,0.75767419255968105
11270,-0.016199506386136004,0.7573395147730495
11271,-0.013417031636971891,0.75791020060058811
11272,-0.01643006046826196,0.76222426311691716
11273,-0.016673483465483377,0.75891131009476098
11274,-0.013108303799356413,0.75942150552477417
11275,-0.015415350803250532,0.75734024215011975
11276,-0.014936561179442708,0.7585779483259032
11277,-0.01558522398208048,0.75918694732425518
11278,-0.014918652630772853,0.75473925151519439
11279,-0.014964452963852341,0.75812799405624531
11280,-0.013800082528994121,0.76346004525029365
11281,-0.014712854455622301,0.75829657321754207
11282,-0.01591644742102161,0.76105370172408793
11283,-0.014444671637959067,0.75821111912252404
11284,-0.018010109261444335,0.75987609633800191
11285,-0.015494098519851901,0.76172663292713105
11286,-0.015916726546939482,0.74835690784163411
11287,-0.017460997200379264,0.75972390796398115
11288,-0.013484187311078859,0.76084953848452852
11289,-0.014285481695346118,0.75721943622313204
11290,-0.016356193917898769,0.75949836036408036
11291,-0.016610266311035744,0.7640239093481932
11292,-0.01249841614306477,0.76290226350210355
11293,-0.013722133299920928,0.76216020964385345
11294,-0.016020797240600904,0.75813561843029953
11295,-0.014400538958693079,0.75918294251930829
11296,-0.014772766173313773,0.75069950083422654
11297,-0.017211589648694497,0.7568170436693864
11298,-0.014891233184995994,0.75742393881139147
11299,-0.015494091585917647,0.75815952347336812
11300,-0.015121447450331556,0.75637497082702121
11301,-0.012805135560206224,0.75738951467639881
11302,-0.01444523065530974,0.75201068457849107
11303,-0.014929510509490046,0.75584050118133284
11304,-0.016638008959793886,0.76331445863943348
11305,-0.015356725319804074,0.76389553909519814
11306,-0.014496826953545917,0.76326200449741444
11307,-0.014950342854361179,0.76415216152025245
11308,-0.01588830162841327,0.76196946637127594
11309,-0.015086678354147324,0.7577170771807642
11310,-0.01553481820273696,0.75930570927325158
11311,-0.012357938384971127,0.76164809318519766
11312,-0.014530169116010483,0.75843424978306895
11313,-0.01540749367544947,0.76266658470574999
11314,-0.017414655133369029,0.76229117271113012
11315,-0.013535555026897544,0.75304591448408575
11316,-0.014010400064125022,0.75991062788487729
11317,-0.013807864106990177,0.75136621699317407
11318,-0.014816389139707295,0.76286370931151015
11319,-0.013103258107131172,0.75427418134608715
11320,-0.014806725122317217,0.75697210631385314
11321,-0.015004090962291798,0.76283625989354664
11322,-0.01461452533580905,0.75636890984637239
11323,-0.014473923797710795,0.76699759752924435
11324,-0.015712234481464464,0.75554165183921707
11325,-0.016662823412590545,0.76230563779434213
11326,-0.013468024662670266,0.75964700792008455
11327,-0.015048774249888191,0.75268998725896497
11328,-0.015998743885503854,0.75453190136792436
11329,-0.016070873231191673,0.76004076101919638
11330,-0.015654003371859911,0.76364859411522845
11331,-0.016515376515456957,0.75645600715503103
11332,-0.017078573555075027,0.75872887545995293
11333,-0.011875072124391092,0.76021394140573006
11334,-0.01484714813738406,0.75931820069291045
11335,-0.013518397070336448,0.75849383365787537
11336,-0.01400511925078091,0.75843933963078292
11337,-0.016322573594811068,0.7641341102237571
11338,-0.01618384900498894,0.75765073334093513
11339,-0.016936426727308745,0.76051810525278118
11340,-0.014193882138083183,0.76294578047363326
11341,-0.015011203460820643,0.7634842623661221
11342,-0.016368037690523057,0.75799875320158494
11343,-0.017717381910240561,0.75849885524530725
11344,-0.015713892513326416,0.76552867438693761
11345,-0.017700598516585987,0.76264448571567456
11346,-0.012977970183955249,0.75552414018849967
11347,-0.013562148847865716,0.76396228033358204
11348,-0.015983917724969904,0.76035930923331219
11349,-0.013697648491304485,0.76375148258758885
11350,-0.015516750490807578,0.75892583977346051
11351,-0.01676486419868612,0.76798875217203499
11352,-0.017260760969905177,0.76304193197219716
11353,-0.014504057361264989,0.75982778312229715
11354,-0.016736445920776489,0.75863326408918086
11355,-0.016709642781063461,0.75480813366409283
11356,-0.015630465946967424,0.76390041854151325
11357,-0.014852714313867189,0.75883781588475352
11358,-0.016466239470081592,0.76070818031180609
11359,-0.014978485869775413,0.7685828528232691
11360,-0.016789630716376326,0.7682366025617946
11361,-0.012356357370021056,0.75634766210657123
11362,-0.016329386608051586,0.75884011148650676
11363,-0.015151791478297968,0.75725285049717228
11364,-0.016223783880770219,0.75629882838399376
11365,-0.016724882884541565,0.76144618007128828
11366,-0.012564734348962291,0.7578016382870334
11367,-0.015543844810164452,0.76343708961319057
11368,-0.016695644546217216,0.7586173039997931
11369,-0.016086946948529898,0.7553161779613401
11370,-0.016936468023031566,0.75959305224422402
11371,-0.014221848965453985,0.75678192142295553
11372,-0.016522525607829592,0.76217737753178139
11373,-0.015895822390428076,0.76073264463130319
11374,-0.014495506282956714,0.76458395686853931
11375,-0.015045137485481674,0.75593554613778902
11376,-0.014657915674504496,0.75937108747103743
11377,-0.01528226304767368,0.7645960188359564
11378,-0.015981275315394335,0.75944793721636805
11379,-0.014834819051769589,0.75811480151333666
11380,-0.013747821014952512,0.75398855455420932
11381,-0.013958570444501781,0.75511749443726006
11382,-0.014672416206658923,0.76047320682814645
11383,-0.015598656586857697,0.75496562973313863
11384,-0.014987808459912089,0.75754340457969371
11385,-0.015321305771170838,0.75456441984869982
11386,-0.015434011189299235,0.75771301541559377
11387,-0.015214252960685919,0.76479889724556427
11388,-0.014919294955336943,0.75837457759785254
11389,-0.014821679065189908,0.75958212177164686
11390,-0.015525443105402464,0.7639797370407696
11391,-0.012630993084421775,0.75402470579989156
11392,-0.017098021357999864,0.75674827938099509
11393,-0.016653036696423457,0.75719366400343902
11394,-0.017579941228868509,0.76017961899368169
11395,-0.01543453546563398,0.75525665292562927
11396,-0.012836108278351186,0.7562025389998478
11397,-0.015781042699921186,0.75612065533038819
11398,-0.016174219160765838,0.75941265361976507
11399,-0.014084030561370883,0.75925615102972355
11400,-0.015845362995379496,0.76462851060037595
11401,-0.01558683627444994,0.76017111547321592
11402,-0.014184235113577862,0.76316374870113479
11403,-0.015520693403784359,0.75566706312705112
11404,-0.01725421789433065,0.76018954130419503
11405,-0.01704100936992008,0.76340180733478136
11406,-0.015666319656279008,0.75772627915495805
11407,-0.016643872339911651,0.76480309415186543
11408,-0.016588200583270662,0.75770766597069361
11409,-0.01593595608231637,0.76312191232480064
11410,-0.015383269684236532,0.75765296451808573
11411,-0.016286486946762685,0.75965579226472646
11412,-0.012271725566593568,0.76047856240797473
11413,-0.015821328482189118,0.75595089422554418
11414,-0.012871325667301963,0.7534341484999485
11415,-0.014101692763359444,0.7564328701221007
11416,-0.016854006700398539,0.76059435894998706
11417,-0.015726006463821218,0.75827461386291717
11418,-0.014647381748933271,0.76456008234406014
11419,-0.016584433802175974,0.7596041509303666
11420,-0.017546800422818507,0.75882589416743018
11421,-0.014013253332709185,0.75865861684530489
11422,-0.014658284706943291,0.75622128280996415
11423,-0.014627011202477849,0.75934689550244872
11424,-0.01394308190934364,0.76404335960473302
11425,-0.017233530951212078,0.76145252036468891
11426,-0.016524673816234799,0.76385050164060764
11427,-0.01591518079400869,0.75777426064106301
11428,-0.0143296532909017,0.75780706980701151
11429,-0.016022339757878437,0.75843465462665405
11430,-0.014998029741661704,0.76052035254354089
11431,-0.016060663147375608,0.76444163245663843
11432,-0.012451387622364921,0.75867272803376129
11433,-0.01414785232161999,0.76067825535831646
11434,-0.015608059289252262,0.76114592856552921
11435,-0.014672672856716864,0.75188878204104648
11436,-0.014594322276470497,0.75904880657059803
11437,-0.018093842150338525,0.75670618833675241
11438,-0.018045702592205039,0.75747267709249222
11439,-0.014066457574757055,0.76199626491791361
11440,-0.012928843292862372,0.75572676492407198
11441,-0.014539198197617696,0.76244442799707535
11442,-0.015748519289236238,0.7554154132367572
11443,-0.015234450115842669,0.76197572427482951
11444,-0.015101897307025634,0.75998095914339769
11445,-0.015089601294911971,0.75366758483494423
11446,-0.016237398585391409,0.75975517133263182
11447,-0.015470843193661541,0.75738646476998828
11448,-0.0160354100092404,0.75726970425482665
11449,-0.016109475261084513,0.7610798224255455
11450,-0.018176996254709088,0.76049295122199467
11451,-0.017255940964443231,0.76090985856658122
11452,-0.015787402681072135,0.75612419552467292
11453,-0.013971714877885261,0.76017965527349696
11454,-0.014714347091874141,0.7570517283071575
11455,-0.014459597197134036,0.75480412284684295
11456,-0.014892131042459632,0.76062004837657371
11457,-0.014440572594790873,0.76089141957115281
11458,-0.013645478517152143,0.76306158610113162
11459,-0.014951760178825088,0.7568540307293834
11460,-0.016579496337011824,0.75893028494865034
11461,-0.015827753354495249,0.76156611736133173
11462,-0.015775666325004059,0.75196160137924317
11463,-0.015442974805600591,0.75656823269879858
11464,-0.016122718570741351,0.76882135887192427
11465,-0.014466859799077948,0.76126179214892287
11466,-0.014697375553586323,0.75749474611461576
11467,-0.015174751250347507,0.7653329260175743
11468,-0.016199265399993612,0.76497287159567806
11469,-0.015366596035171048,0.76132846978015289
11470,-0.014669419676454371,0.76410387812394187
11471,-0.01375393898877693,0.75295493435604954
11472,-0.0162368824845141,0.75536509763413173
11473,-0.014568851074202915,0.76163287235394361
11474,-0.016058790632992155,0.76800858599363309
11475,-0.017199983629823515,0.76182820553465036
11476,-0.014196664866111581,0.75416582233620721
11477,-0.014593999971995873,0.7567599875876293
11478,-0.012671661989813371,0.76385793615069697
11479,-0.015237426808494348,0.76087110911166222
11480,-0.016265203438798011,0.7614470629621326
11481,-0.018541007437048895,0.76242799019391294
11482,-0.017682906685286607,0.76070745840442977
11483,-0.0142393180005632,0.75814641100001445
11484,-0.015281135840878935,0.75451852439541911
11485,-0.016272435906608169,0.75441746085571093
11486,-0.014590909466220383,0.75934104827139826
11487,-0.015110318628717178,0.75794629369880706
11488,-0.013565259830460818,0.76019813881597009
11489,-0.013220142711523315,0.75891714648631736
11490,-0.015941901305162032,0.75568227740724825
11491,-0.014770089415895481,0.75680130295186876
11492,-0.014810342933955029,0.76123177058546354
11493,-0.01562785861220934,0.75897554805828904
11494,-0.015862124466708684,0.76076022169949453
11495,-0.013036145356092836,0.7597117574897051
11496,-0.013769498889671892,0.7581297183650394
11497,-0.013732501962360193,0.75880654305143269
11498,-0.015652756801572854,0.75562278642152569
11499,-0.015801727618714227,0.75208695352435306
11500,-0.012699506889447912,0.75755550255525461
11501,-0.013184618812323233,0.75962465099469922
11502,-0.016090952614831316,0.75881423933440073
11503,-0.01689749898010701,0.75803580856536279
11504,-0.013594385177147427,0.76482411353303248
11505,-0.014546811971485218,0.7585044879415006
11506,-0.016090805209898133,0.75651238428446332
11507,-0.013459100245037157,0.75627447815615667
11508,-0.016546508638372474,0.76029949968425892
11509,-0.013330126696304748,0.75643318257713343
11510,-0.015012869468972952,0.75387874744880579
11511,-0.016234692737490328,0.75776517315973668
11512,-0.01530359315570992,0.75857268419746737
11513,-0.017032233125484776,0.7634709984931779
11514,-0.015576453187123831,0.7626059027850971
11515,-0.017105190567513466,0.76527928571192783
11516,-0.014208522060825497,0.76120396483019137
11517,-0.014306410117506578,0.75632875209086881
11518,-0.014105778689080617,0.76004520238003814
11519,-0.015293680648056139,0.76036858668270468
11520,-0.017146643685271818,0.76262148141456731
11521,-0.01467140082516729,0.76372410098460319
11522,-0.015803365352100755,0.75611699087675099
11523,-0.014396538037815456,0.75759671160371767
11524,-0.016618037674793279,0.75836497801770963
11525,-0.016309888167293708,0.75342971890553578
11526,-0.013977747870786711,0.75462720981038844
11527,-0.016907243248702339,0.75955465810711575
11528,-0.013494456871610036,0.76272779492569787
11529,-0.013172085548187194,0.76059202940549364
11530,-0.01434675516246915,0.75712169566738996
11531,-0.014352883931075337,0.7539216144854618
11532,-0.016483567135941159,0.76441096500260053
11533,-0.014991135373932655,0.76069801073844689
11534,-0.016816101426217318,0.76149397701523192
11535,-0.016748146902045041,0.75469262276951943
11536,-0.016811520916466399,0.76312389090134281
11537,-0.014777412299689371,0.76322627914654939
11538,-0.014854489108078503,0.76265027967951393
11539,-0.013622706095757662,0.76096947763906431
11540,-0.013207565886229294,0.75966296624151908
11541,-0.014935325901108066,0.75337149627288014
11542,-0.013848267788498937,0.75876246033447314
11543,-0.014763685824974254,0.76146509159479658
11544,-0.013917595296757013,0.75612156404108055
11545,-0.016208364069283308,0.75804375815217273
11546,-0.012715469077866283,0.76169191415252457
11547,-0.015733492754198587,0.75993910085604888
11548,-0.015424851506417097,0.75861004616558569
11549,-0.014599188879271398,0.75720490418420117
11550,-0.0158297366912565,0.75308855841184719
11551,-0.016669703168703226,0.75879549304744442
11552,-0.016151663126137385,0.7561963494215892
11553,-0.015646603084236745,0.75515719573836959
11554,-0.016850294393103468,0.76165814661869402
11555,-0.016764195914891117,0.7585901949771644
11556,-0.014880497459320558,0.76078083260461105
11557,-0.014791129079879034,0.75797091568759678
11558,-0.014962342687188598,0.76374369444478007
11559,-0.014496031188989053,0.76182668591485991
11560,-0.015752255953140892,0.75515601967624979
11561,-0.014692188836817428,0.75962338691423759
11562,-0.015452740028628077,0.76215398836550208
11563,-0.014766612449891066,0.7652687939708277
11564,-0.013457934708698684,0.75938253696063707
11565,-0.012728599081192617,0.7570368253846359
11566,-0.015076822274365825,0.76274972652644957
11567,-0.013806553284040329,0.75634627457310999
11568,-0.015004360292253551,0.75846125859316116
11569,-0.013514539608719966,0.7598104118065081
11570,-0.016227512534517124,0.74957136987113127
11571,-0.013138167285425356,0.75997930184886431
11572,-0.014166022799074069,0.75624442425664695
11573,-0.015383421561176095,0.75713546283405841
11574,-0.016193445360520607,0.7599443456162408
11575,-0.013811657165500018,0.75447351774401727
11576,-0.012995662288025114,0.76529725990281527
11577,-0.015717910484057664,0.76398839836056309
11578,-0.013037835147131983,0.75929017385935338
11579,-0.014535470148154709,0.75881049482355822
11580,-0.013894698245850799,0.76838298035516039
11581,-0.016062191685370847,0.76176105165011654
11582,-0.014094486409528168,0.75749225448203339
11583,-0.017072368426248367,0.76479873458371028
11584,-0.014363713683327575,0.75549737398928241
11585,-0.016966029912336825,0.75633817068890441
11586,-0.016037892665747698,0.7591579179969522
11587,-0.015190924167317774,0.75836642788345499
11588,-0.017559577252917721,0.75984627835831164
11589,-0.017490860310756005,0.76096509322285
11590,-0.016229002934029894,0.75797126964624162
11591,-0.015864014014682258,0.75373686806401341
11592,-0.014783217262199567,0.7632044078283875
11593,-0.013089034022015696,0.75986931989192374
11594,-0.016284862256481403,0.76030596647062432
11595,-0.014363786717900276,0.7609863020250478
11596,-0.012530428415579536,0.76284806106461234
11597,-0.014577026370625813,0.75971723850581174
11598,-0.015962812311260746,0.75748262850781312
11599,-0.015512958514790889,0.7642890765734407
11600,-0.014665689199346143,0.75983601169690218
11601,-0.015071479363742436,0.76080710191953171
11602,-0.015400038681436449,0.76061868779917818
11603,-0.013588815853889456,0.7617986136374838
11604,-0.015896774665453004,0.76041627183631544
11605,-0.014594905678405547,0.7623907727899597
11606,-0.015476278640103935,0.76115968068447992
11607,-0.015918409825204913,0.76217004608087946
11608,-0.014834865073852874,0.75598431367523311
11609,-0.016502035583450925,0.75791904633422713
11610,-0.015273714267554871,0.76484638851245978
11611,-0.015652012162403799,0.76104391055939324
11612,-0.015956825972481423,0.76103454592290409
11613,-0.0138871458985994,0.75596128631019754
11614,-0.012666605242967238,0.75615454859677755
11615,-0.01578523643320031,0.76067830105984258
11616,-0.013579595924672717,0.76156221217995812
11617,-0.01527777360327004,0.75363192806547752
11618,-0.015561679472514637,0.76171361676840732
11619,-0.015888999098892281,0.75219041260777397
11620,-0.015512882267314747,0.75991419672219029
11621,-0.015860582585100112,0.76128174273300164
11622,-0.015232533703303484,0.76124983549439973
11623,-0.012362484985973475,0.75864680477768653
11624,-0.016254060122845977,0.76064309364866822
11625,-0.016302328217430731,0.76475042458608122
11626,-0.014236316128673291,0.75918574334798095
11627,-0.01441912435717903,0.75645407750478855
11628,-0.014473194993695379,0.75206058543624943
11629,-0.012023048089430636,0.75541839451940129
11630,-0.015111195026777997,0.7597372934532981
11631,-0.014533790501281854,0.75996340854220612
11632,-0.013320422360713367,0.76204966765427606
11633,-0.015056896391471531,0.75840890872048738
11634,-0.015841902364893232,0.76094021269190981
11635,-0.013961472838834914,0.76356521289889712
11636,-0.016725832709733837,0.76061882029771899
11637,-0.018797849126630267,0.76271459594403468
11638,-0.015623371108150097,0.75604397781413657
11639,-0.013264669934181102,0.75492795209691477
11640,-0.01419360413671061,0.75973002045309845
11641,-0.01603444211460783,0.76037104927994625
11642,-0.013128109169944063,0.75732478992882823
11643,-0.013730595228220869,0.76348208757267289
11644,-0.015837512549243683,0.76316023338048455
11645,-0.015216494180307552,0.75911885003898327
11646,-0.013621228661540748,0.76087993597733206
11647,-0.015599562838884366,0.76015690516913215
11648,-0.014288495781171577,0.75781926846079706
11649,-0.014116296076640332,0.75922326737273238
11650,-0.014573776137475385,0.75827565606529468
11651,-0.015820302652852294,0.76204598391795142
11652,-0.015497125782408241,0.76890216103130937
11653,-0.01638840032780884,0.75652979510317087
11654,-0.015091836239075571,0.75818880461358784
11655,-0.016141820767179835,0.75661090885881055
11656,-0.016478118059428032,0.7606245685791917
11657,-0.013523105433426011,0.75785489548757412
11658,-0.015020502218541181,0.75512775874336036
11659,-0.01418850673068003,0.75981244957596017
11660,-0.015238316419717391,0.76169287810105823
11661,-0.016154173173089526,0.76179028629306333
11662,-0.013344705662511178,0.76061550090586649
11663,-0.016271246583305688,0.76176894321968303
11664,-0.015837214346447158,0.75810726874418943
11665,-0.017056147937085923,0.759211468859044
11666,-0.015350928105430171,0.76002432586763835
11667,-0.015465902442568192,0.75897339158124399
11668,-0.015301749517421331,0.75975007937473482
11669,-0.014697085712538445,0.76586405032083349
11670,-0.01544367044212085,0.75784907317931294
11671,-0.014207520308195897,0.76153772149057319
11672,-0.016097294606948719,0.7568123390593382
11673,-0.013834982379541838,0.75621968830752317
11674,-0.014962727792763824,0.75909881109213739
11675,-0.014782862703230122,0.75733921433381257
11676,-0.015063450178835322,0.75195364568688738
11677,-0.014244834373328968,0.76303325271635225
11678,-0.015412046846402632,0.76187882223033199
11679,-0.014143623296489138,0.76714514570398284
11680,-0.014824504883110797,0.76143088688837068
11681,-0.016222445233632844,0.75402972387014577
11682,-0.014396767771153061,0.76212662990693347
11683,-0.014789839426611166,0.76210840558819881
11684,-0.014083829106117128,0.75320201757648442
11685,-0.015896251827346778,0.76272059557430838
11686,-0.016917915292475952,0.76365408625128139
11687,-0.013896765613890744,0.76073239685337279
11688,-0.015561951562735571,0.76101821983100248
11689,-0.015183556986712872,0.7605790383236557
11690,-0.016096988911562124,0.7604694065040345
11691,-0.013052073851510811,0.75477904790835615
11692,-0.017622863765814661,0.76137576925825545
11693,-0.01572856054118945,0.75358535260708615
11694,-0.012823524677142451,0.75754887772457191
11695,-0.014100026625342096,0.76013040141007948
11696,-0.01500363283200103,0.75815421034537356
11697,-0.01438616238294361,0.76062503132920534
11698,-0.015523641967566996,0.76069357636477886
11699,-0.014179809112189233,0.75627085389773274
11700,-0.015953391038785413,0.76022382446444214
11701,-0.013943417082070456,0.75460069757639336
11702,-0.01427725413624065,0.75906496114733557
11703,-0.01302062338301193,0.75819442098231249
11704,-0.017049773965029099,0.75866301434535832
11705,-0.015809411621044274,0.75728596740559806
11706,-0.013371005983535172,0.76232820937626533
11707,-0.015477279600484437,0.76054013985662905
11708,-0.017319605957570358,0.7624741737287577
11709,-0.01499716649537495,0.76056899044384618
11710,-0.012732897057487364,0.7539250844082801
11711,-0.011924018787121158,0.75739264403469819
11712,-0.015389988569631087,0.75900659702416506
11713,-0.016262755215005413,0.75811605759848089
11714,-0.01541226394714473,0.76149512361284588
11715,-0.016063302930994026,0.76605949601125767
11716,-0.015222286448674247,0.76318499075664192
11717,-0.017135191733232694,0.75478623644475928
11718,-0.017282872638465209,0.75913385708956593
11719,-0.015550195310205094,0.76005109814458016
11720,-0.014538682548843619,0.76132378849428639
11721,-0.01706628525355245,0.76020067313981854
11722,-0.015187431154860292,0.75101045039450121
11723,-0.016003806695412848,0.75841008140815891
11724,-0.018661810158846152,0.75331444755204369
11725,-0.01651836587541608,0.7580990647447452
11726,-0.014618054544981994,0.75839883691079601
11727,-0.01637833286575887,0.75407283236124634
11728,-0.013357190416028383,0.75881251829268415
11729,-0.014622231568915456,0.75776168764937246
11730,-0.014960658217839172,0.75972903920570867
11731,-0.016893327570989172,0.75431868750031561
11732,-0.016331504381130523,0.76120106173684532
11733,-0.017050370793814898,0.75840506898275573
11734,-0.015775926831728911,0.76583467760755497
11735,-0.016212474391400014,0.75990486455198747
11736,-0.016315172285899099,0.75960326249471799
11737,-0.017889790779266605,0.76401144158255252
11738,-0.015000715403718123,0.76010320606276327
11739,-0.016041165973034816,0.76033817069052967
11740,-0.014842848358049783,0.76411947033073635
11741,-0.015575113166140993,0.75596389994701485
11742,-0.015686880967941484,0.76036889948446318
11743,-0.015190924167317774,0.75836642788345499
11744,-0.014097584929198307,0.75593797222197534
11745,-0.016434303920777119,0.76101310438608238
11746,-0.01580855443264265,0.75796656909273941
11747,-0.015087970913037372,0.75559021024830963
11748,-0.014443247138291759,0.75963320323028249
11749,-0.013525775008203353,0.75832337628190127
11750,-0.015086515719696415,0.75767034267552469
11751,-0.011069019493149857,0.75717080162252659
11752,-0.016202620464664554,0.75962405269114996
11753,-0.016411007739738824,0.76249386809118469
11754,-0.015954983147440066,0.75909003022531718
11755,-0.016436808550605971,0.76369384770194404
11756,-0.015576425209220769,0.75992063215542593
11757,-0.013199901961226675,0.75773345211973053
11758,-0.015429620621092245,0.76138116744252982
11759,-0.015131986491151521,0.75573529584707089
11760,-0.015941999904640909,0.75637138249816049
11761,-0.015780708788038573,0.75713371302461041
11762,-0.01673802527545638,0.76352025410002877
11763,-0.015867919359913912,0.76125637503190946
11764,-0.015409906386264062,0.75688564974224393
11765,-0.014947165063050289,0.75927713163718025
11766,-0.014841917475557399,0.75406926548749231
11767,-0.014332909305561732,0.75957993249100764
11768,-0.015799645484162621,0.76014384628227161
11769,-0.015508278319719421,0.76435265591368251
11770,-0.011666470107846147,0.76106663747707959
11771,-0.016163688440634236,0.76082404784162827
11772,-0.016406072074680124,0.75605785719793694
11773,-0.014147738066389338,0.76107063200786051
11774,-0.014607125584715929,0.76086207820306162
11775,-0.014812434845198535,0.76297702986923999
11776,-0.01704303562881963,0.75725931273697322
11777,-0.016158896415655759,0.75965099068472652
11778,-0.014671876471203974,0.76421597302498967
11779,-0.015154665579342311,0.76057062620415505
11780,-0.016900578913984013,0.76123152710325415
11781,-0.016765353181663258,0.76208758289575829
11782,-0.014457429271955981,0.75652342351386792
11783,-0.013811808647458226,0.7599633512699232
11784,-0.012046272959901745,0.75918890431967534
11785,-0.013792252652270146,0.76222166279885706
11786,-0.015987604995253014,0.76031366143649204
11787,-0.013182119229085801,0.76051832923428464
11788,-0.01155764265731927,0.75524677299681242
11789,-0.01620235643375639,0.75546179084991039
11790,-0.015527246781407834,0.75841515583207941
11791,-0.012781848396001503,0.76324158235146977
11792,-0.013852760496871338,0.76169229720316167
11793,-0.016955095407856939,0.76093282521972505
11794,-0.014288371744101143,0.75682066620420441
11795,-0.016009714317026386,0.75699364575886929
11796,-0.016764809715176743,0.7617058665494072
11797,-0.017381069871390369,0.76368642637662654
11798,-0.015632908484363661,0.76394039473767783
11799,-0.013762332899963304,0.75751079757873374
11800,-0.016410854699836365,0.75394917181908572
11801,-0.014212635469097606,0.76010618971802868
11802,-0.0149531481570906,0.75750386920557933
11803,-0.01105509311049036,0.75594750011490874
11804,-0.013854905470313462,0.75107122830417705
11805,-0.016901699161583884,0.75799759721196724
11806,-0.01500518153871918,0.76286405249274092
11807,-0.016047280244766857,0.75593781249691405
11808,-0.01794954346448064,0.76001926356073712
11809,-0.016863410220774477,0.76390507759295001
11810,-0.01403780564422653,0.75633462532175
11811,-0.016372667940990689,0.76315674026695091
11812,-0.014441932089923545,0.7589416234914893
11813,-0.014079513308976065,0.7592125826700723
11814,-0.014400369676102923,0.75310468712252976
11815,-0.015047835392859496,0.75943911159742716
11816,-0.014459552438489497,0.760943667701386
11817,-0.01397922007335339,0.75380232855323459
11818,-0.016971645478942168,0.76045311571194951
11819,-0.013819249420343264,0.75602236125007904
11820,-0.013344207340661284,0.75667675524919575
11821,-0.015084896727738436,0.76261870161740564
11822,-0.01645470596567588,0.76051767552884153
11823,-0.014998431242436829,0.76100720766671359
11824,-0.014059277338526441,0.76019374492862368
11825,-0.018291012450463485,0.75810789447694316
11826,-0.015816117626391873,0.76258850047741844
11827,-0.016363287023916616,0.76122382277558109
11828,-0.016266817090995544,0.76036038691881824
11829,-0.014364733181317637,0.75691104056020109
11830,-0.015668567453188779,0.75964452511815872
11831,-0.015056444354923031,0.76487218308011462
11832,-0.014133343657243762,0.76240091146655808
11833,-0.014127103620081301,0.76018404053559574
11834,-0.012707188836007931,0.76000406521078112
11835,-0.014358523068975164,0.75981435286364807
11836,-0.014550957690303051,0.76189102719600743
11837,-0.017772476294460007,0.76089907430137671
11838,-0.013135737988547003,0.76050707132280171
11839,-0.018189281761694466,0.76121903031614291
11840,-0.015208363813023146,0.75774773288124164
11841,-0.017138316129703381,0.75649034338266441
11842,-0.014395368538372779,0.7639758865967663
11843,-0.014560285087877796,0.76242082917227549
11844,-0.013460704747816413,0.76054123187385791
11845,-0.012874698812331511,0.7560703921672467
11846,-0.015904157980618436,0.76629580118294915
11847,-0.012858603851150839,0.76206169489822262
11848,-0.016951743897541872,0.75766870722145951
11849,-0.015236217588955875,0.75555407347835812
11850,-0.015630823692317553,0.75754763786995183
11851,-0.015270728176497128,0.76039229068691039
11852,-0.016632763120050117,0.75995091737632736
11853,-0.016624831623349236,0.75975010485810257
11854,-0.016352142572586163,0.7601166032482265
11855,-0.014908222056134535,0.76166896792132532
11856,-0.012976345122274198,0.75716333803931413
11857,-0.014648533382162123,0.75615184096094135
11858,-0.016453894827950725,0.7569493264010444
11859,-0.015170603399425326,0.75911048220793909
11860,-0.016938913288099166,0.76212120075854883
11861,-0.016047477187872833,0.75902295657585239
11862,-0.016010925746333469,0.76173031052895213
11863,-0.01306394585153982,0.75873843561115528
11864,-0.015595515136678952,0.75800394333741061
11865,-0.012685022729875945,0.75580138978544964
11866,-0.014520893452873695,0.76205424198356264
11867,-0.015372982625452771,0.76216990017029218
11868,-0.015081258047845131,0.75690372849240917
11869,-0.01605802990329535,0.76086462657846954
11870,-0.016749261943621713,0.75745095984074595
11871,-0.017112024794151602,0.76012425402060446
11872,-0.014195193240755792,0.76392604495833272
11873,-0.013813200264429271,0.75892060308831166
11874,-0.015144296381589461,0.76299003890876604
11875,-0.012360187307842793,0.75524834582888101
11876,-0.015612607903655044,0.7639765581948913
11877,-0.016030423373740894,0.75852826501507531
11878,-0.015695084041174433,0.76058355422834922
11879,-0.013208932909518085,0.7593447484810355
11880,-0.014252200103687463,0.75759554252202999
11881,-0.01587814415021124,0.75787964027218735
11882,-0.015932159066995921,0.75688629047253986
11883,-0.016026246509479165,0.76357838119464583
11884,-0.012389504801195972,0.75962518385261701
11885,-0.014922991384230654,0.75867609839998673
11886,-0.013528850697860735,0.763693005687341
11887,-0.016285582928458324,0.75749464184437099
11888,-0.01447709626829264,0.75597469248207194
11889,-0.014261738060750612,0.75688834820028617
11890,-0.0147097767429916,0.75627916656343952
11891,-0.017509419688280042,0.76539516159909249
11892,-0.01605153874196201,0.76027773813943444
11893,-0.012647427634040006,0.76009446581440887
11894,-0.016269565812885533,0.76003142069250373
11895,-0.014330624162887395,0.75604407615924329
11896,-0.015036928084941016,0.75632801495118684
11897,-0.014919410749482612,0.75789343385381736
11898,-0.015821740487589067,0.75786166707180769
11899,-0.016804414728360494,0.76254711346508386
11900,-0.012742076272808912,0.76073398478145204
11901,-0.017204049324215504,0.75908317978129469
11902,-0.012512496369486613,0.76077129520987774
11903,-0.013363430961659822,0.75730960300774641
11904,-0.016254786850675398,0.7627354258098491
11905,-0.013679768981856388,0.75988736568218762
11906,-0.015843276459782035,0.75809764190579454
11907,-0.015341741465356936,0.7578510968414407
11908,-0.01646264539243765,0.76304587922549427
11909,-0.017133706381852291,0.75774751253791772
11910,-0.017010392234097498,0.7539778322389461
11911,-0.014358041878923805,0.75918955255602594
11912,-0.014900135755262294,0.76827469633402534
11913,-0.014812958818253423,0.75991775204620682
11914,-0.015634953023021762,0.75665295074865624
11915,-0.015330477534617495,0.75657364147279427
11916,-0.014450055891403579,0.7625740312497753
11917,-0.015990126704018129,0.7635195790207866
11918,-0.016088340123589472,0.76280196889063967
11919,-0.016308737900911252,0.75803377896629776
11920,-0.015698467483105286,0.75783440273329439
11921,-0.015822625839380988,0.7633716124177824
11922,-0.013481722980752037,0.7505676508444461
11923,-0.015325314658715249,0.75871995717570961
11924,-0.015345053295167105,0.76158542442504107
11925,-0.016565438178786536,0.76066482895435639
11926,-0.013945619565995814,0.75854588661710032
11927,-0.014704604781026019,0.76471968997473994
11928,-0.014766682702616933,0.75702618698415347
11929,-0.013207324698418328,0.75528251592213291
11930,-0.016349865676351272,0.75998238254788009
11931,-0.012158872992767371,0.75856892051154412
11932,-0.013674744551526164,0.76576870257604102
11933,-0.015212405452572214,0.75965702587522388
11934,-0.014967739002704688,0.7475133645644948
11935,-0.015812356551598055,0.75567572763726532
11936,-0.011526491057302597,0.75694007711251809
11937,-0.013166048463426653,0.75437187773025416
11938,-0.015318132922108761,0.75809886174876018
11939,-0.017142174968828201,0.76306033909239757
11940,-0.014071437546501812,0.7561576963813178
11941,-0.015716383415203379,0.76133327838938081
11942,-0.016180056668660715,0.7621367962731922
11943,-0.016063754991299729,0.76115613549263761
11944,-0.013599164312467748,0.76021443424572088
11945,-0.01348952126743159,0.75579701635730889
11946,-0.016953756732327754,0.76444089476259991
11947,-0.014581506395893401,0.75064614666226315
11948,-0.017032865670923235,0.75708194548822083
11949,-0.014999444951347574,0.76131900755711146
11950,-0.014370431630388009,0.76281829235923704
11951,-0.017117993162797409,0.76126650515549854
11952,-0.01500055215879212,0.75186524356963103
11953,-0.015685154718350164,0.75902352649612292
11954,-0.015231187179610119,0.7626486828564395
11955,-0.015831344835177442,0.76331983298536688
11956,-0.014118604180863437,0.76224238367224773
11957,-0.016599549094585171,0.75898504374576004
11958,-0.013989491972396965,0.75574150073834512
11959,-0.015975587832250733,0.76052000031992939
11960,-0.014471130472110219,0.7594793294857759
11961,-0.012991339601276939,0.76014299020517606
11962,-0.015190254318806577,0.75917320530558519
11963,-0.015998597815588149,0.75781541763949201
11964,-0.015938006042857673,0.75580881468710814
11965,-0.015183643911291261,0.75523304127767199
11966,-0.016719882182389602,0.7619057731798653
11967,-0.018575208777317481,0.76162377719430496
11968,-0.01668726834845824,0.75852944105305398
11969,-0.016358152374122317,0.75375286028358213
11970,-0.014890499786071158,0.75780637598613143
11971,-0.015911276589475602,0.75912399743355818
11972,-0.016171643078279743,0.76226787269594087
11973,-0.014207851653020362,0.75811547865318885
11974,-0.015100911181292387,0.76052059748410639
11975,-0.016976765601566676,0.75417074021343777
11976,-0.015790901409522103,0.76446596677843526
11977,-0.014159465108071716,0.75760557032744391
11978,-0.016043857519517653,0.76202746388243481
11979,-0.012475745427380567,0.76139201851325478
11980,-0.015120830167798241,0.75527623012153045
11981,-0.014202340283836993,0.75802504080399924
11982,-0.016994288982113852,0.76434751933997835
11983,-0.015102041700818481,0.76367021569724292
11984,-0.012921361529210851,0.76366959283972868
11985,-0.016143088173787401,0.75718533123187792
11986,-0.012890903949170395,0.75939590601083062
11987,-0.015783437232305943,0.76245641111552886
11988,-0.014464023131200399,0.76613905478871702
11989,-0.01622301211816194,0.75770339158652933
11990,-0.015566552577974771,0.75224708081756342
11991,-0.011458425862703915,0.75858499286829062
11992,-0.013207330411581971,0.76075412047353297
11993,-0.016338954570026275,0.76157884871637493
11994,-0.015200474521443604,0.75496892434147889
11995,-0.015821230393631647,0.75545291600226261
11996,-0.01542977641177383,0.75670017647875687
11997,-0.017238930450537392,0.76241029690998496
11998,-0.016740453201134452,0.75807698466812179
11999,-0.014206329489313042,0.75820013587007973
12000,-0.017857624259046929,0.75969522988666194
12001,-0.017276632471479869,0.76126397319767813
12002,-0.014795558174227084,0.75764396242304632
12003,-0.015987077415163108,0.76438317445244297
12004,-0.011768579478994678,0.75714723464816414
12005,-0.013418210096907841,0.75380342293667135
12006,-0.015366209877012701,0.76634687834838133
12007,-0.017899619611400117,0.76128486853813182
12008,-0.016043349106930876,0.76177665783427273
12009,-0.014471721809269996,0.76020584702884664
12010,-0.014790716865285491,0.75988879775059581
12011,-0.014367145734206294,0.75438110241291756
12012,-0.015403396760557167,0.75839075589804761
12013,-0.014769786592183231,0.76394511450682367
12014,-0.015991235887063821,0.76003814170345485
12015,-0.014674939570950452,0.76196955288925716
12016,-0.013335570765343233,0.75111038066220326
12017,-0.014034368880201461,0.75570429369976466
12018,-0.013580705585284462,0.75529958906125994
12019,-0.014769499815223379,0.75298734113029187
12020,-0.014775894197475006,0.75602527920400997
12021,-0.017233086598329991,0.76032332975549399
12022,-0.01432300516629172,0.76087185980700944
12023,-0.013145415749090585,0.75767591730145734
12024,-0.014457450664758301,0.76457286039964401
12025,-0.015904609831597166,0.75716555226304272
12026,-0.013882846124940597,0.76214540565190847
12027,-0.015228681928653764,0.7583883337132824
12028,-0.016624518380367742,0.76094593433997149
12029,-0.016965884966195988,0.75881438047391547
12030,-0.013830792634135279,0.75618277302377734
12031,-0.015152259402615451,0.75621523983495653
12032,-0.015539680650096947,0.75944043411405937
12033,-0.011931045750957155,0.75479444448535404
12034,-0.016950437356196554,0.7616144742711497
12035,-0.015980366674022708,0.76130057929918737
12036,-0.012672870320698837,0.76154661829652925
12037,-0.017543995013699243,0.75998392601050113
12038,-0.017493080179228689,0.75816613314647741
12039,-0.016275353527642707,0.75729658383762244
12040,-0.014751064840415837,0.75555955929785812
12041,-0.01689887895273175,0.76225101346023771
12042,-0.016720646347103491,0.76294696062692791
12043,-0.012159383020115388,0.76181503976328335
12044,-0.014972120970848907,0.76474718485337601
12045,-0.016174978521428983,0.75802551683348474
12046,-0.015456986575535112,0.75561530787448972
12047,-0.013161707383857709,0.75657572839421994
12048,-0.014714347091874141,0.7570517283071575
12049,-0.014921018055057581,0.7625182377167794
12050,-0.015964162090278358,0.75606968021247489
12051,-0.01411437711890599,0.76487535559935593
12052,-0.014243121138347746,0.7620225395906578
12053,-0.01490244363543633,0.7624238842246206
12054,-0.01321175835555867,0.75611226477488946
12055,-0.017200753102516904,0.76132615934187076
12056,-0.015653093784752548,0.76208571348472631
12057,-0.01746960158738077,0.75553558506256535
12058,-0.014091002430458474,0.76428275814886792
12059,-0.016411986127754581,0.75909411092351975
12060,-0.01707154577884186,0.76188641732550511
12061,-0.015709732098684256,0.762405714215458
12062,-0.016197934178807594,0.75888782122261089
12063,-0.015322256524450125,0.76314663624666101
12064,-0.016015918023487521,0.76065011574799501
12065,-0.015032369932807162,0.75848260517008714
12066,-0.014813460897345265,0.75540948667774488
12067,-0.0156399702361259,0.76208769659141151
12068,-0.01595710535804637,0.76158259835080377
12069,-0.013749721744896191,0.76347065803905823
12070,-0.014719842823322638,0.7582029165938402
12071,-0.012814033893988956,0.75840793835161968
12072,-0.015468777677527861,0.76196333851235154
12073,-0.013349389130367914,0.75853979370211233
12074,-0.0162232165468006,0.7550632463456658
12075,-0.015230789766456176,0.7567504703408513
12076,-0.016339953844796497,0.75722831428196458
12077,-0.016030837340463643,0.75782953111017071
12078,-0.016122052536027661,0.76600366364477579
12079,-0.01528369557430473,0.75927239701135019
12080,-0.013209925664023691,0.75189973306967828
12081,-0.015295810584726928,0.76035580456633356
12082,-0.015603879870886808,0.76355159801512495
12083,-0.012117766242592601,0.75605331884174942
12084,-0.014633306714897718,0.75921849620508342
12085,-0.016553164927790888,0.75916599562080522
12086,-0.018510582659294901,0.76264100616418129
12087,-0.015629445397041496,0.76328305711654587
12088,-0.016656690749267709,0.75399579982211928
12089,-0.016506731413947012,0.76282631610252616
12090,-0.014749230063984818,0.75747684989610908
12091,-0.016855488356967145,0.75834261209083642
12092,-0.01446508804389106,0.76126713506351029
12093,-0.015992334955458071,0.7619826436136331
12094,-0.015780844917649736,0.76645118170104976
12095,-0.015363880539995321,0.75598925385286686
12096,-0.014843112174828274,0.76183719160533503
12097,-0.014759569123251976,0.75627317468204924
12098,-0.014076545209222304,0.75953589084623496
12099,-0.014755776680314079,0.75474013654301497
12100,-0.016761664432842147,0.76523965486890355
12101,-0.01516330301259327,0.75799090933493207
12102,-0.015847941589002747,0.76129267451258797
12103,-0.014400851711315499,0.75892231448831227
12104,-0.016628686923289518,0.76201181429277187
12105,-0.015779072639388179,0.76017378793639434
12106,-0.017142756344246998,0.75991058497076991
12107,-0.013232229098316327,0.76012915382880364
12108,-0.014924522333979534,0.76140477509534743
12109,-0.01311441088242022,0.76326915431270714
12110,-0.016222476952836989,0.7532326701103037
12111,-0.01541466552841473,0.76155783560926305
12112,-0.01127027498918407,0.75914370033024792
12113,-0.017484827623048718,0.75872460796996788
12114,-0.01599879029308196,0.75320436250659872
12115,-0.015779775017354992,0.7596764767273918
12116,-0.015595969933966542,0.76125471050851001
12117,-0.014946614517125855,0.75851136690180276
12118,-0.015381991381438288,0.75993282250687455
12119,-0.014868189592797046,0.7608421091547285
12120,-0.014395426518857777,0.76060662550225333
12121,-0.012384486323877439,0.75742334665469568
12122,-0.016218648519765837,0.7628001594894751
12123,-0.016148529538047927,0.7650473179460997
12124,-0.014499941031031473,0.75705228033435124
12125,-0.015708466192608832,0.75963286884004777
12126,-0.014993869911944051,0.75918920021761371
12127,-0.014087390793957105,0.76048812423564338
12128,-0.018469462220239354,0.76164759164217799
12129,-0.017534507670964664,0.76217195599333376
12130,-0.014118788742866054,0.76114893663787775
12131,-0.014890135892788937,0.76220435429085032
12132,-0.015805921091960252,0.76142399560925844
12133,-0.014183545227724331,0.75645729122215943
12134,-0.015139948750806572,0.75386288127726819
12135,-0.017332942970551032,0.75655773176657837
12136,-0.012531025143730182,0.75615283919013077
12137,-0.015002768417649085,0.75992850072520679
12138,-0.012595242685518772,0.76434174865826943
12139,-0.016612948565144774,0.75608046561676756
12140,-0.014596530619759967,0.75912882979061636
12141,-0.013370296137919504,0.76226060739220436
12142,-0.016505219229983312,0.7592743613834273
12143,-0.014041006815927497,0.76121312229829952
12144,-0.013740145792204072,0.76213819761450607
12145,-0.013905229051348476,0.76327282919390449
12146,-0.016558241338914849,0.76090343998276244
12147,-0.014172509711357393,0.7630826487878245
12148,-0.01720587446453269,0.76001322487799972
12149,-0.015989819939761379,0.76370433497278434
12150,-0.014882254970938747,0.75839244149988305
12151,-0.015375271086967204,0.75982268458911228
12152,-0.015998085948656982,0.76324026710568171
12153,-0.015537766028958181,0.76120047906870347
12154,-0.012999702173690626,0.75509277592816415
12155,-0.014064761388214501,0.76023905728370822
12156,-0.015707908862946721,0.761667062118489
12157,-0.016951743897541872,0.75766870722145951
12158,-0.015061229502886174,0.76096657897688635
12159,-0.01517114346013812,0.76058713065089767
12160,-0.014542659970280309,0.76338084471825729
12161,-0.014938544060249477,0.75943686271270983
12162,-0.015629353867429818,0.75811172764391899
12163,-0.015518462807479233,0.76008899800548091
12164,-0.01593234897704535,0.754381230923588
12165,-0.011934088719884104,0.75198628876134632
12166,-0.015534106259151774,0.75589532671402293
12167,-0.016721216676285559,0.75821929596224413
12168,-0.012811581807622027,0.75406314454812162
12169,-0.014332975458249507,0.76316140935216936
12170,-0.01633881252710058,0.75310412983458919
12171,-0.016206959408188594,0.76243760770570568
12172,-0.015218376887381022,0.75086759152262972
12173,-0.015321305771170838,0.75456441984869982
12174,-0.016303906653703768,0.75626778978975284
12175,-0.018308856246089796,0.75737668726356511
12176,-0.015232059598788634,0.75976325742646689
12177,-0.015211596881313749,0.7615887343343869
12178,-0.016381293517206366,0.7648087547965049
12179,-0.015105099358743126,0.76133640088782284
12180,-0.01349766358303185,0.76212431176513973
12181,-0.014343184627792516,0.75698092654473403
12182,-0.014788365517352138,0.75715184712619754
12183,-0.01565633375718371,0.76147580793765535
12184,-0.017310695085489138,0.75479380513942362
12185,-0.015283020263242597,0.76070891466741297
12186,-0.016431842018930096,0.75135042587434109
12187,-0.014171262970024598,0.75981961796259856
12188,-0.015105274095791288,0.75207599489128729
12189,-0.01773206765760376,0.76064267603136082
12190,-0.01537345325347427,0.75547227612317414
12191,-0.016754935500243907,0.76344301234554601
12192,-0.017964052291016133,0.7595117671155881
12193,-0.015325396192851138,0.75878660927781505
12194,-0.014468378746489721,0.76190756985643115
12195,-0.016115232073467649,0.75841232516172208
12196,-0.014697028832611566,0.76001290099152741
12197,-0.015993366971614145,0.75536595727687472
12198,-0.016064416444733297,0.75779221458972967
12199,-0.0146899253608688,0.75800539567147063
12200,-0.012920886258915985,0.75317241481384989
12201,-0.016593167552536821,0.76350399578807249
12202,-0.013906404631262663,0.75723119086624913
12203,-0.017288551776943436,0.75514497398949032
12204,-0.01634272264355845,0.75945002894459079
12205,-0.014726344243497787,0.75979651942146453
12206,-0.014321589655389853,0.75633776720886803
12207,-0.014000582486613691,0.75978089502695012
12208,-0.016067713394139392,0.75682301010281583
12209,-0.016606332601601218,0.76321536314994931
12210,-0.013068487385409271,0.76107049107184299
12211,-0.014055878861601265,0.76252685710675694
12212,-0.014321817590373978,0.76336869745803548
12213,-0.016169750027883359,0.75827344811837694
12214,-0.015955273647821247,0.75499092187739891
12215,-0.014644060319477433,0.75928942742982353
12216,-0.014361308741669737,0.76116469856024571
12217,-0.014766324985076068,0.75788780237831743
12218,-0.014101526640361082,0.76135270936089749
12219,-0.013918518276232521,0.76120844641692509
12220,-0.015209596748320028,0.76303985734349034
12221,-0.016965276468850782,0.76321092223972831
12222,-0.016629103952126096,0.7603964933511097
12223,-0.01612166997934179,0.75850221819523844
12224,-0.013963866810010332,0.75206939315608756
12225,-0.016393206595748264,0.76199810863515616
12226,-0.016586599972707852,0.75582171707502066
12227,-0.015581357064186568,0.75905729292155588
12228,-0.01499367986621891,0.75828268980260038
12229,-0.015900641944706133,0.76573928731780216
12230,-0.013265544833298505,0.76406896877578157
12231,-0.015671287771691168,0.75968072143201393
12232,-0.012678492461640616,0.7622615170845003
12233,-0.014725592913396691,0.76348534233553911
12234,-0.013835530199205342,0.75526065421025501
12235,-0.016651668645852762,0.75738873225690828
12236,-0.014353258395256127,0.75496880921906018
12237,-0.016221537815195329,0.75889980974310189
12238,-0.013663955983510456,0.75774881951465323
12239,-0.016105215096907943,0.76336086699236372
12240,-0.015918933166221196,0.76070650664482231
12241,-0.014539677076062399,0.76060450112937017
12242,-0.016822622539436081,0.76090691764790075
12243,-0.014382033382251469,0.76226758733065758
12244,-0.013327914210639604,0.76150044535025374
12245,-0.016093572259171289,0.75683211792794347
12246,-0.015810432541357465,0.76372199915978334
12247,-0.016262755215005413,0.75811605759848089
12248,-0.016804934422582837,0.76259232689517342
12249,-0.011689846195500876,0.75743648857288615
12250,-0.015603259346102731,0.75962929058756712
12251,-0.016836359986193296,0.76086715145642725
12252,-0.012319693819536816,0.75325033124314189
12253,-0.017991879669569184,0.76299349956949081
12254,-0.01319709754704705,0.76216459098318057
12255,-0.015366413075750512,0.75773165559485323
12256,-0.01522169721359478,0.75620526157224288
12257,-0.013686067163075084,0.76246333649749842
12258,-0.017473902539583794,0.76088931896256473
12259,-0.016199859290525913,0.75821468510686063
12260,-0.01398073779161624,0.75430754689328339
12261,-0.017258490822303886,0.7579207636186549
12262,-0.010594061958439618,0.7593028810138529
12263,-0.016176363529395797,0.75486874305230411
12264,-0.012301185336420105,0.763377941361435
12265,-0.015151122195608588,0.75695655390792715
12266,-0.013798780545430869,0.75560723070016478
12267,-0.015977910950403927,0.75989562339861694
12268,-0.014148104250520195,0.76284434646354904
12269,-0.015881956098392179,0.75895626741229827
12270,-0.016246692161103388,0.76210378386486288
12271,-0.014145642112221394,0.75956022649888999
12272,-0.014212035203761615,0.75929811320988194
12273,-0.015758031456759206,0.76144857316776815
12274,-0.011628076279313152,0.75397789939398052
12275,-0.016560541061352473,0.75707863983638202
12276,-0.015300861016203924,0.76255464313301158
12277,-0.013690217992452458,0.75625424972008415
12278,-0.01511301227935997,0.76129324350520855
12279,-0.016637690843498192,0.76134418494521972
12280,-0.015019949208207721,0.76182974499852552
12281,-0.017065479213170379,0.76149412909630565
12282,-0.016378267944591018,0.76132066654249131
12283,-0.01567562677651262,0.76068252578714035
12284,-0.01615922408001564,0.75943740924431946
12285,-0.013994782325445635,0.75689262977734262
12286,-0.015280014971058213,0.75585707127923274
12287,-0.014790978036116106,0.76134473000957237
12288,-0.016524565244983976,0.76683820452896023
12289,-0.016993641093962994,0.76117628478862709
12290,-0.015757416360520242,0.76248671597095419
12291,-0.01552263491727647,0.76383736111756073
12292,-0.013965946296099074,0.75510047961263016
12293,-0.013616214027198852,0.75454644169581697
12294,-0.016446363096139224,0.75759398046491722
12295,-0.014566272098324683,0.76619604113510664
12296,-0.01499646429772592,0.75878525261791829
12297,-0.01435007021251479,0.75849625910135132
12298,-0.017106522650438698,0.7584947937559503
12299,-0.015208735923148494,0.76069650270643807
12300,-0.013306298787302469,0.76284096080067354
12301,-0.016677740897387591,0.76124206407884309
12302,-0.014684282086624759,0.75896001329191642
12303,-0.013389661338537423,0.75888028957276132
12304,-0.014904600100247545,0.76531864515894743
12305,-0.016257618587316388,0.76546153337340272
12306,-0.016351214409984209,0.75783725917292455
12307,-0.013697675024837652,0.75119113004734883
12308,-0.015807411032107355,0.76125496436856233
12309,-0.013832497512499008,0.75663459964576274
12310,-0.015679502893789547,0.75231098977215793
12311,-0.015451304838937592,0.75412179694743497
12312,-0.013920376784195726,0.76105562151269568
12313,-0.01742270046589911,0.75760958261772537
12314,-0.017039080146267423,0.76200310237080848
12315,-0.017868751756485678,0.76180470562473057
12316,-0.016751979095934053,0.76065794681620991
12317,-0.015145238196751174,0.76267166660824326
12318,-0.014031293143383368,0.76050445488183249
12319,-0.014578908814127474,0.76074454629688892
12320,-0.015337987870069993,0.76130205876032508
12321,-0.015754442178107585,0.7635443769353093
12322,-0.015848523633706674,0.76180475116586299
12323,-0.013269157358356494,0.75943698654188385
12324,-0.012298839326568558,0.76207997863287336
12325,-0.015414623863424813,0.761699378526976
12326,-0.017023798876461688,0.76273386873254556
12327,-0.015484650170065463,0.76225598289917362
12328,-0.01722880171132567,0.75732487617880795
12329,-0.01374374647601373,0.75883651054646206
12330,-0.016245810811817665,0.75753078347237179
12331,-0.014840376534740877,0.76286657646595091
12332,-0.014264623272136097,0.75432243998973136
12333,-0.01512371572042494,0.75715740745644722
12334,-0.015588596881676775,0.76180363912274673
12335,-0.014696977616329676,0.75958328310644974
12336,-0.017723903507282725,0.75933371379148795
12337,-0.016719736370179816,0.76380023627849813
12338,-0.016621129973165439,0.75990001818495034
12339,-0.015463310082384728,0.76332743265133285
12340,-0.014397315088317727,0.75870537554491824
12341,-0.0165925965091572,0.75546275926774242
12342,-0.01550180919700549,0.75802079689434154
12343,-0.014173563366230886,0.76221267334005549
12344,-0.017402603439386904,0.76266527561349995
12345,-0.015473291159664389,0.76230041354988498
12346,-0.01659130110697702,0.75890274250779377
12347,-0.015684101932279038,0.75622895010764035
12348,-0.015054495520340844,0.75988037201092062
12349,-0.01559110918586498,0.7590484467733849
12350,-0.014486035749985112,0.75701523407268712
12351,-0.015683413929372385,0.75374683173787593
12352,-0.015315617129657141,0.76597315556753276
12353,-0.015855720163478776,0.75758587344115402
12354,-0.015295899718290403,0.7561604593533251
12355,-0.017246037469482497,0.75825502147283708
12356,-0.015947605955515885,0.76133357749529718
12357,-0.015714341954308111,0.76275665548823524
12358,-0.014882231624529764,0.75032365748650076
12359,-0.016298124809172601,0.76092905784292475
12360,-0.015438772670406274,0.75412181975878312
12361,-0.016488549610541435,0.75397412243118778
12362,-0.011999292539178696,0.75284948925059714
12363,-0.01607322374838082,0.75703707691911293
12364,-0.015235247557299143,0.76153618524738087
12365,-0.015435845535319074,0.75780794087491565
12366,-0.013860852209869479,0.75968556429535972
12367,-0.01362007515650487,0.75816236873600562
12368,-0.015166442976584654,0.75828245295859154
12369,-0.015485199937626084,0.76148387623464675
12370,-0.01565463599932226,0.75914609221622964
12371,-0.011823104820366687,0.75730589893717226
12372,-0.015824205971177084,0.75482999571606557
12373,-0.017068253520209093,0.7626088587839398
12374,-0.013135690300363056,0.76557473137902599
12375,-0.016367373641634875,0.7567958272400771
12376,-0.013214785735027977,0.7588196227873889
12377,-0.014716967717681616,0.76072906955516839
12378,-0.015958138479823136,0.75857863454800356
12379,-0.014409258866817511,0.75499498053032521
12380,-0.016105230649716071,0.76319064745362875
12381,-0.015116847732946746,0.75860703269518515
12382,-0.01588830162841327,0.76196946637127594
12383,-0.015069903155293779,0.75504920669679032
12384,-0.016115830886276987,0.75819025414910912
12385,-0.014902207329801622,0.7635856273118371
12386,-0.016056732238755731,0.75951862812812043
12387,-0.016423236189562554,0.75981958095592406
12388,-0.01617349943631094,0.7587995827986147
12389,-0.012785855320119773,0.76137131547159942
12390,-0.014441479331256153,0.75419110031577774
12391,-0.011681668583405566,0.75947232143626076
12392,-0.014458456379309672,0.75510392600659837
12393,-0.016261860810580411,0.75926112957781544
12394,-0.01634030436386108,0.76001743491920815
12395,-0.014577958922124091,0.76084928134965457
12396,-0.015525715912471436,0.75273014687331063
12397,-0.014045846471423862,0.76093603348402494
12398,-0.015773380050262242,0.76292084231239909
12399,-0.015776953254776717,0.76257814783673872
12400,-0.017901154228739884,0.75869889265264923
12401,-0.016149485041353499,0.75824518491959292
12402,-0.015032080221402115,0.74890385580073093
12403,-0.017822352396214283,0.75889729575254439
12404,-0.01551181741921232,0.76032150857084191
12405,-0.015664911424556366,0.7602735001073766
12406,-0.014424308063373538,0.75280264695882282
12407,-0.015181817819283161,0.7592058773100665
12408,-0.017586603130803027,0.759214807553517
12409,-0.017147356174992481,0.76084915197049052
12410,-0.014243121138347746,0.7620225395906578
12411,-0.014405262883845419,0.75678286627099611
12412,-0.016854727254193364,0.75724701865518762
12413,-0.015561712023019572,0.75645412652848798
12414,-0.01687750869937427,0.75765104049601428
12415,-0.015019495958441547,0.76429777725078163
12416,-0.013137540392059541,0.7587351032446995
12417,-0.013716357267124866,0.74977801345402917
12418,-0.016289553612839923,0.75842837911955974
12419,-0.014142057721127274,0.76172878015428158
12420,-0.016222791527993309,0.76171484413110369
12421,-0.016492055281179391,0.75828104483748049
12422,-0.015212734605007308,0.75649793851237379
12423,-0.014551316588918594,0.76112592489491959
12424,-0.015272207250230563,0.75899209942181067
12425,-0.016018632290330587,0.7635156624632774
12426,-0.011990436276992868,0.75936721193962953
12427,-0.015449200865839828,0.757200318361957
12428,-0.014227613903890698,0.7567605945829895
12429,-0.013788673793572797,0.76143697897069607
12430,-0.014060110709940518,0.7568863809939762
12431,-0.016138417622720034,0.76443043054767845
12432,-0.015589849884780824,0.76474793819654929
12433,-0.01415591073818585,0.75617477650336562
12434,-0.014668112132793258,0.75839883541990394
12435,-0.014024966507335156,0.75833387108795647
12436,-0.013394682875700581,0.7586808052620172
12437,-0.015087887184686838,0.75386551286273906
12438,-0.014842861315232535,0.76299263957829833
12439,-0.014619386086115949,0.75901954039439712
12440,-0.014208924922827425,0.75472998241827216
12441,-0.011689734372739837,0.75983651208211223
12442,-0.015690840163223155,0.75912002888907648
12443,-0.016511165915453825,0.76060932651584379
12444,-0.014962865782959141,0.75866365498635857
12445,-0.016410872995349553,0.76044607093609118
12446,-0.015294271084723953,0.75850197733229219
12447,-0.012819857827098038,0.75845473803709096
12448,-0.013771129604396765,0.7616953528961361
12449,-0.013718412316573727,0.7607718310474445
12450,-0.014534217586479064,0.75371372841472606
12451,-0.013823784032877101,0.75779638966457941
12452,-0.01683699516435418,0.75750014447917291
12453,-0.013871512037087655,0.75952443273584347
12454,-0.0160779361948192,0.75973114617272863
12455,-0.015062820549383321,0.76210791238347708
12456,-0.015126776742682748,0.75987825819941213
12457,-0.013646555008078487,0.75940446570166376
12458,-0.016218746484396959,0.76212963421930657
12459,-0.014654038246916481,0.76020123933772932
12460,-0.015523648444082619,0.75877606953678478
12461,-0.015297444517332033,0.76093536722470079
12462,-0.01590887330753888,0.76274959644744267
12463,-0.016820249607717896,0.75806931803261179
12464,-0.015714831231493899,0.75732877294176737
12465,-0.016109475261084513,0.7610798224255455
12466,-0.015124949874820902,0.76087674545207018
12467,-0.015283439630911881,0.75966239690828929
12468,-0.016120432350556747,0.75963343531066685
12469,-0.016772665308013891,0.76681806110543449
12470,-0.017125178441740871,0.75719820776281554
12471,-0.01216998730872448,0.76355258010202864
12472,-0.017068302511971157,0.75123741854856918
12473,-0.015754573938404459,0.76088002144548583
12474,-0.0166848744004406,0.76262933981229275
12475,-0.014650981491791721,0.75898194855468393
12476,-0.015828595843767085,0.75948435447410267
12477,-0.012691134642061421,0.75813809138196731
12478,-0.013936499069988157,0.76096066088197045
12479,-0.017207984200753861,0.75986753010112629
12480,-0.014653647052741314,0.76291730597220131
12481,-0.015794550357187291,0.75788770139088724
12482,-0.017155155881999437,0.757969564319665
12483,-0.016767196828416819,0.75714401135762266
12484,-0.015526009708296684,0.76735983108174233
12485,-0.012682267660842707,0.76087837299874572
12486,-0.016691482480906843,0.76271385703505323
12487,-0.01542636224402685,0.75961200965216502
12488,-0.015711297115131112,0.76304801431817604
12489,-0.015344338108594324,0.76492830329244677
12490,-0.015959142245513099,0.76324196778284248
12491,-0.016111736649498404,0.76015557574320902
12492,-0.01228421481483883,0.75842471476786677
12493,-0.013370703113520498,0.76040465216526354
12494,-0.015497074780367137,0.76395620135868059
12495,-0.014060021102791793,0.75912334680239313
12496,-0.015738226833074388,0.75989213397113275
12497,-0.015944199668575215,0.75832891034402172
12498,-0.013771831484440666,0.75552908220555282
12499,-0.013274519461429974,0.75600842880275565
12500,-0.014123033622607594,0.76388307436542202
12501,-0.014384293008814471,0.76450166603610836
12502,-0.013649516540624107,0.75893618124570827
12503,-0.013941148998045348,0.7588208393916932
12504,-0.012614632782991866,0.75603882743197015
12505,-0.014011106146656118,0.75577049242514338
12506,-0.015307880417087199,0.75598501568886134
12507,-0.014513746829083195,0.74991993315780892
12508,-0.016475662435892081,0.7616265844765856
12509,-0.015235655062554938,0.75708860463500971
12510,-0.014671045544663169,0.76294360401953776
12511,-0.016133724983393227,0.75551962245274329
12512,-0.014988640768018185,0.76569440769378161
12513,-0.017575519600188841,0.76004585556337101
12514,-0.014122447537134474,0.76140995760514008
12515,-0.013783163326296021,0.76185559305318673
12516,-0.015231697743817304,0.76138021793797594
12517,-0.016471567332508208,0.75787232436412777
12518,-0.015621753692838762,0.76121776155016752
12519,-0.015091535054514833,0.76093786212393955
12520,-0.015822608002547853,0.75435780492200266
12521,-0.014241633180758557,0.76729045198231316
12522,-0.017021877540093738,0.76075773635058874
12523,-0.014401527013366408,0.75581160724134222
12524,-0.015885955810796167,0.76579770550814885
12525,-0.014301039157815457,0.76057668383618282
12526,-0.015740695952142933,0.75623537155761811
12527,-0.016120432350556747,0.75963343531066685
12528,-0.016445839467116363,0.75543000336850652
12529,-0.013537244838003977,0.74927290874569408
12530,-0.015301172010558937,0.76044890898882977
12531,-0.015197381762302713,0.75755505949032009
12532,-0.015401508147988505,0.76265683203770163
12533,-0.011503438403482523,0.76110546709322124
12534,-0.016103437893810399,0.75915833740508309
12535,-0.014274011888056931,0.76155123545573422
12536,-0.015855376567525198,0.76535246740194041
12537,-0.016816242814904202,0.76138526703480214
12538,-0.017098021357999864,0.75674827938099509
12539,-0.016028513960244108,0.76427387752610276
12540,-0.015154710483909258,0.76598900403076942
12541,-0.013943140170368051,0.76445534034898632
12542,-0.013306663550074378,0.75874414642470689
12543,-0.016220895513578134,0.76049550779531727
12544,-0.015733228054842119,0.75889522685203614
12545,-0.014028040173100427,0.75860273816285373
12546,-0.01425950163531447,0.7578219369163075
12547,-0.015063684325323725,0.75424503391724951
12548,-0.015517532527672066,0.76058839652169563
12549,-0.016363287023916616,0.76122382277558109
12550,-0.015448019863185596,0.75927570983890813
12551,-0.015580161012924821,0.76044757237602023
12552,-0.012827143473433705,0.75737534720812649
12553,-0.014252646342948032,0.75795643198253848
12554,-0.016888210509686495,0.7562831251732699
12555,-0.013927535975624364,0.75594509075432215
12556,-0.016310661244702158,0.7545072145142373
12557,-0.016291184050601697,0.75916885012202806
12558,-0.0166580804215361,0.76182763232591377
12559,-0.016352850626078802,0.75760049142805241
12560,-0.015556879900325706,0.76383977977890782
12561,-0.01788758488803786,0.7571059999066202
12562,-0.014705979668932298,0.76039513351244081
12563,-0.014421281019641203,0.75844696072628037
12564,-0.015078803065406318,0.75786356368099705
12565,-0.016903372487969276,0.76101207752876143
12566,-0.013998193793406909,0.75599877387814207
12567,-0.016310711901531064,0.76316191704742686
12568,-0.014875337253737747,0.76043718763857804
12569,-0.013299933028081318,0.75784702045398034
12570,-0.012903060190169957,0.7605909527943846
12571,-0.015730254638312371,0.75408957135800569
12572,-0.014503722844506746,0.75672923597881236
12573,-0.015623813402756655,0.76329945410666045
12574,-0.015876462552463833,0.76016032946568246
12575,-0.017356531542664602,0.75695341912918668
12576,-0.015022786998947275,0.75645282079988485
12577,-0.013271620412725789,0.75534410357408721
12578,-0.013778611969022274,0.75718601904005145
12579,-0.016034415164646206,0.75508131309913751
12580,-0.010895633009443059,0.75789534648139667
12581,-0.016972687790454119,0.76341134004180911
12582,-0.015731147739516282,0.76215765857473838
12583,-0.015915094384804887,0.76328723097860296
12584,-0.015551209978000906,0.75495079524170194
12585,-0.01407920260583218,0.76308005362894393
12586,-0.01584323947712548,0.75561974895880757
12587,-0.014757429315245032,0.76390193794100714
12588,-0.014935424962140471,0.76410178926887307
12589,-0.014605953065640857,0.76039158206813784
12590,-0.01439743954609882,0.75885361364067616
12591,-0.012207582250281426,0.7626235647113021
12592,-0.015528602688112791,0.75843040194887035
12593,-0.014017960093542779,0.75807401021081167
12594,-0.013372929676261682,0.76351810574615342
12595,-0.013975987129779035,0.75404690125430174
12596,-0.014218780787198938,0.75982175211162306
12597,-0.013259496663105053,0.75504671171586457
12598,-0.013403194454101328,0.75993283552470159
12599,-0.014234575122612473,0.75911088930951554
12600,-0.013977747870786711,0.75462720981038844
12601,-0.016972447133883781,0.75879844519232764
12602,-0.017408645725440541,0.75897558426776601
12603,-0.015314093240155813,0.75967889401659672
12604,-0.015182206555196242,0.76061731734516369
12605,-0.014586935152567941,0.75792075748403565
12606,-0.015416899918321673,0.76423159639527904
12607,-0.017337952097894523,0.76264913840201931
12608,-0.016536686249104059,0.75817107339274725
12609,-0.017884318365994575,0.76574977001564615
12610,-0.013884160470129818,0.75824114320046654
12611,-0.012405517978326201,0.76165251378194609
12612,-0.018054597726473672,0.76105261755551268
12613,-0.013240783400255378,0.76167221644300309
12614,-0.012375238976243258,0.75490753935399735
12615,-0.014186542137822729,0.75813057773559545
12616,-0.015432060776826692,0.75930997590111293
12617,-0.016911838700313309,0.75867460736154047
12618,-0.01485899959387647,0.76116115006258711
12619,-0.015471843427643213,0.75889992501734127
12620,-0.014828992226465693,0.75911162694415335
12621,-0.014525089951599979,0.76040039311864804
12622,-0.01676832351478226,0.76411867891620033
12623,-0.015179563554360761,0.75967179831568576
12624,-0.014302202328985079,0.76053526073677413
12625,-0.014465185742239563,0.75063143978545188
12626,-0.015970135585332879,0.76335017777732572
12627,-0.012334181686086536,0.76142014678450154
12628,-0.017416250851427194,0.76036921510867816
12629,-0.013958936695287916,0.75433127967563662
12630,-0.014105286412445083,0.75638303155888464
12631,-0.016250442593678603,0.75761687428399738
12632,-0.016491661926084204,0.76079873172412948
12633,-0.013749430789092723,0.75774387429869439
12634,-0.014167305917043406,0.75825297362092281
12635,-0.015625216271330015,0.75649649835509569
12636,-0.013454394492790419,0.7612955342507417
12637,-0.01332791054471133,0.75449116056043741
12638,-0.014174560361538692,0.75602367370789503
12639,-0.01488526653745108,0.76338398757453596
12640,-0.016153186842130973,0.75962087560368652
12641,-0.014936353416485056,0.75982671750175346
12642,-0.016008596207528793,0.76051482030846662
12643,-0.016391689318838353,0.76517285705875648
12644,-0.015233040635284656,0.75586897917841589
12645,-0.016118828465529811,0.76652014535300328
12646,-0.015826694695841505,0.76095759150701991
12647,-0.015867581383909792,0.75231797381805421
12648,-0.015214273654481849,0.75751942475861089
12649,-0.01642727119408062,0.75822118637287106
12650,-0.015397652173530644,0.75947286927308144
12651,-0.016755048731906683,0.76249643445369786
12652,-0.014892394245068104,0.75579801977869243
12653,-0.012070373887228444,0.75402049434486806
12654,-0.015473038593720338,0.75611292635230642
12655,-0.014614252713874783,0.75962158405394431
12656,-0.015808496961548332,0.76254029799527212
12657,-0.014110447166838383,0.76339171371926939
12658,-0.014430260359399979,0.75589870637969903
12659,-0.016998482531538461,0.75725559036621781
12660,-0.014290706822581489,0.76044588677989733
12661,-0.01636042532637225,0.76310451088080711
12662,-0.013929522834598369,0.75395253008583107
12663,-0.018176996254709088,0.76049295122199467
12664,-0.014287812143998518,0.75577383194013437
12665,-0.016784810719949694,0.75877438653345297
12666,-0.016133372273751456,0.7606498162680696
12667,-0.015097482078518491,0.76044616090521622
12668,-0.016227937467410632,0.76169439373461101
12669,-0.016043375532366157,0.75660681305694111
12670,-0.014439703052645273,0.76186329076447268
12671,-0.016542125636196302,0.76091078562420233
12672,-0.01470533836162664,0.75847451025376289
12673,-0.016919954557917283,0.75974990776277707
12674,-0.013620121423942646,0.75780964328567868
12675,-0.01440803425858527,0.7602636776417776
12676,-0.013899704601058322,0.75198956595209798
12677,-0.014326695483076822,0.75773514590628677
12678,-0.016395178176794818,0.76048796281982967
12679,-0.014808265269386943,0.76080667780192712
12680,-0.015079997997099607,0.75579072566406591
12681,-0.017849485582465414,0.75733895622660297
12682,-0.012669311189203922,0.75947730743110253
12683,-0.013995369521605848,0.75767092360108512
12684,-0.016303480502225472,0.76253097796604696
12685,-0.015701093330867243,0.75946502004907301
12686,-0.016424553440819376,0.76050297061339578
12687,-0.016654207094060607,0.76014628434562914
12688,-0.015297849722288417,0.75745171565166303
12689,-0.014885105885161105,0.75190321774680557
12690,-0.014340422689577295,0.7635354980586605
12691,-0.013419098999755923,0.75405185365235894
12692,-0.015798546182387331,0.76235631471144372
12693,-0.016552089318848724,0.76235932043587984
12694,-0.016461549858678745,0.75475707221429311
12695,-0.014437177017929598,0.76397979593866605
12696,-0.018041115585167831,0.76154059064931001
12697,-0.016314106813600317,0.75956983209801765
12698,-0.016293637215888761,0.75859123791592198
12699,-0.014604244848120264,0.76569117122616626
12700,-0.013805896427933236,0.75920038678658952
12701,-0.015093684603956761,0.76040667632037173
12702,-0.017765575925408311,0.75920411579258185
12703,-0.014760255733317556,0.75452065262741985
12704,-0.014522600298708293,0.75458508966848181
12705,-0.015930208459207527,0.75527507859714538
12706,-0.015884872675302315,0.76156072021993115
12707,-0.015247621251278771,0.7599105736768702
12708,-0.013801070488134871,0.75902920179125677
12709,-0.015148617047149184,0.75726298498797306
12710,-0.016446120290858381,0.76225467304895123
12711,-0.015202003285914456,0.76255680006748394
12712,-0.016581556472941163,0.75719637225987235
12713,-0.01541933726878118,0.75466544703061555
12714,-0.015554922196560912,0.74830885525459123
12715,-0.01498599024531549,0.75510403534567461
12716,-0.013771831484440666,0.75552908220555282
12717,-0.016923403903140607,0.75854893688567759
12718,-0.013639199556840627,0.7556200324518757
12719,-0.01556456016825467,0.75762590364478499
12720,-0.013785906252937605,0.76619981304769458
12721,-0.016198930591698781,0.75620695826435602
12722,-0.015108861853096003,0.76214428162440884
12723,-0.014940125743849718,0.76229815794835676
12724,-0.013362518328039074,0.76006669676354111
12725,-0.016515309069668978,0.76127546584613137
12726,-0.015540965187611304,0.75742327125959941
12727,-0.013892945717411516,0.76341178250224395
12728,-0.015331326512709241,0.76284052323053508
12729,-0.016331636147150698,0.76045853888845605
12730,-0.013220571803867286,0.75907988106033308
12731,-0.014856044138587642,0.76021675026633173
12732,-0.014159396902565072,0.75625811697089573
12733,-0.014756105394357016,0.75889865515209776
12734,-0.017588302091109832,0.76033308338027528
12735,-0.014358637316423305,0.76078187395945662
12736,-0.013464627319897024,0.76144083503685556
12737,-0.014636295040531652,0.75447078073627305
12738,-0.013922169051865196,0.75773990596638841
12739,-0.013259392905872571,0.75868427918249826
12740,-0.016354298559036293,0.76157128779611893
12741,-0.015324149197344693,0.75821101231626653
12742,-0.01494008578542399,0.75702400729882957
12743,-0.014636951724375857,0.75561092750846925
12744,-0.014334341951173779,0.7624340467018289
12745,-0.014965238171924198,0.75900984675739791
12746,-0.015125439477028896,0.75734343278563887
12747,-0.014462273389339655,0.75836683525056392
12748,-0.015362298146628614,0.76581341188206165
12749,-0.01623005038554302,0.76191591109049384
12750,-0.014902150744938293,0.76666087049361176
12751,-0.011100571909787941,0.75879058462668103
12752,-0.015336886205711853,0.76462963898769598
12753,-0.014729621635805634,0.75281333647361504
12754,-0.017979574312303168,0.75632870844412914
12755,-0.014238777526737122,0.76125662293135199
12756,-0.015366325835956427,0.75824142504630032
12757,-0.013937444057524461,0.7603396114424501
12758,-0.016528529897310851,0.75321938801286403
12759,-0.015329552189816662,0.76486418787259669
12760,-0.013624566756564548,0.75789458737178816
12761,-0.013578854689094529,0.75588899859796976
12762,-0.014430307894440931,0.75640114434516947
12763,-0.013404460011232792,0.75844717533464423
12764,-0.015213345849040372,0.76139720025197677
12765,-0.018073507832575619,0.75726645263454728
12766,-0.014683359307264046,0.75737939422244582
12767,-0.011680789646887129,0.75949557321713357
12768,-0.017481937566558827,0.76174283803300569
12769,-0.016020455429871173,0.76211183154508144
12770,-0.015007126792727817,0.75737118295124273
12771,-0.015997575688159925,0.76115250413772928
12772,-0.014510728593681216,0.75516122138842823
12773,-0.016153075991171238,0.75906327824021036
12774,-0.017229342825809651,0.75934714853298446
12775,-0.016734395105827506,0.75530325603864379
12776,-0.013180047948043064,0.75848522596332979
12777,-0.014809559421153034,0.75761491852348717
12778,-0.017040865377274263,0.7548128294028239
12779,-0.016000244405016514,0.76622388356596471
12780,-0.012184901092820648,0.75660415647417167
12781,-0.013464799726008973,0.75620965428611364
12782,-0.01435515078728654,0.76419136131390963
12783,-0.015479428022629459,0.76297716661225179
12784,-0.017120823200342881,0.75704545535322321
12785,-0.014059033576119236,0.76247702133431272
12786,-0.014160105855100052,0.76086238015906915
12787,-0.012821856650723733,0.75456012196014211
12788,-0.014225414455834985,0.76217644565466169
12789,-0.01359163979258227,0.76005698475267824
12790,-0.014998338742499007,0.75872661129387964
12791,-0.014845238238059706,0.75908032359068656
12792,-0.013325847067240999,0.76271547667998318
12793,-0.012778568857177987,0.75451821125857421
12794,-0.015081891073704289,0.7569523784339659
12795,-0.016099608598947643,0.76317471315608354
12796,-0.01538582439448985,0.76258040505514391
12797,-0.013239367667417592,0.75889904435439826
12798,-0.015214313696531118,0.76139147664992435
12799,-0.016432888443054003,0.75939433153989833
12800,-0.013661212597105997,0.76071407904537447
12801,-0.014034368880201461,0.75570429369976466
12802,-0.014251936198349876,0.75850087604323368
12803,-0.014689610115788326,0.76388108189884718
12804,-0.013921208586600882,0.75817190574807469
12805,-0.016895583710990765,0.76483132591193348
12806,-0.014963040789335798,0.75509155791353999
12807,-0.013996474208605803,0.75709308982330481
12808,-0.014353453757959373,0.75922928715931659
12809,-0.012046074157283313,0.75858285651682589
12810,-0.014780471115870454,0.76096194769253878
12811,-0.013461235879576639,0.75913786259718929
12812,-0.014069335968098447,0.75804362137209669
12813,-0.015736566174116891,0.76496993355763743
12814,-0.01473675466779948,0.76006233313621951
12815,-0.016274850155481812,0.75473410550516506
12816,-0.018580425828464042,0.75984697335583284
12817,-0.01535018742937899,0.75437139283425048
12818,-0.014335668812732143,0.75853737422121059
12819,-0.016066275235149294,0.7600577748039351
12820,-0.016244214243466656,0.76334268788543258
12821,-0.014555370576560589,0.76195592976640547
12822,-0.016024990010485435,0.75982610177954157
12823,-0.015087774143811662,0.7530101978543543
12824,-0.014434448505663496,0.76659426169314993
12825,-0.014939427877090853,0.76348362934877656
12826,-0.016266221289266955,0.75822658157837397
12827,-0.012998495809165076,0.76368753474453088
12828,-0.015963692224813815,0.7525205265587197
12829,-0.015263167224550433,0.75532361170383
12830,-0.016070227070570563,0.76184147832749605
12831,-0.015910879257145377,0.76548623922394965
12832,-0.015958798720215495,0.75044594600855474
12833,-0.013814007799408388,0.7636186266583409
12834,-0.016317510849073711,0.75949363952145399
12835,-0.015652012162403799,0.76104391055939324
12836,-0.017547547888844814,0.76261885976629251
12837,-0.014312843869139846,0.76120322924272354
12838,-0.015000100428432698,0.7562051221974565
12839,-0.014615122536860554,0.75608716716299307
12840,-0.014258800076567702,0.7641185636083343
12841,-0.014044901173300707,0.75867251213315834
12842,-0.012874272178449381,0.75843776227199755
12843,-0.013541459793861718,0.75816899873037846
12844,-0.016515786936066503,0.75775040771380864
12845,-0.016073706230265293,0.76250736166312982
12846,-0.017644654398812878,0.7593137198462091
12847,-0.012714253255933223,0.76032983075396476
12848,-0.01363421282350588,0.76050540434861558
12849,-0.014179833124613845,0.76292642801065425
12850,-0.01182726089613927,0.76090546073767218
12851,-0.016533830220000743,0.75752913957179613
12852,-0.01408185771130609,0.75582933569177446
12853,-0.014759800404290984,0.75938654763304958
12854,-0.012814459820458446,0.76026772766326023
12855,-0.015508354490883903,0.75437976336117518
12856,-0.015275542480631123,0.75474159221298598
12857,-0.018024197257492238,0.75792881143560165
12858,-0.015760546800951104,0.76415271404714702
12859,-0.017547613648949939,0.76294602827075997
12860,-0.013548035249262876,0.75585671332523552
12861,-0.013020213031606592,0.75735180884190201
12862,-0.014943501121672177,0.76109324813361801
12863,-0.014573211850576964,0.75340248240976626
12864,-0.014090617383386905,0.75697755670678002
12865,-0.012531125844039124,0.76061793255998744
12866,-0.014703038882482495,0.76238704482278097
12867,-0.014863078465034353,0.75875724066390526
12868,-0.014208638295905495,0.76602180291882749
12869,-0.014158044474339663,0.7576347402633079
12870,-0.014913431942843686,0.76129779653188423
12871,-0.014119375839127538,0.76001253422660497
12872,-0.016663296660182042,0.76070360429090278
12873,-0.015520122363240543,0.75877880624527394
12874,-0.015367092307054601,0.75603432787513092
12875,-0.015891626640551403,0.76267744125807491
12876,-0.017135094582005926,0.76166143739315806
12877,-0.013933212326564533,0.76047823283505345
12878,-0.014397017080275146,0.75868171893655767
12879,-0.013912120928730579,0.75934912667477328
12880,-0.014707563068547482,0.75654695853342135
12881,-0.015277025257311682,0.76194581829407326
12882,-0.013689972933406609,0.76176771867918003
12883,-0.015448176007901278,0.76144383347864963
12884,-0.014421304562960742,0.76245883656756874
12885,-0.016009235183933972,0.7603390850248698
12886,-0.015767080337711861,0.75981290301834947
12887,-0.015313671794462686,0.76435188444384139
12888,-0.011314201675849747,0.76524451151962714
12889,-0.013124870695501724,0.76313980197169429
12890,-0.016507420536116979,0.75922323888364629
12891,-0.014503224646062457,0.76009395097160404
12892,-0.014916492520991149,0.76209121019908199
12893,-0.017042604128399128,0.75929560557353848
12894,-0.016405323009857149,0.76118428750828604
12895,-0.014452687120223438,0.7645465691737694
12896,-0.016647464446818867,0.76021791293446916
12897,-0.014221607355626208,0.76483260287722021
12898,-0.014215007234685991,0.75949954683035226
12899,-0.017477935666863113,0.75937785869375363
12900,-0.015323552079185626,0.7579230482356546
12901,-0.015419149374717306,0.75899203400835458
12902,-0.015863391998667743,0.75995909478867374
12903,-0.013556215330872361,0.75619332807422024
12904,-0.014116504919925619,0.75895151158314889
12905,-0.016768851646328742,0.75782992406132588
12906,-0.014211073951694915,0.76157563416581953
12907,-0.015401386555637728,0.75362039258680846
12908,-0.014486489115136341,0.75903533254782762
12909,-0.015133932494351059,0.75692233903786721
12910,-0.01748673832287952,0.75822546323874462
12911,-0.014604983812423793,0.76019136540171006
12912,-0.014983394923069481,0.75990295673896258
12913,-0.016288147336028708,0.75695428673362719
12914,-0.014812556043312775,0.75767544415585175
12915,-0.016299938468079919,0.75665083509138631
12916,-0.015322317132981296,0.75919297995024271
12917,-0.016258838187474863,0.75660917207746059
12918,-0.014692813337067496,0.75166590585018045
12919,-0.014008716449622932,0.75605375284042498
12920,-0.014907316718720724,0.75715709913614038
12921,-0.015671291791324163,0.76002927542962895
12922,-0.015857962351766272,0.7546462636246497
12923,-0.015278750605272612,0.76039220766053939
12924,-0.016258613874976409,0.76109787719550626
12925,-0.014372624952786442,0.76139249320501501
12926,-0.013319189622157831,0.75880983798105084
12927,-0.016699504392282835,0.75831222930218023
12928,-0.015321305771170838,0.75456441984869982
12929,-0.01718580288921235,0.7582821057101311
12930,-0.015221155370261983,0.75320135867755844
12931,-0.01497148367018507,0.75493031663361398
12932,-0.016275119247512095,0.76086939333946302
12933,-0.014620486440803422,0.75854214291375899
12934,-0.012770886000903373,0.75869022511289907
12935,-0.016692976152323014,0.75830259368012265
12936,-0.016342522738434437,0.76007889212789459
12937,-0.015845848881163763,0.76302301405433026
12938,-0.014545345677670015,0.75722442094244424
12939,-0.016619232544516138,0.75976844898637275
12940,-0.013446731946532399,0.75551168984508887
12941,-0.015461066881773537,0.76373280953741363
12942,-0.011594099904745234,0.75823782134026174
12943,-0.016845676902747915,0.7575926682988996
12944,-0.015671376152263466,0.76373793569340931
12945,-0.01376778711591433,0.75499035579323426
12946,-0.016039725541280036,0.76357777742457
12947,-0.015897367055607792,0.76044962455257104
12948,-0.015338240270938129,0.76303956975140785
12949,-0.013212328692964575,0.76087828425369897
12950,-0.016644163178027478,0.7598507841071247
12951,-0.014779481432458653,0.76627271455331414
12952,-0.01503304353539152,0.75820209296709751
12953,-0.016707370399093181,0.75643256645146628
12954,-0.017270894859342519,0.76194491031349076
12955,-0.013858552573647986,0.7628034659789894
12956,-0.017305547365221826,0.76213403185516915
12957,-0.014967239864646608,0.75661302315531698
12958,-0.015657575229084862,0.76292545627348685
12959,-0.013989106141562267,0.76524659250301375
12960,-0.014197076418909134,0.75532816791599311
12961,-0.016058761515556165,0.76457870070711065
12962,-0.015168646504043922,0.75898814433566142
12963,-0.016375666052670365,0.75911900971050639
12964,-0.017051016678578151,0.75588531848377483
12965,-0.016440177159335927,0.76011350585956949
12966,-0.015997778539723506,0.76151772846953081
12967,-0.016122598931731683,0.7568926111610339
12968,-0.015451026243959991,0.7532883435493829
12969,-0.01459987332516254,0.75462068362287071
12970,-0.015075219930283032,0.76006335316058204
12971,-0.011756095673754813,0.75733347684707031
12972,-0.014061189074011896,0.76168278610596829
12973,-0.013843851584953588,0.76390094725864388
12974,-0.012060195564011226,0.75713790127220293
12975,-0.015698498755983049,0.75670950276967941
12976,-0.016340527346593907,0.75942659787388622
12977,-0.01579058123171146,0.75450697916866705
12978,-0.017763380704906503,0.76168634889093212
12979,-0.016567298892479501,0.7602796556521082
12980,-0.015147861098930621,0.75810972835861035
12981,-0.015272469125395698,0.7565130364876449
12982,-0.013298686826155027,0.75671118166728102
12983,-0.014649834955179651,0.75346277014313912
12984,-0.013286688093694059,0.75768952960763858
12985,-0.016318369222404608,0.75505491191787755
12986,-0.014333563147310043,0.75236135644186442
12987,-0.01582873132828902,0.75935918541882275
12988,-0.013718849734778823,0.76059673044719889
12989,-0.015613570465020609,0.75385820336440412
12990,-0.012868359431807447,0.75568017909188134
12991,-0.014107115554095634,0.75748602342006854
12992,-0.014146701583897799,0.76144505374089055
12993,-0.017367472484157088,0.75706459501049861
12994,-0.015204991292181417,0.76095597440995444
12995,-0.014916175385005545,0.75998440661581823
12996,-0.016740570111679461,0.76129601411956482
12997,-0.015687491728743244,0.75640460846388713
12998,-0.015557994396015412,0.76205838044155672
12999,-0.018034539302321861,0.75386252545812316
13000,-0.01481645540619983,0.7571453192207156
13001,-0.014800347483340288,0.75368176109541407
13002,-0.015573296473662861,0.76366298943278554
13003,-0.013409291675309876,0.76557945892698498
13004,-0.014245410714900878,0.76121025761862815
13005,-0.016054593662455152,0.76023591130590662
13006,-0.014655365795888164,0.76331164809051699
13007,-0.014841216616117529,0.76083577872092922
13008,-0.015673749645568856,0.75662090557623485
13009,-0.015914862803728676,0.760407669763561
13010,-0.014643400408895094,0.76280406609479945
13011,-0.017294375976683259,0.75332408254498207
13012,-0.015676724902115816,0.7552218191443727
13013,-0.016092241014861099,0.75872759698647541
13014,-0.015974198539461609,0.75972737140541313
13015,-0.017362231727371842,0.76051162415789253
13016,-0.01612166997934179,0.75850221819523844
13017,-0.013346754050716041,0.75476079913279959
13018,-0.014716252771305031,0.75868691788067422
13019,-0.016648306247538092,0.75801260631006973
13020,-0.015984238405242518,0.7597378293735636
13021,-0.011535597455934559,0.75274101716167885
13022,-0.018166933832026701,0.76066868717272496
13023,-0.016118099607374363,0.76066270603201969
13024,-0.016471501839919911,0.75919936917004915
13025,-0.014432065386057766,0.76281529757999955
13026,-0.012562934613848303,0.75417022673874567
13027,-0.015859183781024348,0.76253365036248921
13028,-0.016002977779282029,0.7591537874946569
13029,-0.016675331323643232,0.75450264048536564
13030,-0.013609472361352907,0.76065819697068326
13031,-0.012867682024546695,0.75800325524705248
13032,-0.012845123620368359,0.76100244372144699
13033,-0.015320132219295112,0.76062977980963953
13034,-0.015500620214618883,0.7580417306210816
13035,-0.014620982951112402,0.76652121111071292
13036,-0.015436990000314996,0.75808367952107669
13037,-0.017146548919300522,0.76065615315118651
13038,-0.016791351873191411,0.76297863375599329
13039,-0.015360647825898785,0.75462145462565866
13040,-0.015584195479510109,0.76131902088762482
13041,-0.016069754213686588,0.75651888138088497
13042,-0.016436159838027247,0.75243557247699611
13043,-0.014618550777184644,0.76118180022126369
13044,-0.014476687185450126,0.76669329292280475
13045,-0.015087202924284253,0.76113960443952133
13046,-0.015336005743431124,0.75296873637963868
13047,-0.014865646242712456,0.75746173700436981
13048,-0.014016747786994063,0.75846938861866975
13049,-0.014896955196743424,0.75406555919325557
13050,-0.015499197961396633,0.76501705780448415
13051,-0.015095525430646213,0.75777230096590464
13052,-0.016754935500243907,0.76344301234554601
13053,-0.015957841718825583,0.75806009307470856
13054,-0.01749322949737759,0.75957075701341537
13055,-0.014674748267540737,0.75805934674458253
13056,-0.015988016386008705,0.75641907899417582
13057,-0.015082076598200269,0.75666802966086977
13058,-0.01541841516868052,0.75778231981602329
13059,-0.016332744154188533,0.7573343743295935
13060,-0.013842182811070781,0.75508083530329573
13061,-0.01557088835053653,0.75922236751879635
13062,-0.014436219278566564,0.75842514183690557
13063,-0.015248573172162463,0.75989498066848982
13064,-0.014553642542904614,0.76315418353519604
13065,-0.014874645637682146,0.76019175869160305
13066,-0.01562351981919447,0.75520146274626776
13067,-0.014727363756040718,0.75306176142611836
13068,-0.01522720111111471,0.76313883432744389
13069,-0.016022808672995225,0.76204749181915676
13070,-0.015030550383788177,0.76496902312556136
13071,-0.016531866895616469,0.76171456499156731
13072,-0.012698429130699039,0.75808881226214708
13073,-0.014462091778326759,0.75946599744189458
13074,-0.016430997036214808,0.76457917909874773
13075,-0.015694252389684603,0.75821037999088936
13076,-0.016751460529129774,0.75636468136535873
13077,-0.013376230772063458,0.75964819185500987
13078,-0.016818876685435337,0.75836364799254519
13079,-0.015655755165005739,0.76346001827146537
13080,-0.014521637613543595,0.75434566363622402
13081,-0.015266602389931588,0.76039174939105025
13082,-0.01542472610534079,0.76548742313383122
13083,-0.015445863947563367,0.75987146790726479
13084,-0.014438327587150659,0.75695015555444689
13085,-0.013195326451568319,0.75460570672023253
13086,-0.015073471269154384,0.75830556060057464
13087,-0.015996530885110757,0.76230459648631987
13088,-0.015660434422932655,0.75664220180251862
13089,-0.015141331846922712,0.76188960592404154
13090,-0.014054384773438769,0.75691561341096303
13091,-0.014840717391566546,0.76365479638303813
13092,-0.014371717277233017,0.7606949414350882
13093,-0.015837512549243683,0.76316023338048455
13094,-0.016649123096552282,0.76237813064520632
13095,-0.015428656584571246,0.75973213892786606
13096,-0.01504217044226607,0.76483634228876041
13097,-0.016718235653584892,0.75488467127550685
13098,-0.015405082670158988,0.75944398641775113
13099,-0.014177154640898139,0.76522037297783785
13100,-0.015360292439451823,0.75736171520132434
13101,-0.01595801966371721,0.75908973910468724
13102,-0.014583458575121659,0.75759682322963695
13103,-0.013803447563791572,0.75866356901339604
13104,-0.014856044138587642,0.76021675026633173
13105,-0.014484291065692285,0.76111142316051095
13106,-0.014527003492498976,0.75815158508947589
13107,-0.013091468486395046,0.753140448007104
13108,-0.013110720863341453,0.75684747266352514
13109,-0.0159538627410276,0.75737482349193752
13110,-0.014092604459647667,0.76307919922946355
13111,-0.013403163369703342,0.76302553222851766
13112,-0.015956336176868216,0.75752086281760089
13113,-0.015794257726683279,0.76047160740411557
13114,-0.01701544428709283,0.75970949357535689
13115,-0.017736455076624601,0.75915729242498331
13116,-0.016133079727942541,0.76034617802800553
13117,-0.01663933004168618,0.76210954259511876
13118,-0.014594709312483269,0.76146853020339056
13119,-0.015844222880531382,0.75758362261506895
13120,-0.013268620290631526,0.75704189141343825
13121,-0.015016642466440196,0.74942810556319273
13122,-0.015695465871617388,0.76197738788220737
13123,-0.016434455915791991,0.76347297600225905
13124,-0.014824270490066009,0.76126071281905883
13125,-0.014366504343974896,0.75194955959390586
13126,-0.014218586560837498,0.7603656074103603
13127,-0.013703002322529981,0.76147090188019517
13128,-0.016765524672576679,0.75726076745079318
13129,-0.014018965571777581,0.75767538265864476
13130,-0.014175742385282308,0.76001992879850166
13131,-0.014462814559661408,0.7530351683805232
13132,-0.01543694484201109,0.75369654695178412
13133,-0.017637249657328033,0.76220103836116271
13134,-0.016299949227486853,0.75886971902086209
13135,-0.014019030101614351,0.75882665450108722
13136,-0.016515788759541683,0.76299925279298797
13137,-0.015326499938608386,0.76459693534865825
13138,-0.015297487561619378,0.76046106776763878
13139,-0.013606862199350128,0.75916565754179699
13140,-0.01464499035487532,0.76049529024280371
13141,-0.015147677389858012,0.76301758782972895
13142,-0.016494091107525213,0.7630106008277775
13143,-0.017080898925347469,0.75778278810801125
13144,-0.014781258427306586,0.76235160460299356
13145,-0.017534895395174631,0.75610062638592912
13146,-0.016080784809866237,0.75822504091725829
13147,-0.015250958315875281,0.76115536884000512
13148,-0.017577423374711045,0.76028935137312814
13149,-0.016686398002606864,0.75778545558476085
13150,-0.015542171310597951,0.75836196337728334
13151,-0.014230094724735194,0.76136190305293217
13152,-0.015275580519901664,0.75388584908718559
13153,-0.01563268423036162,0.76198689616814752
13154,-0.014755996245019319,0.75938468007832072
13155,-0.013870312636664063,0.75693676961171474
13156,-0.014723301218707054,0.76148955528272089
13157,-0.014946577024569063,0.76031519180206619
13158,-0.013434665256417396,0.75984401428984605
13159,-0.01605068193447149,0.7583840727085871
13160,-0.015721177341508286,0.76228205176662589
13161,-0.015374680535193537,0.76432389292623959
13162,-0.01452897163432566,0.7606024682200252
13163,-0.013384720012808247,0.75561248250911717
13164,-0.016639337431802188,0.76306443398881096
13165,-0.014351298069005394,0.76191010320070696
13166,-0.015207397788320863,0.75181733412992346
13167,-0.0155322382767523,0.76278218271647347
13168,-0.016002977779282029,0.7591537874946569
13169,-0.013469553184041957,0.75576750549757843
13170,-0.014486685393470051,0.75687081665538003
13171,-0.015668567453188779,0.75964452511815872
13172,-0.012417869837736413,0.76604611606184514
13173,-0.014421452513081681,0.7606600052563065
13174,-0.015306232683529602,0.76196026918489024
13175,-0.014546153326148724,0.76438654400284467
13176,-0.016246916599079377,0.75888617612277987
13177,-0.017618325008837761,0.76202584330836698
13178,-0.013568155812810335,0.75829486992815298
13179,-0.015856983854029366,0.75913668085935815
13180,-0.013151476035491997,0.76104175891203618
13181,-0.014658903009519957,0.75674598104255286
13182,-0.015918942976168648,0.75768426477063766
13183,-0.014646506904954283,0.75533849275582121
13184,-0.016303727526600257,0.76312607567468771
13185,-0.01709592156484821,0.75682772532714115
13186,-0.01524345070610114,0.75859083480631018
13187,-0.016101404250884674,0.76183871219268573
13188,-0.014940883190278862,0.76306498353646912
13189,-0.015859601009130496,0.75911851556151744
13190,-0.011219561055691156,0.76518031563432198
13191,-0.014403919151623508,0.75694238425605953
13192,-0.015703437772926786,0.7602653921280329
13193,-0.013567289234636428,0.76048366954110558
13194,-0.014115206121026177,0.76084301722024528
13195,-0.015444761271416162,0.75780769563004602
13196,-0.014507816957078092,0.75825378096109719
13197,-0.015473048086096905,0.759271591276939
13198,-0.011849683387844579,0.76104181531470505
13199,-0.015511635543166792,0.76266967807084673
13200,-0.014353759780714109,0.75729608587339892
13201,-0.015720407702701229,0.75842171238730938
13202,-0.01529092176958937,0.75421543346567133
13203,-0.015870867585591995,0.76239757117380957
13204,-0.0166970970687015,0.75998661718432703
13205,-0.017340322535857738,0.76455953485739636
13206,-0.016620243618323122,0.75638816398396702
13207,-0.014014569600746114,0.75924620551893651
13208,-0.015406765656950788,0.76271816916545754
13209,-0.015360188389572066,0.76079349692795306
13210,-0.014162120557741307,0.76051201865937901
13211,-0.015361586492361232,0.76354017870763946
13212,-0.016838863293752431,0.75974845533024027
13213,-0.016875421695882836,0.76279915914228513
13214,-0.015841115623674046,0.76914637209249315
13215,-0.014207855293241456,0.75718732350628093
13216,-0.016430100579958622,0.75739132777500029
13217,-0.014749900236654583,0.75901675470174823
13218,-0.014177158239055344,0.75873496903035065
13219,-0.013297735053653522,0.75927522327727359
13220,-0.014929845440782451,0.76250835791619398
13221,-0.015469776412887878,0.76147986414490687
13222,-0.014668009690806963,0.76513733715668164
13223,-0.014248924380895797,0.75865450110213906
13224,-0.016847697091445339,0.76452032807505543
13225,-0.013271198776582192,0.75383432960300512
13226,-0.015874777765496777,0.75736579140744564
13227,-0.014142771935618926,0.75655954704531614
13228,-0.013364495500210218,0.76217960061077994
13229,-0.014856402145319478,0.75462794231935681
13230,-0.015293223930312613,0.75509086990481322
13231,-0.013667665754269557,0.75653963592413742
13232,-0.015446763405316312,0.75706627271477478
13233,-0.015410794019506815,0.75735325897162031
13234,-0.017112952830580983,0.75661914501588723
13235,-0.015698014754839514,0.76050524577138379
13236,-0.014855363091974359,0.75411106261787997
13237,-0.015622730086835551,0.76440569006533421
13238,-0.014677693574816665,0.76496322807478734
13239,-0.016921898406856345,0.75891296290191967
13240,-0.017797108818491794,0.76370269228796939
13241,-0.015866705487530851,0.75719302874003003
13242,-0.012605294644691159,0.75602410128105046
13243,-0.014908007656759382,0.76000139266790767
13244,-0.014160640527288462,0.76466323576951045
13245,-0.014157013683331887,0.75447898586963291
13246,-0.015404896952513361,0.76541912733918238
13247,-0.014516337290242825,0.76084472888786081
13248,-0.015985805493980428,0.75830033929781415
13249,-0.0183839802999556,0.76312751727737582
13250,-0.013927087034446882,0.75574451574187773
13251,-0.014818753109554297,0.75576837986886558
13252,-0.015975587832250733,0.76052000031992939
13253,-0.012672972816213835,0.7593231931302924
13254,-0.014738101144298086,0.76180313542336819
13255,-0.016410356706982009,0.75963979625150291
13256,-0.016666220306026405,0.75511943798444237
13257,-0.014726256193799475,0.75922311778665874
13258,-0.012980747583719095,0.76122499482736583
13259,-0.015871300059228974,0.75635407457643811
13260,-0.015830729368548332,0.76397077249454171
13261,-0.015664031378344264,0.76564186280526469
13262,-0.015022078588432568,0.7567400692716777
13263,-0.014162317753758058,0.75953936111905851
13264,-0.014996762068115847,0.76591440631227736
13265,-0.015904576673591422,0.76054682772202464
13266,-0.015154415035221278,0.75500758442886196
13267,-0.013774593811529219,0.76249732068581277
13268,-0.015567294458461958,0.76100470002411391
13269,-0.015885147279724489,0.75684558362561816
13270,-0.014622965459497077,0.76077558231367715
13271,-0.017424192034927434,0.75376644323250463
13272,-0.014690714736616329,0.75509046442428995
13273,-0.013847753384670113,0.76231096116238639
13274,-0.015019495958441547,0.76429777725078163
13275,-0.015556128946552644,0.75645446318750331
13276,-0.014727524771193511,0.76222398471026598
13277,-0.016060101652432567,0.76000667446899928
13278,-0.016037169122482015,0.75854898444145369
13279,-0.017875281196063186,0.75644717252552596
13280,-0.013838581193786066,0.75925003138562708
13281,-0.014140104722216426,0.76150439139077297
13282,-0.016050721206565956,0.75456889272261207
13283,-0.014993779430251885,0.76281863197204058
13284,-0.013450586572854882,0.76503493610282058
13285,-0.014833538668138234,0.76276478140995274
13286,-0.016295737094823758,0.7544118939488863
13287,-0.017796376957174606,0.7615833982878506
13288,-0.014356126194243968,0.75588598580345367
13289,-0.015341674765709848,0.76115194544927545
13290,-0.015626605984279784,0.75095696918846067
13291,-0.014835467958086703,0.75838827970181166
13292,-0.013721234174661822,0.74773038453973328
13293,-0.017136062790967712,0.75975097236500788
13294,-0.016338030484206907,0.76221061484702657
13295,-0.01490354339247278,0.76267847500685448
13296,-0.015937694102893592,0.76060337222530294
13297,-0.015830842522598421,0.75932580038169384
13298,-0.016085342376180086,0.76205133293843785
13299,-0.014703637486630628,0.76089659935275056
13300,-0.014459207378532117,0.75843159242085734
13301,-0.013563741749234489,0.76056678798008603
13302,-0.017049773965029099,0.75866301434535832
13303,-0.014158586484240475,0.75697877543765402
13304,-0.016544869105879656,0.76221062772857084
13305,-0.015252908653262273,0.75785178789564367
13306,-0.016614032525465984,0.76335342235811809
13307,-0.014026465086128608,0.75736681630709946
13308,-0.014757931948248518,0.75880211271124154
13309,-0.014582013033263881,0.75757375428675577
13310,-0.017464349467443487,0.76227345517948397
13311,-0.013875865965260119,0.75582873179906118
13312,-0.015039114611057074,0.76171979980836269
13313,-0.014142015623629533,0.76361897191369443
13314,-0.015261032842986568,0.76181911468560004
13315,-0.013916617696781602,0.75825449061570094
13316,-0.015547785299544108,0.76048363824502596
13317,-0.013945759517753432,0.76041042015758853
13318,-0.016423222926972,0.76100321064029319
13319,-0.014885028864770462,0.76187742902765065
13320,-0.017675106249681424,0.76276358990790361
13321,-0.017242520508914748,0.75853295718131231
13322,-0.015593065252492905,0.76528572917763582
13323,-0.016176388197257714,0.75951014153374108
13324,-0.01418389215146422,0.76476781747774991
13325,-0.015093177623953817,0.76048772320357017
13326,-0.013238011399344898,0.75886326860670539
13327,-0.016083455065486377,0.75515712459944939
13328,-0.014791869987024371,0.76194438972587064
13329,-0.014960143143736466,0.76348160979255264
13330,-0.016827317312389463,0.75637877751494931
13331,-0.015286737093005169,0.76148474905500796
13332,-0.013261362794407382,0.76627525378512551
13333,-0.016898746624389664,0.7568108269044479
13334,-0.014924522333979534,0.76140477509534743
13335,-0.016162116638146189,0.7615582973519629
13336,-0.013795892131433347,0.75701014618009665
13337,-0.015395818767359666,0.76254055109235563
13338,-0.016342172670969851,0.7577170984038647
13339,-0.015227506530412868,0.76068941645286137
13340,-0.013996474208605803,0.75709308982330481
13341,-0.014364733181317637,0.75691104056020109
13342,-0.017143553878243102,0.75686589087029943
13343,-0.015621995143252663,0.76210671698534815
13344,-0.016676415191288717,0.76395313453138303
13345,-0.013340412267677012,0.75896616452946553
13346,-0.015983917724969904,0.76035930923331219
13347,-0.016897706842751985,0.75847637518860311
13348,-0.012884755498339576,0.75776764921625261
13349,-0.014702201064997504,0.75713696851320822
13350,-0.015705630100119529,0.7583122149962449
13351,-0.013660573899026919,0.75800565889245253
13352,-0.014637128969568843,0.76467268130123123
13353,-0.012839251506716259,0.75855820691925835
13354,-0.016199294074398293,0.76197639126049299
13355,-0.011501862188298521,0.75551007685228033
13356,-0.015399235946751171,0.76107488863576911
13357,-0.016666897060581335,0.76178691181389868
13358,-0.015103022122752602,0.76280012804210839
13359,-0.016458229441107787,0.76441789366112312
13360,-0.012471808897588022,0.75222472015756492
13361,-0.014111108876690948,0.75780532612847806
13362,-0.016656690749267709,0.75399579982211928
13363,-0.016324784669766161,0.76567816935130384
13364,-0.015241148622747287,0.75334936671189101
13365,-0.014979961915532577,0.75901259933048204
13366,-0.014705816255369751,0.75645657335648486
13367,-0.01572000434474697,0.76436100662426343
13368,-0.013802064177335352,0.75895184167483321
13369,-0.013797513423540072,0.76559266787925007
13370,-0.015173815397396049,0.75720537198978333
13371,-0.015605499185604306,0.7593676735377034
13372,-0.013351221033974334,0.7554050099451145
13373,-0.013627590602289819,0.75670585009394498
13374,-0.015056526686640544,0.76068794569247333
13375,-0.01475825788543305,0.75492777878874562
13376,-0.017010244616439376,0.75271618056668854
13377,-0.013835943864215038,0.75553216373932242
13378,-0.016562080814539464,0.75870348353781358
13379,-0.014667252936782669,0.76174504895058903
13380,-0.016878534476728008,0.7580761988471435
13381,-0.015072272333154103,0.7585296818818249
13382,-0.017866444300161613,0.76199957083979719
13383,-0.013864777469294667,0.75334072027016818
13384,-0.014286924948269625,0.75433518509297293
13385,-0.017923055580856381,0.76049489150595273
13386,-0.015924448722915964,0.76104472543054613
13387,-0.015209416436939576,0.75802865919992835
13388,-0.014636425603529202,0.75888656654837272
13389,-0.0136375869231037,0.76007319281485142
13390,-0.016450068312882312,0.75881894906800995
13391,-0.016349574064280632,0.75839485112279725
13392,-0.017805725095587706,0.76032491703162941
13393,-0.015664030005164135,0.75965776607646462
13394,-0.016005892364103706,0.75749344953888142
13395,-0.013522760919986897,0.76365396815367426
13396,-0.016408859516313847,0.75783016351069477
13397,-0.016195838828469776,0.76073132739524041
13398,-0.014337242068668803,0.76334191224355907
13399,-0.015740315070482985,0.76160362960388805
13400,-0.016789953801472097,0.75358905861551118
13401,-0.016375240217439732,0.76132789646813204
13402,-0.015360558836586899,0.76208628761687502
13403,-0.015474322287392444,0.76153963546071823
13404,-0.014258529043930055,0.75963569285584298
13405,-0.015210683833476542,0.76334650602815324
13406,-0.011485668099124238,0.7612054666205097
13407,-0.014243732659745583,0.76028313228782984
13408,-0.014340933688380632,0.76127065228170432
13409,-0.016855753848444066,0.75893583941682952
13410,-0.015811794764439786,0.76479326682385684
13411,-0.015934908755069362,0.75587524220567026
13412,-0.012381826212877032,0.76031946060237887
13413,-0.018840119786996026,0.76385350806727614
13414,-0.016655068109799602,0.76535283880006244
13415,-0.014962882121476458,0.75700885990175193
13416,-0.015694970852911258,0.75915661307248627
13417,-0.016119230047484008,0.75876133156693137
13418,-0.013673878076789788,0.75740918883469044
13419,-0.014236601827480129,0.76580239910245596
13420,-0.013216255690110489,0.75906777268250858
13421,-0.014940848784466542,0.76282525308868154
13422,-0.0148015079561415,0.76050454427929703
13423,-0.015897489343861343,0.75780211487413185
13424,-0.014028171915973293,0.75625396471938222
13425,-0.01415794245047327,0.75970322433979609
13426,-0.012873576355280025,0.75786828780532411
13427,-0.012930765603035787,0.76018408497534895
13428,-0.015292640535820126,0.76161993885424661
13429,-0.015946182842956756,0.75963849956331353
13430,-0.015583453158470222,0.75945873782885609
13431,-0.015710990232128273,0.76171826570035717
13432,-0.016482970296595199,0.75796508690167474
13433,-0.015467595692033742,0.76452524541563793
13434,-0.016130901704727148,0.76074392282180681
13435,-0.015159299180420164,0.75771058763799326
13436,-0.01758521838881439,0.7548073699727702
13437,-0.012578202656371017,0.75434170638020104
13438,-0.014875337253737747,0.76043718763857804
13439,-0.013301580788249532,0.75787248877294389
13440,-0.01411488696999557,0.75365014287146781
13441,-0.013776835172023839,0.7521165252240678
13442,-0.01464583327265024,0.75866093035834081
13443,-0.014193464725574303,0.7609316846497477
13444,-0.013464966562318275,0.76301538266627511
13445,-0.015653436921073328,0.7629189699576735
13446,-0.016792033754915399,0.7588418536744973
13447,-0.014882723638923777,0.76528905925940049
13448,-0.01601576423761801,0.76043878968583045
13449,-0.015087441060881529,0.76521893857338352
13450,-0.015437500941552334,0.76125472926840321
13451,-0.014496031188989053,0.76182668591485991
13452,-0.01625039789301766,0.75873650531238934
13453,-0.015094528012359462,0.761316035035973
13454,-0.016750712573525485,0.75461092580581912
13455,-0.016205780192487661,0.76069957896128848
13456,-0.014381106878451878,0.75932288634543044
13457,-0.0139509101463991,0.75680438342218515
13458,-0.013995369521605848,0.75767092360108512
13459,-0.014120816560468895,0.75864684020481388
13460,-0.013611876232635231,0.75681604142508596
13461,-0.017471928282638736,0.76114536453612558
13462,-0.012757776501127365,0.75623169438330184
13463,-0.015137029589939831,0.75570578421184498
13464,-0.013703404009040184,0.76757347097343276
13465,-0.015453446763275926,0.7583450149568467
13466,-0.013638736382985166,0.76021748158947378
13467,-0.016702311177873599,0.75640216136839056
13468,-0.017292638077894149,0.75553849344089119
13469,-0.013823898881380298,0.75837333210686442
13470,-0.013794982064198658,0.75861396331419562
13471,-0.0153718925631949,0.75629775943321831
13472,-0.013512109689098805,0.76234785559838225
13473,-0.016500105330892197,0.76351835834899506
13474,-0.013325795656406401,0.75306608515881535
13475,-0.016230319602527851,0.76360637315957314
13476,-0.014893268284774209,0.75607877562469672
13477,-0.014583458575121659,0.75759682322963695
13478,-0.016651781595354884,0.75589529901943753
13479,-0.018166028048652472,0.75935830804868554
13480,-0.014673227861772437,0.76151015446971937
13481,-0.012071984860114978,0.75461814485117285
13482,-0.014909929809294804,0.75748870132918755
13483,-0.016056208239921963,0.76062092427022987
13484,-0.013198870511134119,0.76211550116216897
13485,-0.014179809112189233,0.75627085389773274
13486,-0.015380092721959355,0.75357146810883435
13487,-0.013557203858330221,0.76174783104493804
13488,-0.01312284943150749,0.76187459578588557
13489,-0.014962465383135748,0.75622735046277978
13490,-0.016159305463043415,0.76056807804508852
13491,-0.013640277950868598,0.75764035868725232
13492,-0.012601293165299707,0.76002620313893532
13493,-0.013231715468154692,0.75445557784957262
13494,-0.016898165801548432,0.76428051195973323
13495,-0.014409992111028863,0.76195190362260534
13496,-0.014113756421560989,0.75875965745467167
13497,-0.014403489933741109,0.75445285449087673
13498,-0.015755798561827641,0.75461305438826509
13499,-0.014933301691755317,0.75742776170513704
13500,-0.011612701070952703,0.75504126825556417
13501,-0.016389231541581253,0.75864496353644628
13502,-0.013460205202493844,0.76188003624533862
13503,-0.018251866805108822,0.75678418369592237
13504,-0.014848236933693353,0.76057145765062872
13505,-0.014741660098037405,0.762395053509211
13506,-0.014129115955872181,0.75271007834244441
13507,-0.016041556508911561,0.76490377671924226
13508,-0.015451284443556753,0.76362577867661363
13509,-0.013193477998857979,0.75855630373221894
13510,-0.015107895332891304,0.75581842484277084
13511,-0.015269027186992818,0.75338229346093966
13512,-0.015740803613681451,0.76335053694139976
13513,-0.015906285604896764,0.76404391502267732
13514,-0.013750709769344522,0.76122265228752128
13515,-0.014904063704384803,0.7592170058028116
13516,-0.015616631353094405,0.76173146499724664
13517,-0.017007356139006967,0.76404382330091714
13518,-0.015355293227481116,0.76512098246650873
13519,-0.012935635958382092,0.76007441949325616
13520,-0.016979117058104239,0.75831467315338197
13521,-0.012549850341834482,0.75679126494919979
13522,-0.015677281177016739,0.76075415786755063
13523,-0.01572665579637373,0.76539342356922835
13524,-0.017765499632439563,0.75920378738914807
13525,-0.013667592852303257,0.76439429978496798
13526,-0.01643946208770208,0.76051167106870443
13527,-0.016891975214600032,0.75816436676235388
13528,-0.015218387536074452,0.75545663052297163
13529,-0.015628238040083869,0.75936019493487905
13530,-0.016475103965731985,0.76087106399261484
13531,-0.013963472227964501,0.75798053932000675
13532,-0.015777003211106581,0.76592049968811926
13533,-0.012028633501558351,0.75708400971947265
13534,-0.01433426643587048,0.75727306274104234
13535,-0.015841038983202035,0.75991479679712948
13536,-0.014284998998439425,0.75946875234055533
13537,-0.016487508850875677,0.75637735607077128
13538,-0.014026367095344461,0.75517079045807012
13539,-0.014590011072271166,0.75842696423801836
13540,-0.014583010937676274,0.76003203585114842
13541,-0.015813638511658422,0.75590075062653239
13542,-0.014790284073595551,0.75208123674260696
13543,-0.016524750615953855,0.7636236605125073
13544,-0.015132380196905026,0.76203583736728064
13545,-0.012769300707177203,0.76211834259884281
13546,-0.01577746265215809,0.75612260423438049
13547,-0.015604408121597302,0.75767599429479382
13548,-0.013315293956920899,0.75141505591140156
13549,-0.015682203761031469,0.75848828178370642
13550,-0.014411121961577145,0.75710943083507098
13551,-0.0154996438053078,0.76136382905117972
13552,-0.014973378949237753,0.75814103585275716
13553,-0.015304854872653303,0.75781249452336263
13554,-0.01559277546379566,0.76318082074068305
13555,-0.01288016003738277,0.7562138782012251
13556,-0.014876310449953732,0.76257735027298412
13557,-0.015097624511288731,0.7569559317381197
13558,-0.013402806334787999,0.76490930188022344
13559,-0.015413582421995451,0.76107546301097706
13560,-0.015416254692914983,0.75697389098619938
13561,-0.014948620839732057,0.75530156478424992
13562,-0.01554469369855682,0.75764785483442432
13563,-0.01440211106306113,0.75900965939025222
13564,-0.017571609239239359,0.76383530198082383
13565,-0.015901616750568597,0.75489929908790587
13566,-0.017088528671551598,0.75869260101524638
13567,-0.013979260106478795,0.7575858477290015
13568,-0.014575976737648792,0.75714084405147231
13569,-0.014277015022119859,0.76107352714463716
13570,-0.012293494036151119,0.76265161810652338
13571,-0.013743835650300627,0.7616065095484208
13572,-0.015229419475275304,0.76701586765996066
13573,-0.014806514973010772,0.75715115981894332
13574,-0.014746377059197787,0.75925210659915665
13575,-0.01573194160001453,0.76415445019083217
13576,-0.013242462298763467,0.75797923221863062
13577,-0.016362556231095678,0.76390937720404239
13578,-0.016114132178253096,0.75738963694296468
13579,-0.013741856767951388,0.75637122841365612
13580,-0.016885561694793279,0.76022523894228866
13581,-0.016461068481682602,0.76086164452292016
13582,-0.016590365238987499,0.76186582698472616
13583,-0.01463559783798379,0.76670433970491991
13584,-0.015279899647025306,0.75779264288357295
13585,-0.015839401673251034,0.76369668801239532
13586,-0.014238401212554513,0.76319897091837119
13587,-0.015607568660896857,0.76218102497515672
13588,-0.014455638086550534,0.76282880859022018
13589,-0.017210625923509998,0.75432365512831334
13590,-0.016323332009005743,0.75999039978044691
13591,-0.014944813624442508,0.75975443374052753
13592,-0.015234911958509923,0.7619961883373062
13593,-0.012729786303231396,0.75481121528850992
13594,-0.014852875452321487,0.75671864650876186
13595,-0.016257450446303133,0.75451449096050949
13596,-0.01257128793736023,0.76027451317922845
13597,-0.013851615607957696,0.75474547638741152
13598,-0.016853609443104416,0.76073905574232492
13599,-0.013667353305858689,0.7601211771786468
13600,-0.016056627434130003,0.76253864529034276
13601,-0.015689881838705247,0.76531344700579573
13602,-0.014160604659912805,0.75810314524164479
13603,-0.014984057336400123,0.76227618518362372
13604,-0.01437365431837722,0.76141905386038378
13605,-0.013781815306475827,0.75937716568122893
13606,-0.01369284703586097,0.75925717269427018
13607,-0.01323919106013118,0.75724215019704211
13608,-0.014645655924432094,0.75812338533162194
13609,-0.014547506918801637,0.75827261218574094
13610,-0.016162804340729954,0.76001063744750996
13611,-0.016943840529369696,0.76156535845577822
13612,-0.014671468716579003,0.75906151478900075
13613,-0.015321165997574675,0.75680801785511553
13614,-0.01378637964668116,0.75718819396068437
13615,-0.012714957224752016,0.75470664747014193
13616,-0.013811055272229913,0.75991980928351832
13617,-0.013927145817655147,0.76399738668076767
13618,-0.015648471123176209,0.76220138906934931
13619,-0.015409422291564692,0.76143131065616398
13620,-0.013179594632299995,0.75712285107456667
13621,-0.013729312214333754,0.76586018801896472
13622,-0.015129345647442364,0.75637692330705208
13623,-0.015012144042624213,0.75796471723984504
13624,-0.017276660563019207,0.7639457565969292
13625,-0.015268148783368194,0.76082119010884319
13626,-0.016411192184543701,0.76090011362945509
13627,-0.015117504501713321,0.7646242073046966
13628,-0.01745581901896396,0.75722109628890666
13629,-0.01503662284471167,0.75816443791939581
13630,-0.015936483583021577,0.75954249884934488
13631,-0.016072354780936431,0.7622540864950248
13632,-0.012812179465180644,0.76055824260211013
13633,-0.015624777559541291,0.76278029343418563
13634,-0.016783099426885228,0.76502339532408059
13635,-0.015104412588969428,0.7582407538229039
13636,-0.015233991304979103,0.76314612166884022
13637,-0.014495307293954863,0.75981717831300233
13638,-0.014149097830051546,0.75808106450801782
13639,-0.01578188530603112,0.75559398422971491
13640,-0.016623909029418391,0.76421681807245689
13641,-0.013618038645794738,0.76033318631936253
13642,-0.01602471619583043,0.76391157656122777
13643,-0.015230594045734947,0.76129930940353663
13644,-0.016543315494690153,0.76140438484844264
13645,-0.01488087004409356,0.75611965670166792
13646,-0.016732689205818628,0.75732925855138478
13647,-0.017512156936668216,0.7591060542775897
13648,-0.015587995698271569,0.7587042249076027
13649,-0.013379880494523577,0.7580181278320377
13650,-0.013788204838260112,0.75897231297817946
13651,-0.016353415583518438,0.75011514245106903
13652,-0.016448463263489914,0.76150068045008823
13653,-0.014371615524334162,0.76198376469063533
13654,-0.016906090409154459,0.75926927464454741
13655,-0.014899116979931333,0.76079830692216011
13656,-0.015335876776634448,0.76080211146171495
13657,-0.015947195795162253,0.7594197703712946
13658,-0.016177024752967409,0.76168031405794023
13659,-0.014390915436216395,0.7597351729999251
13660,-0.013891277307405433,0.76335143580081199
13661,-0.013756205426464841,0.75904602831831824
13662,-0.015937246220867937,0.76118002141922347
13663,-0.013091778070911619,0.75540603235922943
13664,-0.015636530837911007,0.75773816516673576
13665,-0.01581349510898148,0.75875736581503961
13666,-0.014324337717323752,0.75154173425268478
13667,-0.017188641236985078,0.75765194147617698
13668,-0.015308141161111606,0.76619417735747763
13669,-0.015190646628352627,0.75494941331713028
13670,-0.017179122629962917,0.75561374183048591
13671,-0.017382967246929445,0.76221162910686546
13672,-0.014981317660505469,0.76358119142092984
13673,-0.015073605712772019,0.7647858383486793
13674,-0.016190844279913338,0.76218130025876041
13675,-0.014972583262070915,0.75930592465489866
13676,-0.013424234085738817,0.76277312095280592
13677,-0.012878622429436671,0.76955168656321937
13678,-0.014352813384056402,0.75918891015736678
13679,-0.0154643830105865,0.75854495008811096
13680,-0.017818084617924574,0.76114658704291982
13681,-0.015796631109284285,0.75605316872820816
13682,-0.014568571805704814,0.76307920143540797
13683,-0.016453846797609376,0.7633090056795433
13684,-0.014557075739553643,0.76112566049181651
13685,-0.013969061778199444,0.75723384191295828
13686,-0.013325795656406401,0.75306608515881535
13687,-0.015570655488555804,0.75827776671574199
13688,-0.01636813235751592,0.76140268283419188
13689,-0.015796809137708312,0.75765666515540886
13690,-0.015236432100882819,0.76449335992471523
13691,-0.013596513852340165,0.74791346265790448
13692,-0.013266831626337353,0.7611014243258778
13693,-0.016182901542474721,0.75350417401296155
13694,-0.015544671481626835,0.75781601264316645
13695,-0.016401027768401577,0.76241389792103309
13696,-0.016207053569742398,0.76194744839256856
13697,-0.012205966882220058,0.76484771353570569
13698,-0.018749940563618346,0.76132239106410005
13699,-0.015570535084810717,0.76074837501101444
13700,-0.014372888210428026,0.74778259356993104
13701,-0.014595659393768433,0.75750692383292517
13702,-0.016899320750389732,0.7581384139600339
13703,-0.013566751946734491,0.75613233475327746
13704,-0.016852912091089828,0.76119477678759595
13705,-0.013279868822787913,0.76217840241477375
13706,-0.015442417014876945,0.76081158288688322
13707,-0.014799182088187337,0.75678703549752224
13708,-0.016311292898061512,0.76401464836833355
13709,-0.0163862889538616,0.75628318523750271
13710,-0.012979419229839317,0.76325257383296974
13711,-0.017448033633702453,0.76475264851936053
13712,-0.017098893671815343,0.76326751204793331
13713,-0.013313569822665485,0.75756301429089679
13714,-0.014107479293992366,0.7563962238549361
13715,-0.014902150744938293,0.76666087049361176
13716,-0.016205276723740902,0.76240879504696035
13717,-0.017108355170420187,0.75768196171986191
13718,-0.016568797955666181,0.75778595519003533
13719,-0.014675879739989708,0.75331559663544212
13720,-0.017075717811516435,0.76059679312805784
13721,-0.014844796029895352,0.76519889232998206
13722,-0.016988577863591741,0.75870817423260561
13723,-0.01600835771080511,0.76382487721041337
13724,-0.013203604556798726,0.75524416344280498
13725,-0.016825529249163178,0.76713718256985242
13726,-0.015672159426273403,0.75754628969678028
13727,-0.013775209246229582,0.75943273529528177
13728,-0.016251723534646385,0.75392876579741475
13729,-0.013837509713707287,0.76366078811460281
13730,-0.01440278830733728,0.75924366018090983
13731,-0.013681332484397622,0.75794992720147081
13732,-0.016809193605447338,0.76142854695252349
13733,-0.016480610534797109,0.75508151596601625
13734,-0.015389052376027192,0.76218138032070926
13735,-0.015660814718731861,0.76054729628673534
13736,-0.017412097068234364,0.76232483500407289
13737,-0.016467405627956899,0.75909835406166981
13738,-0.016247378807357403,0.75384317053846139
13739,-0.014743564925600673,0.75305097929126841
13740,-0.01492418208002531,0.7537744642650468
13741,-0.01562964561829077,0.76644353245124364
13742,-0.017078778119770543,0.76307235745223145
13743,-0.014679995934069653,0.7536212831659258
13744,-0.012294265549299488,0.7608198851360789
13745,-0.016164749134051824,0.75474440065594128
13746,-0.015083672109830127,0.75005228697900372
13747,-0.016321828828860119,0.75778224742407352
13748,-0.013401594203580721,0.76295890562587365
13749,-0.016668697781350807,0.76112094663734176
13750,-0.012495301348597001,0.75142658562376818
13751,-0.013330283326470823,0.7530413739211087
13752,-0.015799071000143449,0.75397685884759624
13753,-0.014356034555680864,0.76223561128242723
13754,-0.015324489119210192,0.7551708778374896
13755,-0.013972356834503184,0.75598103221666546
13756,-0.016358965929411405,0.76400688664673144
13757,-0.014702167606846853,0.75564499812899144
13758,-0.01337027970412851,0.76099085544047096
13759,-0.015212497637981763,0.75926107680382426
13760,-0.016960287931992578,0.75931847823976628
13761,-0.013215088888012783,0.76233943678471128
13762,-0.016993314611685281,0.75963164475035339
13763,-0.013668074811410795,0.75063668256256666
13764,-0.013220142711523315,0.75891714648631736
13765,-0.013279951016338064,0.75564355907329606
13766,-0.01582110955851336,0.76320676219879102
13767,-0.013676234252239355,0.754298268585465
13768,-0.015367479472473232,0.76082846099521784
13769,-0.01249362678084439,0.7604357070229204
13770,-0.015908943283639863,0.76475561100194434
13771,-0.015229690732430393,0.75557851288446531
13772,-0.01482756486370704,0.75543570608883548
13773,-0.016419179867503089,0.75948807295579801
13774,-0.013732456892547946,0.75998208771984255
13775,-0.013558724427101708,0.75587533066530144
13776,-0.016075409487080628,0.76329188211387389
13777,-0.017223431489108234,0.76271381842266273
13778,-0.015688515342257917,0.75808198988800235
13779,-0.013901676069336961,0.75116242935634414
13780,-0.011917809647769395,0.76077667187099418
13781,-0.014467240977908788,0.75798911357280652
13782,-0.015436859206041259,0.76505415053090153
13783,-0.015871648020543916,0.75965160715859525
13784,-0.014211605497691567,0.76387842640863934
13785,-0.014437199972450214,0.75909157339333055
13786,-0.016475257738106749,0.75767993342541495
13787,-0.014934529039189506,0.75530158442582818
13788,-0.013607279751938189,0.75533890917605695
13789,-0.016004852109853064,0.75699711867467845
13790,-0.013203065134495037,0.7598167224225626
13791,-0.016164748603726665,0.7610323843506055
13792,-0.015689401206796523,0.75304837212225106
13793,-0.015064909393293167,0.75310279255229018
13794,-0.015385740115650743,0.75997009599978926
13795,-0.015176759009998254,0.75666073011174173
13796,-0.01695365713657216,0.75885144000111104
13797,-0.015107288698821619,0.75848987949948199
13798,-0.016384141839605688,0.75605550202891614
13799,-0.015027134513914183,0.76222800143731628
13800,-0.014274611665829781,0.76528231742535813
13801,-0.014629090745464295,0.7567984116920119
13802,-0.016844096663414288,0.76310801203919743
13803,-0.014694841295243321,0.75972887409853007
13804,-0.015627692598390207,0.75470035469485863
13805,-0.013466926208127984,0.76412176994293401
13806,-0.01555311360837772,0.76085125583789126
13807,-0.013951755706600797,0.76043319348222471
13808,-0.017000868073409649,0.76458669374696153
13809,-0.016098190189353257,0.7612651630528654
13810,-0.013903524639425003,0.75711238023124661
13811,-0.013167874639316358,0.7579422224013207
13812,-0.01462470976033161,0.75471517514790754
13813,-0.016365103399553597,0.76133930384374571
13814,-0.015265467206717431,0.76621383217611261
13815,-0.012874059466409802,0.76497383326061141
13816,-0.01398622383020115,0.75600441821083908
13817,-0.015187024835170386,0.76106328269744761
13818,-0.016242011266468192,0.75896728992337881
13819,-0.012712556491697462,0.75565432345759398
13820,-0.015144836520814222,0.75773854118107509
13821,-0.015748730959752155,0.75926292986467903
13822,-0.015760319864329346,0.75926770444741365
13823,-0.013926428954126614,0.75984961168227527
13824,-0.013798657576883434,0.75751380856813766
13825,-0.017742723811820751,0.75930917320434743
13826,-0.01617660220819829,0.76402515992553388
13827,-0.016859319906333575,0.75948681833115539
13828,-0.015813763258215346,0.76095175951924099
13829,-0.014430838808759667,0.75728376578382417
13830,-0.015802433146512036,0.76197139917770418
13831,-0.014616577683872358,0.76378732946282302
13832,-0.016499311327886235,0.75679963404360173
13833,-0.015367699431712834,0.75870763555697152
13834,-0.016982016259250672,0.76316474033333148
13835,-0.01360134936256136,0.75653626503763627
13836,-0.017547527038143801,0.76106553306623592
13837,-0.014607914004032415,0.75381524879707174
13838,-0.016618026272723373,0.7585025581127891
13839,-0.014337613559064304,0.76247345244918052
13840,-0.015295810584726928,0.76035580456633356
13841,-0.017722025770443083,0.76343824240961256
13842,-0.016616902681287619,0.76042426005252228
13843,-0.014692991769875726,0.7620825239445761
13844,-0.014681855694588549,0.75808890064238488
13845,-0.01674096321983691,0.75783669994433378
13846,-0.016445033311260886,0.76166211467030065
13847,-0.016217562155732831,0.75320346882438993
13848,-0.017225358785590048,0.7564073971818096
13849,-0.015752339188557285,0.76656131815972073
13850,-0.015099128091282501,0.76207322484853812
13851,-0.014968030330560943,0.76114861062513062
13852,-0.014557299808514461,0.7652217141256723
13853,-0.013087649263630808,0.76120517332570314
13854,-0.013560235178000554,0.7547192528689336
13855,-0.014647304873640785,0.76048647973273875
13856,-0.016559570031630839,0.76491679259716083
13857,-0.018747794987432554,0.76315903074719638
13858,-0.01547318935965363,0.76377815437114815
13859,-0.015711000393923438,0.76446159610949449
13860,-0.015612897452976436,0.76349118003464811
13861,-0.017201900635495919,0.76123226082317685
13862,-0.01388452907370686,0.76451929671402807
13863,-0.01298785909408978,0.75609680894047415
13864,-0.015701598262461473,0.75495547113787187
13865,-0.013087433141623665,0.75898435224129346
13866,-0.013686067163075084,0.76246333649749842
13867,-0.015406672166603984,0.7593293420198326
13868,-0.014469229574364325,0.74673890174622382
13869,-0.014012540383309029,0.76006719923881416
13870,-0.013365350677287105,0.75646643966338167
13871,-0.013469424223403232,0.75689017131521885
13872,-0.011432223529265772,0.76132101695733856
13873,-0.015757060582316757,0.76307456186123157
13874,-0.014015993344485354,0.76139718571095938
13875,-0.016698627583574269,0.76049954687986931
13876,-0.01512909407741644,0.75666165227434334
13877,-0.014875230552289174,0.76131342939153712
13878,-0.014061705223654231,0.75270871060616706
13879,-0.015165595013481878,0.76295894541387166
13880,-0.014754416427232728,0.75736495851602714
13881,-0.013624967957098957,0.75699110014944504
13882,-0.014908897140068343,0.75383495033937009
13883,-0.01571912194072226,0.7617847545270211
13884,-0.015835671405026577,0.76543219341060909
13885,-0.015425357419510628,0.7572858305110346
13886,-0.01253479842459369,0.76098773384467977
13887,-0.01318963151691608,0.7617287278280831
13888,-0.014587951024201334,0.76010794735983689
13889,-0.014803600454293214,0.76126627766193333
13890,-0.014887252898907438,0.76412285759130671
13891,-0.016075134981962391,0.76079208865331727
13892,-0.015893483835627296,0.76130101861206578
13893,-0.013991452860539582,0.75458471601189936
13894,-0.013798793117597156,0.75719126986758045
13895,-0.015309921553572539,0.7628159718251819
13896,-0.013959031295451467,0.76083192844730796
13897,-0.016501628089766664,0.76445089347489992
13898,-0.015171215607979033,0.76355326995541395
13899,-0.017204413922228386,0.75963600312822155
13900,-0.014866112793784416,0.75938634211825518
13901,-0.014198428679287594,0.75282371602633902
13902,-0.014401986192836488,0.75982189631826336
13903,-0.014382477544980976,0.75860508407519289
13904,-0.017240033322257528,0.76190256685570545
13905,-0.015868775984405281,0.76113914606268851
13906,-0.015689619472348197,0.75913605346035307
13907,-0.017281986108493342,0.75576695455395781
13908,-0.014580051865975928,0.76161977638733702
13909,-0.015676691121371114,0.76376779170467424
13910,-0.01708592161294429,0.75978643478302554
13911,-0.015600876517383325,0.75391114709865559
13912,-0.013809084912829922,0.75355679476320814
13913,-0.013524475909248997,0.76361720376104114
13914,-0.013601186601032659,0.755609533612147
13915,-0.014834840369524743,0.75788088412781673
13916,-0.01496163097937688,0.75822132281718568
13917,-0.014121615122838499,0.75679634629789216
13918,-0.016285375107821562,0.75983335686692199
13919,-0.014867893459228645,0.7598801670069627
13920,-0.016043447778120629,0.75869357596415021
13921,-0.017974671518344844,0.76169470508872805
13922,-0.015375696521524148,0.75570104229669033
13923,-0.01509183755212468,0.75890324900562833
13924,-0.014990251930934817,0.76407423290609811
13925,-0.014707733771966261,0.76029243591205542
13926,-0.016641883794673976,0.75740090722381859
13927,-0.015160942807999463,0.76307059067536864
13928,-0.015847989767222289,0.75893978741659984
13929,-0.017278509060754024,0.75842763563527271
13930,-0.017005736707066205,0.75751350715548971
13931,-0.015027057031269372,0.76214292037430487
13932,-0.014841176916506061,0.76317668574992659
13933,-0.015339230527896333,0.76191132990737032
13934,-0.014451140817873125,0.75647546049498704
13935,-0.016045295989526833,0.75334213357577118
13936,-0.012849524322031448,0.75290735201857684
13937,-0.016405842628524944,0.76060099193092856
13938,-0.014736287670759608,0.76285923710983428
13939,-0.01489029142782095,0.76108382142662001
13940,-0.014758422672416314,0.75751578737305347
13941,-0.016095649997082954,0.76041628390823779
13942,-0.015118913219175611,0.76109509116378093
13943,-0.017282061783097012,0.76154170823251888
13944,-0.016130215223084401,0.76107409335069365
13945,-0.011740634287717856,0.76157027479587058
13946,-0.015210752180920332,0.75690620531340724
13947,-0.016802095850951614,0.76248632209875433
13948,-0.014585177468073647,0.76076069967349869
13949,-0.013446485430915684,0.75729087180597465
13950,-0.014999763621179342,0.75427764768025429
13951,-0.01539066781395748,0.75634099801778387
13952,-0.018008609293800042,0.76152409246716812
13953,-0.014137567377895486,0.75139723028965277
13954,-0.014712753816247988,0.75565999286835661
13955,-0.014760928545786799,0.76569237390153277
13956,-0.017045101560350415,0.76226328242801322
13957,-0.015531209346203188,0.76524912505691234
13958,-0.015315401622160578,0.76457885122156943
13959,-0.015836322451593006,0.75889974216505907
13960,-0.014862457199085057,0.7576522582623334
13961,-0.013784985426945642,0.76333690908443974
13962,-0.013164992303679603,0.75814189554637745
13963,-0.013119129660212612,0.76066759253693206
13964,-0.015937589637699333,0.75475628796794514
13965,-0.015324863414805115,0.76376438102736566
13966,-0.012221082877938655,0.75798794673005865
13967,-0.01497844091231562,0.75672874634238563
13968,-0.014626645824509244,0.76145811189300083
13969,-0.013517453264631154,0.76230920087179066
13970,-0.015981270576753581,0.75984354504216001
13971,-0.014592970188581293,0.75467380344224544
13972,-0.016388940203767806,0.76402766964130142
13973,-0.01454415775033324,0.75704645541750881
13974,-0.013087983568879,0.76172215470430571
13975,-0.014625221170270333,0.74906129954775236
13976,-0.014960793346324752,0.76149448226679461
13977,-0.01506440706061447,0.75662704656814861
13978,-0.015581642393031952,0.76380270670586581
13979,-0.015795649569339303,0.76613813980470891
13980,-0.014247373862770045,0.75516474203566453
13981,-0.01551621174560402,0.76175359894309724
13982,-0.014616932362600669,0.7597297013630524
13983,-0.014154996445757413,0.75028931998601045
13984,-0.013996888976009271,0.7626549548806838
13985,-0.013699428442047889,0.76219148192422925
13986,-0.016711986421901432,0.75998557840045222
13987,-0.01223107757772727,0.75828596898439093
13988,-0.015822235308418815,0.76166542637888401
13989,-0.014372624931660317,0.75681104766124263
13990,-0.016191850427234797,0.76149168157236369
13991,-0.014011469323351082,0.75606607504418721
13992,-0.0174408651955388,0.76460682427783955
13993,-0.014606486688610459,0.7579003395870908
13994,-0.014988054771494766,0.76197772345870562
13995,-0.016013729406229193,0.75921081839153959
13996,-0.017052408045719017,0.76413697353736088
13997,-0.014011018746351694,0.75965576560068404
13998,-0.013644546882879929,0.7635840110774782
13999,-0.015870723732650961,0.76416169534824119
14000,-0.013424723829494627,0.76082153097120209
14001,-0.0154675014811859,0.76036782120894875
14002,-0.0154996438053078,0.76136382905117972
14003,-0.016442706145748279,0.75703033377832207
14004,-0.014299875870967234,0.75436210221574784
14005,-0.016045400903734131,0.7646182086670974
14006,-0.013666863349760619,0.75789611614026031
14007,-0.014104433151732139,0.76290216322982229
14008,-0.016431925193851699,0.76182492278385661
14009,-0.012551113501668192,0.76157082224898831
14010,-0.011840334901192908,0.75962475804650975
14011,-0.017112857413513566,0.76339943664113485
14012,-0.015610570498931983,0.76337470190301693
14013,-0.016890604495049096,0.7609089890157994
14014,-0.016654890795513973,0.75956745415835192
14015,-0.016777558839672101,0.75597510423910863
14016,-0.01292731073818517,0.75434647769988261
14017,-0.014520161915796644,0.76178708874496615
14018,-0.015276605933353938,0.75791378596051617
14019,-0.013417109949736395,0.75037184149587721
14020,-0.014931698216214682,0.75750499848220876
14021,-0.013761223259446625,0.76175483926233667
14022,-0.013092246051303004,0.75488214020696531
14023,-0.015587892170611243,0.75745008488589127
14024,-0.013406146342666979,0.758541707687586
14025,-0.015645972783200193,0.76041915633801782
14026,-0.013277950519054947,0.7594535715216183
14027,-0.015647417784022725,0.76269187864818533
14028,-0.016731084237442385,0.76113651734179477
14029,-0.016087856558188961,0.75820334128712807
14030,-0.013690433672165863,0.75907839500212282
14031,-0.015847915417676835,0.75752456817156721
14032,-0.013361507649278112,0.76318259791751519
14033,-0.014013499814012099,0.75816197837572163
14034,-0.014475152361884944,0.75459149130223113
14035,-0.015147948371679815,0.76463461158197443
14036,-0.014309389977535114,0.75748722988102446
14037,-0.014408819674343059,0.75699464601731936
14038,-0.014760698332171878,0.75798844774999041
14039,-0.014112773163413949,0.76359450805549778
14040,-0.016021882864146741,0.75395532380664987
14041,-0.013641815508668052,0.75751181423278291
14042,-0.014423081461258891,0.75507381614772096
14043,-0.017910939319866447,0.75897482309796038
14044,-0.014413224885714825,0.75724464691866022
14045,-0.016221301749157074,0.76022833734395834
14046,-0.014320599384648948,0.75449244469053334
14047,-0.01539923196279543,0.75576585939243901
14048,-0.014393121622294764,0.76337082891865793
14049,-0.01572039382685185,0.7659772730918406
14050,-0.015155612437018188,0.75948515756294188
14051,-0.012842216912452542,0.76351108677266666
14052,-0.01412690097493855,0.76080758438845675
14053,-0.01518773075850729,0.76251220366002515
14054,-0.015600951011895738,0.75654526522635612
14055,-0.014972048890155727,0.76223834711545813
14056,-0.013440615871525606,0.75664884027438573
14057,-0.012803704037451596,0.75813730908443488
14058,-0.018038376041293477,0.76186535362888452
14059,-0.014896715346258454,0.75890596898088114
14060,-0.014835895049215068,0.7556762376432159
14061,-0.016818358116862282,0.76020415342246506
14062,-0.012843479307570311,0.75668389492915789
14063,-0.016475508791674809,0.7595345922300003
14064,-0.013049303363236111,0.76078100391568837
14065,-0.016175622874662607,0.76212516260267815
14066,-0.014310367808729242,0.76172058640688456
14067,-0.015982413643843396,0.7634328228456535
14068,-0.014369213893629327,0.75700667788754961
14069,-0.013367464486820569,0.76148810680361956
14070,-0.014503722844506746,0.75672923597881236
14071,-0.014708113142162946,0.75896131660114929
14072,-0.015901562149656767,0.76627949631805836
14073,-0.014688314256704721,0.75678048261029285
14074,-0.01490990239090991,0.75753872739797734
14075,-0.01683613837827241,0.75991402092613169
14076,-0.01713681679232467,0.75953074904531037
14077,-0.016019219392558112,0.75908883449996334
14078,-0.014461513149281298,0.76339194083137973
14079,-0.014205226337826504,0.75733435849892372
14080,-0.014157512735712384,0.75817404027874491
14081,-0.017156202410405892,0.76195379719355638
14082,-0.016160732390194762,0.75675956970848135
14083,-0.013389661338537423,0.75888028957276132
14084,-0.015222668138675491,0.76041441379464769
14085,-0.015811905037409209,0.76098886458950821
14086,-0.014819744535616903,0.75489520331115478
14087,-0.014315844205406051,0.76525673561906027
14088,-0.014569870698060977,0.7649581910182629
14089,-0.015556989691704692,0.76116651289327186
14090,-0.016467433597261619,0.75795280280354949
14091,-0.017360823724856506,0.76180934108356879
14092,-0.015569048744803055,0.75933753003627313
14093,-0.012089606623253393,0.76472194136464589
14094,-0.013962968537037419,0.76494769070459689
14095,-0.016431194091731237,0.75750876444792914
14096,-0.013940962825440717,0.76161635331409683
14097,-0.012809165649443689,0.75367362746533439
14098,-0.015143262911495432,0.75744411115771837
14099,-0.013884246784137797,0.75248667810372871
14100,-0.017036817576858793,0.76032727151895108
14101,-0.015633450597963769,0.75837746353178881
14102,-0.015882841404936135,0.75984544555917821
14103,-0.015373232767104146,0.75936704949892753
14104,-0.015207148911056899,0.75836796699744513
14105,-0.015076607794707429,0.75574021600436947
14106,-0.013557949332674329,0.76076325447187898
14107,-0.01336865509037046,0.76107462422953764
14108,-0.017666445137018885,0.75943327821245066
14109,-0.012941608479853879,0.75911324041610428
14110,-0.013549803438839252,0.75040088445494535
14111,-0.013610599355739862,0.76262011949353181
14112,-0.015101204223564129,0.76243918689857193
14113,-0.015420359940978724,0.75720106456994951
14114,-0.011580999252965081,0.75443470389227729
14115,-0.015864579163944518,0.75767520526496213
14116,-0.0148012810317749,0.76067902839865809
14117,-0.015448848886925758,0.75558071816596883
14118,-0.013556353002860719,0.75730369964762068
14119,-0.01419655209288743,0.75884405626670781
14120,-0.015044400093916234,0.75229899011433565
14121,-0.016167730536521138,0.76021447137679554
14122,-0.015648466779083478,0.76184662223911703
14123,-0.01626599342177068,0.75607752077464996
14124,-0.015950090051564617,0.75967866278520269
14125,-0.013766827681810643,0.76139222697398534
14126,-0.016384514024544227,0.76083118286603812
14127,-0.017129989682742174,0.76146998762966733
14128,-0.013723250149868249,0.75601416989116543
14129,-0.011666606445571865,0.75809426376837874
14130,-0.015207054489585026,0.76325907765698175
14131,-0.015752997965840152,0.75531775553097313
14132,-0.015684450708960303,0.76359558744796552
14133,-0.015586560408259514,0.76295437910037944
14134,-0.011046817998284849,0.75822417392360009
14135,-0.016455378209041811,0.76037327001795962
14136,-0.014972120970848907,0.76474718485337601
14137,-0.015629875266964799,0.76092285761823353
14138,-0.015224698655639711,0.75901922891391638
14139,-0.013383044134453128,0.76280763783855743
14140,-0.015062342581208284,0.76116681603333936
14141,-0.012403521721366001,0.76249648959053262
14142,-0.015602636458649932,0.76233422887237379
14143,-0.015668739864122247,0.76374445531009383
14144,-0.015945545240966526,0.75667283465893687
14145,-0.013525775008203353,0.75832337628190127
14146,-0.016438780099084359,0.7606912151554881
14147,-0.014503144708343185,0.75926767112061955
14148,-0.015359737584092767,0.75555906115019955
14149,-0.016306101661259606,0.76251738633700272
14150,-0.014197748804122038,0.76326012544336042
14151,-0.016516952296406054,0.75871109413412274
14152,-0.014712807690249607,0.75737437143167796
14153,-0.013202488413825618,0.75805112596788127
14154,-0.013766450434471689,0.75322198910725846
14155,-0.016605760238040321,0.76272678173671582
14156,-0.014894569729977563,0.76237550501788487
14157,-0.014239421437400594,0.75562234774435411
14158,-0.015081617264851285,0.75684318948657281
14159,-0.012056982080415902,0.75749914903100402
14160,-0.015786080231943719,0.75782720754246324
14161,-0.016730065829684372,0.7591623945835575
14162,-0.016979117058104239,0.75831467315338197
14163,-0.0095854141510034845,0.76158727116209424
14164,-0.01628687394563931,0.76095291356029948
14165,-0.012581660848822026,0.7640808660788464
14166,-0.016901642566136701,0.75651692430892192
14167,-0.016321101338913645,0.75743861146136271
14168,-0.016494386347448712,0.75953101143275337
14169,-0.016418610464732607,0.76291400114586072
14170,-0.017186008588918604,0.75551348567194343
14171,-0.015220636957303765,0.76430857788098283
14172,-0.01658285078924672,0.76088633803418593
14173,-0.013358094250215695,0.75929073996787844
14174,-0.014666256538438409,0.76222561299866198
14175,-0.013903970113211525,0.76125793711592105
14176,-0.012675008957858952,0.76009515441198605
14177,-0.016377487288647317,0.76256014266153571
14178,-0.015864238583717466,0.75260941395603298
14179,-0.013899680537960054,0.76293856577843333
14180,-0.01424266405809816,0.75704217975615917
14181,-0.015968441078070241,0.75809561657392632
14182,-0.015482735618987879,0.75619263919073842
14183,-0.014268345737529529,0.76333003259264631
14184,-0.016095835863971217,0.76089769118918482
14185,-0.014086183388243861,0.76446670306372555
14186,-0.01253187785486473,0.75895803109274862
14187,-0.015027576529535833,0.76090866391573952
14188,-0.014990385493498839,0.76684075577077926
14189,-0.016714810934941877,0.75957012916870925
14190,-0.013833272655576715,0.75411258432767458
14191,-0.014523482661773713,0.75799213468556781
14192,-0.015869358603552465,0.76184040241886697
14193,-0.014975747057100702,0.76119848920957478
14194,-0.015720125820382159,0.75655529915057396
14195,-0.015711720577447529,0.75550102615796844
14196,-0.015273756967911762,0.76103644463648801
14197,-0.018711308950596015,0.76231887757414685
14198,-0.014774878162134915,0.75752195524549404
14199,-0.015401741865878164,0.75802003066987711
14200,-0.01395018759891516,0.75367697773649478
14201,-0.015151665867506948,0.76283284111952054
14202,-0.015823075286730194,0.76145064533888918
14203,-0.015600794783172906,0.76296732118088073
14204,-0.0153654101320177,0.7598791117135878
14205,-0.016197259919044617,0.76010774438477757
14206,-0.015010186760679398,0.75652028893095657
14207,-0.016332543602481507,0.75856881033582235
14208,-0.016388226629918339,0.75820028031213482
14209,-0.013832474763383408,0.76284743022954327
14210,-0.016936184077585091,0.75951066348855145
14211,-0.015860582585100112,0.76128174273300164
14212,-0.016971737367919161,0.7620779234177113
14213,-0.014441932089923545,0.7589416234914893
14214,-0.014232801607795199,0.75880119974073168
14215,-0.016389473899755681,0.75943534963453607
14216,-0.014558022518637425,0.75891960283684301
14217,-0.013633167274969587,0.76167216422698814
14218,-0.014485982285341722,0.76316675868794259
14219,-0.012815918012498626,0.7616663350097953
14220,-0.015011333558445281,0.7537236217028509
14221,-0.017373816800308212,0.75947104043602898
14222,-0.015597087087514233,0.75688395319189472
14223,-0.017666699697452413,0.76387656501121159
14224,-0.015932741338734402,0.76045269022488304
14225,-0.012167260699472302,0.76346262305200041
14226,-0.012792353802893926,0.76388965242334372
14227,-0.015363917593966131,0.75548329483860766
14228,-0.016159867846224335,0.75444052036925657
14229,-0.014474830220542237,0.75829347148637649
14230,-0.016916392216280926,0.75924931912208593
14231,-0.016338416277552649,0.76064600452565667
14232,-0.015048368975250734,0.76052981075759096
14233,-0.015659479213320275,0.76207437497551367
14234,-0.014934004282473002,0.75754534020893782
14235,-0.017660138311787379,0.75817249362276373
14236,-0.015784797195999539,0.76064321786958189
14237,-0.014564288686325557,0.75037119662054175
14238,-0.016188792978019402,0.7602369637006543
14239,-0.015119778284499265,0.76023482730431546
14240,-0.014777406789965591,0.76188519630790341
14241,-0.012957461571453218,0.76296272640112728
14242,-0.015459787308501087,0.75764737897821188
14243,-0.015465892241053191,0.76266871640341938
14244,-0.014088439952173494,0.76336392715230672
14245,-0.016330366141401053,0.75766408221026527
14246,-0.015216747157187033,0.76003572280587028
14247,-0.0142054310436142,0.75624564236164438
14248,-0.013403299790781543,0.76135791406659747
14249,-0.013882146098797709,0.76374282432441887
14250,-0.013954707193062559,0.75762180589151762
14251,-0.016132669596817834,0.75550188222210224
14252,-0.014043534065087,0.74892200086744309
14253,-0.013927617537755593,0.75921099830058036
14254,-0.012920721993371045,0.76215827565591199
14255,-0.014190489397924281,0.75979667361003822
14256,-0.014488723253218989,0.75462527208887076
14257,-0.013664674367537431,0.76333024868931887
14258,-0.01355586862046119,0.7592179676295947
14259,-0.014300402990787553,0.76022162019073181
14260,-0.018650827074438998,0.76066414644379154
14261,-0.015959435313369592,0.7645420170563445
14262,-0.014108662269679204,0.7566740348053036
14263,-0.0151511415131015,0.76036817316560334
14264,-0.013664556592127933,0.75907100962911445
14265,-0.014785621289938926,0.75758091641423264
14266,-0.015332798748368405,0.76773244713227107
14267,-0.014551959751454872,0.75495111273460858
14268,-0.015796399693391153,0.7656724680399537
14269,-0.013495645397822643,0.75922254335584161
14270,-0.016658495117471708,0.75859172435375577
14271,-0.015105918695562669,0.7596839419217335
14272,-0.012500957463466789,0.76168364382132181
14273,-0.014162140344699915,0.76386702366415948
14274,-0.012610633944218217,0.75987769874027988
14275,-0.014522600298708293,0.75458508966848181
14276,-0.015217017086510855,0.76377941482672707
14277,-0.013954836255427778,0.75826169952268341
14278,-0.01582448043953634,0.75871938039796338
14279,-0.014203351557594198,0.75196961057742517
14280,-0.012739034244075414,0.75961075751610774
14281,-0.013544248094911218,0.76009088534483382
14282,-0.015880696800216827,0.75321137430020002
14283,-0.013663728022978669,0.76225190153691857
14284,-0.015350169844425186,0.75737484670646404
14285,-0.014029087215215773,0.76079041559217475
14286,-0.014131067081954003,0.75934629022998668
14287,-0.016998482531538461,0.75725559036621781
14288,-0.014227706643029293,0.75788461754026171
14289,-0.014311238250001971,0.75992783646475615
14290,-0.01676868910065709,0.76001612586006517
14291,-0.012340231630072005,0.75686453154639977
14292,-0.014463434740993319,0.75983825911587577
14293,-0.014030239744144034,0.75073216855201574
14294,-0.015182730753283318,0.75831243212604049
14295,-0.015095852667123254,0.75684840994872604
14296,-0.015592263052280959,0.75393014067309028
14297,-0.014930060498252431,0.75794308234751717
14298,-0.016414634264851135,0.75793211619926626
14299,-0.014505260042712331,0.75594593300794088
14300,-0.01440211106306113,0.75900965939025222
14301,-0.015163622303064533,0.75324112596324588
14302,-0.01303243870799475,0.76356196465146486
14303,-0.016355277007024834,0.75540574932286508
14304,-0.01331282202544265,0.75334627877169491
14305,-0.01441497596059685,0.76237983767626705
14306,-0.014460315065810386,0.75697016560982511
14307,-0.0146893666491036,0.76352159250172802
14308,-0.016114082237436655,0.7602650766203698
14309,-0.013717750204587665,0.76011520322226278
14310,-0.016120567255033507,0.7564747837614838
14311,-0.01334342774170893,0.76614269322291439
14312,-0.012110185514375208,0.7603793832017085
14313,-0.017121542509582734,0.75879668441886228
14314,-0.017347158043252282,0.76243447737928305
14315,-0.016175417790412348,0.76325860506694843
14316,-0.014507292780692115,0.7580228087351879
14317,-0.015853711370540952,0.76144076009616712
14318,-0.015377896165329733,0.76265115198692202
14319,-0.016414009749298498,0.76241938058334069
14320,-0.014564170820008894,0.75007231945228581
14321,-0.015921984095550901,0.75818287048839117
14322,-0.014431635786789283,0.75426407408576124
14323,-0.014692188832078167,0.75871686867842703
14324,-0.016691787344718538,0.75943975860916835
14325,-0.016532451633723917,0.756382717269653
14326,-0.015903116619084154,0.75605247868253111
14327,-0.013590580185437896,0.75528239329402969
14328,-0.012636203225071762,0.76130778228623897
14329,-0.01345230568281231,0.76303628354989805
14330,-0.01503569126711396,0.758232564394275
14331,-0.016516114718620564,0.76157022658721774
14332,-0.014221241964606132,0.75924778555431283
14333,-0.016157012643693552,0.75910138652132264
14334,-0.015556395326415715,0.76287022989450726
14335,-0.013767651117382467,0.76164828266327156
14336,-0.01571660578777467,0.75741842932116366
14337,-0.014944319284868945,0.7593363203338882
14338,-0.016310376934359432,0.75639281197951191
14339,-0.016904612521716496,0.76255513101822348
14340,-0.015641143806365068,0.76745207377751745
14341,-0.017444689561872194,0.76204524258641282
14342,-0.014273175935776282,0.76162425350227492
14343,-0.014371976149981935,0.75593640555137631
14344,-0.017855379608930577,0.75985968671528381
14345,-0.018119471171808552,0.76143419190674011
14346,-0.013783274555493021,0.75746336606805531
14347,-0.015483598687902108,0.75698657831079386
14348,-0.014200487759803574,0.7568053266331225
14349,-0.016458741772388614,0.76082570024151175
14350,-0.014531179671369169,0.75439448947690957
14351,-0.017194417626948066,0.76288107680594042
14352,-0.014986858764028192,0.76109097216560317
14353,-0.015206499457870001,0.76307853034777107
14354,-0.014906341838439158,0.75952358198652536
14355,-0.015708066937484506,0.76315874019568675
14356,-0.014346117829023829,0.75818186038750235
14357,-0.01536782999710396,0.75949315221353608
14358,-0.015742665370059149,0.75847501641018222
14359,-0.014545000146714174,0.75297826605496188
14360,-0.015806954102572018,0.7599926496720063
14361,-0.015116409178539883,0.76369968312378333
14362,-0.015336961341105787,0.75967822902853377
14363,-0.015416862935695191,0.75387219938950556
14364,-0.016618325475928328,0.7643529169269726
14365,-0.013980026191432664,0.75536648615523772
14366,-0.014204771700646832,0.75413110064608146
14367,-0.01775260691848006,0.75998308435363171
14368,-0.013812799627981558,0.76019915313857545
14369,-0.01500632489832034,0.75230236197225597
14370,-0.014997063166802377,0.7656531321668586
14371,-0.01661309190566751,0.75688965080939175
14372,-0.016580589469533245,0.76010378746497065
14373,-0.015333991899660969,0.75752343154741586
14374,-0.014509293721829575,0.7596318255503185
14375,-0.014119439777236424,0.76031493049615528
14376,-0.014635200923121289,0.75753948022893536
14377,-0.014193342818511008,0.76074594839535381
14378,-0.015618969334605406,0.76079765113828246
14379,-0.015388103434558102,0.7621380528536138
14380,-0.014567890619399466,0.75999433701357355
14381,-0.013807459717940373,0.7616887662558709
14382,-0.014233569698618486,0.75850300598774845
14383,-0.014705508559794772,0.7555772231227289
14384,-0.017985019672849996,0.76345966531549647
14385,-0.015214321918490377,0.7618189380184397
14386,-0.017315304742933822,0.7566255608553607
14387,-0.016962955489941894,0.76124291341435979
14388,-0.015355183072372649,0.75667555231845307
14389,-0.015781934482519688,0.7580416987219738
14390,-0.015079463572535954,0.75850616723217557
14391,-0.017100954076324303,0.76140456617140373
14392,-0.014730267394464321,0.7592754347399433
14393,-0.014942751882740338,0.76163647951114266
14394,-0.015286837296268192,0.76147858185148254
14395,-0.017240551396658386,0.75733626720802283
14396,-0.012549505555074478,0.75771068213478454
14397,-0.013696265594961453,0.75989690442996449
14398,-0.016645304075927132,0.76413617144392409
14399,-0.016515403429931873,0.75838002834350704
14400,-0.015351327706774526,0.7619904035162971
14401,-0.01497162207355365,0.76045145626030286
14402,-0.01431151145963673,0.75769558798228887
14403,-0.012191587435007029,0.76348479499916488
14404,-0.015849561723883385,0.76132686166198937
14405,-0.016205575656941928,0.75148937574683916
14406,-0.014399902385076284,0.7590311394793412
14407,-0.015538183834897145,0.76151313934742948
14408,-0.014780562105452248,0.75899341980713708
14409,-0.013857230540818,0.75939024873481853
14410,-0.017672909520272177,0.75863492575809
14411,-0.015061898749070494,0.763235302132931
14412,-0.015701845586535076,0.76699448359598044
14413,-0.013241755796825407,0.7617531704203151
14414,-0.016163607777770466,0.76184257323148952
14415,-0.015434770165534651,0.76343123376065147
14416,-0.014416178861490941,0.7508277907377594
14417,-0.015242980645412333,0.76443525309869598
14418,-0.016689517585220491,0.76335468165179665
14419,-0.017095522983637347,0.75683365457151608
14420,-0.01667792016534006,0.7615585154015746
14421,-0.017051509220297613,0.76168841675138643
14422,-0.012471032911026905,0.76190029559221706
14423,-0.016543801689232279,0.76411457549335748
14424,-0.016300566186364135,0.75808500752662733
14425,-0.015488984463507776,0.75978702175961199
14426,-0.01423814181120106,0.76006103384205514
14427,-0.016363797843224025,0.75789788885720311
14428,-0.015192932249666767,0.75717845925318183
14429,-0.015902451592417155,0.75866785449157748
14430,-0.016349686786766432,0.75484126062628254
14431,-0.016723382008560335,0.76424470943881506
14432,-0.01643489400483214,0.75657040441851808
14433,-0.014625215652186982,0.75530855614161962
14434,-0.015491710446017061,0.75589827278798782
14435,-0.014499473379028341,0.75928646982824766
14436,-0.011913237666128413,0.75638462310199062
14437,-0.012821856650723733,0.75456012196014211
14438,-0.014993400090431918,0.76215471364867859
14439,-0.012965177888694916,0.75601359571377391
14440,-0.014842139295728878,0.75599041900333463
14441,-0.015069548254844609,0.76140563640334735
14442,-0.017974260297170037,0.76226108533799619
14443,-0.013189664193507986,0.75883663955117764
14444,-0.016579192339693648,0.76116032650087273
14445,-0.014881203083065522,0.76158068406285051
14446,-0.015166816600088218,0.75671314193141992
14447,-0.015088738523037796,0.75569914766747626
14448,-0.016754562462648649,0.76301123910645841
14449,-0.013238678702077962,0.7583285357220505
14450,-0.013179517520941373,0.76353903218264385
14451,-0.016383725255208162,0.76263780612707399
14452,-0.013462249599008115,0.76030972321950374
14453,-0.014592452061646249,0.75963618024437707
14454,-0.012142546691041754,0.75845490375475233
14455,-0.016103074646111756,0.76253542036289845
14456,-0.014624571856624354,0.75889828289027539
14457,-0.014757931948248518,0.75880211271124154
14458,-0.013544812864836327,0.75945918438290749
14459,-0.015314543488831491,0.76144866578390358
14460,-0.015137229303501429,0.76294898699577784
14461,-0.016108341327977446,0.76374345388257792
14462,-0.016303298585443153,0.75900646216986145
14463,-0.016126728157061176,0.76259735049174937
14464,-0.016065153895813103,0.75610398080256591
14465,-0.014394994453193902,0.75832970661095656
14466,-0.015708227401173121,0.76057310834550851
14467,-0.018475663017254979,0.75929794097601577
14468,-0.019016837691616915,0.75927412141925799
14469,-0.014523039795095838,0.75682236033208694
14470,-0.015317822199707004,0.75701298847961651
14471,-0.014712393527686511,0.75728171780507769
14472,-0.017691118375002705,0.7607673136462999
14473,-0.015534542286824162,0.76485533184857057
14474,-0.016276093383761236,0.75464546313236813
14475,-0.015601374693955061,0.76449313083752268
14476,-0.015849136788682883,0.75455566078485081
14477,-0.014986154812541138,0.7567063180460788
14478,-0.012929455494268898,0.75997953022889264
14479,-0.015811794764439786,0.76479326682385684
14480,-0.016053985979101286,0.75271395224964655
14481,-0.014646225511089751,0.76354410138444462
14482,-0.012057885452942736,0.75379530347957591
14483,-0.015004611272707949,0.75344307585283488
14484,-0.016181750053418941,0.7621588793986227
14485,-0.01454054880535359,0.7579823351194469
14486,-0.015294148465883802,0.76212789436238915
14487,-0.01621475665594057,0.75492038914658621
14488,-0.016024396167843652,0.76220103026284447
14489,-0.014966061587294997,0.76364010835596652
14490,-0.013934182011032503,0.76061529278044948
14491,-0.013992488150896485,0.76390059079124428
14492,-0.01298785909408978,0.75609680894047415
14493,-0.014896304884520498,0.76087768212095186
14494,-0.01557908003739835,0.75874208479971017
14495,-0.013295199450566291,0.75754194988897849
14496,-0.01560515888093166,0.7543806802454156
14497,-0.014144231929711423,0.76002360860699869
14498,-0.016431043158505854,0.76068554764830909
14499,-0.014573211850576964,0.75340248240976626
14500,-0.016032986961952024,0.76131384250969225
14501,-0.014717198936024059,0.75708028971925267
14502,-0.015800607200286428,0.75822115934500034
14503,-0.014699308538988138,0.75623010471208385
14504,-0.015429039540703663,0.76054399268227024
14505,-0.014934135725247049,0.76156455741421514
14506,-0.012287054085091068,0.75736448689938252
14507,-0.013806698517973118,0.75754011836138135
14508,-0.013274149966820107,0.76507083911180662
14509,-0.015277287116707196,0.75416170122887183
14510,-0.014188220271426152,0.75867623207516888
14511,-0.015245839701271685,0.7619359133180843
14512,-0.016178636481312028,0.76259362650064044
14513,-0.014776438364095069,0.76422221684756508
14514,-0.013654886797514344,0.75539758482955699
14515,-0.01440234279836137,0.75576050269291839
14516,-0.01505641886242721,0.76145610450068235
14517,-0.016602372747782351,0.76509479442829664
14518,-0.014903683173728727,0.76417402214072971
14519,-0.013392221880113532,0.76009186620633207
14520,-0.015122525981078296,0.75186701039645754
14521,-0.015242934275069024,0.76093968806341228
14522,-0.019193246117279759,0.76637703820190295
14523,-0.014736732093438003,0.75717122550079141
14524,-0.014714305694191713,0.75982191266162846
14525,-0.015727973082303892,0.76043079027592186
14526,-0.0167690577077192,0.76047523999319855
14527,-0.014846359807385141,0.75793193880151322
14528,-0.016381575136357129,0.75686528621955218
14529,-0.015428418133377643,0.76011744026674122
14530,-0.013994375758019071,0.76061074165420961
14531,-0.014897400320250982,0.75301743734759752
14532,-0.015864415051386284,0.75900045213300593
14533,-0.012880719063713946,0.75846832421331978
14534,-0.014333851960452466,0.76325831045023351
14535,-0.01401189846466315,0.76535543681759066
14536,-0.014258114698703684,0.7552041073280984
14537,-0.01593708116221166,0.76136856867629832
14538,-0.014425673048711547,0.76015092695721898
14539,-0.015249774695552255,0.75864791169563905
14540,-0.016079206854785713,0.75891900363404652
14541,-0.012173297590252869,0.75279607059145337
14542,-0.015086676678634871,0.76223620861903751
14543,-0.014168598283278161,0.75540533211884553
14544,-0.014467628412974082,0.7603571835691767
14545,-0.014743455800692532,0.75508818955507551
14546,-0.016138724723308816,0.75500619428004412
14547,-0.016026846367952569,0.7596729567404894
14548,-0.014388596405704336,0.76225451202819205
14549,-0.014419224199112133,0.75807822667707625
14550,-0.016259093389668675,0.76338779098470799
14551,-0.014562989974555317,0.76137613198511522
14552,-0.015593672564068047,0.75900423374946635
14553,-0.0163487549881643,0.75956321873232335
14554,-0.012806928481769663,0.76291362421541975
14555,-0.016400295539160639,0.76070407807725005
14556,-0.016798291981162339,0.76310228789821388
14557,-0.012247649225563454,0.76118187083578925
14558,-0.014976344439534269,0.76215894113170402
14559,-0.015649423755535768,0.75399577239418047
14560,-0.015751159220510871,0.76069958106888969
14561,-0.012239106084515212,0.75679777504647749
14562,-0.016341624329559611,0.76045770829366088
14563,-0.018312084295340064,0.76410461668426966
14564,-0.015590006018605822,0.76026424350187916
14565,-0.012560732553030148,0.7557034885851891
14566,-0.017259758345991725,0.75971322530056384
14567,-0.014215207911697949,0.76154709852193292
14568,-0.014950055969178111,0.76062419811353277
14569,-0.01311484334965258,0.75715919017698941
14570,-0.014850046658383409,0.76134030434343658
14571,-0.015116424246610865,0.76157645220219328
14572,-0.018175262286565963,0.75716386576901484
14573,-0.015843984514307151,0.75366966880311614
14574,-0.014974635446968901,0.76116518119388887
14575,-0.014885028864770462,0.76187742902765065
14576,-0.015574496286986718,0.7540513876186451
14577,-0.015153180277803701,0.76186782286078103
14578,-0.018079914538846109,0.75705235511075397
14579,-0.015140736784999024,0.76129374751352274
14580,-0.017255907794582269,0.76234692363448142
14581,-0.0155415703787311,0.75763347602653686
14582,-0.014260422567755567,0.76208475909796314
14583,-0.014414810798107859,0.75531705929319926
14584,-0.013842692506977314,0.76256700512668385
14585,-0.015950783641616874,0.75737415396817831
14586,-0.015616536199224908,0.76384350697025993
14587,-0.016199025250873855,0.75822318454018067
14588,-0.016221490506533043,0.76122878595148591
14589,-0.012749900893069502,0.76035343949278522
14590,-0.014815895763671337,0.76211373063998467
14591,-0.017390639559040591,0.76110688905621393
14592,-0.013696007276595337,0.76168666406101482
14593,-0.014454320461276822,0.75727428613687275
14594,-0.01668716444449337,0.75765479093954469
14595,-0.016309955496424597,0.76062577408519683
14596,-0.013932345274511744,0.76021390720317705
14597,-0.016638003219734049,0.75627581000350619
14598,-0.013614063690073168,0.76268509075366253
14599,-0.015810399540315875,0.7603182979687817
14600,-0.016985472368530978,0.75888958112642491
14601,-0.012477298643419997,0.75894934212698673
14602,-0.01500146568860059,0.7570213194741845
14603,-0.015420175650259159,0.76074132907901659
14604,-0.014441235033558144,0.75505713337024061
14605,-0.013829774847834438,0.76153920209492998
14606,-0.016988577863591741,0.75870817423260561
14607,-0.01647010316149209,0.76050108503095737
14608,-0.015061229502886174,0.76096657897688635
14609,-0.014859634480026258,0.76293979771770237
14610,-0.014425067112308041,0.75750803261420818
14611,-0.012779578365138751,0.75817233742131829
14612,-0.014222627582511738,0.75539031247397204
14613,-0.01261045588387266,0.75237000338028326
14614,-0.013821719002356984,0.75489159267117989
14615,-0.017177620052719562,0.76229386484925132
14616,-0.015515535602065504,0.75538874083174612
14617,-0.015937465461003629,0.758118312067668
14618,-0.01496853418767416,0.75297892813274703
14619,-0.014976581450742873,0.75455755851796158
14620,-0.015192399128112944,0.75644582817709494
14621,-0.015781712877590896,0.7625189381877403
14622,-0.015129451691170843,0.75879090510487146
14623,-0.013339221007239169,0.75808646437519511
14624,-0.013081411112313772,0.7578079932411621
14625,-0.013602828076837945,0.75859111358885634
14626,-0.017005365239496074,0.7606211211038435
14627,-0.016446971385368915,0.7602581030693859
14628,-0.015469459805881085,0.7607743656318775
14629,-0.016129914978890943,0.76424152172510296
14630,-0.016270686188220952,0.76161440799911806
14631,-0.015281938354648871,0.75472706486515651
14632,-0.015989589384221604,0.75780133188773746
14633,-0.014097990077194207,0.75852148040975098
14634,-0.016620690729713391,0.75599206693871268
14635,-0.016951570160639272,0.76147737017311945
14636,-0.015676743424152154,0.76011115592854606
14637,-0.014474241092619126,0.75924939220180954
14638,-0.015550587396872238,0.76161550906649522
14639,-0.016032715118445499,0.74814824185503304
14640,-0.017313155205209547,0.76150313992845853
14641,-0.014577878907978559,0.75823877953757812
14642,-0.012047842602689374,0.76200009728226759
14643,-0.01308204184611483,0.75425134059012922
14644,-0.013377238903160883,0.76124268084392943
14645,-0.014083124643663535,0.76193201031332825
14646,-0.016812125104613555,0.75924203804814483
14647,-0.01333638592270388,0.75848715774562814
14648,-0.014761957624013137,0.76214693569908221
14649,-0.014746414666071402,0.76090277028448416
14650,-0.012279057180445502,0.75685993762839188
14651,-0.013338218584152283,0.7558573008408711
14652,-0.012938030216317495,0.75983800118255596
14653,-0.015368821365775352,0.75590202115361937
14654,-0.014404315564947645,0.75949187848950983
14655,-0.014689999598811164,0.75461668573730456
14656,-0.012133547129744061,0.75698082529030108
14657,-0.017027799195515871,0.76261667608938155
14658,-0.015850984383267985,0.76261599575023398
14659,-0.012489707583730325,0.75594613556803925
14660,-0.014161527877077834,0.76077948460247724
14661,-0.014927014647180718,0.75119009720253138
14662,-0.010808955738325564,0.75889401834047288
14663,-0.01431786929653062,0.75894005196234915
14664,-0.012834918559219768,0.76121342546817883
14665,-0.013131969132732686,0.7602098976314674
14666,-0.012609920903525399,0.76915518071081601
14667,-0.014764657533637428,0.75738821511620869
14668,-0.015756982862975378,0.76087112463199791
14669,-0.014296936345129305,0.75940003802193701
14670,-0.015796480393742693,0.76084603058386457
14671,-0.016024600427807019,0.7619485768340577
14672,-0.011217490396265612,0.7579910593203375
14673,-0.015683737391117121,0.76246536052634539
14674,-0.016707627539762484,0.75511557932983864
14675,-0.017888546980140745,0.76163995195447021
14676,-0.014385970522584196,0.75837989910703019
14677,-0.014550899485835368,0.76123931250118404
14678,-0.014870991910068515,0.75153832481994054
14679,-0.01461744289272943,0.75634753486990347
14680,-0.015917976112738236,0.76359128786383945
14681,-0.013540709668571203,0.76254215037130679
14682,-0.015274671544587393,0.76119777093192886
14683,-0.014383006844097386,0.75387678495709798
14684,-0.016801049950649637,0.76062899835777842
14685,-0.011401038377089095,0.75767373904379931
14686,-0.01529201480022546,0.76024759562989452
14687,-0.016786278757278138,0.76268761972961385
14688,-0.01647917198652616,0.757448201090139
14689,-0.015773976899067746,0.7693913619986158
14690,-0.014853096361882609,0.76320483794320149
14691,-0.01629751964453862,0.75738101180623163
14692,-0.016373177353311841,0.76203930042635792
14693,-0.01331942202728424,0.7583255536417377
14694,-0.013984381291237018,0.75816407253788098
14695,-0.017211751477868544,0.76002081471435445
14696,-0.014746013985500399,0.76346253926250629
14697,-0.013557203858330221,0.76174783104493804
14698,-0.014696107354573459,0.75525333859525923
14699,-0.016017640934210712,0.76116174694713212
14700,-0.01455169037473442,0.75937798643158672
14701,-0.016468698479494594,0.76090515728159269
14702,-0.016583886150633498,0.76282177329074763
14703,-0.013581231755134272,0.75928709519702009
14704,-0.014370431630388009,0.76281829235923704
14705,-0.015589878454680179,0.76143780053067234
14706,-0.013703973327261341,0.76059328056093811
14707,-0.014403100406494377,0.75663989227443929
14708,-0.015739430715076223,0.75873849552751016
14709,-0.013948302669420017,0.7621120973749812
14710,-0.014142885173788654,0.75332353643888339
14711,-0.016449395069361279,0.75661885382434135
14712,-0.016354377647699956,0.75900450426011512
14713,-0.014721411075996197,0.76272926596479751
14714,-0.015605194639593374,0.75942411045269276
14715,-0.014691205200629441,0.75937613945648041
14716,-0.014368552467385118,0.75894167185817685
14717,-0.014127487708237968,0.7620401560522031
14718,-0.013327363611204155,0.75486934753199386
14719,-0.015866146713718405,0.75727746943531127
14720,-0.015056396925339577,0.7543861350140999
14721,-0.016065372640394631,0.76175176886443507
14722,-0.017420056915169645,0.75973898641617088
14723,-0.015054280309212249,0.75848336383316084
14724,-0.014518293969909593,0.75939885632628534
14725,-0.014652156759525204,0.76416617653603225
14726,-0.015697637140514843,0.76246749037982842
14727,-0.015318831066108426,0.75344969880348867
14728,-0.015445397580688481,0.76278879367933561
14729,-0.014767117640745222,0.76657654313010293
14730,-0.013776835172023839,0.7521165252240678
14731,-0.013612060487209372,0.75566052440366061
14732,-0.01529589375945054,0.76531580448339509
14733,-0.01518445942931921,0.75673720521590471
14734,-0.014693100655468371,0.7616509260859109
14735,-0.016697937785887504,0.75812954122315046
14736,-0.016154379004212297,0.75829753778650888
14737,-0.013777623810653167,0.76162406474103594
14738,-0.014782907597164529,0.75547321156616454
14739,-0.012757765477724734,0.75746745238315472
14740,-0.013292588212564869,0.75581776178087412
14741,-0.01485778033602899,0.76029824920218503
14742,-0.014906387998505239,0.75654384166232258
14743,-0.013469736719029676,0.76473634042465755
14744,-0.017056019299798938,0.75755500918331131
14745,-0.015806495917436734,0.75934443336033874
14746,-0.01362040070479832,0.75923985518142056
14747,-0.016910635764848646,0.75184987608433629
14748,-0.016633347145879399,0.76308605163251708
14749,-0.016799022664783319,0.76091751818245235
14750,-0.013354002406185709,0.75971424592660519
14751,-0.017335468618899556,0.76135322782372616
14752,-0.015627712444147283,0.76625533545315594
14753,-0.016699671213374796,0.75860225067057852
14754,-0.016204128344699354,0.76033135595018986
14755,-0.01628636501438286,0.75832050936202844
14756,-0.017538103678221423,0.7638915617706814
14757,-0.014923686880248581,0.76142000161501378
14758,-0.016423001982650731,0.75931666212133486
14759,-0.015682815307332745,0.75464857683308728
14760,-0.013853469377336378,0.76118795026457142
14761,-0.014106687876867814,0.75864094184296738
14762,-0.014674094242890489,0.75923002822599228
14763,-0.015101851589566137,0.75936807397450745
14764,-0.012457708843150662,0.75791389097875883
14765,-0.014682520816064769,0.75781646856891893
14766,-0.015765052178571638,0.75521329613683696
14767,-0.013530917754343381,0.76110202820544071
14768,-0.01626599342177068,0.75607752077464996
14769,-0.013577841213734258,0.76229310909994596
14770,-0.012449491891175926,0.75756781912658588
14771,-0.015405927657806334,0.7568142709063489
14772,-0.015780469853966021,0.75904826611980691
14773,-0.014285627102001321,0.7548283523569691
14774,-0.016988194544909522,0.75640127332940821
14775,-0.015797358563038419,0.76147082452756498
14776,-0.014286931371016304,0.76287135834923159
14777,-0.016572221678294936,0.7618496257442815
14778,-0.016526941904808488,0.76112041503784467
14779,-0.014330348748070685,0.75559122775926479
14780,-0.016706543114749998,0.7577263226017027
14781,-0.017718191857351115,0.76160318217564182
14782,-0.016394217402133288,0.76133072635027388
14783,-0.012516387877376854,0.75671902826064574
14784,-0.014772810302369944,0.761918823393123
14785,-0.016458283990173225,0.76208476180806439
14786,-0.016296949748239167,0.760054864276002
14787,-0.0146152101189012,0.76173891971148378
14788,-0.015623146184293807,0.76157654905857564
14789,-0.014575827797131818,0.7613284024830369
14790,-0.015720399065799043,0.76441120564297027
14791,-0.018160420063699591,0.75901455724130606
14792,-0.01592746329763578,0.75763613641188265
14793,-0.013737730094606731,0.76048492552918789
14794,-0.014549011913869619,0.76063615083809544
14795,-0.014304738801565431,0.76369058128904854
14796,-0.014218068773540791,0.75901798238687179
14797,-0.016767309390998315,0.75603863369311997
14798,-0.015671856291597536,0.76437703545777314
14799,-0.016431925193851699,0.76182492278385661
14800,-0.014936942300848768,0.75680942165182141
14801,-0.013858285172661716,0.76455860249074448
14802,-0.014482984598771634,0.76238398851372657
14803,-0.016296313147441656,0.76174776883700024
14804,-0.013425344975462702,0.76326858356013638
14805,-0.0156036367433848,0.76226798803937135
14806,-0.016443890600809884,0.76153457934976654
14807,-0.01398367120249242,0.75929915523383074
14808,-0.014786414972898813,0.76028862268140651
14809,-0.013925329370354598,0.75140509352360307
14810,-0.016550533490664224,0.75868123218928041
14811,-0.016043009780542673,0.76239800372788069
14812,-0.014684849528969328,0.7604930672176472
14813,-0.017019155826541121,0.7591136977085825
14814,-0.016234789839389877,0.75346823842201538
14815,-0.016092603502478181,0.76092589781518727
14816,-0.017183658121545237,0.75917378164933258
14817,-0.015141931148956416,0.76013402463125335
14818,-0.013999869273962242,0.76354117177830516
14819,-0.013929414862623415,0.75481353369198112
14820,-0.016199629616268127,0.75708171215597508
14821,-0.013584443298371137,0.75615955498578036
14822,-0.015684775907959067,0.76243650342509983
14823,-0.016115018671961485,0.76154135466857931
14824,-0.015303065347643025,0.7564890348323513
14825,-0.014721281807478498,0.75866372163171902
14826,-0.015455403810060244,0.75877056827181877
14827,-0.015059633404792386,0.76132321444039408
14828,-0.014773206912121849,0.75508781160297311
14829,-0.013813429624330598,0.75641806217785612
14830,-0.013054278557545972,0.75749259298021854
14831,-0.016250132493633211,0.7641198986008565
14832,-0.013327925942874491,0.7634096919448411
14833,-0.016328769465338434,0.75877007958497611
14834,-0.014987963777937057,0.76435625061764056
14835,-0.013516784497829915,0.76053335651508891
14836,-0.014034460437023989,0.75774549305362005
14837,-0.011627539652596396,0.76096084252861296
14838,-0.013220265879617983,0.75889467783018039
14839,-0.015555227939759719,0.7525191173311736
14840,-0.015078867476638147,0.75853686892823124
14841,-0.014219128132201843,0.76185570401121272
14842,-0.015068561108980416,0.7550430913555356
14843,-0.012752810921175197,0.75641125088804118
14844,-0.01575402011778345,0.76007960711062317
14845,-0.016499854637084123,0.75689092894794574
14846,-0.013392941608383222,0.75959566494491648
14847,-0.013038759243286289,0.75395957078450271
14848,-0.013774459596261992,0.76342222511633484
14849,-0.017421573802723439,0.75667078910717078
14850,-0.015277826554079601,0.75766285088376129
14851,-0.016356436564662319,0.76317739382429195
14852,-0.016494140199280721,0.75775279586999467
14853,-0.014892077189346858,0.75783019308060451
14854,-0.016241839417275136,0.75553084249273539
14855,-0.014237783996562234,0.74860567465858341
14856,-0.015369506169291496,0.76091340290884524
14857,-0.015761149959971344,0.76324976350088458
14858,-0.015286828485398585,0.76051924947201643
14859,-0.015146543039835262,0.7624029558135571
14860,-0.013094948689637814,0.75702071244347036
14861,-0.015161435125433036,0.76301813745605185
14862,-0.014493482026313707,0.76494689094386248
14863,-0.015452020891645643,0.76027382243983543
14864,-0.015941556328038751,0.75764584458985784
14865,-0.016077330559970644,0.75882671822472458
14866,-0.013302765638579066,0.76242197979700166
14867,-0.013962882638616758,0.76429997877823008
14868,-0.014366971403579067,0.7569610597812404
14869,-0.015301089098971614,0.75937403342950394
14870,-0.015255753620692293,0.76227963506735541
14871,-0.014686190240621649,0.76319206770476444
14872,-0.015369792268374561,0.75405298987248881
14873,-0.016419553517811124,0.76317444279558322
14874,-0.016824589397717842,0.76011233972329328
14875,-0.014686318008491859,0.75567603829542629
14876,-0.017647987494833629,0.76060508544153782
14877,-0.014018605360570598,0.76066957626909915
14878,-0.013275012563742849,0.76231476001062248
14879,-0.014685498545478837,0.76375739385461128
14880,-0.015929041930733398,0.75871444944064903
14881,-0.014430640613997082,0.75674733774096026
14882,-0.01331688596549587,0.7610691585433601
14883,-0.016118938943849144,0.75682678957785909
14884,-0.015665858100780652,0.76201242338763364
14885,-0.013703811576207729,0.7608076331850927
14886,-0.015402778793741412,0.75889794584613013
14887,-0.013947838378866609,0.75076459730844536
14888,-0.014714015951499725,0.76335195725511296
14889,-0.015777252166498598,0.75681414094880595
14890,-0.014674254484255298,0.75725690916331412
14891,-0.016169472126576608,0.76325110881949043
14892,-0.016467998750942431,0.75969877647086881
14893,-0.015461166520108252,0.75875774305217714
14894,-0.01546480982924814,0.76343046480388854
14895,-0.014856613757197046,0.75845840164964462
14896,-0.015273140915893994,0.75671238840078403
14897,-0.015186883145623258,0.76247762047017575
14898,-0.015782666451557764,0.75809254112749336
14899,-0.011260349009540189,0.75353900950857167
14900,-0.015425259528909194,0.76270438109927163
14901,-0.015686944186889984,0.76362282227516476
14902,-0.015342963347339478,0.74899988219627422
14903,-0.016833834226385232,0.75898027722942918
14904,-0.016343979005757833,0.7628317704333768
14905,-0.015462509222104416,0.76028669436478136
14906,-0.011891207342153844,0.76019461337094008
14907,-0.015908083777442811,0.75734209958057341
14908,-0.013990159151575423,0.76079218728932285
14909,-0.015020542040649759,0.7587873740022949
14910,-0.014354103269816152,0.76146357242068141
14911,-0.014091898584170922,0.74725464087131599
14912,-0.014622371169163987,0.75308193935162993
14913,-0.014405753533138348,0.76114002590393426
14914,-0.016024805879960424,0.75936080166946185
14915,-0.014873420829262088,0.7612508369698725
14916,-0.016975581466599061,0.76036663278508521
14917,-0.014849435522631483,0.7529787490838098
14918,-0.015603824061217884,0.75850340494335211
14919,-0.015362951214552452,0.76157612816971887
14920,-0.013947496687451698,0.76112796532397287
14921,-0.012959430349655297,0.75306393078378142
14922,-0.015101571038502423,0.76014641315857823
14923,-0.014462273389339655,0.75836683525056392
14924,-0.014063787522631436,0.75693124786654553
14925,-0.014539319321025776,0.75147331802376971
14926,-0.015004360292253551,0.75846125859316116
14927,-0.018469419894161555,0.75703325591389981
14928,-0.011201425310749604,0.75003118698949667
14929,-0.013948386827624372,0.76162397899886292
14930,-0.014175742385282308,0.76001992879850166
14931,-0.015024869386574758,0.76454842767993136
14932,-0.015706875686716918,0.75855716835219689
14933,-0.017953596683793205,0.76215234401205212
14934,-0.016845134747915262,0.75851818106725044
14935,-0.015484847986732117,0.75477560052665782
14936,-0.015739479308079864,0.7659681742073553
14937,-0.015408025009133807,0.76039442449474404
14938,-0.01798801489055948,0.76326659083419923
14939,-0.01453004535773357,0.76104315534258471
14940,-0.014549588701794968,0.76132413121139364
14941,-0.015788128021939303,0.76289226922593401
14942,-0.014693325028549404,0.75811673335433205
14943,-0.016721393815713456,0.75969424973540345
14944,-0.014191268678043878,0.75791677434462801
14945,-0.017096277174048501,0.75897192341957309
14946,-0.018638745835809233,0.75922188844606175
14947,-0.013965088298745095,0.7597732080542503
14948,-0.015187755839073721,0.76391972076375125
14949,-0.016422751924419873,0.75657700649507387
14950,-0.016438254748923225,0.7613607486848406
14951,-0.016490774510339729,0.75772552175545549
14952,-0.014765977334677292,0.76268940270320451
14953,-0.015747164119872918,0.75696323642817742
14954,-0.013362164891964156,0.76391932926088546
14955,-0.01494524467117621,0.76104949995068594
14956,-0.016504464213926245,0.76163941668848822
14957,-0.015943210217725198,0.75896252962699695
14958,-0.015050553758536176,0.75642928767511508
14959,-0.016110001623178282,0.7579209171931357
14960,-0.015987714227226488,0.76244564792616687
14961,-0.014690653368263824,0.75646250412980875
14962,-0.014735612348018245,0.76132139482272265
14963,-0.013582436289327347,0.75844859991587665
14964,-0.016978776410669302,0.75776683454979354
14965,-0.01452917371072557,0.75659331180660894
14966,-0.012819571926677572,0.75500327850262061
14967,-0.014266487622486142,0.75823215632334107
14968,-0.015090697845478571,0.76166904036659056
14969,-0.012904428537972216,0.75384645378186699
14970,-0.015987183453971175,0.76023104552531895
14971,-0.013810519949706578,0.76069326102827606
14972,-0.013070408805538274,0.75799483119565825
14973,-0.013550756242596241,0.75096114703022643
14974,-0.013404010290048778,0.75478690181982
14975,-0.016291205069149946,0.75788922369546818
14976,-0.014936761446984333,0.75817185033499501
14977,-0.013234533165311804,0.76064122807068613
14978,-0.015557091942663704,0.76100130786519438
14979,-0.015849136788682883,0.75455566078485081
14980,-0.016807363344417278,0.75474957111297036
14981,-0.015171525518168961,0.76230308458532747
14982,-0.018303536081351587,0.76471234736890137
14983,-0.015227061414686533,0.75749641128734746
14984,-0.015685139716114901,0.76322877990169247
14985,-0.017598440453033749,0.75977033145573358
14986,-0.017918247763373429,0.76096270137583744
14987,-0.014044901173300707,0.75867251213315834
14988,-0.014135919090391592,0.75947859593809552
14989,-0.01642924143364842,0.75735568462538039
14990,-0.013093285202907834,0.76011115749654901
14991,-0.014708874784105147,0.75422802209351125
14992,-0.014891202769088598,0.75723064736118306
14993,-0.013940373460454378,0.76109685012369332
14994,-0.015338946514594283,0.76325326381739045
14995,-0.013808714901495982,0.76324429741408228
14996,-0.014343925733526872,0.7650624239693834
14997,-0.016188414426987076,0.76311607990188468
14998,-0.016417676618560292,0.75709771994373454
14999,-0.014183799568246893,0.75539638157963518
15000,-0.013584787528309257,0.76001870007743522
15001,-0.014419463712274224,0.76269747247684438
15002,-0.016239664527908121,0.75849822417428925
15003,-0.016909470741640925,0.76246030030912859
15004,-0.015576607511605285,0.76257576791252868
15005,-0.017352813654089836,0.75794085220708218
15006,-0.014970985541231333,0.76085612912852918
15007,-0.013891071792281173,0.7598818484736517
15008,-0.014584865002154343,0.75568852953015664
15009,-0.014374671840120375,0.75583453365759401
15010,-0.015715671945428528,0.76068426052403337
15011,-0.014387938515658226,0.76752602226029887
15012,-0.013794982064198658,0.75861396331419562
15013,-0.015434836542840731,0.76276588251435307
15014,-0.013770658386917775,0.75406624032642167
15015,-0.017023355574261698,0.75730243524868746
15016,-0.016407977853565365,0.75865786501050259
15017,-0.014560285087877796,0.76242082917227549
15018,-0.016158279600542964,0.75630917993404356
15019,-0.01311469198674879,0.75511108621161205
15020,-0.016294062907342855,0.75589086955697549
15021,-0.013852230148218628,0.7544463779120445
15022,-0.015586840682037513,0.75927231905987547
15023,-0.013504071396328638,0.75522112038779199
15024,-0.016520300989353004,0.75877369866196043
15025,-0.01600009017138302,0.76113781468525865
15026,-0.016198268282309549,0.75817200611150481
15027,-0.014701199292217124,0.7625013566646065
15028,-0.017080842344033238,0.76090534722160796
15029,-0.016365723933808782,0.75980257472388979
15030,-0.016330790779521834,0.75841612180776863
15031,-0.017038263309872369,0.76117541905337616
15032,-0.014803825313625464,0.76606670801417298
15033,-0.014381097592493574,0.75249856222403744
15034,-0.016324224459403958,0.75675158019813749
15035,-0.01526053393472389,0.75831547387925358
15036,-0.016304077795374183,0.75732193188813413
15037,-0.015756583159875302,0.75946628094788526
15038,-0.01559110918586498,0.7590484467733849
15039,-0.014106858436008077,0.75973222289856435
15040,-0.013982472914887665,0.76117422753515962
15041,-0.015457681104814202,0.75832423258487158
15042,-0.01607314887100874,0.75849151821420713
15043,-0.01453990901867341,0.76352900059851181
15044,-0.013634122390627329,0.75925645421415289
15045,-0.01438368640365548,0.75894716548245134
15046,-0.016497958074404056,0.76401615191853911
15047,-0.017187994159914156,0.75988334060893548
15048,-0.015986079016481747,0.76097045521137796
15049,-0.014314694562234281,0.75568455820275293
15050,-0.017858791587892438,0.75954214366749895
15051,-0.014678480095251217,0.76264182599317942
15052,-0.015703469183670899,0.76214486169385975
15053,-0.014150164396709885,0.75655518288661872
15054,-0.015826755758520696,0.76258778776823377
15055,-0.017911104415191049,0.7593174899203331
15056,-0.016661716528465008,0.75576319851930307
15057,-0.015161535953489472,0.75931986764860326
15058,-0.015060816835073088,0.75953859749911234
15059,-0.016083070055731348,0.76157255249582168
15060,-0.012645456190301368,0.75576498103825229
15061,-0.016799050462330298,0.7593684870922135
15062,-0.018607917224275565,0.76329982597747492
15063,-0.014336227897473347,0.76280494199421833
15064,-0.015625466294570789,0.76213513803276722
15065,-0.016921875785745062,0.76311594185384024
15066,-0.013884361278322325,0.75873322423060985
15067,-0.01569037783885991,0.7586184886146351
15068,-0.012495861155947793,0.76154442243515552
15069,-0.01516650713042067,0.75680986646217185
15070,-0.013305673323541913,0.75902811881857113
15071,-0.015541203365433347,0.76177201079885859
15072,-0.015305412105827695,0.75620360745741799
15073,-0.015908057621793065,0.75985592958418124
15074,-0.013264669934181102,0.75492795209691477
15075,-0.014115221151377338,0.76580115070733035
15076,-0.01380805252786272,0.76134686270186425
15077,-0.013300310568889688,0.76173638220259687
15078,-0.013590958503968249,0.75936662217839357
15079,-0.012077582535081266,0.76108352497356258
15080,-0.016199756998647223,0.76515590506585807
15081,-0.01493208948790887,0.76358628470192502
15082,-0.014283808809191653,0.76524863872052262
15083,-0.016806873087180367,0.75359382661600915
15084,-0.015402601650126108,0.76061530850228765
15085,-0.015990142183263251,0.76249158724912469
15086,-0.013536456992000276,0.75469293998063725
15087,-0.017121888213468876,0.76465520312817048
15088,-0.014248390050333423,0.76077669790953251
15089,-0.013555890190040429,0.76283584661116965
15090,-0.013451289507497072,0.75512548906768961
15091,-0.014047798368498609,0.7503501844071605
15092,-0.015851614442816735,0.76031313875610307
15093,-0.015432967509465557,0.76150993958576019
15094,-0.01685201397699284,0.7639124824038972
15095,-0.015729998817518555,0.75922401585941779
15096,-0.016895691639980122,0.75874329229464466
15097,-0.014595601446970361,0.76385139188555784
15098,-0.015895822390428076,0.76073264463130319
15099,-0.015183290452961157,0.75979650531580745
15100,-0.013610692927897919,0.75980174225059571
15101,-0.012058278026684761,0.75596031297996391
15102,-0.01758465538950332,0.76018679231049258
15103,-0.015517076704787977,0.76298488250928587
15104,-0.016666414129358986,0.76510829047876694
15105,-0.015425022181544528,0.75634500974971808
15106,-0.015349702097686905,0.76029304755224814
15107,-0.016891290162170523,0.7575243711179046
15108,-0.015652649834148852,0.7591874244651603
15109,-0.014395350483150745,0.7603568917149468
15110,-0.012646696948086454,0.7647477383104444
15111,-0.012393600883664266,0.75632919477769123
15112,-0.015183891862943158,0.76286314879478578
15113,-0.016329089631974901,0.76017983710885662
15114,-0.014348342935531475,0.75809725016633367
15115,-0.014908281483687431,0.7618352311013773
15116,-0.015861051262032452,0.75969374699714609
15117,-0.015991911783523813,0.76282685839035425
15118,-0.014753201508087895,0.7545539763298994
15119,-0.014617351853974666,0.75824458870069722
15120,-0.018091372779796784,0.75925309006680297
15121,-0.016905566407806237,0.75981281454535654
15122,-0.014237185626933584,0.76202785648332794
15123,-0.015408025009133807,0.76039442449474404
15124,-0.015981962781851176,0.75718896731463514
15125,-0.015873163148173025,0.76244536024586618
15126,-0.015744265319777954,0.75242114050692632
15127,-0.013441600237412948,0.75258859031980629
15128,-0.014930550756379645,0.76346693939946131
15129,-0.015724018030703002,0.76116536111668931
15130,-0.015823448860242832,0.7614797411303097
15131,-0.016295530065942088,0.76331819554516034
15132,-0.01476407371029418,0.75802474819553833
15133,-0.013584951054602079,0.76091958034728058
15134,-0.015977910950403927,0.75989562339861694
15135,-0.014224727728137302,0.76185261592039322
15136,-0.014710059316558072,0.75821843768520802
15137,-0.015672062643061004,0.7652726381211068
15138,-0.0139647868484329,0.76211878538351452
15139,-0.016801661200156442,0.75464558339106302
15140,-0.013843394736097201,0.76237161338095871
15141,-0.014236490728763471,0.7562358841268757
15142,-0.014772810302369944,0.761918823393123
15143,-0.015480590549077067,0.7550569823215374
15144,-0.014634543526346416,0.75661946597315832
15145,-0.01518220793094492,0.75957859375538073
15146,-0.014020567730194451,0.75708842665655318
15147,-0.0145770197786867,0.75288412996575482
15148,-0.013071338604034205,0.76061524427342697
15149,-0.01473256464362447,0.76063314827081541
15150,-0.013803643730750038,0.76026721425242294
15151,-0.013533193922417487,0.76252501686319885
15152,-0.017001733177579616,0.76215153739015329
15153,-0.017363717917560209,0.76005703293265081
15154,-0.016430571082958274,0.75768135065365616
15155,-0.015287194836009193,0.75513095778921757
15156,-0.011818876968012223,0.74983959487860485
15157,-0.014397936828581519,0.76331590566892149
15158,-0.015231826107858523,0.75870262125330512
15159,-0.013932040368345404,0.76393337272021067
15160,-0.015666582853856616,0.76447116546211724
15161,-0.01814470147530834,0.76334023957542729
15162,-0.014925188634210102,0.76595672546304405
15163,-0.015322317132981296,0.75919297995024271
15164,-0.01322533890886894,0.75549826808152221
15165,-0.01449185024187848,0.7551833774967357
15166,-0.01381743263116246,0.75736381931272023
15167,-0.017017241018885663,0.75712140086342239
15168,-0.015092955496152171,0.7607772362901718
15169,-0.012716484111703067,0.75807239998307452
15170,-0.014880601182091701,0.75864551638873912
15171,-0.013453642270506968,0.76027219732033635
15172,-0.01496420530599747,0.75965182706816936
15173,-0.014465804089901335,0.76057324934355408
15174,-0.016101967855836764,0.76368354876468714
15175,-0.015806526653758396,0.75421695842198466
15176,-0.014614152068724401,0.7565591906932293
15177,-0.015726045101863123,0.75703865192678976
15178,-0.013513583496012262,0.76427996372574203
15179,-0.016221748962209723,0.751588977226049
15180,-0.014424797507734316,0.75709572459433561
15181,-0.016127546265762495,0.76129800340028664
15182,-0.014236380143225908,0.75903737890950129
15183,-0.012572449216354701,0.75291679527497535
15184,-0.017407156753916075,0.75767947504707511
15185,-0.015862100074586851,0.76241376956005369
15186,-0.014524985187998057,0.75521090542941127
15187,-0.015397107916662357,0.76026947990017557
15188,-0.016159305463043415,0.76056807804508852
15189,-0.015605673019254361,0.76226154848276972
15190,-0.015026753830886653,0.75572440379079109
15191,-0.013914114029300005,0.76072507944291223
15192,-0.014647924579010412,0.76088764460098124
15193,-0.016010869164575035,0.75921922555733323
15194,-0.01604781003116134,0.76187998848920369
15195,-0.015130185331149315,0.75723681188438241
15196,-0.013737421798186968,0.76077094646299992
15197,-0.015603277422182229,0.76125873631997509
15198,-0.014642522141313506,0.75829459170385893
15199,-0.012667365991484863,0.76215630072005836
15200,-0.015517376353387088,0.76076264926064585
15201,-0.016099804267812219,0.76143627045383422
15202,-0.013621664685519043,0.75795346358186821
15203,-0.015855376226155848,0.75935272611744542
15204,-0.015266305642027985,0.75701570957853814
15205,-0.015339230527896333,0.76191132990737032
15206,-0.016675324869755939,0.75702043794074214
15207,-0.0141814192435985,0.76268493386661873
15208,-0.015317688147041011,0.75561597292403171
15209,-0.014823700375807667,0.76385150141521074
15210,-0.015547852047043195,0.76148955011087693
15211,-0.016180738555035809,0.76499497286632856
15212,-0.014794146855648699,0.76333430516402689
15213,-0.01697706938989605,0.76251596044993097
15214,-0.017035784984558336,0.75967519531812588
15215,-0.016107721178350565,0.76094459021307148
15216,-0.014227613903890698,0.7567605945829895
15217,-0.013843442345445996,0.75941293940847987
15218,-0.015381784578622409,0.75717356750968812
15219,-0.015183904660577547,0.76287524932131334
15220,-0.015126323401293012,0.76680552329462737
15221,-0.01443780228792544,0.76148747520447635
15222,-0.014945035394300013,0.7581650699382011
15223,-0.01679876517376179,0.75994855488446778
15224,-0.014299937014071963,0.75634917148599756
15225,-0.015279119479357417,0.76347437071300717
15226,-0.012087733490619675,0.75692795032374693
15227,-0.015701588536452725,0.76353106093822565
15228,-0.013811778103315903,0.7586652167265423
15229,-0.015125951401149331,0.76266069465151054
15230,-0.014531253973233472,0.76382528235237024
15231,-0.014596463477935511,0.75576792929926961
15232,-0.015600915817931032,0.76190797327863768
15233,-0.015753715880846904,0.75605896103789116
15234,-0.015324153025128564,0.75929230043019358
15235,-0.018217198853420262,0.75747306609852072
15236,-0.013362518328039074,0.76006669676354111
15237,-0.014766790428357069,0.76097752583455436
15238,-0.016569479240205801,0.76077192356027923
15239,-0.015987664555403333,0.76606887339017171
15240,-0.01544952955740264,0.75582255201766835
15241,-0.014114672838079202,0.75757677220168218
15242,-0.015364454882897453,0.75856853437484106
15243,-0.012831125522574944,0.76337502579138983
15244,-0.017190866061929481,0.75574881085832635
15245,-0.014667865160716395,0.75646093261644309
15246,-0.016765440623460581,0.75790249609525817
15247,-0.015487631170276265,0.76310220440527943
15248,-0.015493840442869626,0.76432790650835214
15249,-0.012923671286160584,0.76220727096559449
15250,-0.014199481069964113,0.76231276150179861
15251,-0.015489671510561239,0.7632792266766425
15252,-0.014014489388567886,0.75752257330846651
15253,-0.015720285133075114,0.75714514925781562
15254,-0.015497159098423656,0.75731291306493986
15255,-0.015780612556030811,0.76590032382281681
15256,-0.015408477141936395,0.75352759884772613
15257,-0.01168214952738229,0.75969615835815374
15258,-0.018195551234488454,0.76196267994819644
15259,-0.012713741538722222,0.76689543173444252
15260,-0.017504259074436906,0.75690147542195518
15261,-0.014726100730699571,0.76278977544123716
15262,-0.015088055477672847,0.75852121191377164
15263,-0.014452012019320545,0.7561543225883437
15264,-0.012393437361704635,0.75291287688992015
15265,-0.0155688439667444,0.75970898835085765
15266,-0.01410647299933602,0.76355243739081613
15267,-0.01804747875968566,0.76292961502221068
15268,-0.016030011723436537,0.75757537936202202
15269,-0.016110504405292221,0.75934460549703353
15270,-0.013675774110814999,0.75112480606826793
15271,-0.014274911862062529,0.75826626529339647
15272,-0.015462046489769279,0.75942745808364243
15273,-0.012828344670819745,0.75962510979944164
15274,-0.015683921482067466,0.7572403529785966
15275,-0.016342686197381551,0.76677966390354324
15276,-0.017040195561936592,0.7600843911641898
15277,-0.01295782481617371,0.76085458590881416
15278,-0.014649574419327608,0.76201206525400278
15279,-0.013934182011032503,0.76061529278044948
15280,-0.012928581141922111,0.76279403954650382
15281,-0.016105230649716071,0.76319064745362875
15282,-0.01293077128578536,0.7614278809306948
15283,-0.015174033094941685,0.75886364755940572
15284,-0.014128177416746846,0.76269882853763682
15285,-0.013753293383340063,0.75912027803034299
15286,-0.013660033422388869,0.76117801203726176
15287,-0.014615360998464007,0.76244441306507638
15288,-0.013387944064015054,0.7617213448980672
15289,-0.015372794950273416,0.75559555031735504
15290,-0.014725520607351876,0.76398836541336712
15291,-0.013554545127355209,0.7620281967135516
15292,-0.015451335130692528,0.75929694972467288
15293,-0.014247661887976061,0.75896329425843345
15294,-0.014078642653030651,0.75724273564196232
15295,-0.016233872880832983,0.76401002989226841
15296,-0.014235139115529613,0.75767210802977925
15297,-0.014443658465029872,0.76058063348943028
15298,-0.014504389411752409,0.76099217065420632
15299,-0.014449030879842015,0.75400398847016847
15300,-0.015215986368245338,0.75862806080939338
15301,-0.014233822114048599,0.75296065787727551
15302,-0.017829488290786941,0.7619640938164649
15303,-0.012777886774664111,0.76346655201058811
15304,-0.016492689345596601,0.75606618359345557
15305,-0.015628893686058874,0.7609313277713905
15306,-0.012820288034192374,0.75935610900706174
15307,-0.014552482420302174,0.75087424435282735
15308,-0.017540969158475229,0.75671779433609976
15309,-0.016032506069400224,0.76256977990063057
15310,-0.015275323344351133,0.75818585416599049
15311,-0.014130820396855724,0.76415551485478461
15312,-0.015324938855016488,0.76239801281475006
15313,-0.017225251087817674,0.7605311481058401
15314,-0.013717251383692867,0.75712154230416562
15315,-0.014713528911385953,0.76124574517111743
15316,-0.013227230287336163,0.76066606555459571
15317,-0.015272377794962379,0.7618003906928188
15318,-0.015487015120025842,0.75973487414569485
15319,-0.015673856674006642,0.75847672216926987
15320,-0.015759567265795305,0.76035789294911649
15321,-0.012896279204141485,0.75970827560375964
15322,-0.017435873139241786,0.75626091951764718
15323,-0.015319305946083051,0.75763856723813916
15324,-0.014257771800083696,0.75645836363808472
15325,-0.015754114544796135,0.75957378944028198
15326,-0.015120194130951545,0.75690695679109099
15327,-0.016400207607405987,0.763114402979434
15328,-0.01541645670784658,0.75503103749115108
15329,-0.01617536890034374,0.76103116795522696
15330,-0.018124091722658713,0.76302788274711564
15331,-0.017446953454722816,0.76583576491707872
15332,-0.014892447413052805,0.7638310993679337
15333,-0.01583091102212953,0.76056273089818294
15334,-0.013973348031347756,0.76240318291800524
15335,-0.013271321701749869,0.75865494790804733
15336,-0.016231016771038984,0.76460153886434423
15337,-0.014248328878654487,0.75778680123744535
15338,-0.017179034304321033,0.76349317994045751
15339,-0.016563715877364202,0.75165910322083973
15340,-0.015207782582482839,0.75782292463685663
15341,-0.017528371122778264,0.76476880751719634
15342,-0.01591066385052102,0.75929346753400073
15343,-0.014441801138121605,0.76186283447224645
15344,-0.016055587341220912,0.75330470382937209
15345,-0.013440434754926187,0.7557786932733439
15346,-0.017672330662489303,0.76244754425837047
15347,-0.015318448072616781,0.75481453868613191
15348,-0.017297784834684402,0.76061241792745748
15349,-0.013167800354855199,0.75780392109764139
15350,-0.015062613747705336,0.76223631037021244
15351,-0.016466263948146584,0.75632055001927112
15352,-0.014582032783027346,0.76237480401469548
15353,-0.015212755700042649,0.76211090119921876
15354,-0.014849238455706782,0.76221437143299708
15355,-0.013568381770595767,0.7580627132891824
15356,-0.014357947173014647,0.75488501300894395
15357,-0.017356525646965638,0.76341740610323006
15358,-0.017492916240983945,0.76053664555176004
15359,-0.016087197094534357,0.7626240293676404
15360,-0.016296573614769279,0.76125640484530044
15361,-0.014494992798807189,0.75769044280023301
15362,-0.014955548871788737,0.75823560274446911
15363,-0.017164840980252227,0.75902692749949019
15364,-0.015466501360409892,0.75825811588642833
15365,-0.015281425633212225,0.76262568976234735
15366,-0.014935685809070101,0.75585115191640639
15367,-0.015313022693095148,0.75709166126035654
15368,-0.015128849211519831,0.75946990108056345
15369,-0.014241113154928139,0.75849564585421336
15370,-0.016417553663156982,0.75944921318388003
15371,-0.015724462497381179,0.75536427923592542
15372,-0.016456337997289593,0.75906779521808665
15373,-0.0172471296467572,0.75939697582458332
15374,-0.01419929915285497,0.7603340310435589
15375,-0.015888493512869299,0.76293409773915111
15376,-0.014095854841621762,0.76190130327559336
15377,-0.013817981681950267,0.75884595003709532
15378,-0.014665014761151021,0.75740657069745843
15379,-0.016806604700465477,0.75903205553541564
15380,-0.018495420729124433,0.76118082098246675
15381,-0.016223569776910335,0.7658973889593429
15382,-0.016091123732287188,0.76206697694896353
15383,-0.015836144157257953,0.75818710119852917
15384,-0.016801808266499976,0.76249263010580015
15385,-0.013842557396598879,0.76178116767149551
15386,-0.017505570773887487,0.763077913803206
15387,-0.015299268810507378,0.7563172056391263
15388,-0.011691114251880411,0.75906650312206914
15389,-0.014604768383293741,0.75843625006489479
15390,-0.015510085357807358,0.76149160577113473
15391,-0.01752621455526519,0.75530442754978055
15392,-0.013450995648429848,0.75756688599706845
15393,-0.015759073148113811,0.75696390709094674
15394,-0.015338773119556745,0.75092694432414198
15395,-0.016073598443586908,0.75874510612027901
15396,-0.015661476785861484,0.76236451951671247
15397,-0.015625305126986431,0.76222431587264394
15398,-0.014591059170749354,0.75689098303922053
15399,-0.015210034320841788,0.75811102892831639
15400,-0.013832527545429492,0.75872536764530929
15401,-0.014699363475574991,0.76276323087693543
15402,-0.013301580788249532,0.75787248877294389
15403,-0.012064497884365812,0.75689761698429225
15404,-0.014557379715906132,0.75294477937811799
15405,-0.014713340841250372,0.75901572937132533
15406,-0.016821462831774138,0.76194089147193256
15407,-0.01433060650098025,0.75914145944072708
15408,-0.013683207340932703,0.75497552432173765
15409,-0.013689392768101962,0.75930948204656901
15410,-0.015099555936985982,0.76510678852138636
15411,-0.014735568836897446,0.76613443290491068
15412,-0.017938559576930507,0.76298484041918535
15413,-0.015402198495312668,0.76143185015815407
15414,-0.015556093202205473,0.76054617878678066
15415,-0.015366668048903725,0.75935747848581903
15416,-0.014266070514115541,0.76377570682578133
15417,-0.014980318799379378,0.75755198010888514
15418,-0.013277772620032356,0.7537593377920192
15419,-0.016643898881102577,0.75646987766352003
15420,-0.01489447141125295,0.76177687983654752
15421,-0.014878257850966827,0.76484035406582174
15422,-0.016027915894179786,0.75408746615817857
15423,-0.013259300545715192,0.76121279688833166
15424,-0.013670640673251617,0.75901765285367129
15425,-0.014734685146758833,0.76298018117564792
15426,-0.014837113705662229,0.7546560533731631
15427,-0.017086246434687563,0.76295365327426368
15428,-0.016556023979443245,0.75900762442347058
15429,-0.013936705298511338,0.75966980254728333
15430,-0.013977751665362911,0.76372347478962399
15431,-0.014967414165883493,0.75693463715043274
15432,-0.015667670622206656,0.75398986554578273
15433,-0.014460379854012511,0.76573054258216389
15434,-0.017088586970388543,0.76013530367247761
15435,-0.01628174972816418,0.76047630015526635
15436,-0.01515912421433154,0.76044834571118025
15437,-0.014529987162699697,0.75879401505055555
15438,-0.015145873242479662,0.75919111044141652
15439,-0.014530938146462473,0.76399318879857647
15440,-0.014302663089785513,0.76217728202800938
15441,-0.012531462082858066,0.76357371863277679
15442,-0.01646320659768765,0.76213337316488283
15443,-0.013064324032639471,0.76008442652658881
15444,-0.013303523541917517,0.76239192024543079
15445,-0.017356418005542846,0.76233139331184774
15446,-0.015282692541829464,0.75927221065220329
15447,-0.015242553754342747,0.75668576419852418
15448,-0.013489940412216767,0.76205445638732339
15449,-0.01409264148749562,0.76166583752940387
15450,-0.015481322754432167,0.76312327435366334
15451,-0.013537680741697309,0.75546201882760355
15452,-0.014018605006284265,0.74751060046508566
15453,-0.014200054620261566,0.76494918108172505
15454,-0.012174835137349843,0.75649929318738385
15455,-0.01430523167132234,0.75883205844713719
15456,-0.012249631718105019,0.76005183706023516
15457,-0.0146384175212688,0.75526742384876611
15458,-0.014421452513081681,0.7606600052563065
15459,-0.014665689199346143,0.75983601169690218
15460,-0.014510641170014282,0.75897563807449475
15461,-0.013952898597222669,0.75849531973067585
15462,-0.012225382853366357,0.74969680854429777
15463,-0.011627568890008506,0.75390731223731267
15464,-0.016760298958340046,0.7590220907995997
15465,-0.015939857646978403,0.76308798127968946
15466,-0.015826068263177215,0.75924308689563202
15467,-0.016309334311612966,0.76301248043660064
15468,-0.01416300606635471,0.7586424809545641
15469,-0.013350186504262737,0.75762918294387605
15470,-0.015760849782883918,0.76280981554739158
15471,-0.015399582878308282,0.76168205496794616
15472,-0.016910405623297521,0.76257134430216089
15473,-0.014054950892627765,0.75875850501770647
15474,-0.017441368309291452,0.7589601897873931
15475,-0.014165881405356025,0.76147153038406723
15476,-0.015121029812277958,0.76211427575593227
15477,-0.014174773187219691,0.76444487546120921
15478,-0.015641924501668375,0.75103451677203004
15479,-0.015471854549515354,0.75828985810871652
15480,-0.013611178693054194,0.76640225382941107
15481,-0.015515062763132083,0.76053713791691191
15482,-0.015092955496152171,0.7607772362901718
15483,-0.017344270970969432,0.76033028502609101
15484,-0.015245390768500367,0.7602464826128601
15485,-0.016076000686259383,0.75765144843619914
15486,-0.014340267059329054,0.75419922274970896
15487,-0.016078854366850366,0.76171289506568829
15488,-0.01607004913390819,0.757678562888629
15489,-0.014775492185532028,0.76003961341459114
15490,-0.015737550077206151,0.75305850640611982
15491,-0.014735782060454776,0.76201814405534019
15492,-0.016897635828788123,0.75761230691826253
15493,-0.010739716102649221,0.75793003294041306
15494,-0.015493722342215899,0.76194142284023236
15495,-0.014186913463411889,0.75593978462809441
15496,-0.015177276749112572,0.76170467802355557
15497,-0.016151431787601547,0.76501224117141353
15498,-0.015959278436141762,0.76163398175620667
15499,-0.012676857413836949,0.76096911380211285
15500,-0.013776465287729132,0.75877113045661959
15501,-0.014604983812423793,0.76019136540171006
15502,-0.016419610392006043,0.75996852729340136
15503,-0.01574363246438476,0.75986780052209935
15504,-0.016271253513281351,0.76258672122827498
15505,-0.01444160685822519,0.76106765327721992
15506,-0.013532875515575556,0.76136097001111391
15507,-0.01617532301268787,0.76829357045479441
15508,-0.015244474296202232,0.75862612989788059
15509,-0.01400031688517097,0.75955809956347731
15510,-0.012340231630072005,0.75686453154639977
15511,-0.016690053250812371,0.76211419141192804
15512,-0.015740205195047582,0.76159038473470142
15513,-0.015926404431027347,0.75693112749036462
15514,-0.013253598563254761,0.75698032305595464
15515,-0.013681714066647409,0.76204932437306061
15516,-0.014309959508559837,0.76116939579584564
15517,-0.014528620492861145,0.76550160796719702
15518,-0.015453446763275926,0.7583450149568467
15519,-0.012629573897858055,0.75349792898533718
15520,-0.014328924511401988,0.74978004138188104
15521,-0.016011827520427589,0.76198224331344577
15522,-0.01322678505463757,0.75948508536211168
15523,-0.016181750053418941,0.7621588793986227
15524,-0.013056839084799146,0.76545762543239959
15525,-0.015735613714301294,0.75797061702390256
15526,-0.015910559125782785,0.75406052165842397
15527,-0.014347689999098823,0.75807471170850649
15528,-0.015354045050881154,0.75775874004411026
15529,-0.015002747245338646,0.76378610283587167
15530,-0.011643618661818591,0.75863072816430455
15531,-0.014781426475151375,0.76021504734685819
15532,-0.013661057644399916,0.75960431277017904
15533,-0.013315698272074366,0.7510675627836807
15534,-0.014733281245485477,0.75337978438274855
15535,-0.013751016986257903,0.76205056342992206
15536,-0.015548338368688529,0.76019058285902597
15537,-0.015623146184293807,0.76157654905857564
15538,-0.014680373920898267,0.75773344511670337
15539,-0.013408680939865294,0.75701233541267066
15540,-0.01601988422283683,0.76200240077365144
15541,-0.013127280129008243,0.75736862352074374
15542,-0.015377618599855369,0.76058007764379065
15543,-0.013919419212697095,0.76052780860684288
15544,-0.012657389926521823,0.75748081634340902
15545,-0.016730625445034217,0.7595473073980703
15546,-0.015118913219175611,0.76109509116378093
15547,-0.015801828787971491,0.75424557151914273
15548,-0.014143483315789093,0.75333795159260786
15549,-0.016421582708871528,0.7645368660353663
15550,-0.01408185771130609,0.75582933569177446
15551,-0.014972189481739099,0.76257927690670935
15552,-0.015686660713311235,0.76711745681547971
15553,-0.013807283469430049,0.75407173416828976
15554,-0.014575010566204059,0.75504969210429795
15555,-0.01432627906438993,0.75700551360399271
15556,-0.016083453759949413,0.76095331966476076
15557,-0.01155764265731927,0.75524677299681242
15558,-0.014924892231626859,0.76186324753639345
15559,-0.015102268661870307,0.75592451365538949
15560,-0.012407257418865726,0.76470653429215363
15561,-0.013227920876948298,0.76467668127506139
15562,-0.014711947526718791,0.76422972224031405
15563,-0.018009260670509706,0.76134561650886634
15564,-0.015591690222165869,0.76198916765731417
15565,-0.01514738402216746,0.75886287325419888
15566,-0.014680896587369111,0.75999780880965473
15567,-0.014068273920682451,0.75494791250421189
15568,-0.015117148077381503,0.76000790236165694
15569,-0.015231290566632359,0.7602597725750494
15570,-0.014542382432207696,0.765551266600767
15571,-0.01679989380797603,0.76225189853721942
15572,-0.013339458741990686,0.76089957567454314
15573,-0.013532296967137961,0.75655701280760368
15574,-0.013907443383554314,0.76037045697047945
15575,-0.013742618295325989,0.75621342734826935
15576,-0.015498352559993033,0.76323684818374427
15577,-0.017401330123906784,0.75623681863412273
15578,-0.015753200729504532,0.75948914383772292
15579,-0.011895686234672629,0.75842181176956025
15580,-0.014325333239554643,0.75862755399941573
15581,-0.015156937777024168,0.76032135626528041
15582,-0.015821525287705657,0.76103234210855508
15583,-0.013843554499328805,0.75969888027285504
15584,-0.014684621813584663,0.75641142989599863
15585,-0.015897810066465685,0.76044465778774673
15586,-0.01568947623468038,0.75489872710419037
15587,-0.013727770825335309,0.76246365387121551
15588,-0.014511954429300599,0.76031174966134896
15589,-0.015113314042349545,0.76381076149959615
15590,-0.016003023928433086,0.75517655654023041
15591,-0.015521563125313878,0.7611764311430147
15592,-0.015196628468627446,0.76216242603668727
15593,-0.013247045248860173,0.76081871360249598
15594,-0.01625361270171196,0.75873409244627488
15595,-0.015395157307941216,0.76122254631353792
15596,-0.015407336425051491,0.76024911443458765
15597,-0.013347148892447621,0.75653417899204467
15598,-0.014016312394047476,0.75353733639663778
15599,-0.013857932835939189,0.75703204581597994
15600,-0.016582331483526475,0.76121159684115558
15601,-0.01614487692464885,0.76008649966542907
15602,-0.014624864987997784,0.75999499845378493
15603,-0.014947687210037202,0.76153495585463438
15604,-0.016775417111315111,0.75942588979437864
15605,-0.015536442566484341,0.76291530185578227
15606,-0.014334102734182959,0.7608510993097185
15607,-0.015240865075479362,0.76056050701010203
15608,-0.012804593502902091,0.75455823085687523
15609,-0.015651019915294807,0.76242904844826132
15610,-0.012409014905691346,0.75674469047350856
15611,-0.015180071540675844,0.757042138036646
15612,-0.017103415235587519,0.7634015490119237
15613,-0.015714746925157352,0.76300336951388492
15614,-0.016069826334413943,0.75774600535097769
15615,-0.015603711111129228,0.75786671848278386
15616,-0.017059963591858723,0.75976962691081373
15617,-0.016981627800497615,0.76129745848691921
15618,-0.014710290472462089,0.75676619671636347
15619,-0.015065247491098334,0.76015488340919612
15620,-0.015672671133903138,0.75783698261037225
15621,-0.014372695766504835,0.75808867489379339
15622,-0.015006932755176068,0.76030814092854138
15623,-0.014619717676166199,0.76192458328273571
15624,-0.014489055078798767,0.75457803417135716
15625,-0.016158894178467369,0.76209383604258463
15626,-0.012486245458542641,0.7626325115628505
15627,-0.016534531049924341,0.7606476988647124
15628,-0.014918081018550695,0.76282270621625536
15629,-0.014494192315557425,0.7554325398824725
15630,-0.014752484921887346,0.75390701527652948
15631,-0.016853027469994487,0.75933698545730732
15632,-0.01585502809974584,0.75232850645395188
15633,-0.014815734090069943,0.75524447635185399
15634,-0.013549391825654504,0.75249736874750195
15635,-0.014934581854355818,0.75449382933610876
15636,-0.015794491479045113,0.76223178202218389
15637,-0.014876303758424294,0.7552909157716432
15638,-0.015308049695808162,0.75744755478710957
15639,-0.014871611079256207,0.7580905881320581
15640,-0.014409171179201119,0.76179932073175072
15641,-0.016296005166896627,0.75286946634858087
15642,-0.015603494939589721,0.75234662945506148
15643,-0.013929083692771739,0.75992543336127383
15644,-0.015524378265644548,0.76129365872683674
15645,-0.013750407636698143,0.75887498679801313
15646,-0.013025268102796344,0.76036220395790688
15647,-0.014894050453138446,0.76115586142639735
15648,-0.016130706853727486,0.76315732218363019
15649,-0.013462834177882245,0.76603882996470984
15650,-0.0118651572871594,0.76221655049829795
15651,-0.013303120640021152,0.76010639598954566
15652,-0.014655361726031773,0.75729588249276358
15653,-0.014339109407172687,0.76491930916261253
15654,-0.013846430708164811,0.76272532566852846
15655,-0.012627526260059013,0.75826767598441558
15656,-0.012865079868841382,0.7614244000361382
15657,-0.015493791145209339,0.75761830711450617
15658,-0.013884650689806169,0.75391004089830171
15659,-0.015115469215053447,0.76206602751523411
15660,-0.012980718568247352,0.76100481060295022
15661,-0.01720323413060091,0.7567092224023857
15662,-0.015638887570764121,0.7645365917343836
15663,-0.014399238133599999,0.76189931625088136
15664,-0.015040604222663446,0.75334571774487602
15665,-0.0150285616257453,0.75814464829211914
15666,-0.015568377568861402,0.75932667706165802
15667,-0.014407059985852348,0.75468983094528597
15668,-0.016984084764845586,0.75629211133335084
15669,-0.014608069770121652,0.7564696065727291
15670,-0.014571651623149023,0.75775806204310758
15671,-0.015714945589693399,0.75590165125986453
15672,-0.016681308382542559,0.76627330010315786
15673,-0.015759685147669192,0.76047293082843304
15674,-0.01546476894130102,0.76260683606005719
15675,-0.01562138379797799,0.75824846688466241
15676,-0.012866248947501938,0.76158325110057579
15677,-0.013723215437472212,0.76325904706093772
15678,-0.014808381981620544,0.75536397355359375
15679,-0.014241223588003929,0.76439538793740258
15680,-0.016788990992362265,0.76140977063089421
15681,-0.015989235894269579,0.75891078559729186
15682,-0.013806573826097247,0.75668004536353373
15683,-0.015198011031620889,0.75646892864398529
15684,-0.017171929519639445,0.75751873240550094
15685,-0.012586936071254849,0.75932744261781271
15686,-0.014191093759270954,0.76155069138062947
15687,-0.014426359298738183,0.76175551100546568
15688,-0.01474943448012847,0.75711378621767433
15689,-0.01469440977718529,0.76228136148488512
15690,-0.015832529625647768,0.75479949041854166
15691,-0.016153052025652846,0.76455014778875796
15692,-0.015638074909192272,0.7654293940900988
15693,-0.016235303069298039,0.75223216609815668
15694,-0.016021985196582208,0.75394597277637787
15695,-0.013901322623626264,0.75454745196961159
15696,-0.015277616156888814,0.76019540548727038
15697,-0.016187416219194138,0.75973517673400326
15698,-0.015002699914720849,0.7548531701019332
15699,-0.013279256001433875,0.75719861645295106
15700,-0.015476043703851068,0.76039663040035366
15701,-0.015842959285298094,0.75849602286811246
15702,-0.014788994487538691,0.75906814719086591
15703,-0.013963805300728922,0.76176885628366808
15704,-0.016072807605519046,0.76454844541829681
15705,-0.014872117132347866,0.76131253794143083
15706,-0.014948460111384636,0.76269570955980703
15707,-0.01493401229437377,0.76221251414962654
15708,-0.017063148120709491,0.76040110908157099
15709,-0.014134356723208636,0.75950592534196126
15710,-0.015169475028335063,0.75770779747989003
15711,-0.015655205702669178,0.75832849939492963
15712,-0.014611212568263164,0.754606937831657
15713,-0.011436169863893368,0.75596998314438568
15714,-0.012979602875220854,0.75847681451300764
15715,-0.01515714104073344,0.76470070200531159
15716,-0.018353015702047962,0.75828637029725632
15717,-0.013309439038221836,0.76595855855531803
15718,-0.013779435179586606,0.75867901533500892
15719,-0.013338166493345268,0.76127383223432621
15720,-0.016856494008978127,0.76344156482647696
15721,-0.014684741377578508,0.75901754385951614
15722,-0.01248409399496073,0.75535866625291281
15723,-0.015059454589338052,0.76132998511716599
15724,-0.014971375132526018,0.76425795145578168
15725,-0.013695398838319609,0.76187978513621368
15726,-0.016826872831855823,0.75917705312377504
15727,-0.015607643552182559,0.75867549017462321
15728,-0.014514161846032561,0.75691734587370585
15729,-0.014332015253862782,0.75382585673373925
15730,-0.012168312931701741,0.76345079548449513
15731,-0.015515020851349589,0.755300278788964
15732,-0.015305509134328443,0.75645658045279796
15733,-0.012526597745952463,0.76333651670528213
15734,-0.014430470281748131,0.7567584014251999
15735,-0.014224809550897695,0.75582226894550009
15736,-0.016721128683084507,0.75961127499872816
15737,-0.011639601925504181,0.76124686100885819
15738,-0.015736529424893349,0.75684366691544824
15739,-0.014333246408310711,0.76244334129531766
15740,-0.016112769935697709,0.75222658156833833
15741,-0.013571821597545053,0.75882251841628079
15742,-0.016302703603713005,0.76277564307511014
15743,-0.01442462962040098,0.75787347189337306
15744,-0.015124116827932776,0.76272933350012528
15745,-0.016984804467134004,0.76361178793497297
15746,-0.015519996355932757,0.76369417444731791
15747,-0.01499061221101773,0.76292652405472439
15748,-0.015011473295482997,0.75277831883767798
15749,-0.015764891851248568,0.75553592163282235
15750,-0.016353186610599386,0.75740918998333617
15751,-0.015669739006911078,0.76434489422063923
15752,-0.014891065443650219,0.76165108723656361
15753,-0.014512472021839889,0.74850324937557622
15754,-0.014963374563192276,0.75643553508713013
15755,-0.014110347156728856,0.76086077067946112
15756,-0.01463493454619323,0.75724441610841153
15757,-0.015424076953691098,0.75943225465049369
15758,-0.016574930991988802,0.75671337403183681
15759,-0.013410933944475949,0.76320934127329576
15760,-0.016367831937942473,0.76264038840195092
15761,-0.014982675111300005,0.75569286607713149
15762,-0.014960750333719989,0.7547827286894021
15763,-0.015188830200051972,0.75787395939109636
15764,-0.016880876631895633,0.75700008311302924
15765,-0.015452418451561315,0.75192144108284864
15766,-0.014522683433074248,0.76361740942798106
15767,-0.014371502061858148,0.76002074254418062
15768,-0.015660346923584756,0.76216196257811764
15769,-0.016412282949904641,0.76274649962314434
15770,-0.013737085806234103,0.76201738878048197
15771,-0.015403289937701462,0.75772105401675938
15772,-0.016444929508643843,0.75769127775434875
15773,-0.016026283412095436,0.76208853301426693
15774,-0.012028298277861347,0.75647411841653822
15775,-0.015892934260129301,0.75788348404142469
15776,-0.016266433410117478,0.75806141526360571
15777,-0.015913310792321219,0.75984923060728304
15778,-0.016250359515672816,0.76187561357229527
15779,-0.01589274908014441,0.75871693062247525
15780,-0.014904862185338407,0.75882220477311846
15781,-0.013592507459442772,0.7561523882143748
15782,-0.016864615247904426,0.76284469809902755
15783,-0.013546984030746848,0.75696950956747033
15784,-0.015184648421287307,0.75843035683640148
15785,-0.01514210452887594,0.75806250519673124
15786,-0.016081033932653421,0.7612219458858992
15787,-0.014728003964603293,0.75962211512983902
15788,-0.015621239824154535,0.75685678571196091
15789,-0.016582524272602834,0.75840368546081427
15790,-0.015122538659752096,0.75942538629515299
15791,-0.012909213317658237,0.74656484615072605
15792,-0.014736507488587141,0.76155152603298459
15793,-0.015206629248203752,0.75640498608320494
15794,-0.011366403090370977,0.7510144115538252
15795,-0.014404278611881031,0.75871691771613914
15796,-0.016089199231666997,0.76617923332839011
15797,-0.017231772528277109,0.76380068833507098
15798,-0.016964230309736966,0.76152190095419336
15799,-0.01384001584627491,0.75723059155886485
15800,-0.014218311810201369,0.75247074408402603
15801,-0.015961088819215742,0.76118390031393579
15802,-0.013469553184041957,0.75576750549757843
15803,-0.015133907270756478,0.7620500726267857
15804,-0.014255507418875192,0.76234083847338285
15805,-0.010878319266053708,0.75770195763369974
15806,-0.014035532042389505,0.76003874895151136
15807,-0.014913939498255683,0.75636414111976502
15808,-0.014305215684391311,0.75296369846413225
15809,-0.013961676332705735,0.75864316520427677
15810,-0.017258649800562912,0.76229088857824034
15811,-0.015964162090278358,0.75606968021247489
15812,-0.014553042293945079,0.75464223740142156
15813,-0.01615622673768425,0.75556383926631698
15814,-0.016667299373842825,0.75608145459340859
15815,-0.015308619748783754,0.76046284751308668
15816,-0.012998661086119315,0.76249456624003553
15817,-0.013490437360301609,0.76040793574641596
15818,-0.013717163458546703,0.76026869247488671
15819,-0.014862038413481287,0.75547293209168098
15820,-0.013969252186725666,0.76015704291331032
15821,-0.013989530527329017,0.75856421250191819
15822,-0.013827875259630067,0.76050804348715317
15823,-0.01498229222383771,0.75896922258665467
15824,-0.014039219761555314,0.75944481041912326
15825,-0.015771374345104755,0.76206843355379594
15826,-0.011695353041741283,0.7610580015104359
15827,-0.014989545935650184,0.76006205147723982
15828,-0.017662464853801553,0.76037580840902208
15829,-0.015279347443985248,0.7604400882353809
15830,-0.014432075593978019,0.7581484237757582
15831,-0.014475731553772898,0.75825811522831255
15832,-0.014930724376938497,0.76977769523764306
15833,-0.012873810196994523,0.76158480267507589
15834,-0.016421867174945926,0.75768841343297122
15835,-0.01540325411275407,0.75885444823469683
15836,-0.014052525974748228,0.75823599988461077
15837,-0.0166207165092589,0.75977654786889282
15838,-0.014303736944603971,0.75128685388491867
15839,-0.01595501917223215,0.76178540439577858
15840,-0.016087900012472331,0.76091028053570542
15841,-0.01627490707027953,0.759760766075669
15842,-0.013828400280575278,0.75642814613955767
15843,-0.015906662988714231,0.75846916372127926
15844,-0.013618017203523566,0.76026825313885305
15845,-0.013934182011032503,0.76061529278044948
15846,-0.01597637734224492,0.75035920095640285
15847,-0.015042734646464322,0.74825393301247556
15848,-0.014720150531882597,0.75628954971789208
15849,-0.015779072639388179,0.76017378793639434
15850,-0.01753315844126236,0.75643859541924041
15851,-0.016921308995873977,0.76418287482053371
15852,-0.01425308889642371,0.75652732136792122
15853,-0.016588066266872276,0.76063100500422265
15854,-0.011945309388195836,0.75734476289218433
15855,-0.015742832298618441,0.75909976140695234
15856,-0.01529794702541557,0.75543159279775973
15857,-0.015153959839880427,0.75886022037326484
15858,-0.016000432169261287,0.7649763409000867
15859,-0.01767065075015008,0.7561968221084765
15860,-0.014652994173818715,0.75886371395725361
15861,-0.015310209621984988,0.76160159160326213
15862,-0.014096706727006962,0.75323018592406921
15863,-0.018350945006849008,0.76021970128316307
15864,-0.013621505996229683,0.75678621017469638
15865,-0.017155155881999437,0.757969564319665
15866,-0.01651858354530561,0.76003005929417466
15867,-0.016053493080417616,0.76095275381680283
15868,-0.014664139453110779,0.75829216999481075
15869,-0.015306546887105922,0.76275306633427398
15870,-0.015897740711962441,0.75814375008642942
15871,-0.015095924747570129,0.76049744868851632
15872,-0.015394909515558441,0.76018840092620055
15873,-0.017828523073357395,0.76210977199251861
15874,-0.016511123059105799,0.76126357705542769
15875,-0.01354302664507445,0.75673635391286087
15876,-0.014391929315497459,0.75982153116935724
15877,-0.014734683654186231,0.76094699246472708
15878,-0.016923366992904552,0.76080887656538088
15879,-0.013552243125581011,0.75977738978276599
15880,-0.018435423423375886,0.76361649807094256
15881,-0.017296707320093783,0.76052833689475086
15882,-0.013723420484300464,0.75720951318851348
15883,-0.013878862934073992,0.75672399873344776
15884,-0.01462047507743318,0.75713294470333636
15885,-0.01351847187474714,0.7578331316590563
15886,-0.016403106600809722,0.75623786825101158
15887,-0.013301531295175412,0.76094373920306302
15888,-0.014530803610517666,0.76030516830162498
15889,-0.015016030660304859,0.75991576289095408
15890,-0.016574358073400876,0.76391534280233786
15891,-0.015696541734845942,0.75433873447698718
15892,-0.016873412730133104,0.75931495700429164
15893,-0.015018475148690343,0.76266716141165547
15894,-0.015563879882065947,0.76472032021825809
15895,-0.014572643136938266,0.76463908815905068
15896,-0.016010868688609781,0.75906221469995439
15897,-0.014255868644295873,0.75578612566381032
15898,-0.015055122065078983,0.76163921766933307
15899,-0.015821171133705451,0.75984522988494541
15900,-0.016391907732555611,0.7599980074014846
15901,-0.015958900177277732,0.75272147652630095
15902,-0.014013331942250899,0.75793071269292045
15903,-0.014089399113460748,0.75899204010583721
15904,-0.014486987085841323,0.75845301169507373
15905,-0.016612789640633369,0.75496707536426999
15906,-0.012523515967006642,0.75756431937123836
15907,-0.016871947227288887,0.75875583421918935
15908,-0.01545914980533275,0.75912327149178194
15909,-0.016903125095218408,0.75684302740476428
15910,-0.016650550332376668,0.76007961964931736
15911,-0.013062156048009355,0.75973047109692804
15912,-0.014378717886656749,0.76433254169234421
15913,-0.013174961418611476,0.76252472993858189
15914,-0.013556084190783677,0.75977478228652706
15915,-0.013306298787302469,0.76284096080067354
15916,-0.014926707159854061,0.76334355013351285
15917,-0.01439523923340277,0.7492035094777808
15918,-0.01432127986231721,0.75999176028413995
15919,-0.016407012292850714,0.75891098568197501
15920,-0.014275601725995435,0.76476580925539728
15921,-0.015100252389900154,0.76017786282503208
15922,-0.013780689530468513,0.75967721603757155
15923,-0.016238465001798204,0.76525615216365905
15924,-0.013760168367565611,0.76374994191413248
15925,-0.014295776659657419,0.75516756459230194
15926,-0.015591800958336826,0.76062583784549576
15927,-0.014341659595740902,0.76355347154468733
15928,-0.014833673774968066,0.75854996076243619
15929,-0.014908780029614098,0.75879805490687768
15930,-0.014633026639471417,0.76139378179990591
15931,-0.016298710125064887,0.75674641240777385
15932,-0.013916029817435577,0.76396381275937875
15933,-0.014509265495330171,0.75738362682587101
15934,-0.014272672565847733,0.75637702150442421
15935,-0.013485065537831723,0.75556536347160808
15936,-0.016474626205500768,0.76050179185404776
15937,-0.016521505201828532,0.76379572579965127
15938,-0.013836320736378542,0.75101658141645589
15939,-0.016418111937695837,0.76174116605804065
15940,-0.012552937041276753,0.75645701969917356
15941,-0.012797961130075862,0.7568338226646425
15942,-0.01405820065332802,0.7544704530583487
15943,-0.01561910673923783,0.75773419509765139
15944,-0.016456903216913059,0.76252622705011486
15945,-0.014871584312342426,0.7568986015160607
15946,-0.017955041720815877,0.76390445767203075
15947,-0.016645008364203493,0.76017751077942264
15948,-0.014042748089307996,0.76037346745816525
15949,-0.014582314103601049,0.76080275566525424
15950,-0.016803532736925929,0.7586441280640922
15951,-0.017838612209223795,0.75467537720245692
15952,-0.012932765366619543,0.75809520567520727
15953,-0.015614972690749416,0.76226311589134799
15954,-0.015560261325146695,0.75735825511893473
15955,-0.013513972204038164,0.75640274534342644
15956,-0.014183343522732098,0.7601363076948624
15957,-0.014359435008518759,0.75584062088481097
15958,-0.013339041168674914,0.76532164469041764
15959,-0.01433869583439811,0.75520508681587262
15960,-0.014729060924684834,0.75846252484550036
15961,-0.016690053250812371,0.76211419141192804
15962,-0.01471116386868861,0.75899337022617497
15963,-0.014198831014817561,0.75960414108473373
15964,-0.017060462350375699,0.76357051508318141
15965,-0.015700241012475392,0.75437014927602597
15966,-0.014305112222693858,0.76743373640435564
15967,-0.016695976057059365,0.75833078400129361
15968,-0.014219107490971024,0.76303802499557849
15969,-0.014171262970024598,0.75981961796259856
15970,-0.015412574040435105,0.75469949301516792
15971,-0.015897944907210172,0.75884692058099401
15972,-0.016162877438045179,0.7605467822489731
15973,-0.01345883632499445,0.75796712670561384
15974,-0.011573441592188552,0.75929375002473254
15975,-0.014970064381445422,0.75849458025851135
15976,-0.013721325928347152,0.75520108662392027
15977,-0.013710738207967758,0.75521805544688325
15978,-0.014402547674776058,0.75778096829073505
15979,-0.016274562483838306,0.76438765024463862
15980,-0.015650161685349682,0.76104478797156971
15981,-0.015954983147440066,0.75909003022531718
15982,-0.013451221815436152,0.75930184568616355
15983,-0.016464116187082774,0.76332527275803674
15984,-0.0141888310652813,0.76117799741834513
15985,-0.014828085979499054,0.76115649025542742
15986,-0.014505332335646659,0.76213714058397997
15987,-0.015036361713552344,0.75969015439649235
15988,-0.012137246706091585,0.7631684853699453
15989,-0.016745088819480725,0.76054165170863652
15990,-0.014416513418811793,0.75357643074988834
15991,-0.013337440438881305,0.75941522045562337
15992,-0.015699141948776585,0.76352119587265921
15993,-0.016748984568251371,0.76147356087118512
15994,-0.015182766992337494,0.75583103101084648
15995,-0.016435257411351226,0.7582607122058358
15996,-0.015974656583792001,0.75794328612046913
15997,-0.016668651287920368,0.75824573456308464
15998,-0.014586924299077795,0.75632982005870897
15999,-0.014033021225663767,0.76230715818316208
16000,-0.016556022768599594,0.75410198564330455
16001,-0.014141635400193364,0.75675286820506316
16002,-0.014931696050509204,0.7609000297361419
16003,-0.01657080165560474,0.76187386801246137
16004,-0.016950495848285486,0.75601005738845284
16005,-0.0162374723259959,0.76114453524917758
16006,-0.016270012739024387,0.75947473233340579
16007,-0.013512525436726727,0.7541209644263428
16008,-0.014676163389600606,0.75552349132794161
16009,-0.015807816301960927,0.75840632764885818
16010,-0.013340550950036265,0.75622727367540188
16011,-0.012477187778090643,0.75787326904429808
16012,-0.01474739773072814,0.76151790673042663
16013,-0.015978912724357596,0.76131051740046485
16014,-0.013976922697883882,0.76530605564722765
16015,-0.017208038957335081,0.76505196848664569
16016,-0.016399677466340221,0.7623412210327265
16017,-0.013575119098313783,0.75365841955349455
16018,-0.015937703992518249,0.75119492183419001
16019,-0.016945956299893226,0.76222545870526393
16020,-0.015234913492048951,0.7624594695155813
16021,-0.016700985983490194,0.75733154562185045
16022,-0.015071481051965827,0.75328885648895338
16023,-0.014618664290688513,0.75938928467990663
16024,-0.016740332533814035,0.76241678675308266
16025,-0.016195944380754359,0.76139815330247695
16026,-0.014802263326443792,0.75994294442737154
16027,-0.015654795105701953,0.7633155375668379
16028,-0.014990577159723201,0.75992697141391063
16029,-0.01569717962856771,0.76704109551278832
16030,-0.015855376226155848,0.75935272611744542
16031,-0.014652156759525204,0.76416617653603225
16032,-0.015207608364837824,0.75891878617641306
16033,-0.014434996176378296,0.7597591742977311
16034,-0.018241667133514494,0.7623302552907526
16035,-0.016035613463146133,0.75583147444606402
16036,-0.016208014810187445,0.75464917437342582
16037,-0.017088868672091105,0.76056400477476749
16038,-0.014494192315557425,0.7554325398824725
16039,-0.013733126997016693,0.76162199952847875
16040,-0.017241611408580115,0.75866018752184139
16041,-0.01117902508775895,0.75752942948976754
16042,-0.015172035241656846,0.75846693515243935
16043,-0.016720427566124376,0.76031937053895093
16044,-0.016349012498551453,0.7588055386543987
16045,-0.014611192336984154,0.75857098430909098
16046,-0.015410907717393259,0.75962872411062909
16047,-0.014441984687498931,0.75650611489319552
16048,-0.01678044294338393,0.75840723032599811
16049,-0.014584464418277359,0.76194300804459059
16050,-0.01224206755790644,0.76100779324991719
16051,-0.018059364622427042,0.7560543548576909
16052,-0.013608318309056245,0.75838390837265746
16053,-0.01467629825739632,0.75512385188487274
16054,-0.016775130878001112,0.75906504982131984
16055,-0.014843378298041734,0.76637008901068804
16056,-0.012843825855545372,0.75651164045213581
16057,-0.01647183951078561,0.76367199680710818
16058,-0.016236988246310969,0.75925144619617513
16059,-0.015394707521750369,0.76077994745948185
16060,-0.014404181387709882,0.75885302577304981
16061,-0.014560125690439541,0.75989176368591949
16062,-0.015475248199802337,0.75802075934236057
16063,-0.014060228903014903,0.75515287496174843
16064,-0.013832980163553573,0.76004683559755681
16065,-0.015768449093077244,0.76306769103081973
16066,-0.014882723638923777,0.76528905925940049
16067,-0.016135049168692316,0.76237534939516938
16068,-0.013404306274622177,0.76146671470922156
16069,-0.01585394372928111,0.76079399564474037
16070,-0.013223890401861451,0.75328922877669036
16071,-0.012356446144472259,0.76020199255383891
16072,-0.014458115791354309,0.75869555343549577
16073,-0.015084271782543512,0.74926455202130648
16074,-0.013066565399838361,0.76038376354602544
16075,-0.015025835009410935,0.7598540033667186
16076,-0.014147011480198165,0.75951426651876608
16077,-0.015514424095908396,0.75613414024229142
16078,-0.013886270972589723,0.75793202646816826
16079,-0.015393769652423587,0.75979036697839741
16080,-0.015926232859838702,0.75800517955134039
16081,-0.014058764452196289,0.75685242624230442
16082,-0.014259488994751148,0.76233017249272739
16083,-0.015004207989245791,0.76375214764905619
16084,-0.017274421966134736,0.75583637729907815
16085,-0.017207404513257262,0.76064143412962781
16086,-0.01320806541194316,0.75373792763059799
16087,-0.013352457456342181,0.75624822452578133
16088,-0.015555695676741369,0.75601871341311877
16089,-0.012863337550280489,0.76129012957402042
16090,-0.015747797916301251,0.76607108318044193
16091,-0.015724952848687988,0.76327194388228958
16092,-0.013902085263185631,0.75989011709477938
16093,-0.017113993060648966,0.7597451707245968
16094,-0.014590078296809477,0.76506059977319518
16095,-0.015077899598489134,0.76728408591676223
16096,-0.01563811898858699,0.75354587871138012
16097,-0.011595674478048134,0.75563007589635423
16098,-0.016182315631409105,0.75796122785460474
16099,-0.016293713121748536,0.76210931541635984
16100,-0.014114894196994094,0.75753902556577701
16101,-0.016610265298944167,0.75811413990323795
16102,-0.015908198896400574,0.75414267229666143
16103,-0.017191323977405921,0.76479373427938058
16104,-0.014771287829449965,0.75652264009431325
16105,-0.015725667314420318,0.75988332877719389
16106,-0.016252676217634328,0.75702377677159516
16107,-0.013113696566683132,0.75372161503845758
16108,-0.016457491148683449,0.75861273388388673
16109,-0.016311231308528365,0.75754987039334043
16110,-0.014717044404734545,0.75511927669490531
16111,-0.015219828481368134,0.75340003974076819
16112,-0.014722046914406992,0.75699568578041632
16113,-0.015007631995060743,0.76105278459799042
16114,-0.013931619115334314,0.75906952006014927
16115,-0.01444160685822519,0.76106765327721992
16116,-0.015119371487521115,0.76233928091890824
16117,-0.017278509060754024,0.75842763563527271
16118,-0.015167389858592853,0.76248900129897335
16119,-0.016609585229916103,0.76018457348411372
16120,-0.012302952068717758,0.75943820501746939
16121,-0.015699307231833722,0.7608457791039116
16122,-0.015457681104814202,0.75832423258487158
16123,-0.017051182646412401,0.7589354436408694
16124,-0.015649391133810288,0.75562858609910288
16125,-0.016444300961322968,0.75926850481146979
16126,-0.014464511926301578,0.75678666370993519
16127,-0.01618105294593309,0.75534333127221742
16128,-0.014929537953147979,0.76081781922566827
16129,-0.013935295931812735,0.75142883153364715
16130,-0.013796355512793426,0.75832466723369341
16131,-0.015589672787333487,0.76142401479972388
16132,-0.014967603820174974,0.75408034418448444
16133,-0.014077428934978426,0.76332972691432721
16134,-0.017102558551140276,0.76120183782944129
16135,-0.01248313696605621,0.7519109617812112
16136,-0.017109368396532935,0.76089317815037061
16137,-0.014489770662211913,0.75942208769405961
16138,-0.016185014130804642,0.75371995907747547
16139,-0.014349589046182668,0.75512530027910107
16140,-0.015588596881676775,0.76180363912274673
16141,-0.014266096860001501,0.75843138932201626
16142,-0.015257087262311128,0.7644373914572905
16143,-0.014835730150524102,0.75952757423644546
16144,-0.01619033666229544,0.75695099894064
16145,-0.01358334190564534,0.75975137166619766
16146,-0.015515020851349589,0.755300278788964
16147,-0.013694089149368613,0.75924496951763965
16148,-0.015565780605007781,0.76015277982804008
16149,-0.014228947700755064,0.75118291081450073
16150,-0.015500206520136476,0.75865285556685758
16151,-0.012611048993354454,0.76483237608923826
16152,-0.016750213947850662,0.7573252452392415
16153,-0.015221567264843451,0.76036348623270678
16154,-0.014064659435845457,0.75923464288618392
16155,-0.013439354451595355,0.76128127235293097
16156,-0.016845535679869544,0.76229803356052639
16157,-0.015646883532131603,0.76031230100259195
16158,-0.01383117755343246,0.76109965014630498
16159,-0.016064461844377997,0.76003926782430331
16160,-0.0164562033134069,0.76418651042001884
16161,-0.015065190161161569,0.76251076486522029
16162,-0.015380482476945815,0.76284146856642177
16163,-0.012807577307106313,0.75391275338599117
16164,-0.011045594058242162,0.75417706518328553
16165,-0.01277137882388454,0.76218809222412631
16166,-0.013028394577324118,0.76138693989312189
16167,-0.011968421304670174,0.76465421406177847
16168,-0.014851886943900116,0.75356961892893759
16169,-0.015296263493963808,0.7605063917599485
16170,-0.017027741209506154,0.75939129759898105
16171,-0.014571941746053762,0.76228618296928286
16172,-0.016975117433740534,0.75692423192132829
16173,-0.014980318799379378,0.75755198010888514
16174,-0.017080097302745637,0.7594591851553939
16175,-0.01424299092563505,0.75936170139897141
16176,-0.013792236525271999,0.76093871065681451
16177,-0.013408427251110451,0.75797044073915532
16178,-0.015875214274584167,0.7606523853272964
16179,-0.014706157581537014,0.76281580828946427
16180,-0.014210139097591428,0.76238660286398474
16181,-0.014856044138587642,0.76021675026633173
16182,-0.015338553561455052,0.76019292605837274
16183,-0.015690695764513818,0.76243980383441445
16184,-0.015290459070291596,0.75893010605021538
16185,-0.017967789599235812,0.75401937581208267
16186,-0.016477706934948908,0.75394288380482966
16187,-0.013710503395942828,0.75965015401685487
16188,-0.01443682096834439,0.76000419281943676
16189,-0.016312693697754177,0.762510042260508
16190,-0.013400451314422477,0.76168138658365903
16191,-0.015146070885131441,0.7652545016715615
16192,-0.01623675312115937,0.75950548283556307
16193,-0.01607653164313786,0.75601926609402004
16194,-0.013495412956071989,0.75968269386297238
16195,-0.016942998787850862,0.75815517073556926
16196,-0.01581765292523268,0.7545368314086508
16197,-0.015270470555271571,0.75880509512086081
16198,-0.014152867550230324,0.76043831895895031
16199,-0.014792573336671926,0.76463811483496358
16200,-0.015584699902188607,0.75795903080571536
16201,-0.015291165014675857,0.75634040790195112
16202,-0.016905903418329864,0.7585134712320849
16203,-0.013747597926401164,0.75801681274188903
16204,-0.019398227134381441,0.76055822312206445
16205,-0.013964387277682018,0.76287287403507253
16206,-0.015245274323558622,0.75715819988911925
16207,-0.016885875416775237,0.75621471046691757
16208,-0.016607398225786441,0.76400507549841801
16209,-0.015099838710656999,0.75952733515629178
16210,-0.013783334259191964,0.75832574148876986
16211,-0.015962427620106794,0.75861458906384771
16212,-0.015645875334938459,0.75983206503181688
16213,-0.013471608916701867,0.75936329100566402
16214,-0.016749662291067197,0.76032140886038968
16215,-0.013344970360970057,0.75987805270819697
16216,-0.013521595268211712,0.75524677823964692
16217,-0.013852926556049095,0.75575929642900852
16218,-0.014782420318574683,0.75971723373887057
16219,-0.015027772094997012,0.75954989563429531
16220,-0.014147134869154492,0.76033427493502603
16221,-0.016785856083575794,0.76281482688838465
16222,-0.017166086936969256,0.7628925443326694
16223,-0.01464382758487414,0.76031374644870642
16224,-0.013661507220136737,0.74947750386330914
16225,-0.017006345433888612,0.75394952446863639
16226,-0.015917933059564401,0.7603956115330156
16227,-0.016427694011599506,0.75878914415161658
16228,-0.016300840983025127,0.76282472727184569
16229,-0.01459217769442539,0.76094791332723266
16230,-0.015275953449334884,0.75095873738462415
16231,-0.013228659097291368,0.75700297850028053
16232,-0.011953473400239322,0.75765987052148254
16233,-0.01571534138473835,0.75908498512953793
16234,-0.013130977521467878,0.75699075013058925
16235,-0.014085769272502466,0.74873248641012902
16236,-0.015920342404502231,0.76203778108841103
16237,-0.015630520306721206,0.76123884689675914
16238,-0.015143933269387934,0.76313186166057145
16239,-0.014385481247581393,0.76288948025808423
16240,-0.015589498948759172,0.75680453803552972
16241,-0.01484686144446609,0.75681311524977601
16242,-0.015791951641240337,0.75706853513020156
16243,-0.013540290886990035,0.75223038242995832
16244,-0.013145974088942417,0.76088334641236388
16245,-0.017780142057742074,0.7618718560252602
16246,-0.017563903973967461,0.76218857689364805
16247,-0.015605311689368314,0.76455193376901076
16248,-0.013297316441205487,0.76101381901920295
16249,-0.01468787428981983,0.75080066308450799
16250,-0.013185456614237747,0.76404359397686172
16251,-0.018027131647173726,0.75990954703993641
16252,-0.013869629116614759,0.76005810823611974
16253,-0.013888677272610249,0.76245182791035404
16254,-0.017218847696256999,0.76208507187099039
16255,-0.014943850333858078,0.76063587771437269
16256,-0.015505014526609465,0.75596327021843523
16257,-0.01441793526381595,0.76170548502181068
16258,-0.015298332509331648,0.75922823756855851
16259,-0.017228148751071246,0.76154735660768369
16260,-0.014381597680150984,0.76026179631589152
16261,-0.01476443796868958,0.75964474958061556
16262,-0.013934338768285827,0.76531601833054064
16263,-0.013412345683712801,0.75681055226120253
16264,-0.015770646666113542,0.75782224281008037
16265,-0.014070685770964771,0.7623510814519715
16266,-0.014034234486676738,0.75740751201495393
16267,-0.015546381826981591,0.75576296196388559
16268,-0.013489940412216767,0.76205445638732339
16269,-0.014697446349643423,0.7597581923150446
16270,-0.015526339992976253,0.76118340294148257
16271,-0.015018430809186755,0.75555412020108592
16272,-0.015129386178295822,0.75153120311261645
16273,-0.014229881274798108,0.75676959608465177
16274,-0.012630638528553322,0.76225493795967136
16275,-0.016570124940395982,0.76136084821730177
16276,-0.016978124152278101,0.75401141512703584
16277,-0.015740199511776774,0.75999358366309355
16278,-0.015331671967290321,0.75629406637029029
16279,-0.015759556689554491,0.75665151406718201
16280,-0.014970291009740275,0.75816665598347643
16281,-0.016395083244096643,0.75949962112191571
16282,-0.012307477869617143,0.7543277358168341
16283,-0.01605153874196201,0.76027773813943444
16284,-0.012278061973494384,0.75487738314093589
16285,-0.013925191906639069,0.75643896611931494
16286,-0.015060816835073088,0.75953859749911234
16287,-0.016229596438295295,0.76095416656115145
16288,-0.014558882227347036,0.75849137335655092
16289,-0.017337154456469765,0.75798125692690588
16290,-0.015446200622176635,0.76115561001812371
16291,-0.014391929315497459,0.75982153116935724
16292,-0.014026235042965945,0.75467939687867891
16293,-0.014679801931614769,0.76269365961722713
16294,-0.015160732931206811,0.76363889830132492
16295,-0.013053529527097065,0.76120685368797103
16296,-0.014738402163243463,0.76121604511685903
16297,-0.014540639666658535,0.75877043522087062
16298,-0.015512399871623422,0.76291628484719132
16299,-0.015262174575783551,0.75879297836550119
16300,-0.015165020642463046,0.75616769304793097
16301,-0.013165690916059784,0.7552217037871114
16302,-0.013522724176188947,0.75584069801496301
16303,-0.013818055278496791,0.75629586114742331
16304,-0.014741816259203814,0.75869998736933153
16305,-0.012969190874550261,0.76379816221100227
16306,-0.013633092829091781,0.75285283061246533
16307,-0.014325143359320232,0.76052391056910162
16308,-0.014992224067796425,0.76074759260732405
16309,-0.017057694257766307,0.76090217297319085
16310,-0.015865258923506598,0.76107744596316218
16311,-0.016109649436238792,0.75832697983299724
16312,-0.013580874205289712,0.76314980148164069
16313,-0.01306492635811074,0.75532355255275674
16314,-0.017642413189545895,0.76119469034891352
16315,-0.017068890273539011,0.76060617450500367
16316,-0.014219636809529422,0.76007650872130539
16317,-0.015179197764540592,0.75606362874751931
16318,-0.01384041469284886,0.75622819392599172
16319,-0.0164187936515518,0.76245634531631967
16320,-0.01647642121240632,0.76081292326295502
16321,-0.01518554268013857,0.75829190621758658
16322,-0.014845316852838204,0.75437623222137518
16323,-0.01637578847195334,0.75725898519650958
16324,-0.014495990143220215,0.75574713842900942
16325,-0.015303727254790251,0.7607538990439846
16326,-0.014910041686243797,0.76028165527002833
16327,-0.016143827024257568,0.76355437217243716
16328,-0.016050563276713396,0.7625698503301459
16329,-0.015436440944424045,0.76249445657131876
16330,-0.014517541489264034,0.75597919598338159
16331,-0.015802465390713786,0.76151422912868261
16332,-0.013720917177720938,0.75428211981053728
16333,-0.015875909202931485,0.7595967944171127
16334,-0.015780469853966021,0.75904826611980691
16335,-0.015589443324858437,0.7613673277251628
16336,-0.016722740915292807,0.76019832541791343
16337,-0.017199428149979476,0.75843062793367777
16338,-0.013483386524064268,0.75804077018299176
16339,-0.014340933688380632,0.76127065228170432
16340,-0.016830353109300943,0.75809158533763399
16341,-0.015926969408299251,0.7632185874676346
16342,-0.016361552439124471,0.75700219461120244
16343,-0.016439168222825845,0.75987983534513992
16344,-0.015925752654139411,0.7626350152642446
16345,-0.015717108810155138,0.75482266468429371
16346,-0.015826007845452655,0.75660038525966777
16347,-0.014490701006483463,0.76262258982256326
16348,-0.015463902192151139,0.7578287726255839
16349,-0.013725773670078276,0.75568642906896
16350,-0.014854292448904379,0.75631651050311721
16351,-0.015953391038785413,0.76022382446444214
16352,-0.015614162483780537,0.75848468540991154
16353,-0.014401387705217199,0.76130806955551411
16354,-0.014962465383135748,0.75622735046277978
16355,-0.015383870284422313,0.76210710450907548
16356,-0.014055401809488128,0.75796570286533194
16357,-0.016690764592179441,0.76450771892583314
16358,-0.014734910808292315,0.75927427208830855
16359,-0.017570652674174205,0.76392878613573245
16360,-0.014966506579309369,0.75926051868602995
16361,-0.014411738094758958,0.76149999730626716
16362,-0.013809540793205295,0.757374382271776
16363,-0.014836559825952708,0.76354128127549281
16364,-0.013458915762102957,0.76033175383715323
16365,-0.016759724630287465,0.7606536850289517
16366,-0.015777226429598216,0.75663287055774897
16367,-0.016043500171985609,0.76388049983839279
16368,-0.015582246042043805,0.76276175218755216
16369,-0.014965800672929281,0.75557212056813094
16370,-0.014340444426398213,0.75239443524841476
16371,-0.016279302975965932,0.76202799749339944
16372,-0.01393042597406385,0.76357881722342535
16373,-0.013669926335770858,0.755252491333814
16374,-0.015104600515086174,0.75497766272185518
16375,-0.013898389471628072,0.76006184565052692
16376,-0.014708113142162946,0.75896131660114929
16377,-0.016102100603639539,0.75990040951469739
16378,-0.014985646048862343,0.76034830479239846
16379,-0.012963107422079716,0.75685873337518783
16380,-0.015159410425320702,0.76026288595690672
16381,-0.013578552243133349,0.756202853328789
16382,-0.016777558839672101,0.75597510423910863
16383,-0.016909686344394409,0.7659187088882391
16384,-0.016747120470827853,0.76413034509322408
16385,-0.013175335686968978,0.75493689034995004
16386,-0.016398231301340365,0.75671903795130813
16387,-0.016420385930232699,0.75622741876224886
16388,-0.015661476785861484,0.76236451951671247
16389,-0.015286388103051083,0.75825732481324926
16390,-0.014938537881104814,0.75644083281246977
16391,-0.015428066252043687,0.76344702410940513
16392,-0.01596957986032425,0.76590797685196998
16393,-0.017410568500960271,0.75844206968852501
16394,-0.01663126413671575,0.75447342274885243
16395,-0.01498083305532466,0.75724016803032279
16396,-0.013832894207072701,0.7574402641916842
16397,-0.012929289334784469,0.75917131592547793
16398,-0.014346454411084189,0.7616835166663809
16399,-0.015773428931731143,0.76409013682795124
16400,-0.015500206520136476,0.75865285556685758
16401,-0.013537318263826044,0.7594555951360441
16402,-0.015578273149567333,0.76143732000742892
16403,-0.014079525438565775,0.76228673399730129
16404,-0.015027801838218471,0.75876403638113188
16405,-0.013882107842985643,0.75677181011260741
16406,-0.016221369279958191,0.75524512783525255
16407,-0.01476407371029418,0.75802474819553833
16408,-0.016395604641123857,0.76086189552299976
16409,-0.014452450969429547,0.75946063657987395
16410,-0.015647417784022725,0.76269187864818533
16411,-0.014400851711315499,0.75892231448831227
16412,-0.016114857120489642,0.76083967578664757
16413,-0.014221848965453985,0.75678192142295553
16414,-0.015183891862943158,0.76286314879478578
16415,-0.014977672564153053,0.7575361406670752
16416,-0.015598771375755429,0.75851351006703538
16417,-0.012395187989176541,0.75784599093514404
16418,-0.016124544296338882,0.75398376597765171
16419,-0.014167987166056523,0.75844407468865838
16420,-0.016181886502480564,0.75879235810206891
16421,-0.013986620557860981,0.76235420541850252
16422,-0.014925661561801832,0.76061790380596073
16423,-0.015597780840405386,0.76105575444265383
16424,-0.016553164927790888,0.75916599562080522
16425,-0.015980650524858767,0.76137631969258857
16426,-0.014624949347142466,0.75839584977016927
16427,-0.014535195683019097,0.76237662568569131
16428,-0.016564437317512878,0.75679427763685936
16429,-0.013925512648601666,0.75625846902482619
16430,-0.014869770288486907,0.75964066983279821
16431,-0.013285971435206732,0.7524377378908601
16432,-0.016503012886932698,0.75501054864469952
16433,-0.014241970321019166,0.75738497284021922
16434,-0.015755017831927613,0.75744665777399933
16435,-0.01611648109896963,0.749680464792706
16436,-0.011741587855521467,0.75794481631774335
16437,-0.017634750661927091,0.76029882408458704
16438,-0.013671587828646942,0.76017658686544032
16439,-0.012563806804238707,0.75916560055203064
16440,-0.015373325292041211,0.75930911557145309
16441,-0.015197381762302713,0.75755505949032009
16442,-0.014969117154341354,0.75488793255699893
16443,-0.013716821628084349,0.75228621803214124
16444,-0.015123699384525756,0.75336586412509787
16445,-0.017740186796288734,0.75983773062341564
16446,-0.014006309599892063,0.75928904776214734
16447,-0.014444778561166464,0.75306096345251472
16448,-0.012826156753027217,0.75517669423986578
16449,-0.016016299212110202,0.75653527055765302
16450,-0.011727173534025866,0.7600871605290852
16451,-0.015696710535541412,0.76403589861441457
16452,-0.015546666401208567,0.76042049224050745
16453,-0.012969238313242161,0.76193099746678883
16454,-0.014034653475231458,0.76108608997084881
16455,-0.013925839660941431,0.76640965465594746
16456,-0.015654778255438116,0.76046967539445365
16457,-0.015090204431841794,0.75510243776592489
16458,-0.015021775987045955,0.76798071340508467
16459,-0.015666438490308663,0.76310195848715623
16460,-0.014678966570546801,0.75774787633874807
16461,-0.013645004487192308,0.76242740876607074
16462,-0.014980318799379378,0.75755198010888514
16463,-0.014539626651147225,0.76581931723764074
16464,-0.016673204042076714,0.75908968260915044
16465,-0.015202264823861012,0.75964815743008052
16466,-0.013244891366990381,0.75834884224792198
16467,-0.014275318045547941,0.75820753772705418
16468,-0.013776001270647029,0.76061708729436439
16469,-0.016376638821900956,0.75895119620274965
16470,-0.015550333000890947,0.75395491654710955
16471,-0.013107162965556531,0.75351080839488416
16472,-0.014952991116001331,0.7628400928140644
16473,-0.015294916313152728,0.75832508100626672
16474,-0.016395604641123857,0.76086189552299976
16475,-0.015671271800379027,0.75804917154155937
16476,-0.014491002715081025,0.75683167534945683
16477,-0.016555241060978904,0.7607570630140672
16478,-0.013657609260516469,0.75955179660144667
16479,-0.016927523199343798,0.76210586183913442
16480,-0.014393917689168279,0.75609364573044813
16481,-0.015193222326520137,0.7549308581314359
16482,-0.013690478374413723,0.75807605039343451
16483,-0.015515698972622605,0.75355496328623472
16484,-0.013460538496110596,0.76149238147572773
16485,-0.014560719820450808,0.75791609235672563
16486,-0.015160067011904052,0.7573315970557174
16487,-0.014654593194825748,0.75732240471444834
16488,-0.013966757350661406,0.75625271211797684
16489,-0.015365448703114432,0.75721114932083045
16490,-0.014056218168597322,0.76219461822122436
16491,-0.014925468005857355,0.762858382671733
16492,-0.015737550077206151,0.75305850640611982
16493,-0.015733870872353301,0.76272087173418046
16494,-0.012591055957775623,0.75735403812849267
16495,-0.01547179000301332,0.75883498570981089
16496,-0.016736814682733088,0.76067334161985944
16497,-0.013609207475786573,0.76367650242100393
16498,-0.012928486603033086,0.75996431676793919
16499,-0.01350771260943507,0.76135193042408922
16500,-0.016910999924197419,0.75699622088845364
16501,-0.01488083608913888,0.75712638943306454
16502,-0.014407059985852348,0.75468983094528597
16503,-0.016555597033094237,0.75677172208323551
16504,-0.01341388985665083,0.76028699987863868
16505,-0.01547270456957171,0.75647647131097318
16506,-0.015579598387679311,0.75879946155038625
16507,-0.016095649997082954,0.76041628390823779
16508,-0.016024342658020531,0.75884229006864534
16509,-0.016544217067194972,0.76382367265222995
16510,-0.016549701204338782,0.75650143327014552
16511,-0.014068259922863219,0.75528416566324186
16512,-0.012683615279936219,0.75718741138449019
16513,-0.01495837425763575,0.7630404889519139
16514,-0.01317441076975529,0.7558009748405381
16515,-0.015292640535820126,0.76161993885424661
16516,-0.014466780671439876,0.75315104936289179
16517,-0.016004776267221701,0.76034635285941876
16518,-0.01476998422180241,0.75613173465704209
16519,-0.016984656131789518,0.76300034600717204
16520,-0.015950012609577929,0.75404494314585402
16521,-0.013741692725665533,0.76137717486148404
16522,-0.016500247146810545,0.76019546750182287
16523,-0.015120485518908641,0.75452081782696523
16524,-0.015701181351120967,0.76452232980136214
16525,-0.016737494600293501,0.76641226486598268
16526,-0.015610396881002042,0.7554568622069977
16527,-0.015551848208305061,0.76126458157377142
16528,-0.017690893455638679,0.76345160590696648
16529,-0.014742127387780178,0.76039978929245122
16530,-0.012638959868804681,0.75965242477324246
16531,-0.014556030042157766,0.76456842903692279
16532,-0.015014000217132503,0.75961281531474767
16533,-0.015578040310169189,0.76189966674433973
16534,-0.017490091305802737,0.7609634879019499
16535,-0.015769749938061434,0.75757524332961712
16536,-0.014215535938936624,0.7542460493297426
16537,-0.015469909802963817,0.75720545342622203
16538,-0.014684322775413714,0.76025414599650498
16539,-0.016237553858730977,0.75802832047168289
16540,-0.0145002413940963,0.75865261747941848
16541,-0.014621945342070276,0.75553988370854175
16542,-0.013990672675306636,0.76296032695635296
16543,-0.017477935666863113,0.75937785869375363
16544,-0.01235973837589305,0.76077315669564471
16545,-0.017375128233067368,0.75906179856522915
16546,-0.016601594603684863,0.76088782999655291
16547,-0.016775350417909694,0.75742401003518744
16548,-0.017317722586924936,0.76388327349826413
16549,-0.016449069314022291,0.76037080091716969
16550,-0.015891318072401239,0.75648698426362238
16551,-0.016676611525874727,0.7633750177006472
16552,-0.015471843427643213,0.75889992501734127
16553,-0.016487390143699123,0.76112488665235201
16554,-0.012984293331593654,0.75874736492843209
16555,-0.015720626386877698,0.76104766343354735
16556,-0.012984300867463871,0.76231654070152877
16557,-0.015337578640050316,0.75265595864868695
16558,-0.014137507302712743,0.76033117604188338
16559,-0.015539032419029979,0.75952564840894654
16560,-0.015503424519537628,0.75724438424967577
16561,-0.015007588330242575,0.75595571121105554
16562,-0.017136137398483874,0.75656171067790678
16563,-0.015412523183973093,0.7627606011280913
16564,-0.016072509384582455,0.76236920272404984
16565,-0.014407473867971737,0.75753573701813248
16566,-0.015943881360618955,0.7600035043521608
16567,-0.013039526475120267,0.75793266048794217
16568,-0.015610232760660243,0.76538704036374461
16569,-0.018661999611259045,0.76035408358287337
16570,-0.015954551055622837,0.76367044684269625
16571,-0.016678344971018721,0.76245711247887049
16572,-0.01639394145044288,0.75924786914463904
16573,-0.015029896039105544,0.7629422367420855
16574,-0.015759030607217662,0.75675264247108365
16575,-0.015907045437466606,0.75942580111937574
16576,-0.017299741239246002,0.75847800526260545
16577,-0.015686120208273924,0.76340207955412986
16578,-0.01587814415021124,0.75787964027218735
16579,-0.013500235751943229,0.7569130624877316
16580,-0.015830798552120398,0.75743566571721566
16581,-0.015231991415320256,0.76053601616547495
16582,-0.015933785106949691,0.75785179459753416
16583,-0.013523347882715168,0.75444531423416861
16584,-0.014909487305277289,0.75728629342550879
16585,-0.014641290644961218,0.75941517827411564
16586,-0.01680972217538693,0.76191727665547992
16587,-0.016535554121814431,0.75841098987818201
16588,-0.013157821563771852,0.76218041322085339
16589,-0.016206652613440869,0.75833030845050486
16590,-0.01629581353933135,0.75804833575522768
16591,-0.01458118523607782,0.7648140303835238
16592,-0.015363778408438895,0.76011978192254281
16593,-0.015490413039917867,0.76430279643004617
16594,-0.016174092982069569,0.76096437964194563
16595,-0.014811775453981156,0.7531133303674189
16596,-0.014310803619469813,0.75322337060611122
16597,-0.013681127186933092,0.75775489597620926
16598,-0.014472363287742913,0.76283977126924707
16599,-0.014114772799217317,0.76026139744759158
16600,-0.015676743424152154,0.76011115592854606
16601,-0.016108843816001538,0.75790918029574272
16602,-0.014146693170716039,0.75663682223918094
16603,-0.014704543241200324,0.75332197849869187
16604,-0.01477513444919964,0.75053521758303066
16605,-0.014043594394965797,0.75552662291249884
16606,-0.015618966344788805,0.75543696068677735
16607,-0.014242308974657714,0.75007198760600435
16608,-0.018102335811997473,0.76379873667413767
16609,-0.015066350604775741,0.75686861153431728
16610,-0.015351349107386381,0.75284825663178212
16611,-0.016235443658615151,0.75958004444352578
16612,-0.015432063948180034,0.76193700380976082
16613,-0.013066797121887358,0.76028507025467551
16614,-0.016069116543932817,0.76268789884011767
16615,-0.016705501605889381,0.75412070872404469
16616,-0.012634166738699713,0.75891889734205054
16617,-0.013897239518488569,0.76065973376798057
16618,-0.014809663933309724,0.7611475251889811
16619,-0.0146551072868332,0.76173584497174107
16620,-0.016448115622173225,0.76160792788815168
16621,-0.014352168262052736,0.75075575812741024
16622,-0.015483718690519411,0.76163840038619079
16623,-0.014514696050790728,0.76245157323558688
16624,-0.015691972543384614,0.7602423769068144
16625,-0.014526261925869246,0.75959099557363885
16626,-0.015665061696433984,0.76076920053572306
16627,-0.011463087952662349,0.75063311213103234
16628,-0.01545207925817425,0.76334566462932418
16629,-0.016814590404743791,0.75461385066859843
16630,-0.013763193612917363,0.75802692961779539
16631,-0.017345750521432807,0.75809738517241732
16632,-0.013790784680148823,0.75835784969885089
16633,-0.016543058561642225,0.76143132632939847
16634,-0.014435222582568939,0.75615791466369742
16635,-0.016393519221390346,0.75944666710005293
16636,-0.015940569493392211,0.75379174832735385
16637,-0.013734218288888593,0.75608751985595724
16638,-0.01508041993861186,0.76223688613913909
16639,-0.014230401235441512,0.75352873280382604
16640,-0.011812736811907349,0.75669210809000975
16641,-0.017842099863686914,0.75772099617387045
16642,-0.014652175032524403,0.7590415730457678
16643,-0.016026846367952569,0.7596729567404894
16644,-0.014225472089233013,0.76317236197144767
16645,-0.014169281503572323,0.76319365407412598
16646,-0.014904262802299747,0.75774656403902929
16647,-0.017148888544694339,0.75924617499418323
16648,-0.015337454096972288,0.76191444445556833
16649,-0.014837270464082194,0.75979597136323551
16650,-0.01549578309329982,0.75925689433908683
16651,-0.013617315262074679,0.76151413998904161
16652,-0.013099738671713204,0.7628315896540202
16653,-0.015024257489188952,0.7559965970367869
16654,-0.013652156274936201,0.7576076162198383
16655,-0.013870312636664063,0.75693676961171474
16656,-0.016310241923682918,0.75844078105157864
16657,-0.016180459775557238,0.75416298372664636
16658,-0.016837991693604649,0.75959599576654113
16659,-0.014183343522732098,0.7601363076948624
16660,-0.015124121421439287,0.76477054393689425
16661,-0.01417536476224788,0.76063530672606261
16662,-0.014643489968001518,0.75338215400438213
16663,-0.012442404984613816,0.76124166185953301
16664,-0.012937512007116935,0.75777551297878798
16665,-0.014271679478428811,0.75770459857376971
16666,-0.016520808156166515,0.76536814729516311
16667,-0.013597603708947805,0.75847571133747826
16668,-0.016536464457202141,0.75757390684593728
16669,-0.013665015011128297,0.75394200994920557
16670,-0.015831159295673629,0.758842883289638
16671,-0.014684947551451152,0.76278386150345212
16672,-0.016826066470599185,0.76421478442115365
16673,-0.014933305049406799,0.76027948529800304
16674,-0.012731803092613002,0.75615127254456971
16675,-0.015018766165948983,0.75115736597264215
16676,-0.015141517875872,0.75951310432154029
16677,-0.015622788615147688,0.76184037998824294
16678,-0.013924563578611399,0.7612972410480634
16679,-0.015580306077376087,0.76410401088714941
16680,-0.014199944001222509,0.76245304769890931
16681,-0.016422679720147017,0.76211989021866722
16682,-0.014427524585366959,0.76359597361418641
16683,-0.017646542264101339,0.76085074614484693
16684,-0.01402682002340736,0.75575357573229396
16685,-0.015251453449324557,0.76066836445676145
16686,-0.012912055252524712,0.75785398092965428
16687,-0.014630764860310383,0.75817561796277344
16688,-0.012610724558917897,0.76003036225893894
16689,-0.014124012897789527,0.76237563134316511
16690,-0.015713601227281264,0.76212154284316735
16691,-0.018193043488537494,0.76094689796973158
16692,-0.013935133790904606,0.76212061467628545
16693,-0.014514173793692072,0.75859070147001617
16694,-0.012665338257403935,0.75678890881057925
16695,-0.017847990173512018,0.7597394722109585
16696,-0.015677184644339225,0.75538713525805279
16697,-0.016376832521481435,0.76151952497283415
16698,-0.014076510692092873,0.76085777104169017
16699,-0.016157012643693552,0.75910138652132264
16700,-0.011682735996866615,0.76311094829346027
16701,-0.016803882867187273,0.75873759949067543
16702,-0.013964660100352836,0.75755780742500101
16703,-0.016245273833631869,0.75950452204524121
16704,-0.013037949424191548,0.76016521093685074
16705,-0.014229331145957477,0.75741857431414383
16706,-0.012905742042663433,0.76052820130765963
16707,-0.013788562172239902,0.76295643379494371
16708,-0.015098624879311915,0.75861337532453399
16709,-0.018187737465008152,0.76365177643856763
16710,-0.016923705264766626,0.75681070646933524
16711,-0.013476178495850795,0.75461720735462579
16712,-0.014113107587242957,0.75736038146370244
16713,-0.015909553618629561,0.76300064969287129
16714,-0.015392847564793843,0.75917435542268896
16715,-0.016765672768620295,0.76031901465103713
16716,-0.015086929296227,0.75432233551455929
16717,-0.014757937491746803,0.75587643944665184
16718,-0.017066308249739936,0.75639378635481203
16719,-0.01578682751819202,0.76337426806771946
16720,-0.014244955072284427,0.75831825867334213
16721,-0.016738578406492666,0.75863338242349976
16722,-0.015396292084708097,0.7624861717078153
16723,-0.015713679695072751,0.7609752150846727
16724,-0.014837623981165051,0.75823050585461527
16725,-0.016096884873014486,0.75948033603164078
16726,-0.01670836603711193,0.75763676795023505
16727,-0.014577953637641966,0.76044291105904871
16728,-0.014544870039319778,0.76229621603918263
16729,-0.015654898133512622,0.75944190173660098
16730,-0.012942912445306209,0.76104309072888787
16731,-0.014625115763342031,0.75759308721725138
16732,-0.015401750129678931,0.76430070255647664
16733,-0.014341345710638158,0.75409066822637927
16734,-0.016804543144368723,0.75868391331061624
16735,-0.014384855155771066,0.76192778305033093
16736,-0.013642351442964211,0.7616658925168881
16737,-0.015942233351439655,0.76085931755820757
16738,-0.012989853658257597,0.74925729650900719
16739,-0.014451038568469897,0.7593588490626394
16740,-0.018061421142086823,0.75942590414310118
16741,-0.015553515299514148,0.75195132655082753
16742,-0.015296841270075872,0.76636151414375309
16743,-0.017021356421063331,0.761001532615321
16744,-0.01574844309507771,0.75847232052646063
16745,-0.015794621409075477,0.76114046240087452
16746,-0.014151926645214835,0.75045129281484479
16747,-0.016223970036818615,0.75352844510925332
16748,-0.01379562613941991,0.75959389302698777
16749,-0.016998756047454856,0.76283961053262095
16750,-0.0147212278278188,0.7621556290629381
16751,-0.015118675327289943,0.75065027756911817
16752,-0.016972989670762453,0.76381035755762527
16753,-0.016235333381296013,0.76104944495115379
16754,-0.016334570267450617,0.76336266647103213
16755,-0.012902717756404298,0.76183390492910752
16756,-0.015895321174247037,0.76044869309227103
16757,-0.0160778432788235,0.75426800095889612
16758,-0.017930584691454098,0.75961418632002731
16759,-0.015019656834638254,0.74883998107598093
16760,-0.013137540392059541,0.7587351032446995
16761,-0.014729043905036853,0.7547836788132235
16762,-0.013399167492659422,0.76036208411280626
16763,-0.01587819017643383,0.7596290988460821
16764,-0.014015404766641374,0.76450762171379605
16765,-0.01693654356210484,0.76246268409045825
16766,-0.015931224478159908,0.75722064739299411
16767,-0.01562293439832241,0.75999091874438673
16768,-0.015119197870626057,0.76137872366862935
16769,-0.017335931551233742,0.7594176951307986
16770,-0.013596680592147036,0.75049281662305045
16771,-0.01573645330735738,0.75548362125853419
16772,-0.015168892950940437,0.76052052091340516
16773,-0.017188394392230175,0.76048794529608099
16774,-0.016346652289907858,0.75951846173255555
16775,-0.0167690577077192,0.76047523999319855
16776,-0.015590720365616232,0.76146125910028051
16777,-0.016826872831855823,0.75917705312377504
16778,-0.014346498811127876,0.75906515512240313
16779,-0.015385621548211562,0.75495835736775563
16780,-0.014035199831399055,0.75162677945146261
16781,-0.013450409530829446,0.75870160755042371
16782,-0.012269327475684782,0.76055148494848024
16783,-0.01478043649221132,0.75852076311869121
16784,-0.016071250497059267,0.75453304759277284
16785,-0.013569686178208843,0.75478842863498508
16786,-0.017339859295971129,0.76152821807824289
16787,-0.015441389613646252,0.76508705657391696
16788,-0.012798755269847594,0.75816465772456987
16789,-0.012387951472580698,0.75862862900759664
16790,-0.014190519337433717,0.7601681952904068
16791,-0.016495398912445301,0.7563839520886394
16792,-0.015223942336099576,0.76087147949049905
16793,-0.013510606769737459,0.76261494785760131
16794,-0.016571790554044556,0.76237504422229296
16795,-0.016485421552992471,0.76135181095661664
16796,-0.013456538973402158,0.75799221671281647
16797,-0.013166048463426653,0.75437187773025416
16798,-0.013199572339598563,0.76459577027475045
16799,-0.013239444585996759,0.76284708524018996
16800,-0.014417954805999439,0.76042005662413747
16801,-0.015350354571135432,0.75749855320528159
16802,-0.015727859776904191,0.76140602809924496
16803,-0.015261499190923228,0.75844245240752173
16804,-0.016839287815465613,0.75916126080121848
16805,-0.016370191540296779,0.7631405674831887
16806,-0.01538459405495252,0.76374809757776996
16807,-0.016274484953386049,0.76503661966728209
16808,-0.016061502597380525,0.75812169608447999
16809,-0.013688929495225089,0.75169839136991157
16810,-0.015902022010533069,0.75722241781430977
16811,-0.014795629446500482,0.76104573861004532
16812,-0.015450800117942299,0.75752121967202124
16813,-0.017137138580478349,0.76420185750766922
16814,-0.014177261496019411,0.7556917211967592
16815,-0.017081583574671287,0.75738570875753242
16816,-0.016481984737936335,0.759174882481782
16817,-0.015514007963951746,0.7567122135373906
16818,-0.013651837331645374,0.7593321261854612
16819,-0.01381689511842624,0.75947518205665854
16820,-0.01710372131164218,0.76127714518178069
16821,-0.015586471887895702,0.76140979984010604
16822,-0.016157397756699922,0.76352945019851104
16823,-0.015495250038827908,0.75864280885633117
16824,-0.014371645479913252,0.76359810004400031
16825,-0.014486976872327246,0.75472413041025965
16826,-0.013284336431401363,0.76440058206808115
16827,-0.014359298398050637,0.75695370986089949
16828,-0.015385411042722655,0.75742147576738916
16829,-0.014346608702060108,0.7515624535783898
16830,-0.014158017855549028,0.75758228730483179
16831,-0.014033154932349008,0.75913938531537173
16832,-0.014992479601496286,0.75988337658648397
16833,-0.015442117426200743,0.75955489900618456
16834,-0.016021583258424774,0.76416020741474422
16835,-0.016962403828010075,0.76371138908500968
16836,-0.015662746536313422,0.75744030455103539
16837,-0.014124147647687327,0.75843207376585997
16838,-0.013009033975369046,0.75894041718049376
16839,-0.015181906926303784,0.7576635480132754
16840,-0.016135956358713753,0.75740194896862645
16841,-0.015704161503437453,0.76169654770324713
16842,-0.017629959641899246,0.75794004016640415
16843,-0.014835933527657224,0.75239305727301808
16844,-0.014866226923549513,0.75969234380615069
16845,-0.014892086290335196,0.75276450876229428
16846,-0.01198981684190161,0.75561586856964802
16847,-0.015830854131160501,0.76239187203153291
16848,-0.01397727581240458,0.76159212617964156
16849,-0.013684575561681494,0.76128571320026339
16850,-0.015320425729161497,0.75567348409064794
16851,-0.013790867177621485,0.75549998930715034
16852,-0.015247704130979974,0.75529708917884064
16853,-0.014054384773438769,0.75691561341096303
16854,-0.01648054634864296,0.7599356350501183
16855,-0.015135842708519455,0.76181405624360388
16856,-0.014454345447209329,0.75951684333518943
16857,-0.017544532557531054,0.76225908087110317
16858,-0.015433485460669614,0.76125285412475796
16859,-0.014816333882434606,0.75705596808596554
16860,-0.013491028946829877,0.7622268667413461
16861,-0.016379373479719156,0.75615929748411193
16862,-0.015284668309335735,0.75961682770580463
16863,-0.015192264824085039,0.75440017379412361
16864,-0.015285899769237674,0.75647366085627787
16865,-0.014273516283926119,0.76199073018667618
16866,-0.016228437280761114,0.76398721879849418
16867,-0.016515403429931873,0.75838002834350704
16868,-0.01569037783885991,0.7586184886146351
16869,-0.015295989429513024,0.76086088788427486
16870,-0.015366154291858527,0.76205608804392189
16871,-0.015818215657713297,0.7601963998074962
16872,-0.015513674792793615,0.76055826573636265
16873,-0.014301305900662718,0.76287016677269281
16874,-0.013184914639608632,0.75720600921349379
16875,-0.01523983762090203,0.75110949664081728
16876,-0.016425570043551316,0.75974704372431234
16877,-0.019166923044936061,0.76120928508279906
16878,-0.013785701510281113,0.75922790582630106
16879,-0.016733452664035073,0.76088020270972967
16880,-0.015638597896085616,0.7555746818883271
16881,-0.017282629221304045,0.76406347992626267
16882,-0.014517865417479681,0.75792302932683409
16883,-0.015720197411339849,0.75650728532587574
16884,-0.015290238423539597,0.7603281420073873
16885,-0.017572041577512146,0.76385407624491608
16886,-0.014458832113132303,0.7617211538442078
16887,-0.014839813742756334,0.75451606024317586
16888,-0.014794502206646212,0.75537366182792498
16889,-0.016365723933808782,0.75980257472388979
16890,-0.014558425742788164,0.76339554426153367
16891,-0.014565732785163519,0.76508414584172191
16892,-0.013043030043645263,0.75881181026087041
16893,-0.015583611739030783,0.75793081459016531
16894,-0.013727846964292764,0.76001377088569977
16895,-0.013837225352302512,0.76085537756712529
16896,-0.01466059159373056,0.75360301188160617
16897,-0.013701949746602078,0.76016806307436124
16898,-0.012568209846057832,0.74826088489230436
16899,-0.014887387927481658,0.76597074715200275
16900,-0.015273231248476744,0.75206335715077655
16901,-0.01275886892376428,0.76817718514948907
16902,-0.015796151933173252,0.7545092233198043
16903,-0.013071114000249762,0.75837607105051663
16904,-0.015345725392022317,0.76549836361430856
16905,-0.011376594317185348,0.75371425398381331
16906,-0.014587681628185941,0.76050824362533176
16907,-0.017792550695832431,0.76172160794538046
16908,-0.014665463334611058,0.75902189783526586
16909,-0.014197416408443252,0.76243340780037028
16910,-0.014784526728311714,0.75718587641363611
16911,-0.013522036386493455,0.75701038594931225
16912,-0.015587308058967544,0.75997034873285718
16913,-0.015096259669263316,0.75951179829279536
16914,-0.015488729966017396,0.76090758091829469
16915,-0.015001723110095495,0.764012291845796
16916,-0.015221723565876838,0.75820832342032995
16917,-0.016439758221676249,0.7581174295643347
16918,-0.014555858041955881,0.75545307888245572
16919,-0.01606416051434624,0.758863663903524
16920,-0.01399491001909022,0.75720813208165683
16921,-0.01535737501017803,0.76273003054494359
16922,-0.014070964476433471,0.76039398461762941
16923,-0.017247525532620316,0.76311143570983186
16924,-0.014904550420151475,0.756467574716985
16925,-0.015034328490002004,0.76544273373845695
16926,-0.016969932450219823,0.7609849552839304
16927,-0.010685995002609158,0.75635620156405114
16928,-0.016174401145438839,0.75877857490562473
16929,-0.01210744919023389,0.76259476276557514
16930,-0.017264694574928661,0.76169828737533352
16931,-0.013707191355972516,0.76162099995441335
16932,-0.016191537278231354,0.76161184884782096
16933,-0.012460177824422046,0.754991261355619
16934,-0.017051821003371513,0.76109960088963657
16935,-0.013626825381923663,0.75081004025298448
16936,-0.016051856014472531,0.75901997396233412
16937,-0.017071120087251618,0.76297913871327594
16938,-0.016653558171259922,0.7616252107078354
16939,-0.01476820704730393,0.76271273978341569
16940,-0.014615742678601674,0.75093470717891098
16941,-0.014816049522911002,0.76622672027560024
16942,-0.015488676417885285,0.76283282585550161
16943,-0.010719233138361999,0.75583540058125231
16944,-0.015383144323714296,0.75983879161452639
16945,-0.016431194091731237,0.75750876444792914
16946,-0.015244681095707573,0.76017321911974012
16947,-0.016433758946511001,0.76275388029111357
16948,-0.01505610884217737,0.76213928492361238
16949,-0.015106075427124416,0.75884724739054321
16950,-0.016643952708647252,0.75723921925564885
16951,-0.014152102485045431,0.75700158367710535
16952,-0.014620010265264561,0.75885473993128583
16953,-0.015215638021470379,0.76087835107289437
16954,-0.013730324614931002,0.75617124117096479
16955,-0.014432195846660514,0.76200287211456341
16956,-0.01605744577272868,0.76172651229009025
16957,-0.012899249382970259,0.75307396002251314
16958,-0.016240009128350961,0.75608728296537842
16959,-0.014302177144075353,0.76272597459956237
16960,-0.014794602117750903,0.75961990849449856
16961,-0.017508504975763485,0.76013174619085566
16962,-0.014346820835565951,0.75771713450400713
16963,-0.014790837793451386,0.75345990272099173
16964,-0.01322533890886894,0.75549826808152221
16965,-0.016541671450235822,0.76249964966841466
16966,-0.016496028271570092,0.76017429474293419
16967,-0.014219609450283829,0.75797426007248481
16968,-0.015275926990695927,0.76034228050921171
16969,-0.016374312060003147,0.75850539806487249
16970,-0.015443193523804306,0.75957436232530418
16971,-0.014211566936069736,0.75598927163072716
16972,-0.014197519753224362,0.75640295529779211
16973,-0.014403919151623508,0.75694238425605953
16974,-0.017017387501024828,0.76240652301464129
16975,-0.015018391016439486,0.75195868909198005
16976,-0.015666054572372239,0.75321799322571059
16977,-0.014957781397602425,0.75979741313026239
16978,-0.014263831412409765,0.75720443292700557
16979,-0.012502722965253428,0.75586036666021461
16980,-0.014552711653660894,0.76190053185899675
16981,-0.016019099372305903,0.75225728003400727
16982,-0.015704161503437453,0.76169654770324713
16983,-0.014648259383981253,0.75869752654237765
16984,-0.015949652569893683,0.76161579997645468
16985,-0.015660882748104739,0.75643055576898555
16986,-0.01594927545937571,0.76243265658446813
16987,-0.01545139989947315,0.75919961574177286
16988,-0.013572871189780211,0.7630284451849465
16989,-0.013418083247900479,0.7559076910304825
16990,-0.016416624801337036,0.76443413786945258
16991,-0.014674254484255298,0.75725690916331412
16992,-0.013865436957427261,0.75795480646366409
16993,-0.015149113226223834,0.75808669924989258
16994,-0.011175174888994501,0.75559919956664445
16995,-0.016210811752833801,0.76314250035643938
16996,-0.016057643569249137,0.75892252315974729
16997,-0.013948546268757306,0.76238056611124072
16998,-0.015279305665290085,0.76038799605770557
16999,-0.016463688881971146,0.76344109835945817
17000,-0.016295434384368819,0.7553084858063297
17001,-0.016320772619245888,0.76453023752636584
17002,-0.014688125694759387,0.7614476611874712
17003,-0.014536424781685825,0.75931922357046722
17004,-0.015404395698620517,0.75696934135955996
17005,-0.014550936825772241,0.76448375532907176
17006,-0.014285376417901979,0.76223289197995547
17007,-0.016668391149092472,0.76577215613730565
17008,-0.015343171969745139,0.75741226594299726
17009,-0.015900627419184361,0.76354921762905903
17010,-0.013937653208290917,0.75638157298557762
17011,-0.015578104232789909,0.76362298438686227
17012,-0.015190820517307829,0.75377646511938468
17013,-0.015205719063678135,0.7566373919526197
17014,-0.017362929771113651,0.76090665838759308
17015,-0.014548919533550564,0.7535506671098724
17016,-0.015037942072681661,0.76086420767188656
17017,-0.014451265953798954,0.75481230227007212
17018,-0.014690587384774197,0.75766270794274126
17019,-0.015946919753228983,0.75881983811447007
17020,-0.015342844607072331,0.75798714147905688
17021,-0.016298325607275628,0.76251398926093794
17022,-0.015335777818773634,0.75964647401222662
17023,-0.014076390155097183,0.75928512570836415
17024,-0.014392986170366639,0.76320445395482184
17025,-0.014434844996514245,0.75938547815386004
17026,-0.013730562865814986,0.75635789925881181
17027,-0.016631857593439998,0.7578446575010872
17028,-0.014754187201370221,0.76154782157109746
17029,-0.013109704684120841,0.75733558359848274
17030,-0.012780889160510421,0.76327142675263726
17031,-0.016183927099459219,0.7590152030914552
17032,-0.015452707954467626,0.7555334606018218
17033,-0.014413533647646651,0.7559193175866642
17034,-0.014277837469534061,0.75593484881161044
17035,-0.014307142798773327,0.75960908234292535
17036,-0.014035567027410831,0.76106514161285566
17037,-0.014492807499143312,0.76049624760188494
17038,-0.01675629701740191,0.75947974306954347
17039,-0.013974118052895064,0.76329976944633016
17040,-0.015698322050896614,0.75404025658290508
17041,-0.018206769470582369,0.76127974673866672
17042,-0.016379936337185767,0.75965072776650666
17043,-0.016213345693657497,0.76134335700431377
17044,-0.015492235417860512,0.76369572549184983
17045,-0.014110759532219682,0.75722066636378749
17046,-0.013415070856486553,0.75808762019047971
17047,-0.014709313625363336,0.7658593404838997
17048,-0.017540056447314954,0.75660471963188836
17049,-0.016162540421305282,0.76628383463880789
17050,-0.014710207906793116,0.75871361452169805
17051,-0.014802072005091838,0.76016092549957159
17052,-0.013346271958694702,0.76406982333537365
17053,-0.013346245298919573,0.75705086953732237
17054,-0.014656724972703891,0.76016828461067343
17055,-0.018068708431114355,0.75805396373846023
17056,-0.015272805390473597,0.75369482893811091
17057,-0.013577148360006907,0.76067221601582591
17058,-0.013996341889474736,0.75885106616334586
17059,-0.014746619616064027,0.76318205546726481
17060,-0.015177276749112572,0.76170467802355557
17061,-0.014526771888834257,0.76435252419207278
17062,-0.013228845011403732,0.75642798794029331
17063,-0.014189437430714862,0.7634317567042187
17064,-0.014882415857687238,0.7557930379451151
17065,-0.016085531412411667,0.75834294512565181
17066,-0.015101441463907166,0.75747088389703499
17067,-0.014102933435859166,0.76117101478893212
17068,-0.013513909746168659,0.75862735240233192
17069,-0.016778593419693507,0.75927502567255822
17070,-0.014305994272295671,0.75291637627691921
17071,-0.013789282566069518,0.75963223858259921
17072,-0.016837912926287786,0.7579413549982722
17073,-0.012507788486414094,0.74815201235027629
17074,-0.015327090106227041,0.75740554955493267
17075,-0.014450928897222709,0.75754689988327273
17076,-0.01564228207627056,0.76169859749804292
17077,-0.012595247614414912,0.75848476364883388
17078,-0.013782385742301038,0.76268490999654115
17079,-0.017807045602325426,0.7601825987201003
17080,-0.012694486711015156,0.76091134379948722
17081,-0.01394177632605724,0.75482015907162525
17082,-0.014362700314745382,0.76160145744921881
17083,-0.016458555195043925,0.75861350073027856
17084,-0.012807196786324606,0.76206894255229973
17085,-0.014480888725387832,0.76297918426112021
17086,-0.014699475583666409,0.75865228833405784
17087,-0.013642780388675859,0.76470570236078728
17088,-0.015906290386547402,0.7595909841917009
17089,-0.01385336045749699,0.7533284511721593
17090,-0.016108534570824916,0.76237076648702728
17091,-0.012843035951103079,0.75676893339402496
17092,-0.013298872830757997,0.7507905773646697
17093,-0.015265892817856248,0.7599219118744498
17094,-0.015592755299888631,0.76238005310330037
17095,-0.018680385147918834,0.76327731219994266
17096,-0.015324585140595742,0.75842514988351273
17097,-0.016080784809866237,0.75822504091725829
17098,-0.011690055036370084,0.75417102295436611
17099,-0.01600154414211194,0.76341551018823828
17100,-0.014500445544871428,0.7578480521246177
17101,-0.014920376890236533,0.75784773964214536
17102,-0.016349002137988154,0.7598683739334513
17103,-0.013439295221354192,0.75797395100206522
17104,-0.01522945415726825,0.75503669652932326
17105,-0.01640997913387552,0.76321471465364754
17106,-0.014147009403979054,0.76265579697267327
17107,-0.014501731610460545,0.75738972824695794
17108,-0.015885864949801223,0.75200350442810748
17109,-0.013127834243882372,0.75854552736050962
17110,-0.01628043977921341,0.75604064996830389
17111,-0.01506151348133105,0.75746723298108642
17112,-0.016534112637577078,0.7604251403236435
17113,-0.014525274544991203,0.75632351444396118
17114,-0.014003439504002678,0.7632343817136622
17115,-0.015395003760469862,0.76043528145568851
17116,-0.014764897452968714,0.75847048898599734
17117,-0.0155415703787311,0.75763347602653686
17118,-0.015018595934787674,0.75868326116112539
17119,-0.013238988025726595,0.76450075608980328
17120,-0.016146300549574319,0.75846210469541908
17121,-0.012911258899643348,0.7626473396188489
17122,-0.015562853169687656,0.75786534844802944
17123,-0.014104699768268227,0.76046335459899339
17124,-0.015384137965275413,0.76074685144047316
17125,-0.0156911343507437,0.75609453937300308
17126,-0.014357442842422873,0.75924853247122148
17127,-0.015390577372291733,0.76304188120476391
17128,-0.013259300545715192,0.76121279688833166
17129,-0.015648471123176209,0.76220138906934931
17130,-0.013727378603709957,0.76129023002532759
17131,-0.012996440465999631,0.75918261538197773
17132,-0.015398756933970083,0.75704025734841529
17133,-0.0120869448594967,0.75744059085757021
17134,-0.014801499606987581,0.75574067833733227
17135,-0.01573645330735738,0.75548362125853419
17136,-0.014731029525456402,0.7590395129837032
17137,-0.013924390883671695,0.76324241110643243
17138,-0.017077791870674829,0.76139991663414897
17139,-0.014121149416700486,0.76316235956808542
17140,-0.014423891455894981,0.75502536080656468
17141,-0.014486727207409058,0.75932167997826994
17142,-0.015554768844441689,0.75810878645212254
17143,-0.015945279570973248,0.75696933037752234
17144,-0.01339039136134478,0.75942763763773358
17145,-0.016335418604765003,0.76258402597626118
17146,-0.016936732908594734,0.75947531041213079
17147,-0.014224455089345972,0.75660017268559654
17148,-0.015886137594140537,0.76568492827567347
17149,-0.015855915780440395,0.7595116451435211
17150,-0.016859866689821153,0.75692604391910001
17151,-0.015580714273255445,0.76189245807394579
17152,-0.01421478318063415,0.76087747010797946
17153,-0.014907316718720724,0.75715709913614038
17154,-0.01396541404823003,0.75809770418458144
17155,-0.016292779963426658,0.75396657241216714
17156,-0.01388389853882566,0.76106074213276242
17157,-0.014735309638418121,0.76183590206938934
17158,-0.01617040724236983,0.75993049152337944
17159,-0.014272761360553861,0.76010564966087446
17160,-0.014768945974425586,0.75481383947553771
17161,-0.013397563747180879,0.7580387001671901
17162,-0.014798931540352703,0.75777032708532355
17163,-0.011652821520053872,0.75842158101576718
17164,-0.014585627470847596,0.75574863008615933
17165,-0.013982025529899229,0.759610063735501
17166,-0.013122499120530731,0.75625098768737875
17167,-0.016388910309058605,0.76076013857427083
17168,-0.014044274127282097,0.75289530535769844
17169,-0.014667167865450349,0.76059279959341741
17170,-0.017560888129615447,0.75372317150428891
17171,-0.015291787951672048,0.75990064328594442
17172,-0.015360498675718069,0.75735393597522072
17173,-0.016087765999770028,0.76057574443831066
17174,-0.0147206910101511,0.7632712806726959
17175,-0.016423001982650731,0.75931666212133486
17176,-0.015658739281407826,0.75993751217313354
17177,-0.014536575871189989,0.76108723285333157
17178,-0.014129618835160042,0.7531148895666544
17179,-0.014980545464124377,0.75738702164523053
17180,-0.015197229066871029,0.76260732533666209
17181,-0.014482998359745654,0.75672129433271162
17182,-0.014191778997537199,0.75419443891236126
17183,-0.013539496981686744,0.74875884235915013
17184,-0.014634662751170891,0.76432169037221431
17185,-0.014896007270374559,0.75389520521640663
17186,-0.012303436211432588,0.75852122744937023
17187,-0.015019222567589884,0.75771226431171934
17188,-0.015192036025262796,0.76406402547483709
17189,-0.01322912063546723,0.76327779868963386
17190,-0.015229965881846011,0.762376469488665
17191,-0.013454321708669571,0.75997459924792787
17192,-0.016538877780093081,0.76186102802223932
17193,-0.014144881501718849,0.75813197375103325
17194,-0.01549485074240433,0.76029053519046152
17195,-0.012736238646072002,0.75615371390570096
17196,-0.015646100117147732,0.75880439960294044
17197,-0.01446508804389106,0.76126713506351029
17198,-0.016686449876151671,0.75940062374643869
17199,-0.015343843298730619,0.76383549418717456
17200,-0.016554231169274139,0.76235017773440616
17201,-0.015652116893733203,0.75751846483455099
17202,-0.01337181017572772,0.7614935584967194
17203,-0.014729835063077139,0.75769574184567845
17204,-0.015761003973307403,0.76530437918635619
17205,-0.014940185980398864,0.75672740815306272
17206,-0.014289593328955227,0.76004128152107853
17207,-0.014324219521868164,0.75853636273136882
17208,-0.014366397368097182,0.75891389786765162
17209,-0.014986589998495852,0.75931209711777548
17210,-0.017255907794582269,0.76234692363448142
17211,-0.015576453187123831,0.7626059027850971
17212,-0.017349645450409561,0.76640669339850109
17213,-0.014725473083245691,0.75415705640445008
17214,-0.014758900399508456,0.76227673262886697
17215,-0.017158751768636259,0.76314235190961643
17216,-0.014923426714059624,0.76345427448468306
17217,-0.015539176046791474,0.76571780071310802
17218,-0.014450288360422758,0.7623217818865381
17219,-0.014426359298738183,0.76175551100546568
17220,-0.014904191529133578,0.76170440252526317
17221,-0.015471500167993374,0.75935069161335311
17222,-0.01463776052534837,0.75517903768600869
17223,-0.013676659748360789,0.75994007856940415
17224,-0.016080857436774246,0.76335839459582289
17225,-0.017103798976152374,0.76037866083662187
17226,-0.013782244494712628,0.76094065291844737
17227,-0.013027807589551136,0.76285634323112339
17228,-0.015144820779623274,0.75750215194348858
17229,-0.016476058668869212,0.76335316375071449
17230,-0.017999688974918437,0.76265852574008119
17231,-0.01492359481789155,0.76380109355238457
17232,-0.01674810044846925,0.75839855074654117
17233,-0.015276015175525612,0.75958442480237676
17234,-0.014053878041552665,0.76361905767740512
17235,-0.01635075819812485,0.76042251087170742
17236,-0.01592650559919213,0.76494800914215955
17237,-0.015874777765496777,0.75736579140744564
17238,-0.016916392216280926,0.75924931912208593
17239,-0.011111498672351817,0.7555682683098498
17240,-0.013992135397367057,0.75943382950328453
17241,-0.016512191648427918,0.759370108993773
17242,-0.015145238196751174,0.76267166660824326
17243,-0.01770065750635251,0.75642436330277574
17244,-0.013929463128969524,0.76282778876336443
17245,-0.014319178435333165,0.76242427229926646
17246,-0.015392207704281305,0.76095425832543262
17247,-0.013695456565566014,0.76373090908453223
17248,-0.015522835877377111,0.75938085871409922
17249,-0.01601988422283683,0.76200240077365144
17250,-0.014616656950625903,0.75099681254741868
17251,-0.016533802486222299,0.76204357139468304
17252,-0.016010108586784328,0.76731922109137618
17253,-0.014078100086652728,0.76345853694830279
17254,-0.01504494554787239,0.75542183804224194
17255,-0.013953038034110823,0.76214919704305284
17256,-0.016447040260840488,0.75943638028716998
17257,-0.014324462648920532,0.75694544324233615
17258,-0.015423686856761395,0.76312116569899702
17259,-0.015383700634028642,0.75466133618911047
17260,-0.017605964432761932,0.75732476233180934
17261,-0.014070238463480161,0.76485413238986677
17262,-0.014354193832893884,0.76085857443906979
17263,-0.016624492577196118,0.76002868767493925
17264,-0.014330841864007659,0.76359931252111435
17265,-0.01726295611140298,0.75683579859829275
17266,-0.014079724932658933,0.76648725128567841
17267,-0.013662022999926259,0.7600340352391991
17268,-0.014865766534253574,0.7593692363472353
17269,-0.015670300468953326,0.76304748596072536
17270,-0.016918219249268014,0.75797357067719606
17271,-0.01578523643320031,0.76067830105984258
17272,-0.016903286995552252,0.76185684622509831
17273,-0.012288599183753086,0.75570506387535852
17274,-0.016213234166499956,0.75753070920232024
17275,-0.016696345536571899,0.76004119668496695
17276,-0.014585958966972075,0.76002931844344268
17277,-0.015410907717393259,0.75962872411062909
17278,-0.014934466179926139,0.76055917742264001
17279,-0.013238407345273148,0.76040064421642917
17280,-0.017195308608356372,0.76400860891552824
17281,-0.016056425500919354,0.7574135468901716
17282,-0.014439297546737969,0.75732699616156141
17283,-0.013229428012301076,0.76084462716663792
17284,-0.016257036279496352,0.76021680726786067
17285,-0.013556434494508161,0.76057369710053946
17286,-0.016247820118688153,0.75779271564684347
17287,-0.014197553684148236,0.75853524158671304
17288,-0.012907452432079847,0.75401923951311522
17289,-0.014870684654001889,0.76442285175731173
17290,-0.015917618252800705,0.7518373039681342
17291,-0.015753925359131518,0.75737537218909623
17292,-0.01292825716223912,0.76139571466757472
17293,-0.014811663113971229,0.76073836462101641
17294,-0.014431787014344374,0.75622717667421002
17295,-0.016068262118009193,0.75260819653499567
17296,-0.014553373259816807,0.75883792671516115
17297,-0.014896320021057048,0.76240962277288316
17298,-0.015806692571303235,0.75553896520153752
17299,-0.015809056623676356,0.76044808064555869
17300,-0.013560348690099566,0.7631334377121487
17301,-0.013204662839012076,0.76179237304987557
17302,-0.013460141308438771,0.75885788294064993
17303,-0.014312127479758349,0.75227182998441477
17304,-0.015572475982240123,0.75844579561537206
17305,-0.014904171655272866,0.75769264609090836
17306,-0.01650411057078547,0.76450001511069154
17307,-0.015626445788321716,0.76121403186579462
17308,-0.012779578365138751,0.75817233742131829
17309,-0.015727218158257464,0.75181094669041526
17310,-0.014062629750921282,0.76146496022299126
17311,-0.016633306537096947,0.75817667073121131
17312,-0.0159618081185788,0.76191237776019871
17313,-0.010357902711775543,0.75889270989042457
17314,-0.016895571850216298,0.75936519667413593
17315,-0.015018138657187482,0.75054224125051217
17316,-0.014045693249518655,0.76117013408091927
17317,-0.015787402681072135,0.75612419552467292
17318,-0.016599719845321222,0.7565099402012655
17319,-0.014508732686456825,0.75714378193549359
17320,-0.015803194307517299,0.7598714034924684
17321,-0.013207590183988323,0.7534887786417046
17322,-0.015729069108587509,0.76087195823739662
17323,-0.018094450663659691,0.7559657621933199
17324,-0.015006932755176068,0.76030814092854138
17325,-0.014590266643823001,0.76271977582904438
17326,-0.013547714898536796,0.75794913384860108
17327,-0.016410508345837425,0.75737920655906754
17328,-0.014261504932573622,0.76023785228449958
17329,-0.014806460601154221,0.76265933706029154
17330,-0.015229104602678395,0.75333875440514586
17331,-0.016194600694754511,0.75990008456723557
17332,-0.015632146912537365,0.76661887478857615
17333,-0.016913214783340035,0.75578560527891048
17334,-0.015707707575111599,0.75523680467879917
17335,-0.01515002476947197,0.75528737715743177
17336,-0.016159621099381419,0.75996283206456228
17337,-0.013617933368709412,0.76006116703174476
17338,-0.016129234468731657,0.76152184774212361
17339,-0.016496376827850927,0.76512064380227107
17340,-0.012950449371208882,0.76138264201454298
17341,-0.01483096785433274,0.75899817900656519
17342,-0.017029167624483331,0.7624251127100411
17343,-0.015902556965121592,0.76196324131128668
17344,-0.016009232903556315,0.75703229866626376
17345,-0.014132133295216689,0.76095986472362309
17346,-0.013768254345361304,0.76236902989951372
17347,-0.015389374542034371,0.75771330500056244
17348,-0.015744507944504375,0.76164616858539236
17349,-0.013888192476144394,0.75947664576015972
17350,-0.013655770356493327,0.76228913789897867
17351,-0.017553283244227297,0.76239851425853677
17352,-0.014753714474747649,0.76037421653768544
17353,-0.013051592241179889,0.76553505269380795
17354,-0.015629875266964799,0.76092285761823353
17355,-0.014410701339864945,0.75533748142202506
17356,-0.016075135341148496,0.76033818178737655
17357,-0.016140226327003664,0.7585353898432321
17358,-0.015929904999254445,0.75463734059326493
17359,-0.013044040734793714,0.75738012899190332
17360,-0.012498927674605639,0.75992223028670192
17361,-0.013871974718905842,0.76196072592964814
17362,-0.015042543019547758,0.76427350582170428
17363,-0.015052584672546701,0.75904258592428697
17364,-0.016159621099381419,0.75996283206456228
17365,-0.014414344754273846,0.75923264727572992
17366,-0.016827075909947149,0.76000077986672654
17367,-0.01358899026725157,0.75781667215759163
17368,-0.013838458863147893,0.75523803153009983
17369,-0.015846546393196031,0.76135965797714766
17370,-0.01353520497925634,0.75725665037550893
17371,-0.01406356762008301,0.75667685359418879
17372,-0.015630369709062293,0.75590599681162085
17373,-0.015059030223212149,0.75904859928150714
17374,-0.015817817697923561,0.76368464402647651
17375,-0.015983769814977799,0.76106087098994812
17376,-0.017300484880721195,0.75499657016657706
17377,-0.016374694636168793,0.75227860033111671
17378,-0.014690344352027465,0.75559747862159721
17379,-0.016377108157996052,0.75511554332952413
17380,-0.014182619447575468,0.76097888074382047
17381,-0.014864588570237215,0.762743247277895
17382,-0.016347184110066075,0.76009471186305333
17383,-0.016102246914828679,0.75904916381896825
17384,-0.0163179594331875,0.7533362904123071
17385,-0.013832741349024055,0.75760622608343298
17386,-0.015118802957234672,0.75416472613066854
17387,-0.016324367930802851,0.75617439738506242
17388,-0.012918400630325424,0.75996895306670553
17389,-0.014695553609179068,0.76571857035392243
17390,-0.013450053821136444,0.75653778447198339
17391,-0.01635070540952235,0.76079450589651332
17392,-0.015313671794462686,0.76435188444384139
17393,-0.017610466848911793,0.75828423333471517
17394,-0.01495008302873306,0.75816498957081357
17395,-0.016218990680506376,0.76149682144028019
17396,-0.015716911732695925,0.75956445432594699
17397,-0.016219270834175303,0.7594739359463577
17398,-0.013084266755802786,0.75698878026622574
17399,-0.014234742678362913,0.76081214176418743
17400,-0.017161692979895577,0.76195880463216981
17401,-0.011493641281302616,0.75893452071206735
17402,-0.013929363975538116,0.75370331999292928
17403,-0.01567160617197259,0.75685288236391834
17404,-0.01763991768258244,0.7568420536718885
17405,-0.017334203145851004,0.76420460738430229
17406,-0.013669965296320905,0.759571517155195
17407,-0.016404538011941396,0.76389011643097271
17408,-0.016153100021584592,0.7622279023144769
17409,-0.015873745716979765,0.76408202353066024
17410,-0.015939750756608612,0.75916639312905732
17411,-0.01381316358728276,0.75561405954505101
17412,-0.017096954576013713,0.76034487676609452
17413,-0.014309022334260324,0.76205543735860903
17414,-0.015721641656839362,0.75807224754261693
17415,-0.014944492602099787,0.75951879121514876
17416,-0.014091962101072743,0.76082725553006636
17417,-0.014900478891036162,0.76109766596938566
17418,-0.015708227401173121,0.76057310834550851
17419,-0.013058534337799077,0.75424877956566172
17420,-0.016133452875381898,0.76061504169293515
17421,-0.014178575301420648,0.7602111568828005
17422,-0.012621457631399808,0.75929953566655739
17423,-0.016360812272163072,0.75867538930176459
17424,-0.013707191355972516,0.76162099995441335
17425,-0.014709255301670124,0.75055081855905259
17426,-0.0140605553089012,0.76108649928357763
17427,-0.015679812451176424,0.76233295878985896
17428,-0.016264167867112468,0.75240090200417464
17429,-0.016828984262565745,0.76533670743451765
17430,-0.015308231649423515,0.7630122771415091
17431,-0.017008742628378065,0.75960595772859263
17432,-0.013396376495442803,0.75691013914169092
17433,-0.017813790585137011,0.7644533290838591
17434,-0.015910569885517339,0.75823400682569975
17435,-0.013375210906856361,0.75145287104604708
17436,-0.015497256940701559,0.76095491792235181
17437,-0.014627376465168256,0.75822543407914333
17438,-0.01614015855574847,0.76122488012688416
17439,-0.017554595861056038,0.75617215063593912
17440,-0.01469648759516844,0.76222626989841047
17441,-0.015512399871623422,0.76291628484719132
17442,-0.013971310435866007,0.76091512485565771
17443,-0.015872214436292199,0.75846116979178613
17444,-0.015078253594936268,0.75706794437235825
17445,-0.017336356217192372,0.75757432190367469
17446,-0.014486539066779078,0.75653175128041061
17447,-0.013388947406741486,0.75566770830279539
17448,-0.014210605745413239,0.75821169487379592
17449,-0.014097683265202958,0.75998233925047587
17450,-0.014062651779446237,0.76599562886232431
17451,-0.01529977722938787,0.75797505744932669
17452,-0.015069759588233232,0.75602082392891601
17453,-0.014229826946743908,0.75819553458411848
17454,-0.015500469514191446,0.756534121098139
17455,-0.015065081807666419,0.75216238731716856
17456,-0.015201508186774385,0.7587498930478429
17457,-0.015368063353031222,0.75679145667565939
17458,-0.016692856065197652,0.75835160650108424
17459,-0.015839949448718867,0.76238544655844809
17460,-0.015416133208176931,0.76417989847004986
17461,-0.015990404202754115,0.7547579048585138
17462,-0.015077583700102454,0.75608841659995873
17463,-0.016959586620829581,0.75851001886174063
17464,-0.014100866490705426,0.75729061155680844
17465,-0.015747840282669581,0.76180353032359549
17466,-0.01492519732710638,0.76443512291971538
17467,-0.014518150484341295,0.76310349394729349
17468,-0.012007969882375005,0.75403535533279764
17469,-0.015107281515015376,0.76047759103856671
17470,-0.013815207731837507,0.75949852706737297
17471,-0.013867199743623788,0.76084927513144562
17472,-0.013363547880804455,0.75681327699675227
17473,-0.016859310743165892,0.76107902402215688
17474,-0.016413233682429092,0.75907953324958266
17475,-0.014334900842486984,0.76382506303963871
17476,-0.015377173811096215,0.75918399646521961
17477,-0.015602292942619238,0.75304408135313161
17478,-0.016662823412590545,0.76230563779434213
17479,-0.014297441105370075,0.75748018682332396
17480,-0.017463812554221515,0.75949709116453956
17481,-0.013596768844223896,0.75705725234124988
17482,-0.015756083472524895,0.76199251338916918
17483,-0.015763590923223155,0.76009399551405388
17484,-0.015835397951303724,0.75873430984786172
17485,-0.014240231576756716,0.76226507993781978
17486,-0.015845848881163763,0.76302301405433026
17487,-0.017952886238373808,0.76346325744754961
17488,-0.016110832401822584,0.75955368341881158
17489,-0.015318831066108426,0.75344969880348867
17490,-0.016712907531070423,0.76266253866118527
17491,-0.013588683846473165,0.76008411504807072
17492,-0.016113853178039182,0.76125442146219635
17493,-0.013644352018391325,0.76060871361251614
17494,-0.012205966882220058,0.76484771353570569
17495,-0.016044640319360981,0.75954291570101129
17496,-0.012774027990092777,0.76003114725891663
17497,-0.013957764822303455,0.75568829398837578
17498,-0.013053900486241053,0.75967970374804972
17499,-0.016523315982450739,0.75830836558666692
17500,-0.016355132469930436,0.75944316741429285
17501,-0.014389898740394704,0.75748879597717522
17502,-0.011876632231863934,0.7613971283818608
17503,-0.013608519573110902,0.7636129919909449
17504,-0.016983344963058297,0.76306267136713024
17505,-0.017392498270719398,0.75926330621292937
17506,-0.017267385681196637,0.75885294589362573
17507,-0.013673414404349257,0.75980026088740371
17508,-0.014293838478325757,0.76413376757962725
17509,-0.014336818121320817,0.76130720564566368
17510,-0.016158951216210381,0.76267860694742107
17511,-0.015346443064512253,0.76350596005439908
17512,-0.013277950519054947,0.7594535715216183
17513,-0.014399287355506217,0.75782989291102809
17514,-0.016184727447227487,0.75887068356383669
17515,-0.016824991339073263,0.76028744084199307
17516,-0.016816381466232357,0.76596917949985088
17517,-0.015347674003388155,0.76110958718823574
17518,-0.014221857109405083,0.75791095295904609
17519,-0.014393476648693337,0.76147819498153679
17520,-0.01451153539141393,0.75544236779598239
17521,-0.013628346687442797,0.7594851586624749
17522,-0.015382095453596686,0.75821044919326519
17523,-0.017787912778529567,0.75918033733403645
17524,-0.01552350136133486,0.75590815239041076
17525,-0.01461452533580905,0.75636890984637239
17526,-0.015949429175561962,0.76270515424286978
17527,-0.015444429358869506,0.76554013705927737
17528,-0.014964059919168512,0.76097158644118768
17529,-0.013835581271624068,0.76248181555590644
17530,-0.016615571943516205,0.75928962588548854
17531,-0.016519076010803734,0.75801089213642303
17532,-0.014915675330770711,0.75721026821577619
17533,-0.015602796138240747,0.75507867061959388
17534,-0.014059808748723942,0.76006590111909045
17535,-0.013147746065554241,0.7562691908240059
17536,-0.015941192840409631,0.75742284409641669
17537,-0.014493018285518732,0.76558313423213831
17538,-0.015504739878631412,0.76230636285338005
17539,-0.012383467763198874,0.75611686943728218
17540,-0.017588302091109832,0.76033308338027528
17541,-0.016287693697175171,0.75771522086633514
17542,-0.0153030769449823,0.76121354995985335
17543,-0.013324055858336799,0.7527381415108152
17544,-0.012686807971086587,0.7585991479235632
17545,-0.015055610322100817,0.76303501944387375
17546,-0.014937910028648747,0.76139558371794436
17547,-0.012861715627609228,0.75683799663695828
17548,-0.01440208990308629,0.75703694596575311
17549,-0.013446731946532399,0.75551168984508887
17550,-0.015504914534610312,0.75618854844462224
17551,-0.016689146590807967,0.76013954516539184
17552,-0.014834588724853649,0.75188476617839528
17553,-0.013387944064015054,0.7617213448980672
17554,-0.01316893572830009,0.76389772643727694
17555,-0.01403129756847399,0.75226501105013543
17556,-0.013896898313430949,0.7614185595046945
17557,-0.015455333624786561,0.75621161080760846
17558,-0.017515409724519645,0.75724052804752384
17559,-0.017664198916438896,0.75983015410299193
17560,-0.015757282289071299,0.75528299534355481
17561,-0.014901346276019498,0.75946191900419968
17562,-0.014517955425857338,0.75705390213325763
17563,-0.014791129079879034,0.75797091568759678
17564,-0.018417032808308777,0.75998657685964521
17565,-0.0142196033986451,0.76075763945243668
17566,-0.017326693918479345,0.75717518327179423
17567,-0.015373592330946368,0.75494081652226275
17568,-0.01596355313929098,0.76300132546273547
17569,-0.014651187858202254,0.7638456404038152
17570,-0.017048681543894176,0.76278721428284413
17571,-0.015358928349610664,0.75855914653324574
17572,-0.01457653665247933,0.75695222691020869
17573,-0.015714108482017687,0.76120788011424323
17574,-0.011822481659641646,0.7620720962046672
17575,-0.013302941530388308,0.76153825970262912
17576,-0.014262847680623187,0.75427951106687419
17577,-0.014604702151319118,0.76065215218153426
17578,-0.016076000686259383,0.75765144843619914
17579,-0.014758323491421459,0.76391395638740922
17580,-0.015332815467702068,0.7584381238186495
17581,-0.016553235046932679,0.76072580332120132
17582,-0.014745990201659417,0.75878870622104633
17583,-0.012916759271065812,0.75694137487975888
17584,-0.015477665018417732,0.75938253533580924
17585,-0.015178049502476402,0.76224732320277999
17586,-0.015712727280856688,0.76416272132574758
17587,-0.016376104961773032,0.75574664707456662
17588,-0.012525617340972496,0.7579195584593853
17589,-0.015655705134529855,0.76029277815115182
17590,-0.014934318880342017,0.76172591666050393
17591,-0.017251802118111836,0.76107305132279646
17592,-0.015951019242779488,0.76006902684619027
17593,-0.014869115408803039,0.76323944475180838
17594,-0.015871645747206849,0.76531384048451734
17595,-0.01419741891357606,0.7639988595672722
17596,-0.014051829490735582,0.76114805441161826
17597,-0.015476278640103935,0.76115968068447992
17598,-0.015211412415812588,0.75465615754240789
17599,-0.014215488233341164,0.76147962044717676
17600,-0.015472258317632239,0.75011371063090426
17601,-0.015448567040565636,0.75203661596858873
17602,-0.015454405992753786,0.75801563878544598
17603,-0.013898074961974255,0.76351577685491945
17604,-0.016289500794138496,0.76064428516690463
17605,-0.014390396912023536,0.75526801450760572
17606,-0.014692111206907487,0.76116660961486204
17607,-0.016748675485402174,0.75856247822812928
17608,-0.016663478014046013,0.76538146121690243
17609,-0.014416346777606576,0.76203104455596804
17610,-0.014870825612881248,0.75328252735254997
17611,-0.01380524220860262,0.76583764413191524
17612,-0.0165364193475111,0.75929386335554505
17613,-0.018388522886774714,0.76421730692929124
17614,-0.013554617389938392,0.75787103887271445
17615,-0.015253144375845625,0.75447840171308578
17616,-0.017461413573170159,0.76520023473979693
17617,-0.017363732578526268,0.75789460214249527
17618,-0.014588582633729193,0.76070180873436366
17619,-0.013092930309064103,0.76231113352427526
17620,-0.015455071506796429,0.75830430514717073
17621,-0.017250270607801196,0.75568121369162811
17622,-0.015526883022190022,0.76437077795045294
17623,-0.015147786196792532,0.75419950265069502
17624,-0.01603228497298001,0.75427684901786829
17625,-0.016559513625005962,0.75949050169850429
17626,-0.016123605877448023,0.75968537191881769
17627,-0.015323333375186007,0.7537401695096948
17628,-0.016406584852116747,0.75848588232304381
17629,-0.014033650493963306,0.76478133687175021
17630,-0.014662905652424304,0.76632204018125161
17631,-0.014695313999130785,0.75504635683051591
17632,-0.015080223944493402,0.75421081937915591
17633,-0.017393749406922641,0.75766699794683945
17634,-0.013194475602755641,0.760692768351384
17635,-0.015086296053539875,0.76382883996636597
17636,-0.01599502842806616,0.75777442279040874
17637,-0.014707959746910745,0.75644941042320002
17638,-0.017505863884631677,0.75826732693931242
17639,-0.01626599342177068,0.75607752077464996
17640,-0.013324495918807392,0.75737170446288349
17641,-0.014156599073370855,0.75953077710209149
17642,-0.015886863841329802,0.75962258865284737
17643,-0.016053802609835306,0.76064726246420133
17644,-0.015075691565023084,0.75545272292072063
17645,-0.017618943294762272,0.75520424932277797
17646,-0.015043557653196709,0.76007618746201433
17647,-0.014182400342249626,0.75987334297165465
17648,-0.013755074452241486,0.75827429783977729
17649,-0.014206192793438068,0.75428560234966879
17650,-0.016251103578208789,0.7605114606068718
17651,-0.015848685060331325,0.75343107671243437
17652,-0.015777937932190199,0.76517531945794959
17653,-0.0159776683650725,0.75833682028511251
17654,-0.014647422557162742,0.76224900854880118
17655,-0.014211073951694915,0.76157563416581953
17656,-0.015062459400917962,0.75788904360286524
17657,-0.014321422029697977,0.7602830233941148
17658,-0.014356601048894621,0.75839961995582716
17659,-0.015881956098392179,0.75895626741229827
17660,-0.015206064465663739,0.76184814284086388
17661,-0.015963929265726873,0.76091316970196698
17662,-0.014970839997610537,0.7631569308288666
17663,-0.013607477272458665,0.76248012586870295
17664,-0.01594927545937571,0.76243265658446813
17665,-0.014622030766596459,0.75210024539072462
17666,-0.016266221289266955,0.75822658157837397
17667,-0.014241113154928139,0.75849564585421336
17668,-0.013623512250886269,0.75895340152136825
17669,-0.014707288533261392,0.76133986619627703
17670,-0.015676655546659535,0.75868278170976977
17671,-0.011709129465267601,0.76037151517440404
17672,-0.012176366737891065,0.76108857785518413
17673,-0.015482591323919378,0.75932703230860477
17674,-0.015055757653319584,0.76277674739376056
17675,-0.018373843089425655,0.76421492993700546
17676,-0.016905552063890182,0.7636004710719525
17677,-0.014621184892131925,0.76104825396888387
17678,-0.015290362974617708,0.76369090620723679
17679,-0.014965995022710885,0.76417784652367804
17680,-0.017511138337971296,0.76238453972822207
17681,-0.01435760933911095,0.76065575743584901
17682,-0.015798458466051289,0.75768535096558409
17683,-0.015103824977723394,0.76567768509514844
17684,-0.015087375306820692,0.75762425206816408
17685,-0.017192019112979667,0.76461176242809004
17686,-0.014602309902251929,0.75747593053964446
17687,-0.016803467388887848,0.75609886288471051
17688,-0.014917033387799292,0.75694135806223284
17689,-0.013911916179059066,0.76283812432842657
17690,-0.014479354859699716,0.75486894204755783
17691,-0.015601635969682198,0.76243819043973915
17692,-0.013843649900588758,0.76218553226278674
17693,-0.015425717835379039,0.75578281452935303
17694,-0.018213923418837766,0.75494274543970108
17695,-0.014691601165535206,0.76255686549816959
17696,-0.013789733427300577,0.76204783561983447
17697,-0.016769854213698601,0.75703287014623921
17698,-0.013232464809928644,0.75769912200456901
17699,-0.014379007526183374,0.76227791080432006
17700,-0.014987808459912089,0.75754340457969371
17701,-0.01450282582918162,0.764057286597983
17702,-0.016681867924764365,0.76288299543038596
17703,-0.015825553522105306,0.76170543757420017
17704,-0.014463317366697545,0.75982020951858598
17705,-0.013881933282409258,0.76491459062458711
17706,-0.014120816560468895,0.75864684020481388
17707,-0.012704711471578436,0.75820762375794948
17708,-0.01455497007209222,0.75878090908233431
17709,-0.014190519337433717,0.7601681952904068
17710,-0.012648310207620975,0.7535803430559781
17711,-0.015522847535459159,0.75954685294929514
17712,-0.01592445460197893,0.75926094061793314
17713,-0.011462222789628895,0.76300571248830373
17714,-0.014937579633859433,0.762680582617009
17715,-0.012102426604097686,0.75928345480879711
17716,-0.014746377059197787,0.75925210659915665
17717,-0.014117141959509473,0.75671575067236674
17718,-0.016196238933872092,0.76184742845979969
17719,-0.01512805177646865,0.76243201733090848
17720,-0.014960104998228797,0.75666995378379309
17721,-0.012380712261175233,0.75707049066196019
17722,-0.013715862858165759,0.7618074439641106
17723,-0.01538417670205206,0.754340421174298
17724,-0.01571389021920128,0.76330900388006595
17725,-0.016374605761661654,0.7639707511020104
17726,-0.015358649916306999,0.75935472704214302
17727,-0.013721660016113444,0.75850202772434749
17728,-0.015963358159591323,0.7589786439284012
17729,-0.014644080807699964,0.76024437908446063
17730,-0.015163426922093227,0.7550436863619141
17731,-0.015343801959515938,0.76096566751891703
17732,-0.01542633878079696,0.7547667779106515
17733,-0.013736708675602581,0.76215975656941792
17734,-0.01682233857428355,0.76150571090123198
17735,-0.016231107071315712,0.75553936675820788
17736,-0.015596309044871489,0.76406357888035759
17737,-0.013414550691522266,0.75813896243115098
17738,-0.011224667914024534,0.75625767371462427
17739,-0.016542877902622061,0.75623386042689456
17740,-0.0145688237636923,0.76480122597340194
17741,-0.015041962505311918,0.75685324487379357
17742,-0.014503087610636673,0.76182784433966555
17743,-0.014341921372658901,0.75892477117032109
17744,-0.015579271340236069,0.75414256084460507
17745,-0.015241750656436128,0.76536475924464464
17746,-0.012704007724538802,0.75870360793475489
17747,-0.014001123892728118,0.75570562032277921
17748,-0.01459987332516254,0.75462068362287071
17749,-0.016028322666820926,0.76544453085348241
17750,-0.015380375816285567,0.75808616841366849
17751,-0.011077883469428932,0.76012097838463932
17752,-0.014452426985023704,0.75797001885000925
17753,-0.015032752767191262,0.75942716811202882
17754,-0.01345533237012049,0.7644077810344958
17755,-0.013257899011476218,0.75340408818296212
17756,-0.012935635958382092,0.76007441949325616
17757,-0.01307263654804413,0.76098199060313676
17758,-0.01498179935712868,0.75956850307413826
17759,-0.014085479085525088,0.76265940827121792
17760,-0.015629409406431725,0.76539245641492726
17761,-0.014065957428437584,0.75929657520693694
17762,-0.012892821304191301,0.75802758590340669
17763,-0.017483364938435234,0.76006841769565092
17764,-0.016359568556205163,0.75899448500408273
17765,-0.01466314176629383,0.76238636178674513
17766,-0.015306086826958434,0.7613429599140108
17767,-0.015293048143169469,0.7612611383788791
17768,-0.016104595557249898,0.75933443757059249
17769,-0.013931619115334314,0.75906952006014927
17770,-0.015619538223267324,0.75446803487333169
17771,-0.016134197529024182,0.76234742258667432
17772,-0.013965316243698489,0.75151845513712401
17773,-0.014461891687996217,0.76289754666428755
17774,-0.016839287815465613,0.75916126080121848
17775,-0.014915527579754772,0.75866579182090355
17776,-0.011386877313856595,0.75140299304137814
17777,-0.015101851589566137,0.75936807397450745
17778,-0.015228522177463732,0.75814011295704897
17779,-0.014783764785848436,0.76114643122797787
17780,-0.014387607765281937,0.75220391606779613
17781,-0.013840023877780506,0.76230712919468246
17782,-0.014858111410426297,0.75493360335354742
17783,-0.01674572191588445,0.76016334455234225
17784,-0.015732023373033106,0.76102342095803144
17785,-0.015909334266342907,0.76165401555372503
17786,-0.015398181810215381,0.76643759119397115
17787,-0.014456047692241104,0.76392237171743227
17788,-0.013620942200398481,0.76122616588495307
17789,-0.015933041655651216,0.75774598520272674
17790,-0.015732472126321173,0.76112212993268469
17791,-0.014367552939304551,0.75789430416729586
17792,-0.014117166191014234,0.76345049188622061
17793,-0.015443193523804306,0.75957436232530418
17794,-0.014525736350253921,0.75745927424277748
17795,-0.015966378130845265,0.76182751881982658
17796,-0.017606463967847364,0.7635990497602293
17797,-0.01615812346499431,0.75433353188079821
17798,-0.014727754418659027,0.75457154552417749
17799,-0.015379424043664734,0.75566107740993516
17800,-0.014699364935664913,0.76235735711912167
17801,-0.016745518266477903,0.75947297689701365
17802,-0.014203943878804314,0.75308820936929899
17803,-0.015861254265874224,0.75909451226156832
17804,-0.016875807499894965,0.75427213502368384
17805,-0.016809047228909881,0.75570314952613737
17806,-0.016327180321561743,0.75611353125334779
17807,-0.0149402111766878,0.76429701196317379
17808,-0.014958779275917189,0.75756793204759487
17809,-0.015443193523804306,0.75957436232530418
17810,-0.014510795653431479,0.75895383492859414
17811,-0.015720399065799043,0.76441120564297027
17812,-0.014902200587810962,0.75897269709728132
17813,-0.015121191325847265,0.75488898239701641
17814,-0.01584001032591445,0.76223950227137827
17815,-0.015517656529581869,0.76337435261134412
17816,-0.016088791940710626,0.76027540559780993
17817,-0.013710503395942828,0.75965015401685487
17818,-0.016556696625989839,0.76000225775347408
17819,-0.013893781625677854,0.75581758524231901
17820,-0.012193117835307927,0.76180009008065341
17821,-0.013909927327844124,0.75648248349798208
17822,-0.016382021769638155,0.76072337996596096
17823,-0.016282556927359543,0.76026489700341027
17824,-0.014692552532107018,0.76315446911750628
17825,-0.014432488762759219,0.75810637080378973
17826,-0.015482735843229371,0.75954661182856342
17827,-0.016092241014861099,0.75872759698647541
17828,-0.013342711910829258,0.76303037425685161
17829,-0.014371976149981935,0.75593640555137631
17830,-0.01398367120249242,0.75929915523383074
17831,-0.0140272905390299,0.75697727268515957
17832,-0.015830395120286535,0.75839333828229616
17833,-0.016034840001791111,0.76266980046754562
17834,-0.013165742437213508,0.76308447738056362
17835,-0.016653558171259922,0.7616252107078354
17836,-0.012926302126196816,0.75892662172666481
17837,-0.015425450059221449,0.75985538460511892
17838,-0.014989196809456427,0.76018805616702123
17839,-0.015538790866490149,0.75588179205705286
17840,-0.01750911043288049,0.76032435133562604
17841,-0.014741397572260884,0.76089373197553889
17842,-0.016769271495597107,0.75852463060884767
17843,-0.014895784206022823,0.75284783288326762
17844,-0.015867821771684467,0.75849322094023464
17845,-0.016862457179236366,0.75505441773894444
17846,-0.015618455692606895,0.75659080371430831
17847,-0.013016060070806284,0.75887757135134826
17848,-0.014807129348043801,0.76118512108811509
17849,-0.017065479213170379,0.76149412909630565
17850,-0.016268168201775637,0.75935323788483844
17851,-0.013808714901495982,0.76324429741408228
17852,-0.016469823026789156,0.76483130981579617
17853,-0.014065122760367916,0.76319862598891575
17854,-0.014485946669739727,0.75963417697272084
17855,-0.015583611739030783,0.75793081459016531
17856,-0.015969980033248555,0.75847616528642126
17857,-0.015370077081650944,0.76161424207140727
17858,-0.012472132187991992,0.75540411592652879
17859,-0.017176195382852325,0.75338922501231287
17860,-0.014371502061858148,0.76002074254418062
17861,-0.016067149310860465,0.75669673272791171
17862,-0.015745249818335423,0.75752282908779411
17863,-0.014988640227867897,0.75618044952718544
17864,-0.016729624419020039,0.75352332881648421
17865,-0.015526628604035876,0.76490305520336233
17866,-0.013488434073951743,0.76078921422400192
17867,-0.016845481193619644,0.76198530638188045
17868,-0.01724938266596459,0.75917816312990039
17869,-0.016698627583574269,0.76049954687986931
17870,-0.017243493565290577,0.76425119495358951
17871,-0.014764657533637428,0.75738821511620869
17872,-0.017518297044330326,0.76364277653094292
17873,-0.016378789422213415,0.75911732296468726
17874,-0.016127047688950274,0.75603194989533695
17875,-0.014789661063108766,0.76023139234758319
17876,-0.014180976022528047,0.75606760180905985
17877,-0.016927077490536624,0.75680049600947497
17878,-0.015011255198437731,0.76010841322662293
17879,-0.014916529100158747,0.762154235117533
17880,-0.015715202381383346,0.75815508556696165
17881,-0.016061800195297255,0.76319059223966967
17882,-0.015871908624474254,0.75640825916224208
17883,-0.01558021967446911,0.76262051942133025
17884,-0.017813425583537379,0.76568298259389078
17885,-0.015505052044244775,0.76034385808601512
17886,-0.012869695259034879,0.76113627094576664
17887,-0.016084712094228164,0.75945546740009451
17888,-0.013798688810437805,0.75728698499801184
17889,-0.013672944751955837,0.76180558106685992
17890,-0.013563220877359764,0.76166114950504082
17891,-0.015823702579871118,0.7639602058457382
17892,-0.015201437039107412,0.75736443022795374
17893,-0.014999475679313054,0.76130350351153497
17894,-0.016834212645873564,0.75667182253677256
17895,-0.016131129543871275,0.75901781608102292
17896,-0.015670216012246919,0.75461601374395404
17897,-0.016117906150738499,0.75739346986515232
17898,-0.014208332508625949,0.75709216493495657
17899,-0.013421302508131588,0.75610881765875437
17900,-0.013840280394941515,0.75708015767419357
17901,-0.013592814553071497,0.76096686299203531
17902,-0.016174923275446527,0.76150051099316585
17903,-0.013859215088987806,0.7541524233048772
17904,-0.014914205008972026,0.75518378300939593
17905,-0.01561940766724511,0.76349090336370695
17906,-0.012440485285405006,0.75959255961012606
17907,-0.014987256744424977,0.75808981681787224
17908,-0.015782409209159451,0.75956500716474484
17909,-0.013620820255470997,0.7567660681422147
17910,-0.017543105103307286,0.76304506265309779
17911,-0.014156599073370855,0.75953077710209149
17912,-0.015905559475039893,0.76003600405350047
17913,-0.016522150170620458,0.76033726833008641
17914,-0.016542949173442636,0.75806008202048036
17915,-0.015458196241162214,0.75940109869442485
17916,-0.013627893161437645,0.75687417410970514
17917,-0.014657039642084426,0.75945463823181247
17918,-0.015412393549649685,0.75631868306653227
17919,-0.014863525574390728,0.75434650980639861
17920,-0.016312540924168402,0.7577847203069431
17921,-0.014117166191014234,0.76345049188622061
17922,-0.017082650463758529,0.7591501412879027
17923,-0.014855135284371979,0.76234503459381142
17924,-0.015415922856196482,0.7575034124053277
17925,-0.014148834508263111,0.7559791955100128
17926,-0.017897708436337072,0.75942411835877088
17927,-0.013470456449403386,0.75737791846362934
17928,-0.016061412813861919,0.76202288007156405
17929,-0.013116459408088706,0.75948631666661148
17930,-0.017563173280350078,0.75951571454336886
17931,-0.01461082675048281,0.76184667885617574
17932,-0.012205200380913704,0.7581160745935368
17933,-0.014415995535287518,0.76145563864489718
17934,-0.01479258610209901,0.75715313762043213
17935,-0.014750455994858216,0.75117325980845684
17936,-0.014136383831677625,0.76963885445318758
17937,-0.015262629107074233,0.75870237438716148
17938,-0.014540052238034593,0.76118104737844949
17939,-0.015589368120293504,0.7557399324269648
17940,-0.015183963048776396,0.75724517628614207
17941,-0.012881235831493761,0.76045381773472442
17942,-0.013835469916057377,0.76336556893062257
17943,-0.014332095563289864,0.75841243297882588
17944,-0.015595412680258151,0.76212570878966501
17945,-0.011923634857702694,0.75971364206641012
17946,-0.01582352935158458,0.75972061862292606
17947,-0.014600640748708222,0.75894675949306556
17948,-0.016483047126931452,0.76047347677990684
17949,-0.015593117803146497,0.76234603985861937
17950,-0.014588196031102665,0.75649621675977685
17951,-0.01598761883412492,0.76472149222319985
17952,-0.013639858524165063,0.76019134597013094
17953,-0.0149858110378156,0.75951964627834079
17954,-0.014632569531469353,0.75987978636575348
17955,-0.013114383717938265,0.76100788944916486
17956,-0.01551992925797591,0.76417258768518403
17957,-0.013978061018084466,0.76361699867661992
17958,-0.016485599987583796,0.75523823965282688
17959,-0.014603759136758975,0.75993543816573539
17960,-0.015429706950209232,0.7617324945963313
17961,-0.014254513468200296,0.76011464231287829
17962,-0.01341138541111645,0.76032771864900994
17963,-0.01427319926697179,0.757701166300356
17964,-0.014587216272409205,0.75876404422478294
17965,-0.014615266318872564,0.76350857346078993
17966,-0.014410755700334699,0.76490796255923621
17967,-0.015078976487081426,0.76125286255647528
17968,-0.017020163106195148,0.75225337615941668
17969,-0.014596267969314361,0.75613257754079355
17970,-0.014540713917696308,0.7598309194702727
17971,-0.014887146269284448,0.75951822796899371
17972,-0.015947954967081589,0.7592007440352514
17973,-0.013443040710819049,0.75180140876539525
17974,-0.015264261155580286,0.76087883230643349
17975,-0.014049066102530403,0.76136592161618977
17976,-0.01460441725804104,0.75988041644652904
17977,-0.015149815416251286,0.761217851958647
17978,-0.015307367258143047,0.75778856907102976
17979,-0.014380794548721643,0.76304847239281559
17980,-0.015464759175608576,0.76252540638992572
17981,-0.016349266333314391,0.75786020276393917
17982,-0.016722097257433705,0.75316171241210839
17983,-0.016466622202200906,0.75634225689131163
17984,-0.015468808906024215,0.76025366691723739
17985,-0.015761106665974169,0.75821656103846813
17986,-0.015661619314640593,0.75918810972290152
17987,-0.016140774264031332,0.76146227221169516
17988,-0.014159478911225242,0.76003245651694806
17989,-0.014387422395741225,0.75856523584008695
17990,-0.016885498491075859,0.75972756620001936
17991,-0.015931760111042453,0.76090545634918361
17992,-0.012769300707177203,0.76211834259884281
17993,-0.015459763318192874,0.76222109921993109
17994,-0.016115018671961485,0.76154135466857931
17995,-0.017165477626002311,0.76051042920355583
17996,-0.014148576365291201,0.75548075865217756
17997,-0.011768568836392282,0.75550911241965979
17998,-0.013287484901713919,0.76333257530625842
17999,-0.01444258885345372,0.75838715151705571
18000,-0.014590652392797915,0.76174165058104515
18001,-0.010815035006009038,0.75713256416238972
18002,-0.014825474709927443,0.7570111011873929
18003,-0.013663066788598197,0.74686149689288039
18004,-0.012662120085266118,0.75686534499498237
18005,-0.012559928056195827,0.76007076133116891
18006,-0.016088340123589472,0.76280196889063967
18007,-0.016045016657824047,0.76533748472237173
18008,-0.015109234500321651,0.76214034939680531
18009,-0.015061936597693903,0.7548856563454156
18010,-0.015055336154185682,0.75843217214398517
18011,-0.015114740349272598,0.76355181949901274
18012,-0.016132824418576927,0.76393845666014226
18013,-0.010562930538043407,0.75336582600200885
18014,-0.016463344487137696,0.76193274899841246
18015,-0.016131708345310487,0.75742928283187083
18016,-0.016477337119352165,0.75177421846038328
18017,-0.012667544414861384,0.76278810208553249
18018,-0.016262070130092302,0.76143348937256883
18019,-0.013845026156323693,0.75940820868510661
18020,-0.015048057092067017,0.75847079027442299
18021,-0.013649005393572174,0.76198042389747533
18022,-0.014766723415879137,0.760436829358483
18023,-0.013600532924245018,0.75284310735100202
18024,-0.015139205279597242,0.76192673544395639
18025,-0.014062629750921282,0.76146496022299126
18026,-0.015424218491158315,0.75413121397859539
18027,-0.015886805675825566,0.75952130403469742
18028,-0.017175517422502076,0.76044093513361777
18029,-0.01628776668446295,0.74859586742875195
18030,-0.011847165286198608,0.76086441954203721
18031,-0.015568731690445493,0.75985074906588612
18032,-0.014911686190868686,0.76252516165414563
18033,-0.016235105740093778,0.76141014979273081
18034,-0.014808198110360013,0.75290263696905324
18035,-0.017116666256874809,0.76271547024505582
18036,-0.015627416641209466,0.75404667130067982
18037,-0.015928125159882157,0.75749397138405772
18038,-0.015708802845637412,0.75996781128549329
18039,-0.013876243855083986,0.75310888442225987
18040,-0.013758345927879964,0.76053051026574026
18041,-0.015225607390184319,0.7516539123893714
18042,-0.015969766646522596,0.75638178332405581
18043,-0.015395444408328891,0.7641753589153587
18044,-0.013218709867008268,0.76432663126515454
18045,-0.016591461478340196,0.76059898840816564
18046,-0.018766218774250359,0.75975841289534918
18047,-0.015765742466784353,0.76256119129465771
18048,-0.015123092818796815,0.75860286944326105
18049,-0.015798388101729975,0.75667269221193478
18050,-0.012976136889822144,0.76212788069036375
18051,-0.013930283523536291,0.75818036664646138
18052,-0.015830475194967886,0.75985116630578964
18053,-0.013726893572856478,0.76021752137196941
18054,-0.012104906596312534,0.75981988219523866
18055,-0.012397094153151432,0.76432977577352545
18056,-0.013682195157295924,0.76325313844285914
18057,-0.015727158216072557,0.75699369897286151
18058,-0.015246142676629895,0.75619284899359118
18059,-0.016346247493018183,0.76100681395515057
18060,-0.013679338097892265,0.75905598870734259
18061,-0.015251194538965394,0.76142647244902872
18062,-0.014337237589456785,0.75492236991460571
18063,-0.014459469395750449,0.75790570790927803
18064,-0.017327587867706645,0.75573486646773569
18065,-0.014782563642248687,0.76079077344018442
18066,-0.015209046690683516,0.76005473624202013
18067,-0.013342741771450855,0.75838907479411299
18068,-0.014553584289138239,0.75575519138943503
18069,-0.014817446958184025,0.76405918780709392
18070,-0.016988919115905297,0.76409324847562454
18071,-0.015331787603495331,0.76450187984118845
18072,-0.01555666513030461,0.75969322406073703
18073,-0.015947173969360341,0.75690489964173113
18074,-0.016578181996052543,0.75948038370300741
18075,-0.016136843628538681,0.7591762123706185
18076,-0.013909665656001052,0.76345113319595659
18077,-0.013846430708164811,0.76272532566852846
18078,-0.016101404250884674,0.76183871219268573
18079,-0.013774117489469658,0.75437350018311111
18080,-0.013885525975933257,0.75646492519994357
18081,-0.015831188121350925,0.7643020631154448
18082,-0.015276381861056286,0.75604957399176587
18083,-0.013114622594715167,0.7594240072473758
18084,-0.013643378370528684,0.75816792263626054
18085,-0.016233127536657583,0.7617849258820002
18086,-0.017240942782654249,0.75487018833948616
18087,-0.013358524940788468,0.75713969264683578
18088,-0.014480777804924291,0.75482936278958201
18089,-0.013228259901317955,0.74748156421840029
18090,-0.014255406369364227,0.76222325613578856
18091,-0.014796447056855538,0.75598504813258538
18092,-0.015408264605367109,0.76343940496525442
18093,-0.014438775358062966,0.76345927066607455
18094,-0.016100147279022391,0.76189956696065675
18095,-0.012877197194676589,0.76379913038797076
18096,-0.015797514890066724,0.76302995788842021
18097,-0.016301799356235075,0.76010761793092252
18098,-0.014447059810330079,0.76432415278131194
18099,-0.017103161181919874,0.76409640071766538
18100,-0.015537766028958181,0.76120047906870347
18101,-0.013519648094688707,0.76246868593746697
18102,-0.015370640812686614,0.75001426248269254
18103,-0.013518022946489345,0.76113070023358753
18104,-0.016332188563673369,0.76348300069668673
18105,-0.012845690045371323,0.75166211490830481
18106,-0.016118828465529811,0.76652014535300328
18107,-0.015475905984796243,0.75889369856106437
18108,-0.015471843427643213,0.75889992501734127
18109,-0.015735554669211532,0.76228440133843345
18110,-0.016296001956876013,0.75694632447073251
18111,-0.016511387892369851,0.76130154556440743
18112,-0.014208863198406444,0.76061496357710878
18113,-0.013420693700041888,0.75658661247675252
18114,-0.017888906694864523,0.7635737856259428
18115,-0.014772606025638367,0.7591150459956495
18116,-0.014811824691786542,0.75964302181241361
18117,-0.014792821214638197,0.75665728258980824
18118,-0.015440932543378624,0.76130936084160872
18119,-0.015562076716671758,0.75918201280532194
18120,-0.014330989957372786,0.75757265326103362
18121,-0.014426579991750052,0.75525781412224413
18122,-0.017940388367774368,0.76022637474558041
18123,-0.012601277955550386,0.76047364909272186
18124,-0.014514774706443887,0.76717452352469173
18125,-0.015940677986567821,0.76148608259381645
18126,-0.01810631521956934,0.76138219146259134
18127,-0.015228954165443663,0.76008536409290139
18128,-0.014396478884815303,0.76175859100348597
18129,-0.014309812372576227,0.75891241907387941
18130,-0.01418400932353377,0.75760359636002295
18131,-0.015608846056763581,0.75874332968020786
18132,-0.014385970522584196,0.75837989910703019
18133,-0.017414492265673182,0.76263185216570584
18134,-0.014831835685408846,0.75966477618492934
18135,-0.013920376067758523,0.76119125592644843
18136,-0.013626952754176911,0.75909359642034091
18137,-0.014818531599390127,0.76101746781121027
18138,-0.013580064249376073,0.76211108011093076
18139,-0.015413513813231326,0.75949742902837392
18140,-0.018169091679267387,0.75906484348823844
18141,-0.014900278824450075,0.76139244737052014
18142,-0.015115828186156172,0.76480157500718149
18143,-0.016751801955203906,0.76349253298672204
18144,-0.015429866823364674,0.75961471754851406
18145,-0.015501427698313841,0.76317163592428272
18146,-0.015392858764222991,0.76032759615460177
18147,-0.0145441605695986,0.75168905597730484
18148,-0.016282966255400447,0.76197821491867956
18149,-0.015709559225305203,0.76099826406813276
18150,-0.014845238238059706,0.75908032359068656
18151,-0.012953344045578716,0.76063460255486981
18152,-0.014364073952614046,0.76641388789949316
18153,-0.014777998119685333,0.76189910389994442
18154,-0.014790837793451386,0.75345990272099173
18155,-0.014779721051843442,0.7640465119830383
18156,-0.013906943579874164,0.76556562609410239
18157,-0.015846137390281026,0.75980358841568385
18158,-0.015281135840878935,0.75451852439541911
18159,-0.015967354435511061,0.76391087411605585
18160,-0.014995396369881396,0.76256254972121684
18161,-0.015913588288068044,0.75815916896591229
18162,-0.015916014498338328,0.7594345380890376
18163,-0.016058549414622276,0.76067804611883016
18164,-0.0160989877939893,0.75597283175330909
18165,-0.015740996952232227,0.75690196457245273
18166,-0.014163562265945572,0.76304886509414471
18167,-0.01631312926711137,0.75868088141884416
18168,-0.015600876517383325,0.75391114709865559
18169,-0.011284918896992593,0.76077613728980897
18170,-0.015851070456271973,0.76480694310668118
18171,-0.014910641398207618,0.75826146360456437
18172,-0.014473810277694701,0.76034779966450383
18173,-0.015676528489262237,0.76044344785033413
18174,-0.014351547211717268,0.7612360703290949
18175,-0.015794939858276437,0.75026378938796556
18176,-0.01497201216634966,0.76233375371611478
18177,-0.016484687217415129,0.75514605199634766
18178,-0.015609098155241157,0.75952262063823106
18179,-0.015264405921523878,0.75714095563858141
18180,-0.014918117846850723,0.75632759843479291
18181,-0.016420189546969069,0.7617801975737819
18182,-0.017043576282640256,0.75892115835957552
18183,-0.015145527364320822,0.75340738096835014
18184,-0.014594592853664082,0.7615701928646198
18185,-0.01276264297970045,0.75752109767227827
18186,-0.016041523966310284,0.75791542120124067
18187,-0.016560791901065824,0.75981283712541903
18188,-0.016717963653238778,0.76527446285769396
18189,-0.014026158918385693,0.76325768572569475
18190,-0.013739308977705521,0.76124207164399016
18191,-0.012836908540137137,0.7592635214123179
18192,-0.013251239462590662,0.7581045486260759
18193,-0.014349682626507826,0.75968430351399596
18194,-0.016129349898502329,0.76282015296972139
18195,-0.014325256774355798,0.75883100346088017
18196,-0.015973834882441605,0.75581385185548489
18197,-0.014529223634666482,0.76033489158453649
18198,-0.014272506446422853,0.76375888962258087
18199,-0.01427555725784691,0.75877653874539253
18200,-0.014479913558671445,0.75960647454676367
18201,-0.013963198189619329,0.75338931082734506
18202,-0.014609195951716227,0.76151396718577791
18203,-0.013680137055405791,0.75824727496946243
18204,-0.014803588050516214,0.75900408389348106
18205,-0.012909467360370058,0.75434718880524743
18206,-0.015754783257940351,0.75868319604459311
18207,-0.014197054155436666,0.7607423755579511
18208,-0.01540896910824255,0.75835033186218126
18209,-0.011659738561278955,0.75702952391921163
18210,-0.015864919457744459,0.7619113367453717
18211,-0.013825822715046765,0.75159059299254938
18212,-0.014052545842087287,0.75743351807080683
18213,-0.014885070732534146,0.75371649158141807
18214,-0.01353315383765356,0.76195596033613056
18215,-0.017485380378974208,0.75689285281465313
18216,-0.010921009644499016,0.7537651096740462
18217,-0.015546878018643077,0.75986738262888343
18218,-0.015115245951051385,0.75687983240079437
18219,-0.017238099775353292,0.75999043227308138
18220,-0.013529049354991197,0.7639669719886405
18221,-0.01558683627444994,0.76017111547321592
18222,-0.017349854640169811,0.75754390875213529
18223,-0.0157490843797677,0.7493325837427568
18224,-0.015854951716163738,0.76051936651189467
18225,-0.015979694826013136,0.76251727670090286
18226,-0.013530101552609123,0.75944400054209626
18227,-0.01770012617981892,0.76268613768195992
18228,-0.014912623524262397,0.75605232672404954
18229,-0.011824565898773974,0.76037802501468832
18230,-0.015250958315875281,0.76115536884000512
18231,-0.015101851589566137,0.75936807397450745
18232,-0.016623909029418391,0.76421681807245689
18233,-0.013713216718880055,0.75874235642492827
18234,-0.015311821346997623,0.75341703239651847
18235,-0.014338988961314938,0.75727011272317912
18236,-0.015546421017136327,0.75488150443351976
18237,-0.016355006827984356,0.76137951697133244
18238,-0.01453004535773357,0.76104315534258471
18239,-0.017902330056918495,0.76005139530164023
18240,-0.014809915570733955,0.76018747481159965
18241,-0.011231153743625308,0.75920824021964617
18242,-0.013867211393730592,0.75897239393077476
18243,-0.012853469342305714,0.75630361204336627
18244,-0.016685254451498942,0.76022542911630009
18245,-0.014357619369974864,0.75890734635577017
18246,-0.01573780738730483,0.76171926735071716
18247,-0.015309488902467973,0.75514117989645035
18248,-0.016388910309058605,0.76076013857427083
18249,-0.01537487125113836,0.76168928259697111
18250,-0.016828879167230255,0.75806409358102356
18251,-0.015478905541451368,0.75476028910513238
18252,-0.013517426735059186,0.76256663112460643
18253,-0.014018538988151474,0.75499520486177774
18254,-0.015671911113405032,0.76073877654434685
18255,-0.013867916915423177,0.76334556968703049
18256,-0.015863588528358376,0.76801011843770639
18257,-0.012563102980789236,0.75173795873667049
18258,-0.016101805597309542,0.74878493167157267
18259,-0.015918805661444688,0.75980752824653863
18260,-0.014678326287777531,0.76074086198140289
18261,-0.013736366890279749,0.76510996897357819
18262,-0.015812999953081826,0.75594821007315416
18263,-0.015806094340970467,0.761594664392095
18264,-0.015222083684960202,0.75104043326932868
18265,-0.015558269098270268,0.76334688448622656
18266,-0.014317266111165345,0.75273000269283563
18267,-0.01503919000605111,0.76310182313018016
18268,-0.01411990382283033,0.75976603524347308
18269,-0.016060240159969312,0.75967444423753239
18270,-0.015336211873639892,0.75709012627599426
18271,-0.016381701322922597,0.75917546204809283
18272,-0.014524888482113892,0.76516697469326078
18273,-0.017399904398081392,0.75631165615872986
18274,-0.013896666719921723,0.76085749541807257
18275,-0.015029446003810464,0.76152550028555555
18276,-0.014430307894440931,0.75640114434516947
18277,-0.01554811155830506,0.75595539550603685
18278,-0.016475519986001025,0.76757728303493711
18279,-0.017288798212344705,0.76390310572571585
18280,-0.015842353460395069,0.75913843296071715
18281,-0.015409845490254488,0.75996644019210735
18282,-0.015125784348771043,0.76279858450960125
18283,-0.015169701862169146,0.76247514614239609
18284,-0.014791550230262629,0.75288750710336516
18285,-0.013458109473702819,0.76116997773558814
18286,-0.015359744879980802,0.75690853098754751
18287,-0.014883494900555348,0.75634893797563729
18288,-0.013317033128693282,0.75510827106380995
18289,-0.016183745136748355,0.75859218849389221
18290,-0.011581652016481146,0.75769511958080837
18291,-0.014283669255885039,0.75864601801482345
18292,-0.014587590000223763,0.7557678466147254
18293,-0.016240903143740715,0.75445968374656236
18294,-0.015842130930731856,0.76037127643687752
18295,-0.016170309568278987,0.75880219676112748
18296,-0.015929041930733398,0.75871444944064903
18297,-0.01470735622486471,0.76010444247449072
18298,-0.015209046690683516,0.76005473624202013
18299,-0.016141107955682441,0.75875918668836773
18300,-0.015981450659542713,0.76197758837561103
18301,-0.012846427501701337,0.75791341703852066
18302,-0.011465584947103797,0.75661102152775617
18303,-0.015561583153111552,0.75862993356261388
18304,-0.016191209774219388,0.75852256728733847
18305,-0.014629403642233548,0.7596148067731795
18306,-0.015396898012908038,0.75783268323760278
18307,-0.014715210858310179,0.76246755285212831
18308,-0.013783334259191964,0.75832574148876986
18309,-0.012772960185279349,0.75898198500382974
18310,-0.014955872094365955,0.75802100690590679
18311,-0.011606633170268351,0.76059233477386079
18312,-0.013808019264747824,0.75961548460016926
18313,-0.015387210036094388,0.75718885655790624
18314,-0.017348080022289797,0.76344551071643518
18315,-0.016934936258111339,0.76099828685532422
18316,-0.01374703269946223,0.76272184970083856
18317,-0.016379982284691258,0.76293317394171389
18318,-0.015464493222452746,0.76436103097112107
18319,-0.01660731592152671,0.75673658632584728
18320,-0.015487081449376099,0.7609205829181882
18321,-0.01572868202626914,0.75866818860992391
18322,-0.015122737976914259,0.75616331384989177
18323,-0.014205619628068567,0.75882373187004271
18324,-0.016081363326523358,0.75378821981482547
18325,-0.017236532834566207,0.75486671102301561
18326,-0.013615677485787224,0.76007703301230678
18327,-0.014850355660872241,0.75763904344094024
18328,-0.015902352034027831,0.76266803206440947
18329,-0.013407634141076531,0.759156961188998
18330,-0.014975295016510523,0.75788117624152895
18331,-0.016417417311878964,0.7643738891570826
18332,-0.014413623885834731,0.76036789743115196
18333,-0.01641586063707727,0.75990647535110889
18334,-0.016465566109226767,0.76306559906597671
18335,-0.013775303450812963,0.76137790911316805
18336,-0.015691808298700712,0.75618402600191359
18337,-0.016666897060581335,0.76178691181389868
18338,-0.015989696422400397,0.75891320088909564
18339,-0.0160041508841706,0.7635575964675354
18340,-0.013489462867472629,0.76330989968219931
18341,-0.012519273590047087,0.75590785342138223
18342,-0.016940112420568785,0.76273295448659739
18343,-0.012381826212877032,0.76031946060237887
18344,-0.013824161200857877,0.75666853120284028
18345,-0.014682178412711733,0.7638708069839496
18346,-0.014585123566816922,0.75849715883002755
18347,-0.013918381100816829,0.75881042592974823
18348,-0.014879711230541682,0.75999746924088507
18349,-0.014816554848553981,0.75236965904015685
18350,-0.016208020755676331,0.75465150480767296
18351,-0.013646555008078487,0.75940446570166376
18352,-0.014008929648551712,0.75199174129096746
18353,-0.012043104933999186,0.75849924117280287
18354,-0.01866203031197251,0.76285596058919292
18355,-0.014729269436133466,0.76403145489140645
18356,-0.016479706070550399,0.75652458098733788
18357,-0.015223206370075838,0.75848558708244518
18358,-0.015550008054670949,0.75810303861113981
18359,-0.012690258337764325,0.75413534277421035
18360,-0.015625883463159546,0.76361875504672905
18361,-0.012959024816942928,0.75888347154806224
18362,-0.016895751093828862,0.76341247538956669
18363,-0.014526390580938939,0.76509962772087148
18364,-0.015859312083522936,0.75896863677058879
18365,-0.013002248282445386,0.75924753413863555
18366,-0.014423709076274327,0.76183557671311564
18367,-0.014991343131962711,0.76276266695186923
18368,-0.01503919000605111,0.76310182313018016
18369,-0.016043740837218812,0.76051198619232108
18370,-0.015362103440164745,0.76041985844667415
18371,-0.014527741024675932,0.76151714002973581
18372,-0.016223616215812316,0.75942715221395019
18373,-0.013558547183785975,0.75756136145581887
18374,-0.014447952695454236,0.76154219010345425
18375,-0.0156004091374814,0.75549528627871254
18376,-0.016029802153664403,0.76014914529425004
18377,-0.014466398131052034,0.75908279964120917
18378,-0.016191179431907066,0.75288691757471804
18379,-0.016172747926611698,0.75991665642570527
18380,-0.015015094048615904,0.76038832460437611
18381,-0.01641987395150981,0.75542613481847753
18382,-0.014882104730929208,0.75754676662452181
18383,-0.014617162770596359,0.75891255857445983
18384,-0.015241780102691251,0.76305963760924578
18385,-0.015536493403850903,0.76580444921473456
18386,-0.013615545223829909,0.75770308252743179
18387,-0.015590377120735558,0.75806749559103415
18388,-0.01437505916274779,0.76091889194340256
18389,-0.015613778212750964,0.75316665960463669
18390,-0.013371382411903394,0.76145539070272672
18391,-0.01599315773219824,0.76392862537053596
18392,-0.015027372109894244,0.75594342624853506
18393,-0.015394989913817523,0.75545241724169676
18394,-0.016384973975734823,0.75956511920376579
18395,-0.017145069791893383,0.76123665663654116
18396,-0.01541350253088208,0.75426542771312644
18397,-0.013741367018063062,0.76223294649360196
18398,-0.011625585455872917,0.75786786940338602
18399,-0.014903053424352311,0.75969575080415519
18400,-0.014838395837383956,0.76472047334149595
18401,-0.01324594362971194,0.75744636375621521
18402,-0.016139272396097509,0.75745719915447418
18403,-0.014829299685122522,0.76168748381701101
18404,-0.013456620997251142,0.76244357866907064
18405,-0.016005716579709429,0.74988584241052048
18406,-0.016266930090626831,0.76363844500902722
18407,-0.014478335870878606,0.74998507319717744
18408,-0.01493752965026621,0.76204335717311122
18409,-0.013433736147949111,0.7624787963174281
18410,-0.013929827246105208,0.76029700195721994
18411,-0.014562306442546927,0.76171370257790283
18412,-0.017018444492607789,0.7584340908171201
18413,-0.016349574064280632,0.75839485112279725
18414,-0.014748338965745763,0.75452355293940609
18415,-0.017948010822419244,0.76324634380461531
18416,-0.016673692970562305,0.75713259832199131
18417,-0.016647919408806298,0.75939990652350531
18418,-0.015019260954911155,0.75546087066254619
18419,-0.014489356443338073,0.75799243189354326
18420,-0.015227244566336581,0.76090246527426841
18421,-0.013639328413138939,0.76416654738854928
18422,-0.016856694538012161,0.75998569736479127
18423,-0.014399722434494371,0.75787652585121901
18424,-0.014215607664807504,0.7550852702909121
18425,-0.014940056154113706,0.76077931061122728
18426,-0.013750975154820756,0.75885107198185542
18427,-0.013938002040235625,0.76273546041306073
18428,-0.014856298140428732,0.75407301611686395
18429,-0.014375990933192853,0.75787504254982041
18430,-0.016114763258172765,0.75573813078710927
18431,-0.014055088160645896,0.76083944959037531
18432,-0.018615345522207449,0.76432041876207746
18433,-0.01659538499316475,0.76267773171633246
18434,-0.016362872741590446,0.76055950298829544
18435,-0.015364269453859504,0.75831120052379741
18436,-0.01563234974539841,0.76390377965549061
18437,-0.016655751145375521,0.758014934554324
18438,-0.016126304639649897,0.75833209567396975
18439,-0.01150240843397661,0.75750133679108467
18440,-0.014172221889394501,0.75367005222137606
18441,-0.014651795071685705,0.75822022281715562
18442,-0.016508262418321845,0.75834618787441532
18443,-0.015120008630241114,0.75748527564243695
18444,-0.016807649785760187,0.76141406538039302
18445,-0.017592424222524865,0.7539560958218825
18446,-0.01469663794955119,0.76008776337621697
18447,-0.01448947621025826,0.75245915103077454
18448,-0.01411902361904665,0.75594898328601656
18449,-0.01385970406073242,0.7628278618467691
18450,-0.014039939574654842,0.75416697803707278
18451,-0.015274159067416719,0.75968067366089709
18452,-0.015784911960754763,0.75848372912896822
18453,-0.013890483891861162,0.76009219390458149
18454,-0.016114500329367603,0.76101513917588526
18455,-0.017008781898799424,0.76298525536726403
18456,-0.016438789256484117,0.76344840651470225
18457,-0.015263231121149612,0.75144848495787608
18458,-0.014888342326663207,0.76219651456008031
18459,-0.01527297674011893,0.7587684636943498
18460,-0.016150083322721671,0.75965821309869896
18461,-0.016081730864966053,0.76121982268820532
18462,-0.016123779008550755,0.75982035525840896
18463,-0.013779396610733387,0.75656207669852416
18464,-0.015673881689972913,0.76134990662257074
18465,-0.015578145160583574,0.76351791248857293
18466,-0.013640755922513683,0.75539555005196113
18467,-0.013972830591248082,0.7619450553298317
18468,-0.016987929193971282,0.76207046047663485
18469,-0.015330876427135825,0.75897143039075032
18470,-0.013310784455160433,0.75917832463080048
18471,-0.016439168222825845,0.75987983534513992
18472,-0.015454433572720406,0.75663209084459015
18473,-0.016887841189383822,0.76548847088421235
18474,-0.016413736834762448,0.76164043613282706
18475,-0.01358334190564534,0.75975137166619766
18476,-0.015515146347748499,0.75917669668660781
18477,-0.015679916284230069,0.76682012553926726
18478,-0.015175162166279023,0.75377453694548835
18479,-0.015611139956771197,0.76486624808855908
18480,-0.013018853932266232,0.75917670050824471
18481,-0.013954040204543834,0.74622459207692671
18482,-0.014890808586793933,0.75691008586400421
18483,-0.014656820649117667,0.76031959387153525
18484,-0.016374885094730687,0.75653961942334114
18485,-0.016046084303509633,0.76145864227420668
18486,-0.01602859827137449,0.76336236547284031
18487,-0.014310340412250979,0.76234859227781215
18488,-0.013834704235485572,0.76618602403601666
18489,-0.016615263861571989,0.76305725078564612
18490,-0.014277617114615275,0.75687206135283103
18491,-0.015081456892244792,0.75866780796982802
18492,-0.014517789519124632,0.7552108648530198
18493,-0.013118074365882679,0.76399814535119925
18494,-0.013707698950269489,0.76543760072780032
18495,-0.014467535175223608,0.76405764561847322
18496,-0.015704989744966834,0.76241369570937301
18497,-0.013804848388555464,0.75911959136913798
18498,-0.016924991739812288,0.76241544653913018
18499,-0.015602175406741876,0.76221431587798594
18500,-0.01663325813330057,0.7638007843921587
18501,-0.014364715084276438,0.75663109447183241
18502,-0.01400449877995058,0.75840398560551314
18503,-0.014140104722216426,0.76150439139077297
18504,-0.016083819754198481,0.76139008497075433
18505,-0.014302994189595327,0.7596758646759797
18506,-0.016112457196140201,0.7622077822665182
18507,-0.018068527075389019,0.75779491913651065
18508,-0.013859865176988465,0.76073559924082435
18509,-0.016017478797117402,0.76666907098058956
18510,-0.011397452820679008,0.75758836962540954
18511,-0.013946766884090871,0.75625346761468415
18512,-0.016538197187228685,0.76164716883614636
18513,-0.014045583653307178,0.76056509623810753
18514,-0.015707908862946721,0.761667062118489
18515,-0.015974124318472095,0.76068333016896361
18516,-0.016546174090774544,0.75530789612644655
18517,-0.015297762899008095,0.7562289922163985
18518,-0.014907065257444641,0.7597744869656029
18519,-0.016038095310493251,0.75591146552108757
18520,-0.014698383793056205,0.75640149163671522
18521,-0.013949706081688336,0.75206546325430657
18522,-0.015254355406238776,0.76166300450275182
18523,-0.014096061250019389,0.76092851002818152
18524,-0.016309090608756398,0.7595388073101581
18525,-0.015690446986571106,0.76273451767054068
18526,-0.015639642447614725,0.76557906991284175
18527,-0.013932999345349899,0.76297172426757154
18528,-0.013799015583786859,0.76057386582248621
18529,-0.016104787245729328,0.75308950227459315
18530,-0.014879055106891493,0.75394861975687422
18531,-0.012847050825714974,0.76313472806245009
18532,-0.016927140721766556,0.7627357683043291
18533,-0.016251103578208789,0.7605114606068718
18534,-0.016384119195704896,0.75788186461740115
18535,-0.013925025389138361,0.76628963287272389
18536,-0.016230449540476158,0.7568721593951141
18537,-0.01539481870768185,0.76025669270445662
18538,-0.016308728545462815,0.76186874712685981
18539,-0.0168049247475771,0.75929694691778482
18540,-0.015963700741266455,0.76022094846286303
18541,-0.014619919216890999,0.75919793885211684
18542,-0.01400257787024969,0.75972976039310725
18543,-0.014023185381475713,0.75300040740114682
18544,-0.013989054518883621,0.75941253819959087
18545,-0.012159923585916679,0.75453477348572939
18546,-0.015084377533118217,0.76449697686960827
18547,-0.015019017915126002,0.757346465446045
18548,-0.017535936498676852,0.76404235137138987
18549,-0.016199511362380528,0.75684292900817607
18550,-0.013210700175488276,0.75662658301480978
18551,-0.014669862005810257,0.75946186734403831
18552,-0.012715678281869302,0.75996580538697656
18553,-0.017110036332337736,0.76163970266504366
18554,-0.014063083085438997,0.76029693441951363
18555,-0.01487258330034869,0.75518772944137058
18556,-0.015021111356549807,0.75933438886069327
18557,-0.013540618712223933,0.75871978335776225
18558,-0.015302641835811537,0.76626285720632448
18559,-0.014810523352590425,0.7619173966944951
18560,-0.016511156330787223,0.76206363041840697
18561,-0.01715949347026164,0.75975335857639037
18562,-0.01302657929998112,0.75950176059828167
18563,-0.017150817030773452,0.75974815587917088
18564,-0.016032735536898862,0.76002810773138885
18565,-0.014264048878227525,0.75731251214803763
18566,-0.015404830378889494,0.76251404943200873
18567,-0.012031167958293018,0.75661318986821446
18568,-0.015767568021639609,0.75282200217534645
18569,-0.015805355652354192,0.76113523768639679
18570,-0.011853371810546227,0.7619417654589502
18571,-0.014184152711417665,0.76144121530711495
18572,-0.014667146396748107,0.76143866204072252
18573,-0.015314296637627947,0.76429196812039757
18574,-0.0169411691152682,0.75707486385634715
18575,-0.015526257137306413,0.75427140940808346
18576,-0.015595880969089714,0.75964858244163225
18577,-0.015173285010941241,0.75697559097319711
18578,-0.01651693187483291,0.7571137545709351
18579,-0.013572610127342762,0.75833572677738836
18580,-0.011642371584647886,0.74732373106663197
18581,-0.014814742194418504,0.75791100698266822
18582,-0.012402321386581412,0.76132105399020122
18583,-0.015769493544460472,0.75976615768488898
18584,-0.016388910309058605,0.76076013857427083
18585,-0.016153844109571394,0.75981788630707481
18586,-0.014605579555587601,0.76511394234562757
18587,-0.01555311360837772,0.76085125583789126
18588,-0.012000440737583681,0.7595546750560479
18589,-0.014808015558623371,0.75818498410477875
18590,-0.015977910950403927,0.75989562339861694
18591,-0.0138936478781863,0.75823698521065142
18592,-0.014609369023676577,0.75718905575219997
18593,-0.013503225718812201,0.76220087650784529
18594,-0.017882662746972797,0.76196371646965788
18595,-0.013850087511912596,0.7567340065432101
18596,-0.013679155776060225,0.76254942223392586
18597,-0.011219146642482818,0.75549904782845645
18598,-0.016800339552628527,0.76302676500225675
18599,-0.013370695610126512,0.76116350913082476
18600,-0.013724105838322637,0.75794357771880982
18601,-0.017944090060600437,0.76317930953522795
18602,-0.014987148105571609,0.76291763715577887
18603,-0.01662873619326145,0.75597586431201969
18604,-0.014834843681478522,0.76272560142457124
18605,-0.016138488393850261,0.76195778741082354
18606,-0.014438420216279793,0.76134347421266801
18607,-0.014617162770596359,0.75891255857445983
18608,-0.016780375683904745,0.75854422452939485
18609,-0.016640117685259925,0.76533240282526915
18610,-0.013632112467244065,0.76279631716600682
18611,-0.01255511316214983,0.75786795392233042
18612,-0.013827072851581232,0.76113372172604843
18613,-0.01201036256665537,0.75652945292686957
18614,-0.017429249990192811,0.76223331492169466
18615,-0.014637210099858496,0.75518921144772699
18616,-0.016101622400137926,0.76389897669861084
18617,-0.01463495602031431,0.76290295094580562
18618,-0.014721148368630504,0.75683550109251463
18619,-0.015094076959564591,0.75764327324148195
18620,-0.016773703715758485,0.75491150135028318
18621,-0.013374204867092718,0.75872419351007592
18622,-0.015339613648670432,0.75507621284934268
18623,-0.014895065572174678,0.76061343278363658
18624,-0.01556456016825467,0.75762590364478499
18625,-0.011712752861864786,0.76341872964903412
18626,-0.016521222548565299,0.76508774344228059
18627,-0.013710774486838535,0.7627445883563263
18628,-0.015562076716671758,0.75918201280532194
18629,-0.015033410771037318,0.75572524596531621
18630,-0.013612931166209529,0.75509201808845561
18631,-0.0156660426521281,0.75321938039784164
18632,-0.015284783508336421,0.76261527283481412
18633,-0.014455353116289916,0.7609484321926967
18634,-0.014537017744515749,0.76047354795925093
18635,-0.013709065675315189,0.75062025324991244
18636,-0.015166216168851882,0.75903631582626152
18637,-0.013580705585284462,0.75529958906125994
18638,-0.01395881208233154,0.75702525527387032
18639,-0.015904136757119307,0.75872134627462995
18640,-0.014485735839933081,0.75788842420394742
18641,-0.016337179800408733,0.75806768335476049
18642,-0.0142263602182,0.7660794265680172
18643,-0.01454331126449682,0.75609584602054192
18644,-0.015892110042631934,0.75821539479439026
18645,-0.016296691161516157,0.75755058234081929
18646,-0.013336080721640182,0.75952073533987174
18647,-0.014294638304727984,0.76390994109310517
18648,-0.014788184802821477,0.76087988557565356
18649,-0.015877647338112966,0.75781487523916391
18650,-0.014979950691784387,0.75773273983844414
18651,-0.013608533308911024,0.76600741891779289
18652,-0.01769880711743364,0.76129134532958087
18653,-0.016014281037082332,0.7630651072211041
18654,-0.014008188628070522,0.75795463527482143
18655,-0.015369792268374561,0.75405298987248881
18656,-0.015147389764087553,0.76029620796535013
18657,-0.016448115622173225,0.76160792788815168
18658,-0.017666388006969652,0.76478836375155623
18659,-0.015411425050124029,0.75979913675755539
18660,-0.01508204175624743,0.75966387129005197
18661,-0.016266020397787889,0.76085460305821973
18662,-0.010886667712625116,0.76016420763165982
18663,-0.014013253332709185,0.75865861684530489
18664,-0.01730185653157814,0.76122509096163293
18665,-0.013709498239253329,0.76259682586326316
18666,-0.01499699183824655,0.7579089729604781
18667,-0.014170416274405708,0.75510636338709036
18668,-0.012415748789810077,0.75444560026263219
18669,-0.017505071451732857,0.76309370708700708
18670,-0.016321191029287842,0.7602065806806696
18671,-0.015956459749430184,0.7622950202074108
18672,-0.013712930855415207,0.75739950736163675
18673,-0.018315753401220755,0.7595875248894951
18674,-0.016434781266518279,0.76329459955322276
18675,-0.013487869773309466,0.76085458106660475
18676,-0.016278763645103323,0.75989029962895061
18677,-0.017840883080378338,0.76031393700649297
18678,-0.01450337950934108,0.76075229581019965
18679,-0.016804922759474178,0.76099607559501692
18680,-0.017667947598102585,0.76065881150193926
18681,-0.014574754455375167,0.76171105495790892
18682,-0.014386076562301274,0.76418482005179655
18683,-0.015012698966021108,0.75911309131896987
18684,-0.014595664149875096,0.76038484738135448
18685,-0.014635452414889925,0.76160664684699808
18686,-0.016102607452587812,0.75966900699299234
18687,-0.011918925870839198,0.75899589085086971
18688,-0.014859258926681442,0.75991016050383253
18689,-0.014853646925220511,0.76220645752186023
18690,-0.014571651623149023,0.75775806204310758
18691,-0.014276173648719791,0.75604717010436806
18692,-0.01412955780082484,0.75499919372289848
18693,-0.016841471507761857,0.7583683823739229
18694,-0.015909453235238919,0.76068924702974094
18695,-0.015030105014066283,0.75673694624442278
18696,-0.013838527403640319,0.76041192865135121
18697,-0.015483624020692246,0.75898420762824614
18698,-0.013798959653507314,0.75947690327654194
18699,-0.014261918590153523,0.75667134581533457
18700,-0.014918914748924456,0.76070033564214212
18701,-0.01478444695876688,0.76072243123106587
18702,-0.015217009810717544,0.75271964634649347
18703,-0.014146161766299858,0.76381701733059137
18704,-0.01633208235835179,0.75773091956178329
18705,-0.013636014082127113,0.75717344551314025
18706,-0.014272286570249836,0.76244886015649238
18707,-0.016026202462529504,0.76245154486975786
18708,-0.014964784049776303,0.76101539804924889
18709,-0.014296987343116232,0.75779192076327018
18710,-0.016449523631871112,0.76371558203093359
18711,-0.01440151077687209,0.75823349265365081
18712,-0.015503930441914329,0.76432829367756416
18713,-0.014448454134928183,0.75592644449315582
18714,-0.01425300845088128,0.7519699389727158
18715,-0.015938621524745872,0.7585231150967946
18716,-0.012950473569416638,0.76028571426453295
18717,-0.016088340123589472,0.76280196889063967
18718,-0.014402468972228022,0.76062613575795202
18719,-0.016498906317060184,0.76213558906429735
18720,-0.015029062706219098,0.76051493111959734
18721,-0.017056602041035516,0.76108056286311032
18722,-0.01378108455677813,0.76345855753179626
18723,-0.014546989540695453,0.761646094256068
18724,-0.016408913822864128,0.75947852598383847
18725,-0.014955284264715209,0.76194051870642443
18726,-0.017492060842214035,0.75878591482807078
18727,-0.014108092846876584,0.7577887475758166
18728,-0.014399238133599999,0.76189931625088136
18729,-0.015875193724119462,0.75950111619515515
18730,-0.015415625979392488,0.76189584640160324
18731,-0.014836208404870778,0.75582237768987692
18732,-0.01705670564423184,0.75916471283017561
18733,-0.01622272845417444,0.76238474642778031
18734,-0.014318487627276371,0.76143867335867232
18735,-0.015510431140957927,0.75538066969055506
18736,-0.015416234317433742,0.7544555588653945
18737,-0.015809056623676356,0.76044808064555869
18738,-0.016279606240238303,0.76027166663722301
18739,-0.014262106962751353,0.75914184231977633
18740,-0.013631792637793176,0.75730666969223026
18741,-0.013039878939958262,0.7618929588982476
18742,-0.015897489343861343,0.75780211487413185
18743,-0.013506992855049339,0.75843803143472543
18744,-0.016604547530903249,0.7628221369032403
18745,-0.01579058123171146,0.75450697916866705
18746,-0.015144622179160527,0.76078440371989142
18747,-0.015465749092809964,0.7589063380334703
18748,-0.012556467249388624,0.76000423354827806
18749,-0.016763418399719239,0.7569288787126307
18750,-0.015129252481599926,0.75937364149154174
18751,-0.012288581750301179,0.75519559084166854
18752,-0.015302146446373552,0.76392208973521092
18753,-0.016115563014811818,0.76139759357164039
18754,-0.014229637304452257,0.75826390714730485
18755,-0.017049773965029099,0.75866301434535832
18756,-0.014726620700319151,0.75784704332701258
18757,-0.015156018523624278,0.76019547683983613
18758,-0.014919294955336943,0.75837457759785254
18759,-0.014169539767824946,0.75759413054456937
18760,-0.014322224622589827,0.75979517789238904
18761,-0.015048604558632257,0.75777891338255376
18762,-0.018036209139336862,0.76072669792820591
18763,-0.014799217271330774,0.76182042297683639
18764,-0.013322919915318209,0.75476136338370614
18765,-0.015091285289895048,0.75721381781655395
18766,-0.01590158293348317,0.76437287188566527
18767,-0.014922006521676448,0.76559827008666448
18768,-0.015217679787760799,0.75737198660715843
18769,-0.013511941741993187,0.76116970311720034
18770,-0.015593065252492905,0.76528572917763582
18771,-0.014368917022939779,0.75812440999912711
18772,-0.016624755613739987,0.75878886972439519
18773,-0.018357352321316734,0.75473263305180271
18774,-0.013779936582588024,0.75650084226285741
18775,-0.015698438900524761,0.76253561920995983
18776,-0.015999151816500898,0.76485856797504415
18777,-0.013832185296840206,0.75985992887185028
18778,-0.01540985668180858,0.75767232278268914
18779,-0.014667944549243857,0.76545150239312176
18780,-0.012239014061066382,0.7598689341607564
18781,-0.017331110529979474,0.7599335050447531
18782,-0.01639250065784582,0.75863461681702249
18783,-0.016588066266872276,0.76063100500422265
18784,-0.013876447922061866,0.76115898503737622
18785,-0.015593580502094051,0.75559569145876349
18786,-0.017992546400883696,0.76425022550419219
18787,-0.014172677918544071,0.76349880019876337
18788,-0.014537896620728404,0.75873326210837533
18789,-0.014743616373373831,0.76145776092025741
18790,-0.013219666003180759,0.75289087186172987
18791,-0.014510494456938122,0.75672325013848896
18792,-0.015090418486403311,0.76313858837113702
18793,-0.014621449509609299,0.75588896266990846
18794,-0.016097302072637876,0.75654445063042008
18795,-0.014003922029837102,0.75573147485286629
18796,-0.014453654580804592,0.75398684398912563
18797,-0.018776886576636214,0.76317587729926961
18798,-0.015453666608703859,0.75524973064617607
18799,-0.016147748879618659,0.76012719630102987
18800,-0.014804733074692307,0.75210006822494768
18801,-0.013145415749090585,0.75767591730145734
18802,-0.015477112229554195,0.76192331612408803
18803,-0.017558682149304339,0.75926205058310625
18804,-0.014928643015565493,0.76124254387432766
18805,-0.0161407428919761,0.75291892601813859
18806,-0.015344805745235826,0.75294078569153933
18807,-0.013819624980662708,0.74748028174914083
18808,-0.013037949424191548,0.76016521093685074
18809,-0.015147861098930621,0.75810972835861035
18810,-0.017482230959970743,0.75988351415480626
18811,-0.012563188530621267,0.76129348548161946
18812,-0.016416126788403512,0.75495346384049999
18813,-0.014327749251805662,0.76100959397711598
18814,-0.015238810634215014,0.7612515252981652
18815,-0.013961260185005564,0.76327731514024821
18816,-0.015818895408662784,0.7628638093126332
18817,-0.015508372471546105,0.75784004899042257
18818,-0.017311706140263498,0.75715750102176171
18819,-0.016140313037303046,0.76343240066314233
18820,-0.017005260573171345,0.75950669584508268
18821,-0.014448192761142559,0.76279441305222739
18822,-0.016335395907064093,0.76166573916036384
18823,-0.013678610660286394,0.75543232781061653
18824,-0.014866770269796558,0.75382295952714007
18825,-0.015301055379363606,0.76549443113109428
18826,-0.017238902140405042,0.76270215933398655
18827,-0.016060836861992299,0.75665573987682577
18828,-0.014133251816600367,0.76135778855279257
18829,-0.013541071777979453,0.7616289628027535
18830,-0.015681528351423633,0.75887332565511945
18831,-0.016206303665971259,0.75927086801722032
18832,-0.01439710722812412,0.76017053474853835
18833,-0.014467628412974082,0.7603571835691767
18834,-0.0122516183819393,0.76117029547770443
18835,-0.014683167919533852,0.76486927590565001
18836,-0.014806466175582761,0.76041640165776059
18837,-0.016386018603144405,0.76297729702132489
18838,-0.014170630399319381,0.75865530384987778
18839,-0.015068262925851504,0.7613704561840039
18840,-0.014834569249416252,0.75618839045360631
18841,-0.016447502378090249,0.75763180266324892
18842,-0.011654821756412944,0.7663056503091491
18843,-0.015685470886649087,0.75805991645537119
18844,-0.015304579698345091,0.76394645325751143
18845,-0.014112773163413949,0.76359450805549778
18846,-0.013223153375461889,0.76171724842429456
18847,-0.011998193167997497,0.75654460473887009
18848,-0.016198930591698781,0.75620695826435602
18849,-0.016034163234977632,0.75861616617240524
18850,-0.013729407341008283,0.75760791945505523
18851,-0.015667585561692138,0.76765409392131956
18852,-0.015818895408662784,0.7628638093126332
18853,-0.014617768037951815,0.76005820765394783
18854,-0.012899213604269134,0.76050866112605653
18855,-0.015432060776826692,0.75930997590111293
18856,-0.014989580153658748,0.75629830409431253
18857,-0.014037548829683652,0.76102182475932234
18858,-0.014377833230634704,0.76554221580754023
18859,-0.014799559655158419,0.76277833355425673
18860,-0.016487068896379208,0.76272077873220667
18861,-0.015663106234144228,0.76214258271140822
18862,-0.016633300750701525,0.75568703172391238
18863,-0.0159261743347597,0.76299270600828617
18864,-0.014868856578504855,0.75906380379095051
18865,-0.01532433051377948,0.75647806287595054
18866,-0.01540412663514875,0.76077154924902324
18867,-0.014442785159964305,0.75715979734982009
18868,-0.013929519973736683,0.74708187224882061
18869,-0.015375983274158758,0.76079202783116728
18870,-0.015518731480703497,0.76089277674886091
18871,-0.014375630422696574,0.76047605146122643
18872,-0.014591370182349309,0.75232156813045981
18873,-0.013848157968471319,0.75652117178822054
18874,-0.016265985454223513,0.76205469661811298
18875,-0.01400527634647231,0.76018921460026245
18876,-0.016754568855770299,0.76253798991940425
18877,-0.016728493123895901,0.7614975412220919
18878,-0.015409408491022328,0.76150286549675383
18879,-0.015963489079517459,0.75867338009272611
18880,-0.015099132304322332,0.75995143125483111
18881,-0.016324046171891794,0.75889018732045499
18882,-0.015521905067904004,0.76093466884451977
18883,-0.014577958922124091,0.76084928134965457
18884,-0.015330053445963261,0.76141820051644205
18885,-0.015380936100440185,0.75435932083052926
18886,-0.015267187913041025,0.76411738700060949
18887,-0.014424170781999604,0.75952570349267512
18888,-0.015026987799436115,0.76053011666001591
18889,-0.012524202527127274,0.75835790714932216
18890,-0.015336299642657829,0.76175753438608951
18891,-0.013668911295616865,0.75858764313375437
18892,-0.014542241285902169,0.7589448171949934
18893,-0.013337669158571252,0.75553786164257075
18894,-0.013283119753263873,0.7599478873614316
18895,-0.012009977589350794,0.76174962201720364
18896,-0.015953391038785413,0.76022382446444214
18897,-0.0141184850154573,0.76115985894201776
18898,-0.014016818887673246,0.75797293269611432
18899,-0.015511472726890352,0.75316454432084479
18900,-0.014024966507335156,0.75833387108795647
18901,-0.015537762467695549,0.75893801982962361
18902,-0.015269278244709842,0.75510171079735955
18903,-0.015366668048903725,0.75935747848581903
18904,-0.016095665410150634,0.76030269576329923
18905,-0.014291370835064264,0.76177190261575534
18906,-0.013008107794677429,0.76025714151550261
18907,-0.01424502063141986,0.76046858724499145
18908,-0.013774595926285025,0.76102517129786984
18909,-0.013446809398329722,0.75757003862134153
18910,-0.014576435310945565,0.75907681788602843
18911,-0.015820418529273551,0.76196089291115687
18912,-0.014897542748383086,0.76060430033153248
18913,-0.015999220532908434,0.76053135962173435
18914,-0.014984475339087358,0.75223298886737944
18915,-0.016683443729270248,0.7588843984377891
18916,-0.01538459405495252,0.76374809757776996
18917,-0.014714559328005769,0.75949780630415076
18918,-0.014756787455496899,0.76379667617397851
18919,-0.015685462964805115,0.76414981300945384
18920,-0.012547780844741256,0.75539618357929883
18921,-0.014762370587974126,0.7556218255400442
18922,-0.015736534288296876,0.76780794597896118
18923,-0.012916625484284624,0.76462504241887275
18924,-0.015508207196256984,0.76515229487101588
18925,-0.013094664060914569,0.74823713395621871
18926,-0.017068892755894405,0.75429306517109751
18927,-0.015992239717275744,0.75542839441249632
18928,-0.01535737501017803,0.76273003054494359
18929,-0.014944117917544011,0.75649779498975311
18930,-0.014714658028102262,0.75605329472478322
18931,-0.012244371856143655,0.7575940091501765
18932,-0.013453720731053269,0.75883858244107427
18933,-0.014568571805704814,0.76307920143540797
18934,-0.01419430917098796,0.76143623193120935
18935,-0.014109301035544065,0.75227808167162624
18936,-0.014194435366199741,0.75306719426971391
18937,-0.016004593031067382,0.76733693721236573
18938,-0.016148260259270981,0.76343881221547061
18939,-0.016507446023059522,0.75886237016731628
18940,-0.011004534632752149,0.7588469381523637
18941,-0.014890630543858455,0.75777546543385521
18942,-0.013552760819870859,0.75339141748325822
18943,-0.015159761269978519,0.76650911919172882
18944,-0.013969173391289887,0.75566782927940934
18945,-0.015759705488501204,0.75253679765764292
18946,-0.018010782477911193,0.76294565850120977
18947,-0.015173815397396049,0.75720537198978333
18948,-0.014509068954059123,0.76369164279214319
18949,-0.01458158660085746,0.75712942519073589
18950,-0.015119637575813803,0.76257995703457715
18951,-0.013673333782179034,0.75969339891955623
18952,-0.016635042294469438,0.7630985033451464
18953,-0.014435464174872542,0.76286099295297904
18954,-0.013307756452685155,0.76013111160592262
18955,-0.015529225999093232,0.75399957934181383
18956,-0.014457725362932614,0.76065130742465015
18957,-0.015555162488656408,0.75706589220227782
18958,-0.015636766353845852,0.75931855026813644
18959,-0.013586397071350792,0.74899294248076576
18960,-0.014832573300133408,0.76065746281579805
18961,-0.015515590930507849,0.76426474741171901
18962,-0.014981813117602317,0.7659557771772072
18963,-0.013324190155069119,0.75871381682526196
18964,-0.014717462391268012,0.75721845079408989
18965,-0.013495412956071989,0.75968269386297238
18966,-0.014346498811127876,0.75906515512240313
18967,-0.017969999523391164,0.75735992092575699
18968,-0.014686085878114532,0.76682808367078725
18969,-0.0097058453044323225,0.76201557725470759
18970,-0.01417607926530016,0.75982394337053716
18971,-0.016158768963925579,0.76245446920472204
18972,-0.01420653029445303,0.75593377785110749
18973,-0.016365723933808782,0.75980257472388979
18974,-0.013841322892829694,0.76357771936119034
18975,-0.015140795273701463,0.75982614173339247
18976,-0.015148114349029384,0.76110214238517881
18977,-0.014970463967190087,0.75820545129420158
18978,-0.011867442067870966,0.75915375466160129
18979,-0.015320764015348711,0.7525936875123842
18980,-0.015511117897167534,0.75103982409045711
18981,-0.015720285133075114,0.75714514925781562
18982,-0.01580645548407536,0.75982718093632007
18983,-0.015623379763999348,0.75986710206301422
18984,-0.015037942072681661,0.76086420767188656
18985,-0.016361803006605898,0.75905325092302833
18986,-0.014079754523729945,0.76167092586697094
18987,-0.01377721487829738,0.75522433896113839
18988,-0.016806813557469501,0.7664929204374934
18989,-0.013033028183862828,0.75540485334372787
18990,-0.015577013408589703,0.76199590514128446
18991,-0.016466381665935014,0.76317426086300633
18992,-0.014894625617390076,0.75662352038573288
18993,-0.013511866949226571,0.75961222200062939
18994,-0.015346256629690261,0.75637521663991758
18995,-0.01572180708533252,0.76247820369684627
18996,-0.015218611596046034,0.75589526781986183
18997,-0.015520298790775868,0.75942488808901687
18998,-0.014984741858396749,0.75448161840634431
18999,-0.015238199087963554,0.76232120673309367
19000,-0.01605068193447149,0.7583840727085871
19001,-0.016290332931627977,0.75746293328219594
19002,-0.014716541325872115,0.76104894201477102
19003,-0.015743289632666461,0.76036607541565171
19004,-0.01352984008423415,0.76156703804644099
19005,-0.017091431253735301,0.75989545185678276
19006,-0.015462046489769279,0.75942745808364243
19007,-0.015941192840409631,0.75742284409641669
19008,-0.014951009649372182,0.76002092219829098
19009,-0.016204480414447522,0.76200957173474415
19010,-0.013557558723165932,0.75970341831725396
19011,-0.01489140168998032,0.75519851015788386
19012,-0.013039829776762627,0.75560707353274492
19013,-0.015207148911056899,0.75836796699744513
19014,-0.014899333119392963,0.75949703413828118
19015,-0.016219081823958599,0.76130826785913874
19016,-0.012640705708297523,0.76263933092621861
19017,-0.014229758403287425,0.75768456363706838
19018,-0.014812129721228794,0.75775401054114666
19019,-0.015471843427643213,0.75889992501734127
19020,-0.014299254579812527,0.7545438781962428
19021,-0.015578438778689233,0.76401803125574796
19022,-0.016544384977480234,0.76078607615187666
19023,-0.015234308229918031,0.76120802629928319
19024,-0.016806872218049895,0.75858989606618454
19025,-0.014738136646280904,0.75708526986362301
19026,-0.01563904086852597,0.75929683294777839
19027,-0.014919535525133228,0.76326076141034394
19028,-0.017809611648434382,0.75954608120849798
19029,-0.012547450882786899,0.75904078787032025
19030,-0.014452079965701827,0.75901239564803957
19031,-0.01678297141888168,0.75805038300109406
19032,-0.016517895678813822,0.75952520805752677
19033,-0.014093144499891366,0.75603802858172076
19034,-0.015948789544592914,0.75721973438755308
19035,-0.017361401949379414,0.75477473768619108
19036,-0.016072086123631188,0.75962994409272211
19037,-0.013783697234373133,0.75722477963242574
19038,-0.014281399089229953,0.75853544768045722
19039,-0.014912667614547515,0.75884892702927698
19040,-0.015715347459795227,0.75422171084462153
19041,-0.016136811592088109,0.75552594780154858
19042,-0.014878644404584931,0.75625120221137987
19043,-0.012759602526693793,0.75942523665208372
19044,-0.012176235651306122,0.75557544724940262
19045,-0.017176914518893555,0.75567243415370478
19046,-0.015153859849151961,0.75999943473881915
19047,-0.015205441385742863,0.75973954478146133
19048,-0.012074316374356504,0.76231591975805657
19049,-0.016588188708300373,0.75771816236148082
19050,-0.014753658379378696,0.75729192806978718
19051,-0.016093746470534832,0.76499899845649488
19052,-0.014675571909518284,0.75754476942766957
19053,-0.014399668120248199,0.75275168481242072
19054,-0.015972856865283103,0.75829138400675711
19055,-0.014594469631500243,0.75383586323396412
19056,-0.013767806410712988,0.74912550757773655
19057,-0.014918037387345554,0.76196499342358215
19058,-0.01464629284992437,0.75555338277068407
19059,-0.013398765121758336,0.75940122486804396
19060,-0.015935671402857482,0.76055858717072578
19061,-0.014893984204950418,0.76060609347852692
19062,-0.01473065217671329,0.75986746600539534
19063,-0.015479849961049461,0.76279836634269538
19064,-0.015779072639388179,0.76017378793639434
19065,-0.016636760619167097,0.75990518751904568
19066,-0.017123765620067115,0.76053009179739961
19067,-0.015500341870606109,0.764408349081661
19068,-0.013935133790904606,0.76212061467628545
19069,-0.013639298069476481,0.75765794133577791
19070,-0.01652216169678556,0.76350928345825619
19071,-0.013951917718576672,0.7645718513753943
19072,-0.014090787252199073,0.76048470241123367
19073,-0.012717697687687813,0.75425932274501817
19074,-0.014532317663904653,0.76165374193566626
19075,-0.015339059703605043,0.75493377445433452
19076,-0.018585000933733761,0.76054953952267446
19077,-0.016963908891906816,0.75997741785055573
19078,-0.01428058736520945,0.76232488803638787
19079,-0.015850470941486911,0.7645098968705295
19080,-0.017056833525445451,0.75302118297349208
19081,-0.015746682863113322,0.7622212220666994
19082,-0.011793162641153633,0.7591080428582323
19083,-0.016599616780839797,0.75707804193774297
19084,-0.014277481562375389,0.76494358933272211
19085,-0.013811380763839746,0.7651069566530142
19086,-0.014190208014953343,0.75276445139086856
19087,-0.014834839020764538,0.75549471530257406
19088,-0.014789886405658446,0.75667223021654073
19089,-0.012528683854243199,0.75648383709952371
19090,-0.014096820575225351,0.75894986386248176
19091,-0.0137773026435054,0.75936940649111961
19092,-0.015030194144514532,0.7611316056777373
19093,-0.013733922738707428,0.75842954073354585
19094,-0.014150904189712214,0.7532210742883394
19095,-0.015205506259234293,0.75950210343101643
19096,-0.01539909103088013,0.76301285829680787
19097,-0.01617253071844614,0.75783309431327595
19098,-0.015338074889724522,0.76114277643814454
19099,-0.015501318009299601,0.7567385645938296
19100,-0.017017121852780336,0.75887633605266991
19101,-0.014992504589112436,0.7624844991305707
19102,-0.014489339128077433,0.75908816119003675
19103,-0.015438660986267096,0.76418302164157326
19104,-0.012590798511435098,0.75881465977699847
19105,-0.014076765029636611,0.76152337286149951
19106,-0.013273145242478053,0.76174987803437955
19107,-0.014216747671262332,0.75980405228607351
19108,-0.014428565151278218,0.75899084655833648
19109,-0.01506719665322359,0.75681857198614977
19110,-0.017723287909319815,0.75881310114782807
19111,-0.015844440132571774,0.76106018942035447
19112,-0.014804480207942719,0.7550757582887152
19113,-0.015615884208845302,0.7542818789800424
19114,-0.015710128735733922,0.75429729790310973
19115,-0.014660545794290887,0.76012824592041528
19116,-0.015491268159364755,0.75506843384455735
19117,-0.013654099402221592,0.76559655041140828
19118,-0.01597050866998357,0.7632643187214021
19119,-0.013625490495694666,0.75673549804025331
19120,-0.01515185993071369,0.75946627634454211
19121,-0.015715966006000573,0.75777737367878673
19122,-0.013442639805720259,0.75897153482614732
19123,-0.011525049825346861,0.75351667075464057
19124,-0.016446363096139224,0.75759398046491722
19125,-0.013116219857142555,0.75147964540099299
19126,-0.014952749578363357,0.76139042770094378
19127,-0.016133809698289765,0.76045035298951036
19128,-0.013955046023510892,0.75623082848978973
19129,-0.015216544079211528,0.75359210082215966
19130,-0.014435991166314782,0.75808864976886925
19131,-0.015355497830502525,0.75996374885484674
19132,-0.013058489261685033,0.75279404912204795
19133,-0.016430658961497285,0.75876903986303834
19134,-0.015171522411281719,0.76135337416340032
19135,-0.014754234504826181,0.75273175415752813
19136,-0.011398438789222694,0.76104333871347707
19137,-0.016093601269413216,0.76133039547835424
19138,-0.015223544105823147,0.76292535388408589
19139,-0.016366723885289699,0.75821165505425714
19140,-0.013104233720986283,0.75955569721173744
19141,-0.016529739908776112,0.76051817212465
19142,-0.01237809924764106,0.7573568539833222
19143,-0.015168616054705993,0.76265805501828221
19144,-0.013636627842236597,0.75949281605402885
19145,-0.014233339748632667,0.76369735092544744
19146,-0.015267166399619369,0.75666635103313995
19147,-0.016580589469533245,0.76010378746497065
19148,-0.012896799031206453,0.75092125159100553
19149,-0.016011374868721579,0.75693619026555936
19150,-0.01422764454545951,0.76088638663949115
19151,-0.015224338838664437,0.76484497666193485
19152,-0.014741485928592535,0.75728206451397639
19153,-0.017842239491171478,0.76310099175315182
19154,-0.014748228918476641,0.76340812417814552
19155,-0.017227095990692567,0.75771124623952135
19156,-0.015753698260553936,0.75826559595481957
19157,-0.013644546882879929,0.7635840110774782
19158,-0.01328267162558823,0.76065587189921802
19159,-0.013386497849618619,0.76738472646715727
19160,-0.012549505555074478,0.75771068213478454
19161,-0.014838182234140724,0.76034984874117006
19162,-0.01597085524053022,0.76134546120714952
19163,-0.01327291965330786,0.75616250246410488
19164,-0.015602021347201006,0.75906602344669205
19165,-0.014481627632498086,0.7632993173507947
19166,-0.015780627634225521,0.76182185638484701
19167,-0.016283610209423288,0.75743130372251743
19168,-0.016583275882603783,0.75965429681170549
19169,-0.014636940192298551,0.75804533845569866
19170,-0.014522708626814132,0.76107603020043202
19171,-0.015491111361804134,0.75477811005785989
19172,-0.013605201101007094,0.75518403032122627
19173,-0.015916381860249865,0.75555521278435489
19174,-0.016590564549030205,0.75609983790522561
19175,-0.016317628164409376,0.75961033763571806
19176,-0.014366042660371215,0.7600877460006934
19177,-0.016143762943142799,0.75834760135365065
19178,-0.015490061685321407,0.75909790855132953
19179,-0.014973491967645107,0.76433499344150913
19180,-0.016482798167889279,0.76132076361405776
19181,-0.013663497247641064,0.75747196868386679
19182,-0.015745572882810633,0.75844275992532273
19183,-0.01573645330735738,0.75548362125853419
19184,-0.016795637301866409,0.76247089762837661
19185,-0.014945035394300013,0.7581650699382011
19186,-0.013867165054922696,0.75841445926090045
19187,-0.017331110529979474,0.7599335050447531
19188,-0.01296124323255919,0.76271878612363364
19189,-0.015900211812160586,0.76205976719721646
19190,-0.014014334464021744,0.75682599108877946
19191,-0.016651191353326808,0.76153345496578673
19192,-0.015953373080455788,0.75299473377815707
19193,-0.013812367804277003,0.76308384674538665
19194,-0.014392601475864278,0.76180252288994299
19195,-0.014612209539253681,0.75719078978901133
19196,-0.0174698904159588,0.7650042864340757
19197,-0.014119473568209799,0.75668565169253854
19198,-0.013839634501415423,0.7608646111152535
19199,-0.015135211892209741,0.7652478480352316
19200,-0.014993165966316205,0.75977724092641197
19201,-0.015805689349748239,0.75647696220703298
19202,-0.014819003525186818,0.75460076579243451
19203,-0.015083920590587786,0.76009526672931305
19204,-0.015392046694907287,0.76229195475139844
19205,-0.013554131986774808,0.75254965208315783
19206,-0.013402288538761721,0.76039344341337611
19207,-0.014787260630220258,0.76295384907817987
19208,-0.01486951217010494,0.75930659705182002
19209,-0.016613661504163414,0.76558571262023234
19210,-0.015580394354295011,0.75799153412299336
19211,-0.018283296357609547,0.76009785945147901
19212,-0.014320965238815918,0.76020031220437123
19213,-0.01511067541213036,0.75864397763400548
19214,-0.014654973236646787,0.76152805791045064
19215,-0.016250240420102154,0.75701615034816039
19216,-0.015735435897825036,0.75335215974526848
19217,-0.0159880110502542,0.76325195890212127
19218,-0.016103074646111756,0.76253542036289845
19219,-0.015342947498649857,0.75908658522872285
19220,-0.015194786296917319,0.75733577614045022
19221,-0.016973749603083888,0.75855039271185842
19222,-0.014803339355932369,0.76760038277478959
19223,-0.014809317617206682,0.76004689053060903
19224,-0.013778045050923466,0.76164529094484978
19225,-0.014879985689695892,0.76471139945210898
19226,-0.014070238463480161,0.76485413238986677
19227,-0.012999488560386307,0.75558369751402854
19228,-0.016694903791237503,0.75771849344836883
19229,-0.012638344396158754,0.76290720180951432
19230,-0.014444671637959067,0.75821111912252404
19231,-0.015689939770122362,0.75938672425471587
19232,-0.014993375073517412,0.76627600691581677
19233,-0.013390041333440026,0.75091299943592471
19234,-0.015251145626213916,0.76308596184848809
19235,-0.016587461796774224,0.75953997920727157
19236,-0.01647010316149209,0.76050108503095737
19237,-0.017428501764953593,0.75818161921226268
19238,-0.01462466108962387,0.75919126066376941
19239,-0.015037942072681661,0.76086420767188656
19240,-0.016765540112113862,0.76130736844556501
19241,-0.013707762626793638,0.75600991459131917
19242,-0.016758597353069414,0.75275241397632142
19243,-0.016192225770154341,0.76372879845928499
19244,-0.01257891080159227,0.7587924633822386
19245,-0.016301729725279691,0.76377521106966251
19246,-0.013002270163832342,0.76031454702374934
19247,-0.015567185301794484,0.75731684306519709
19248,-0.015048491647131904,0.7651737126347522
19249,-0.012886146959162839,0.75638537081190049
19250,-0.015363192866718722,0.76170181377619417
19251,-0.01245569211937707,0.76526959935929939
19252,-0.014520744561792712,0.74800694401132217
19253,-0.016056425500919354,0.7574135468901716
19254,-0.015117148077381503,0.76000790236165694
19255,-0.015175942190450846,0.75755505175340976
19256,-0.016899135890330479,0.76037914377067028
19257,-0.012851309358570942,0.75353075955770144
19258,-0.012496132933113918,0.76143582336942683
19259,-0.015491422725967947,0.76074607011954198
19260,-0.015652116893733203,0.75751846483455099
19261,-0.01559110918586498,0.7590484467733849
19262,-0.015967019512272258,0.7594441704505589
19263,-0.014767318382500227,0.75590256751192642
19264,-0.017038192260166986,0.75618410932245184
19265,-0.014743616373373831,0.76145776092025741
19266,-0.013965561484223378,0.76030811069214632
19267,-0.016221301749157074,0.76022833734395834
19268,-0.015070737271846598,0.75294286556687173
19269,-0.016437428974716853,0.75989760119034599
19270,-0.012903538086373161,0.76443976662308799
19271,-0.01506114278119252,0.76448081736399387
19272,-0.015564682373098897,0.75815955429830961
19273,-0.015858626557682297,0.76462267049849242
19274,-0.013785605217152969,0.76590374091622138
19275,-0.015869319581088337,0.76080041468334814
19276,-0.017499131778105057,0.7580889507032279
19277,-0.016082934651836453,0.75607151721886523
19278,-0.016633868795518657,0.75886131613051611
19279,-0.015114743104410631,0.75959688913865009
19280,-0.015359094080380289,0.76272049239367512
19281,-0.01557034940242309,0.75925039112691795
19282,-0.014811663113971229,0.76073836462101641
19283,-0.016002032955216471,0.76002252421996519
19284,-0.015482312806362454,0.75038184386223927
19285,-0.016414676806314601,0.76101322854538667
19286,-0.0151905345613226,0.76475136309125025
19287,-0.013643904887626662,0.76437721991451302
19288,-0.014591826567389434,0.75678021464679146
19289,-0.013216414513821974,0.76350262253492751
19290,-0.014478481475833069,0.75993987368124138
19291,-0.014970779011807272,0.75774353412687501
19292,-0.015021078689285389,0.7584575174423509
19293,-0.015621888039909184,0.76207882650717429
19294,-0.013071007830417845,0.76010991245111936
19295,-0.016532451633723917,0.756382717269653
19296,-0.014111819786909518,0.76207714103284607
19297,-0.01356239494076808,0.75505592223021978
19298,-0.015188445571262841,0.75897895167937357
19299,-0.013801111929719383,0.75979436798637545
19300,-0.016817854626726525,0.76328827645927766
19301,-0.016076000686259383,0.75765144843619914
19302,-0.01460509125601833,0.76209220764824626
19303,-0.013386906754449078,0.75872314246823924
19304,-0.014596156904448611,0.75418749594819245
19305,-0.015692208475728012,0.75922248551344995
19306,-0.015603241495139693,0.75012975990278874
19307,-0.016083402012598853,0.75924592907577548
19308,-0.016283737056040228,0.76335266040518235
19309,-0.015987770774944045,0.75782107412358679
19310,-0.013832474763383408,0.76284743022954327
19311,-0.014545998919186202,0.75521791220578771
19312,-0.014497176761626374,0.75859745016984126
19313,-0.013403992885336127,0.76248299100402417
19314,-0.016136435376571188,0.75799701381574058
19315,-0.014029426685494215,0.75616553240989215
19316,-0.01608926438253238,0.76205119252331177
19317,-0.015049225900040576,0.75905807307911988
19318,-0.015273575860405902,0.76101391215315928
19319,-0.014418067816864215,0.75998271874854861
19320,-0.01312385563413886,0.74998461557034601
19321,-0.0159718910049618,0.75703400890832495
19322,-0.012674020208384391,0.76160221050301913
19323,-0.016783895269181184,0.76518239311972658
19324,-0.017094934853582489,0.75860754150197784
19325,-0.017445275734271001,0.7590607815880388
19326,-0.014152173210846367,0.76354614015038769
19327,-0.012845690045371323,0.75166211490830481
19328,-0.015837638443796369,0.76228142861432868
19329,-0.016600935544858531,0.76115297556449113
19330,-0.015754985812358655,0.75635302132660032
19331,-0.016038661570870437,0.76080270484463353
19332,-0.015735611287193946,0.76040313407984272
19333,-0.015567245300513715,0.75651833218115871
19334,-0.016750378184521599,0.75874543988891974
19335,-0.014741184975050043,0.76046495124083113
19336,-0.014686669663973402,0.75878911963074103
19337,-0.015224305311887442,0.76698241384744315
19338,-0.017351435061123192,0.75750907736099737
19339,-0.016828879167230255,0.75806409358102356
19340,-0.014152273450924615,0.75646759979430434
19341,-0.016175464134013922,0.75958947164873669
19342,-0.015553584588198123,0.75531517786355007
19343,-0.015000047658829006,0.75892473225709511
19344,-0.014856375621574823,0.75406294910446003
19345,-0.013745692926967611,0.76793515533315049
19346,-0.016151759176589675,0.7624405362464397
19347,-0.014215483715260579,0.76700980275958752
19348,-0.014029319133749002,0.7561127155419104
19349,-0.016520466891662502,0.76000087408756867
19350,-0.015313600918747325,0.7563026206135286
19351,-0.015979260658229216,0.76333941282125761
19352,-0.016270959034275459,0.76364482436402759
19353,-0.016413202593998047,0.76021464575773368
19354,-0.015379646648636608,0.76096461053313691
19355,-0.016479955961910875,0.76285372306715715
19356,-0.016062147260152128,0.76156914107722551
19357,-0.013826129955685908,0.75722339407566164
19358,-0.017205478882384374,0.76203703670480416
19359,-0.014916476161481878,0.75755962874414717
19360,-0.017023526065612967,0.75728299456423542
19361,-0.014809879685856411,0.76309004659816593
19362,-0.014285627102001321,0.7548283523569691
19363,-0.016914840166813334,0.76007538222734872
19364,-0.015240865075479362,0.76056050701010203
19365,-0.013367139896149021,0.75988210609469342
19366,-0.017676097528320972,0.76348375383968881
19367,-0.013906681328693545,0.75620918498912215
19368,-0.0147893195285323,0.76543304789014444
19369,-0.013954707193062559,0.75762180589151762
19370,-0.01494340655026671,0.76363495856648089
19371,-0.01518433559981041,0.75534005069060739
19372,-0.016096473338505043,0.75304027793001094
19373,-0.015196861450634999,0.7594234527439393
19374,-0.01476163676511081,0.75986547795932702
19375,-0.017651152271346622,0.76338414618451234
19376,-0.014672071793494432,0.75945734561629419
19377,-0.016471168522241394,0.75858738610922061
19378,-0.013454321708669571,0.75997459924792787
19379,-0.013468158782359376,0.7604925468370568
19380,-0.015337351627289853,0.75792296128500325
19381,-0.013586484197966771,0.756336797571454
19382,-0.012440003618206403,0.75986684624695466
19383,-0.017258649800562912,0.76229088857824034
19384,-0.014377661278395232,0.76004723732157453
19385,-0.015893388267069153,0.75856350854015042
19386,-0.014594919992683782,0.76379098704190418
19387,-0.014196587318192948,0.75727566551392578
19388,-0.013902137651336143,0.75529717888899583
19389,-0.014429177428159986,0.7531290267531987
19390,-0.015602400880250545,0.76458223245767232
19391,-0.015071876696214868,0.75616441025422776
19392,-0.012372376793164115,0.75268107974436271
19393,-0.016004347687707175,0.76422150094834373
19394,-0.015677562777227861,0.76139967774201744
19395,-0.01508204175624743,0.75966387129005197
19396,-0.01544980065121242,0.75257955992002501
19397,-0.016447352486273534,0.75774529366911969
19398,-0.014692019428103003,0.76071980187213895
19399,-0.015165249486749448,0.75435407729243875
19400,-0.012580332541496233,0.75262435467837574
19401,-0.014526644820583766,0.75734538097781712
19402,-0.012581453636245186,0.75599183674590986
19403,-0.014121239668479951,0.76213635011459513
19404,-0.014887902225953433,0.76080769693231554
19405,-0.014804581321490066,0.7541427886899128
19406,-0.016303275602874964,0.75563017666331456
19407,-0.016667299373842825,0.75608145459340859
19408,-0.012755885377276869,0.75755473006903573
19409,-0.015035645369001326,0.76428628046533609
19410,-0.016215211867301446,0.76416536762823695
19411,-0.013235862220450926,0.75988060407523506
19412,-0.016002653669564614,0.75310519518349972
19413,-0.016608116915897912,0.76190705935598968
19414,-0.015658791439987496,0.76167846617384671
19415,-0.013789080040498041,0.75067611464992523
19416,-0.01546748046376085,0.75697264234659745
19417,-0.015018391016439486,0.75195868909198005
19418,-0.016253504121589109,0.76000217865008901
19419,-0.013757426217565509,0.75587800683598683
19420,-0.013635595520073094,0.75849661411344027
19421,-0.016018744036402525,0.75804824423025163
19422,-0.015121700308412991,0.75396472966767314
19423,-0.01698315792425828,0.7626696930712169
19424,-0.017212049513721673,0.76287958910879594
19425,-0.015457165016979448,0.7588402247862962
19426,-0.015359784770982163,0.75596150565372122
19427,-0.015258277884081704,0.75610828253998086
19428,-0.013856751511699763,0.75159799785474468
19429,-0.01571867547796927,0.76686894458439303
19430,-0.014567643577557231,0.7560861932174443
19431,-0.015119392888650387,0.76094048044239115
19432,-0.012796258316607181,0.75822048588277402
19433,-0.017327611051425537,0.75708324101533797
19434,-0.012503072085712925,0.75619711437657933
19435,-0.01501134900872151,0.76230439455852905
19436,-0.013843442345445996,0.75941293940847987
19437,-0.014355046096137468,0.7613400437359179
19438,-0.016023962438454699,0.7547558494692761
19439,-0.012509474141318686,0.76053146389796844
19440,-0.016922917510085671,0.75406912699449902
19441,-0.016962306545607441,0.75795486864862005
19442,-0.014934800998969735,0.7588242816251578
19443,-0.0164570232424192,0.76147492351486734
19444,-0.015359737584092767,0.75555906115019955
19445,-0.016059343306139402,0.76634891687288476
19446,-0.015799025446314147,0.76127094409004359
19447,-0.013694931308501548,0.75686225243699545
19448,-0.014334341951173779,0.7624340467018289
19449,-0.01591945783828333,0.75571127315506625
19450,-0.012839558281630246,0.75978925220715654
19451,-0.013707073633659816,0.7618371092110322
19452,-0.015243417307500283,0.76055534100728006
19453,-0.013529491959027877,0.75880351786699707
19454,-0.014858336787600358,0.76449591457299315
19455,-0.015632169396818968,0.76137696065409088
19456,-0.013253357203226986,0.7615750094252749
19457,-0.015163786103774146,0.75350838704593992
19458,-0.014598533864529382,0.7617867215265437
19459,-0.013658843012706508,0.75435412748392972
19460,-0.011583167507506051,0.75455097595053555
19461,-0.015856934018685227,0.75825131281149682
19462,-0.014186951293716464,0.76382244052057535
19463,-0.015624811600231256,0.75905177696923676
19464,-0.013085402471233605,0.75815550408544441
19465,-0.014333765200885869,0.75491524323691572
19466,-0.01670161198047132,0.75875574635356346
19467,-0.017046606531544384,0.76721540526919496
19468,-0.01371748165637126,0.7579266704156713
19469,-0.015274025283482104,0.76152014106263477
19470,-0.013580917035346696,0.75536307875066877
19471,-0.013047363468126986,0.76011363292990464
19472,-0.01571848291503302,0.75647184004235257
19473,-0.012457414446602692,0.76066065262893512
19474,-0.013682013897427389,0.7635817067414431
19475,-0.016180678857134603,0.76075535738058542
19476,-0.015193301612578583,0.75725992224930749
19477,-0.016855340760604572,0.76285619520945991
19478,-0.016968377047464591,0.76071066830444456
19479,-0.014407978039648427,0.75807785728948451
19480,-0.016529101478382956,0.76225953296021132
19481,-0.013922511764280004,0.75046202355767699
19482,-0.014148244869378337,0.76647138926233227
19483,-0.012398913562231483,0.75778722491480244
19484,-0.01660008591766711,0.76007943317357074
19485,-0.015478739302073819,0.76051308336385359
19486,-0.01462047507743318,0.75713294470333636
19487,-0.016983298309375641,0.76191581160478916
19488,-0.012964464645804589,0.75966208568033389
19489,-0.015547750931424497,0.7596303938694926
19490,-0.015061663745251627,0.75695156763740323
19491,-0.012587347068483299,0.75888548107909204
19492,-0.01691513105293635,0.76148823079293171
19493,-0.015640535990450267,0.75909313769426867
19494,-0.013738210136531872,0.75687579475432376
19495,-0.012394285039924593,0.75429188498088329
19496,-0.012398605976152223,0.75566289119146535
19497,-0.01641997863111478,0.76579683162173751
19498,-0.014303794145523258,0.75909820290315932
19499,-0.015873878222353657,0.75704929079900818
19500,-0.015626684833926728,0.75604106075024968
19501,-0.015321475210773606,0.76287668641550288
19502,-0.014152722054850514,0.76516612242548199
19503,-0.015403351970074685,0.76462877882529989
19504,-0.014580234182887184,0.76361755343615934
19505,-0.012371068284974645,0.76185085941192565
19506,-0.014357569260046782,0.76499814760458296
19507,-0.014893533459313183,0.76446821241664231
19508,-0.01362508415864323,0.76350951327960248
19509,-0.014509641146757121,0.76471141319320135
19510,-0.015678334815650577,0.75946842641173717
19511,-0.014328232767574446,0.75894305702463116
19512,-0.015531340373343021,0.76050582347281059
19513,-0.016210180343998577,0.76318675696330973
19514,-0.015998924995217746,0.75646729203916341
19515,-0.012961180912489824,0.75954473754435969
19516,-0.016360509513229572,0.75871813314704872
19517,-0.015483718690519411,0.76163840038619079
19518,-0.017822792527831616,0.76393039668067864
19519,-0.017046015446816075,0.76078328044491228
19520,-0.016081840461608127,0.75711898017695278
19521,-0.014409244501224916,0.75611579786049332
19522,-0.015327736511416968,0.761801740402829
19523,-0.015867603668131003,0.75998179934948207
19524,-0.013784082838371422,0.75703425124700285
19525,-0.015935090526078166,0.76309015715010897
19526,-0.013445957388017614,0.75943121963401305
19527,-0.014870825612881248,0.75328252735254997
19528,-0.014935834077456788,0.75874953858162009
19529,-0.016828040619906399,0.7590335917847798
19530,-0.015165249486749448,0.75435407729243875
19531,-0.014431914461853068,0.75919298481216269
19532,-0.011886790667299552,0.75589641290583509
19533,-0.015091360664317781,0.75712253962307585
19534,-0.013740967493435837,0.75994433219460134
19535,-0.015451689661690927,0.75810347552121893
19536,-0.012303759142344755,0.76298456671588644
19537,-0.014920747190525522,0.75855020674743001
19538,-0.015623131305528247,0.76289566289684141
19539,-0.014729876783015353,0.75673883226044747
19540,-0.014646169933884807,0.75217415131192822
19541,-0.013539161523885667,0.7579861850241294
19542,-0.014652468810784892,0.76206997978751656
19543,-0.018286651680430307,0.76247394260544044
19544,-0.016048157035552749,0.76348952979906004
19545,-0.014459207378532117,0.75843159242085734
19546,-0.014583689216219746,0.76810971712872078
19547,-0.014845382069639484,0.75832303732512285
19548,-0.018377799246311645,0.76011204621290984
19549,-0.014727593141438938,0.75533729980535569
19550,-0.014303407634824001,0.76164425096319133
19551,-0.014399782484748803,0.75710801640147163
19552,-0.014531020159711725,0.75581745186601679
19553,-0.013871794632042349,0.76104955294302856
19554,-0.015129027107175206,0.75608830901808788
19555,-0.015890272917926801,0.7621505363739679
19556,-0.014477667002805445,0.76106098508881392
19557,-0.017582923872029491,0.76197279744174606
19558,-0.013660041596811124,0.76382166093361292
19559,-0.013864049775668979,0.76069566128480059
19560,-0.016598509145916426,0.75783973069319033
19561,-0.015698498755983049,0.75670950276967941
19562,-0.01435395983570387,0.752434808353317
19563,-0.016002084538210372,0.7594032426999231
19564,-0.016575767194462389,0.76222432960595199
19565,-0.015496999270909039,0.75171364599512047
19566,-0.015253770273565174,0.7603654251424411
19567,-0.014898786819572844,0.75661917415250657
19568,-0.01534694733884503,0.76197590792027547
19569,-0.013161086770190568,0.75665761759039463
19570,-0.014019788368594367,0.75606479588348252
19571,-0.014248574128219565,0.75398634867271097
19572,-0.015092223448818807,0.75673934810634524
19573,-0.015722527445844778,0.7594104929467026
19574,-0.015365005793792439,0.75671863126120253
19575,-0.016936653287276802,0.75852255932344304
19576,-0.014379718752742483,0.76785846653953427
19577,-0.014011883187528171,0.75868096019504749
19578,-0.014890313664910209,0.763872176193099
19579,-0.013929153539110015,0.75619777774065466
19580,-0.016559136040936312,0.76139153126773085
19581,-0.016184875392536852,0.76021092213834351
19582,-0.014731729201831391,0.75732804443112323
19583,-0.016795637301866409,0.76247089762837661
19584,-0.012624885597271523,0.75283436094178435
19585,-0.013452120067488004,0.757192474363382
19586,-0.015516677207540002,0.75516933381193152
19587,-0.014714283403631115,0.76040435807419293
19588,-0.01497737568710206,0.7537591672845958
19589,-0.015193038901635992,0.76118967461488685
19590,-0.014260584611058573,0.76141778055384379
19591,-0.014737166589307652,0.76334738389333823
19592,-0.017289920606033449,0.75500237434794182
19593,-0.013338538094033311,0.75692302359594277
19594,-0.015962906908999843,0.76637897480160566
19595,-0.015131102205596228,0.76051430200052783
19596,-0.016053363534650061,0.75877177465561563
19597,-0.016825445076240453,0.75957126449733059
19598,-0.015648723805437262,0.75959681746008734
19599,-0.015058253192166093,0.75878690652575487
19600,-0.017443379642306873,0.76350740031670095
19601,-0.013593305597537974,0.76255006754108179
19602,-0.01616247879619151,0.75607373079141238
19603,-0.014848038113778739,0.75453944529705008
19604,-0.01619581523349297,0.76193053073513928
19605,-0.014462197813595298,0.76179854193169494
19606,-0.015757760848729846,0.7599514416995109
19607,-0.016616526211723985,0.75873131153928008
19608,-0.016028641873728808,0.76156536935696661
19609,-0.014431302638695784,0.75586724915457459
19610,-0.014071767588761649,0.7671307601752545
19611,-0.015939700110666689,0.76155785885886429
19612,-0.014338764118581438,0.75885824782622113
19613,-0.01544348843053291,0.75833394968519208
19614,-0.014967465585922001,0.76061511522385716
19615,-0.016568529655077428,0.75979648622254414
19616,-0.015843145588346326,0.75820180236624724
19617,-0.014291363940048884,0.75831524980319875
19618,-0.014872455620521108,0.75793958423272978
19619,-0.014705138936737097,0.75506148545558516
19620,-0.014112182463476366,0.75978239594643338
19621,-0.012588600162100521,0.75962202474632512
19622,-0.01711685821830345,0.75898139756517413
19623,-0.01678088433104746,0.75424797957586853
19624,-0.017444756932404923,0.76250518956282465
19625,-0.014951062830632684,0.76038832571766823
19626,-0.01440750861799504,0.75906018149128185
19627,-0.013422182232601188,0.76191893384069675
19628,-0.014092907768897054,0.75126878917799789
19629,-0.013949662370298503,0.75834584596594179
19630,-0.014534725698061388,0.75585515361560807
19631,-0.01609256283666486,0.76126204799373065
19632,-0.017490599256895507,0.7564164079117035
19633,-0.016095227349004142,0.75758620216832961
19634,-0.011937557605564851,0.75861382656382081
19635,-0.015674963075643103,0.76228952727294552
19636,-0.01363302771730724,0.75590978126850539
19637,-0.013165972513324995,0.75876450876333901
19638,-0.014208522060825497,0.76120396483019137
19639,-0.01394924857621006,0.7585190844503269
19640,-0.016667714803857585,0.75971336263188793
19641,-0.013328798845467036,0.75565047327703538
19642,-0.015279184773327006,0.76406080606614279
19643,-0.016809469916440056,0.76104608172875243
19644,-0.016454873374915024,0.75461174654936425
19645,-0.013481984736161665,0.75817504635731758
19646,-0.01738767517843039,0.76262779461025565
19647,-0.017417592015887749,0.75887174454593198
19648,-0.014171262970024598,0.75981961796259856
19649,-0.013520023902691509,0.76438940490787866
19650,-0.016974649814909183,0.76323668520748089
19651,-0.015503017461306728,0.76069095131533948
19652,-0.011949765879775635,0.76051597818618644
19653,-0.015299552808108591,0.75714440809847938
19654,-0.014992906822757682,0.75908257138207968
19655,-0.015975187267587031,0.75898700662407736
19656,-0.015816114697881883,0.75951017937238507
19657,-0.015699175868277172,0.7664372672049381
19658,-0.014548982559282542,0.76274953720802674
19659,-0.01719049702847153,0.75961308900988422
19660,-0.015291188088868755,0.76420355334082368
19661,-0.014041738695602426,0.7639040261453014
19662,-0.015920356307980277,0.7577213239582522
19663,-0.017120437517873448,0.76149166274801006
19664,-0.013803553941822262,0.76205154808355879
19665,-0.015426497421545202,0.76701905300024253
19666,-0.016083286921412157,0.76194491801975339
19667,-0.012912431944163924,0.76126590147750495
19668,-0.0091801661313284395,0.75999453870697875
19669,-0.013245981054387984,0.75965465270669119
19670,-0.018390827077110761,0.76052043781949885
19671,-0.010948300435493077,0.76007027497872048
19672,-0.01343934744448684,0.75345318094580371
19673,-0.014927376114367773,0.75752184135653167
19674,-0.01488181714907269,0.76336830523704935
19675,-0.014638558554948356,0.76137280121353257
19676,-0.016936184077585091,0.75951066348855145
19677,-0.01170066251536195,0.76561010772630556
19678,-0.016090134796436704,0.76361410106341987
19679,-0.01477108054226076,0.75961072471268742
19680,-0.015818735612529448,0.76285678036167182
19681,-0.016206205732278628,0.75657216578444186
19682,-0.015568377568861402,0.75932667706165802
19683,-0.012804303849899825,0.76173262589624124
19684,-0.016228048828566127,0.75830774108168331
19685,-0.014173262784481737,0.76084539127836026
19686,-0.01325322103868813,0.75584068879913779
19687,-0.014857679129492159,0.76410618491271287
19688,-0.014834839020764538,0.75549471530257406
19689,-0.014495966509424731,0.75757204093327823
19690,-0.015040702447243762,0.75517588835042881
19691,-0.015208898524221528,0.75436630810030869
19692,-0.018923292620841227,0.76018493559567724
19693,-0.016339456910583833,0.75656952577968717
19694,-0.016617649802487252,0.75640048288878226
19695,-0.013843091829358053,0.76163749837639849
19696,-0.015893844367003609,0.75826747469588174
19697,-0.015389220892107798,0.76189597827838484
19698,-0.015015076070236373,0.76002807186091115
19699,-0.01574166338072033,0.76323041109772727
19700,-0.014512854317205264,0.76096859337508327
19701,-0.015487010370366405,0.75354690565463833
19702,-0.012021275599101766,0.76231605529329616
19703,-0.013474567984474918,0.75632039287254749
19704,-0.014284328382957198,0.76358332462096346
19705,-0.015872848063402126,0.75850546089610271
19706,-0.013366133847160401,0.76120267622407833
19707,-0.014439000299617125,0.75773033724158523
19708,-0.013496512947858192,0.75901059603172638
19709,-0.017508277838343758,0.75606987085490862
19710,-0.016526639303448186,0.75715492906506476
19711,-0.016533229135130646,0.75971818887630327
19712,-0.015618060299739136,0.76238782949188855
19713,-0.013892835254385168,0.75536701793681926
19714,-0.015838051365021699,0.75690847121595761
19715,-0.015941364115301299,0.75701449800219422
19716,-0.015696416616706586,0.75547359927229463
19717,-0.016274662554058072,0.76539843956432618
19718,-0.014101787633056981,0.75786241788843722
19719,-0.018214038165930646,0.76121728107235676
19720,-0.015079843784668626,0.76500709006372292
19721,-0.015558806446097022,0.75988089931274527
19722,-0.015799208936010566,0.7553777824951432
19723,-0.014001842595802583,0.75117009550499003
19724,-0.015209272159392412,0.75879826147755591
19725,-0.015700324963967244,0.75980560852247803
19726,-0.014829191312505008,0.75634129806485961
19727,-0.016647640081153874,0.75973980816210707
19728,-0.015812306150715039,0.76235330007007085
19729,-0.01488075684726374,0.7609107723618157
19730,-0.016719882182389602,0.7619057731798653
19731,-0.016637433211515694,0.75681966497576492
19732,-0.018353828940928546,0.76131061230052932
19733,-0.01230283532591365,0.75472250099198401
19734,-0.014501420655062026,0.76066705086662056
19735,-0.015450832427866388,0.76362270920783537
19736,-0.017289980732956463,0.76443293360419395
19737,-0.015938294659265412,0.764236546418253
19738,-0.015987011542815087,0.75260406695850501
19739,-0.014205181396037238,0.76594720043449793
19740,-0.013040254564806605,0.76258802227395639
19741,-0.014416907376964088,0.75675158197395953
19742,-0.014210220500931046,0.75851735401760711
19743,-0.012527666694447052,0.75624214942938406
19744,-0.013553306697566379,0.75845815950700302
19745,-0.015165920738893309,0.75466615502983037
19746,-0.016121070863983733,0.75173293133220875
19747,-0.014523482661773713,0.75799213468556781
19748,-0.013206452635282556,0.76544384518983355
19749,-0.014706232543390799,0.75887291918268029
19750,-0.014782182905655923,0.76084684238243383
19751,-0.01695444061732395,0.76067383101535613
19752,-0.013963461115285594,0.75844227840255407
19753,-0.01395800219026422,0.76193552261492714
19754,-0.016485421552992471,0.76135181095661664
19755,-0.015416521610693798,0.75774435907370974
19756,-0.014115554639156917,0.76554573189864017
19757,-0.015683778000685034,0.75835163595605404
19758,-0.015338773119556745,0.75092694432414198
19759,-0.017598440453033749,0.75977033145573358
19760,-0.01561764315921764,0.75889128680006901
19761,-0.014160858922590176,0.75764022825517063
19762,-0.017182195636914983,0.75960018391212769
19763,-0.014957704496789792,0.7585738115737185
19764,-0.015539015504734618,0.75918061047381979
19765,-0.014619780311148207,0.75469213959926984
19766,-0.015104997946912221,0.75949780633340302
19767,-0.01675986986931538,0.75843702356701037
19768,-0.015896774665453004,0.76041627183631544
19769,-0.014784795865603051,0.76245599036976075
19770,-0.015992600970837458,0.76261750813632934
19771,-0.016292273213618244,0.76208052549541205
19772,-0.015175603017103885,0.75217896326214095
19773,-0.010886624356707801,0.75484438948853816
19774,-0.015075871387216772,0.7577545857391782
19775,-0.014110347156728856,0.76086077067946112
19776,-0.014122587115125039,0.75616292373508154
19777,-0.015209049371802419,0.75977904992268563
19778,-0.014127208420442341,0.7569331249656277
19779,-0.01407321396671761,0.75978788079687776
19780,-0.013588886598976961,0.75671911826539673
19781,-0.015430123414423876,0.76233911842158164
19782,-0.016690706615983302,0.762119251162929
19783,-0.015700746351860272,0.76248104951533424
19784,-0.014973616031229663,0.75812648625073997
19785,-0.01621131913961054,0.75727466334617333
19786,-0.017416250851427194,0.76036921510867816
19787,-0.016677621554617751,0.76401016412303735
19788,-0.014281692955454214,0.76412371587658068
19789,-0.014353130149762942,0.75219216722555549
19790,-0.014237598589459589,0.75989634609330303
19791,-0.016268679109719252,0.75596718693562592
19792,-0.015334101340782251,0.75681734008658508
19793,-0.014934131999290589,0.76013839489416402
19794,-0.01498054845931477,0.75417841888484272
19795,-0.016526941904808488,0.76112041503784467
19796,-0.014434910264265893,0.75897810304444657
19797,-0.017062249685835806,0.75968317776482996
19798,-0.018125604758084383,0.75950859076497168
19799,-0.01559102156315045,0.76269538650100921
19800,-0.01636367412984879,0.76248931952510335
19801,-0.016170058703871889,0.76074607112719084
19802,-0.015370366711348454,0.76124993390820916
19803,-0.01351461140191953,0.76009832233785224
19804,-0.016985226396675358,0.76193177416799185
19805,-0.015536442566484341,0.76291530185578227
19806,-0.01446763146796627,0.76251621875282583
19807,-0.014886696560521601,0.76336297063005509
19808,-0.01530689848809888,0.76429912989383331
19809,-0.016376792751496654,0.75928664870130946
19810,-0.016245255851090885,0.76163323180096565
19811,-0.014619220959286744,0.75697226645519444
19812,-0.016269774555448001,0.7577706749075136
19813,-0.012970111705698322,0.75858311983173232
19814,-0.014193654832820035,0.76128185238522761
19815,-0.014592088991548667,0.75851457634462371
19816,-0.014530529626531204,0.75814556962912616
19817,-0.017714271552785321,0.76122627509214724
19818,-0.01442267795817118,0.76070423991865876
19819,-0.01468457419823097,0.75829932364738717
19820,-0.014686085878114532,0.76682808367078725
19821,-0.016114745692591137,0.75534344983466606
19822,-0.01672338309811789,0.76194558820106195
19823,-0.017803024963338722,0.75852393017008113
19824,-0.014089384000859857,0.75535149166245852
19825,-0.015892115017920205,0.75706108784244208
19826,-0.015209748493774277,0.76041619582017395
19827,-0.015345420533344065,0.75914880453095002
19828,-0.016340580117342886,0.76389683292191457
19829,-0.015436990000314996,0.75808367952107669
19830,-0.016977894287129484,0.76148179163175944
19831,-0.016222704527456683,0.75796442618317506
19832,-0.014463146395323983,0.75711634977505049
19833,-0.015660935623471289,0.75805373512150187
19834,-0.014270572399998866,0.75374178040200601
19835,-0.014846716746364407,0.76383312088439359
19836,-0.015479145660091042,0.75809647534479896
19837,-0.016563785768282678,0.75956065124431427
19838,-0.015985366775362435,0.76140274064247671
19839,-0.014838395837383956,0.76472047334149595
19840,-0.013895929760211709,0.75740869936643507
19841,-0.013709541976457025,0.76166054301076547
19842,-0.016889424409469944,0.75527289525593022
19843,-0.014658513358480165,0.75494113286307007
19844,-0.01531848705247417,0.76315577216457131
19845,-0.014383827193973169,0.76137475587331194
19846,-0.016556283052752779,0.758602707591437
19847,-0.016280396984156877,0.76249124635238452
19848,-0.012947021734833678,0.75808597911319064
19849,-0.015572253104815977,0.76451424292917147
19850,-0.014873545200073179,0.75953359623489292
19851,-0.016041404886323975,0.76020193844668682
19852,-0.01331282202544265,0.75334627877169491
19853,-0.01503325641248728,0.76263650801044314
19854,-0.01493401229437377,0.76221251414962654
19855,-0.016007985633809903,0.75947155881011585
19856,-0.012111234797981282,0.75688554989553347
19857,-0.014867371350066251,0.75996186108253683
19858,-0.014391959222328703,0.75871853879567464
19859,-0.016299949227486853,0.75886971902086209
19860,-0.014852530326971893,0.75947868889484393
19861,-0.016075668439077716,0.76124459130260769
19862,-0.01772666488892688,0.76129175169109298
19863,-0.015684113907277489,0.76294021052207839
19864,-0.012709745862404339,0.75694297017067413
19865,-0.016661281003972808,0.75752163956622842
19866,-0.017029518410056704,0.76053148409553339
19867,-0.014854956866440219,0.75652815114461214
19868,-0.016921285359329182,0.76196293380992675
19869,-0.014783048698412921,0.76021491681505304
19870,-0.014962882121476458,0.75700885990175193
19871,-0.01464959524363357,0.76296302637003044
19872,-0.013697237641690356,0.7549444040601051
19873,-0.018027131647173726,0.75990954703993641
19874,-0.016216997332567408,0.76135376562322254
19875,-0.015638070501480045,0.75208435724313072
19876,-0.01603457594091344,0.75673501429285583
19877,-0.01472928829591998,0.75948328519163988
19878,-0.017467268571118855,0.76061103772511884
19879,-0.014096330281973535,0.76344160763078606
19880,-0.016189089942718938,0.75963807318843546
19881,-0.013188962441042342,0.75633524864861923
19882,-0.012154939592863366,0.7663544266790645
19883,-0.014329329350620089,0.75992380548221639
19884,-0.015985513135767293,0.7577136657240533
19885,-0.014865019594604553,0.76078019953362208
19886,-0.012783096935956601,0.75974924892308038
19887,-0.015086887040679274,0.76097667914865408
19888,-0.014420960805710356,0.7592658673072743
19889,-0.014737796836705673,0.75665204428079247
19890,-0.015760133669984328,0.76094785382192676
19891,-0.015188205445048737,0.75778651398197916
19892,-0.016805278675685559,0.76121523333147623
19893,-0.012642250568510049,0.75466040262547207
19894,-0.015964017358300067,0.76388623461207539
19895,-0.013556465990018503,0.75699029810660801
19896,-0.013901173150029079,0.7614822812135098
19897,-0.015819842253406532,0.76494465667309497
19898,-0.015825262808551371,0.75810758393694078
19899,-0.015360387484891864,0.75744293609483171
19900,-0.013332588734901063,0.76077895737072643
19901,-0.012491640218612474,0.75776379055986798
19902,-0.016408701130204595,0.7598987770349076
19903,-0.014736936110312992,0.76042789802075716
19904,-0.015803618118452375,0.75954510705597933
19905,-0.015399235946751171,0.76107488863576911
19906,-0.01535804649610932,0.76220306815995542
19907,-0.013183268124821484,0.76758883467671313
19908,-0.013301580788249532,0.75787248877294389
19909,-0.01494616911240536,0.76401003546042556
19910,-0.016091842598241705,0.76654225406042331
19911,-0.013583989356492255,0.75924590881738463
19912,-0.014941261444254367,0.76517110965797053
19913,-0.015266721023931482,0.75676899130416653
19914,-0.016846043293310235,0.75719602032361677
19915,-0.017118799589667805,0.75795181584131066
19916,-0.013189028445767702,0.74976037903526693
19917,-0.013258750348117358,0.75407082082943488
19918,-0.014001478842111075,0.75662827086993867
19919,-0.015947791519651033,0.75608603127880025
19920,-0.015807125706664468,0.75697947258111842
19921,-0.014952991116001331,0.7628400928140644
19922,-0.013831698515321329,0.76011684630026299
19923,-0.015964935442131664,0.75892467777736006
19924,-0.015895027808406074,0.75759094880204325
19925,-0.014319871708303997,0.7623640901320432
19926,-0.016309090608756398,0.7595388073101581
19927,-0.017926779938583111,0.75998330547057413
19928,-0.013571670166233731,0.75595132778842034
19929,-0.015231328676990346,0.76261553066105636
19930,-0.015363300011825393,0.75577947150144875
19931,-0.013569549534441127,0.75729015209604467
19932,-0.016327209069529336,0.76294676631939728
19933,-0.013609631926618891,0.75793407135080981
19934,-0.015229458155641001,0.75781959315831415
19935,-0.015699767120129091,0.76107372886738978
19936,-0.016226260372887245,0.76004314799387229
19937,-0.015188956626804502,0.76104369210500034
19938,-0.015713321976003732,0.75734276379114795
19939,-0.013347042152966521,0.76168349709425787
19940,-0.014418067816864215,0.75998271874854861
19941,-0.012224273418074151,0.75546391504802601
19942,-0.015954608043296389,0.75747283918011588
19943,-0.017075718071779065,0.75294284407320777
19944,-0.013663184973459872,0.7530994498106458
19945,-0.014331781113381922,0.7537977276491159
19946,-0.013352481905006198,0.7618666335772375
19947,-0.016361284505775821,0.75878478597994048
19948,-0.016465363221991595,0.76128223542443318
19949,-0.015018097055463501,0.75584556941255698
19950,-0.014088297606791133,0.75720260306069354
19951,-0.01476638943929,0.76279664669152136
19952,-0.017017241018885663,0.75712140086342239
19953,-0.013185538489976218,0.76163930167131344
19954,-0.014325828041724279,0.75233308619027406
19955,-0.014424724183980074,0.75886424351435688
19956,-0.01123218226949717,0.75743953661829366
19957,-0.016179170953184788,0.76243785796646413
19958,-0.015091415207730313,0.75086249529988114
19959,-0.015746930973576989,0.75953232817869976
19960,-0.017310695085489138,0.75479380513942362
19961,-0.015540691255678914,0.75962918037295002
19962,-0.016191327604936689,0.75816562559962108
19963,-0.016190075523278051,0.76267511622797213
19964,-0.015315536207332807,0.75506052977828753
19965,-0.014216747671262332,0.75980405228607351
19966,-0.01449658753742419,0.7541147297326849
19967,-0.013486394643925004,0.76043137875668454
19968,-0.015845740117029258,0.76425565005197305
19969,-0.014172491934042736,0.75884095313114586
19970,-0.015309301129908272,0.76273417744968108
19971,-0.016063208535428822,0.75942264253074987
19972,-0.017516103745582882,0.76378166095327737
19973,-0.013297730354346587,0.76461036959122786
19974,-0.012595010205393421,0.75946604794042794
19975,-0.015537902471747541,0.76116131505780804
19976,-0.01592074342246436,0.75184024057214749
19977,-0.016479870585289231,0.75400824445615866
19978,-0.014217642404287951,0.76129381612930125
19979,-0.013842685719069568,0.76316497147301343
19980,-0.014830155320137688,0.76013201171519884
19981,-0.015291444912750333,0.76442870641549288
19982,-0.015751196359669921,0.75582511631380067
19983,-0.015089046370510204,0.7587766614298056
19984,-0.014182105651992918,0.75723660136183846
19985,-0.015881958163635995,0.75206120129037302
19986,-0.013270575584567641,0.75836249490564067
19987,-0.013199237116187663,0.75831844823701422
19988,-0.015581675506239226,0.75686311555846009
19989,-0.017227623652391815,0.75933270323023894
19990,-0.015373486395133463,0.76018774294199221
19991,-0.017173061174287747,0.76589440706351619
19992,-0.016011046849603638,0.75972318277196871
19993,-0.015690045242337691,0.75729462567784778
19994,-0.013889478310324707,0.75057823871098861
19995,-0.015400046976231686,0.76078447487384893
19996,-0.015285237904208699,0.75458290279200513
19997,-0.015787505020086141,0.75756338249386712
19998,-0.014158668363792358,0.75395511554375827
19999,-0.015232185196028576,0.76478692454600494
